Cycle,Protocol,Stamps,Time,Global Time,Pack Voltage,Pack Current,String 1 Iapp,"Cell 1,1 Cathode Concentration","Cell 1,1 Anode Concentration","Cell 1,1 Anode SEI Length","Cell 1,1 Voltage","Cell 1,1 Capacity by Area"
1,CC-discharge,0,0.0,0.0,3.865701465686571,-27.263836618115,-27.263836618115,25777.5,22610.7,5e-09,3.865701465686571,0.0
1,CC-discharge,1,72.72727272727273,72.72727272727273,3.8403744038803462,-27.263836618115,-27.263836618115,26342.61986802943,22076.19990380423,5e-09,3.8403744038803462,0.5507845781437374
1,CC-discharge,2,145.45454545454547,145.45454545454547,3.823445867897397,-27.263836618115,-27.263836618115,26762.2079341974,21622.720158054766,5e-09,3.823445867897397,1.1015691562874748
1,CC-discharge,3,218.1818181818182,218.1818181818182,3.807763087548376,-27.263836618115,-27.263836618115,27179.93417927359,21169.264817904404,5e-09,3.807763087548376,1.652353734431212
1,CC-discharge,4,290.90909090909093,290.90909090909093,3.793015553514581,-27.263836618115,-27.263836618115,27597.63167100937,20715.809427109696,5e-09,3.793015553514581,2.2031383125749495
1,CC-discharge,5,363.6363636363637,363.6363636363637,3.7790130224398286,-27.263836618115,-27.263836618115,28015.32694547878,20262.354035571483,5e-09,3.7790130224398286,2.753922890718687
1,CC-discharge,6,436.3636363636364,436.3636363636364,3.7656241230967766,-27.263836618115,-27.263836618115,28433.02204827527,19808.89864402221,5e-09,3.7656241230967766,3.304707468862424
1,CC-discharge,7,509.0909090909091,509.0909090909091,3.7527571019817056,-27.263836618115,-27.263836618115,28850.717137720207,19355.443252472884,5e-09,3.7527571019817056,3.8554920470061615
1,CC-discharge,8,581.8181818181819,581.8181818181819,3.7403293828364035,-27.263836618115,-27.263836618115,29268.41222612217,18901.98786092354,5e-09,3.7403293828364035,4.406276625149899
1,CC-discharge,9,654.5454545454546,654.5454545454546,3.728291652301434,-27.263836618115,-27.263836618115,29686.10731444255,18448.532469374084,5e-09,3.728291652301434,4.9570612032936365
1,CC-discharge,10,727.2727272727274,727.2727272727274,3.7166022660570257,-27.263836618115,-27.263836618115,30103.802402755722,17995.077077824906,5e-09,3.7166022660570257,5.507845781437374
1,CC-discharge,11,800.0000000000001,800.0000000000001,3.7052291977841643,-27.263836618115,-27.263836618115,30521.497491068734,17541.621686275088,5e-09,3.7052291977841643,6.0586303595811115
1,CC-discharge,12,872.7272727272727,872.7272727272727,3.6941475919877322,-27.263836618115,-27.263836618115,30939.19257938174,17088.166294725812,5e-09,3.6941475919877322,6.609414937724848
1,CC-discharge,13,945.4545454545455,945.4545454545455,3.6833379485600606,-27.263836618115,-27.263836618115,31356.887667694824,16634.710903176914,5e-09,3.6833379485600606,7.160199515868586
1,CC-discharge,14,1018.1818181818182,1018.1818181818182,3.6727847460289227,-27.263836618115,-27.263836618115,31774.582756007272,16181.255511627754,5e-09,3.6727847460289227,7.710984094012323
1,CC-discharge,15,1090.909090909091,1090.909090909091,3.6624753717663348,-27.263836618115,-27.263836618115,32192.27784432068,15727.800120078375,5e-09,3.6624753717663348,8.26176867215606
1,CC-discharge,16,1163.6363636363637,1163.6363636363637,3.652399265785451,-27.263836618115,-27.263836618115,32609.972932633456,15274.344728528868,5e-09,3.652399265785451,8.812553250299798
1,CC-discharge,17,1236.3636363636365,1236.3636363636365,3.642547211134955,-27.263836618115,-27.263836618115,33027.668020945435,14820.889336979239,5e-09,3.642547211134955,9.363337828443536
1,CC-discharge,18,1309.0909090909092,1309.0909090909092,3.632910720047126,-27.263836618115,-27.263836618115,33445.36310925852,14367.433945430124,5e-09,3.632910720047126,9.914122406587273
1,CC-discharge,19,1381.818181818182,1381.818181818182,3.623481475822217,-27.263836618115,-27.263836618115,33863.05819757169,13913.978553880552,5e-09,3.623481475822217,10.46490698473101
1,CC-discharge,20,1454.5454545454547,1454.5454545454547,3.6142507969498396,-27.263836618115,-27.263836618115,34280.7532858846,13460.52316233153,5e-09,3.6142507969498396,11.015691562874748
1,CC-discharge,21,1527.2727272727275,1527.2727272727275,3.6052090934815353,-27.263836618115,-27.263836618115,34698.44837419687,13007.067770782238,5e-09,3.6052090934815353,11.566476141018486
1,CC-discharge,22,1600.0000000000002,1600.0000000000002,3.596345287892067,-27.263836618115,-27.263836618115,35116.143462509615,12553.61237923316,5e-09,3.596345287892067,12.117260719162223
1,CC-discharge,23,1672.727272727273,1672.727272727273,3.5876461648136084,-27.263836618115,-27.263836618115,35533.83855082196,12100.156987683851,5e-09,3.5876461648136084,12.66804529730596
1,CC-discharge,24,1745.4545454545455,1745.4545454545455,3.5790951414610443,-27.263836618115,-27.263836618115,35951.533639135,11646.701596134648,5e-09,3.5790951414610443,13.218829875449696
1,CC-discharge,25,1818.1818181818182,1818.1818181818182,3.5706736044523195,-27.263836618115,-27.263836618115,36369.2287274481,11193.246204585295,5e-09,3.5706736044523195,13.769614453593434
1,CC-discharge,26,1890.909090909091,1890.909090909091,3.5623560421993137,-27.263836618115,-27.263836618115,36786.92381576085,10739.790813035845,5e-09,3.5623560421993137,14.320399031737171
1,CC-discharge,27,1963.6363636363637,1963.6363636363637,3.5541116882880006,-27.263836618115,-27.263836618115,37204.61890407375,10286.335421486423,5e-09,3.5541116882880006,14.871183609880909
1,CC-discharge,28,2036.3636363636365,2036.3636363636365,3.5459021427024524,-27.263836618115,-27.263836618115,37622.313992386866,9832.88002993731,5e-09,3.5459021427024524,15.421968188024646
1,CC-discharge,29,2109.0909090909095,2109.0909090909095,3.5376794173126656,-27.263836618115,-27.263836618115,38040.00908070032,9379.424638388153,5e-09,3.5376794173126656,15.972752766168385
1,CC-discharge,30,2181.818181818182,2181.818181818182,3.5293834917614477,-27.263836618115,-27.263836618115,38457.7041690127,8925.969246838822,5e-09,3.5293834917614477,16.52353734431212
1,CC-discharge,31,2254.545454545455,2254.545454545455,3.520939416990243,-27.263836618115,-27.263836618115,38875.39925732565,8472.513855289715,5e-09,3.520939416990243,17.07432192245586
1,CC-discharge,32,2327.2727272727275,2327.2727272727275,3.512254297507136,-27.263836618115,-27.263836618115,39293.09434563835,8019.058463740386,5e-09,3.512254297507136,17.625106500599596
1,CC-discharge,33,2400.0,2400.0,3.5032100406075095,-27.263836618115,-27.263836618115,39710.78943395136,7565.603072191157,5e-09,3.5032100406075095,18.175891078743334
1,CC-discharge,34,2472.727272727273,2472.727272727273,3.493662975171256,-27.263836618115,-27.263836618115,40128.48452226425,7112.147680642057,5e-09,3.493662975171256,18.726675656887075
1,CC-discharge,35,2545.4545454545455,2545.4545454545455,3.4834329923897727,-27.263836618115,-27.263836618115,40546.179610576684,6658.6922890929845,5e-09,3.4834329923897727,19.277460235030812
1,CC-discharge,36,2618.1818181818185,2618.1818181818185,3.47229669804093,-27.263836618115,-27.263836618115,40963.874698889456,6205.236897543783,5e-09,3.47229669804093,19.82824481317455
1,CC-discharge,37,2690.909090909091,2690.909090909091,3.459978149376661,-27.263836618115,-27.263836618115,41381.56978720188,5751.78150599473,5e-09,3.459978149376661,20.379029391318287
1,CC-discharge,38,2763.636363636364,2763.636363636364,3.4461364156104044,-27.263836618115,-27.263836618115,41799.26487551472,5298.326114445566,5e-09,3.4461364156104044,20.929813969462025
1,CC-discharge,39,2836.3636363636365,2836.3636363636365,3.4303537655748357,-27.263836618115,-27.263836618115,42216.95996382781,4844.87072289638,5e-09,3.4303537655748357,21.480598547605762
1,CC-discharge,40,2909.0909090909095,2909.0909090909095,3.412119493546936,-27.263836618115,-27.263836618115,42634.65505214037,4391.41533134733,5e-09,3.412119493546936,22.0313831257495
1,CC-discharge,41,2981.818181818182,2981.818181818182,3.3908123762768425,-27.263836618115,-27.263836618115,43052.35014045362,3937.959939798205,5e-09,3.3908123762768425,22.582167703893237
1,CC-discharge,42,3054.545454545455,3054.545454545455,3.3656884548741353,-27.263836618115,-27.263836618115,43470.045228766336,3484.5045482491264,5e-09,3.3656884548741353,23.132952282036975
1,CC-discharge,43,3127.2727272727275,3127.2727272727275,3.335862124641114,-27.263836618115,-27.263836618115,43887.740317079806,3031.049156700031,5e-09,3.335862124641114,23.683736860180712
1,CC-discharge,44,3200.0000000000005,3200.0000000000005,3.3002921826487555,-27.263836618115,-27.263836618115,44305.43540539284,2577.5937651509803,5e-09,3.3002921826487555,24.23452143832445
1,CC-discharge,45,3272.727272727273,3272.727272727273,3.2577360363317416,-27.263836618115,-27.263836618115,44723.13049370505,2124.1383736019325,5e-09,3.2577360363317416,24.785306016468187
1,CC-discharge,46,3345.454545454546,3345.454545454546,3.2064818423067774,-27.263836618115,-27.263836618115,45140.825582018384,1670.6829820528744,5e-09,3.2064818423067774,25.336090594611925
1,CC-discharge,47,3418.1818181818185,3418.1818181818185,3.142509934447757,-27.263836618115,-27.263836618115,45558.5206703309,1217.227590503839,5e-09,3.142509934447757,25.886875172755662
1,CC-discharge,48,3490.909090909091,3490.909090909091,3.042975575604693,-27.263836618115,-27.263836618115,45976.21575864363,763.7721989548068,5e-09,3.042975575604693,26.4376597508994
1,CC-discharge,49,3508.5745759299493,3508.5745759299493,3.0000100000000005,-27.263836618115,-27.263836618115,46077.674070624256,653.6276943330477,5e-09,3.0000100000000005,26.57144555572952
1,CC-charge,0,3508.5745759299493,3508.5745759299493,3.716844176396087,27.263836618115,27.263836618115,46077.674070624256,653.6276943330477,5e-09,3.716844176396087,0.0
1,CC-charge,1,3581.301848657222,3581.301848657222,3.8212500488392855,27.263836618115,27.263836618115,45512.55912097711,1188.1247960310611,5.000011731031521e-09,3.8212500488392855,-0.0
1,CC-charge,2,3654.029121384495,3654.029121384495,3.8674557278069344,27.263836618115,27.263836618115,45092.96996624728,1641.605919115429,5.000043901733651e-09,3.8674557278069344,-0.0
1,CC-charge,3,3726.7563941117673,3726.7563941117673,3.904809478815848,27.263836618115,27.263836618115,44675.23778427437,2095.058939878943,5.000110489395237e-09,3.904809478815848,-0.0
1,CC-charge,4,3799.4836668390403,3799.4836668390403,3.9360185005050625,27.263836618115,27.263836618115,44257.542202699755,2548.5102114817705,5.000230995805139e-09,3.9360185005050625,-0.0
1,CC-charge,5,3872.210939566313,3872.210939566313,3.962010366202164,27.263836618115,27.263836618115,43839.84710936704,3001.9590369350394,5.000425940347474e-09,3.962010366202164,-0.0
1,CC-charge,6,3944.938212293586,3944.938212293586,3.983557534663928,27.263836618115,27.263836618115,43422.15202111698,3455.404852893295,5.000714101034799e-09,3.983557534663928,-0.0
1,CC-charge,7,4017.6654850208583,4017.6654850208583,4.0014016757476325,27.263836618115,27.263836618115,43004.456932804394,3908.8473035914744,5.0011081400208246e-09,4.0014016757476325,-0.0
1,CC-charge,8,4090.3927577481313,4090.3927577481313,4.016226557646197,27.263836618115,27.263836618115,42586.76184449131,4362.286291687557,5.001612596382441e-09,4.016226557646197,-0.0
1,CC-charge,9,4163.120030475404,4163.120030475404,4.02863546295542,27.263836618115,27.263836618115,42169.06675617772,4815.721949986569,5.002224469880418e-09,4.02863546295542,-0.0
1,CC-charge,10,4235.847303202677,4235.847303202677,4.03914444190396,27.263836618115,27.263836618115,41751.37166786424,5269.154580942594,5.002934964385715e-09,4.03914444190396,-0.0
1,CC-charge,11,4308.57457592995,4308.57457592995,4.048186250096302,27.263836618115,27.263836618115,41333.67657955089,5722.584584929843,5.0037317493508735e-09,4.048186250096302,-0.0
1,CC-charge,12,4381.301848657222,4381.301848657222,4.056118007733366,27.263836618115,27.263836618115,40915.98149123752,6176.012395716668,5.004601079692437e-09,4.056118007733366,-0.0
1,CC-charge,13,4454.029121384495,4454.029121384495,4.063231995126879,27.263836618115,27.263836618115,40498.28640292423,6629.4384322065025,5.005529438233853e-09,4.063231995126879,-0.0
1,CC-charge,14,4526.756394111768,4526.756394111768,4.069765314614174,27.263836618115,27.263836618115,40080.59131461104,7082.86306872614,5.006504586297683e-09,4.069765314614174,-0.0
1,CC-charge,15,4599.48366683904,4599.48366683904,4.075909183306048,27.263836618115,27.263836618115,39662.896226297955,7536.286620128758,5.007516120104159e-09,4.075909183306048,-0.0
1,CC-charge,16,4672.210939566313,4672.210939566313,4.081816917480608,27.263836618115,27.263836618115,39245.20113798444,7989.709338977002,5.008555614885358e-09,4.081816917480608,-0.0
1,CC-charge,17,4744.938212293586,4744.938212293586,4.08761140051529,27.263836618115,27.263836618115,38827.50604967092,8443.131417028364,5.009616611376865e-09,4.08761140051529,-0.0
1,CC-charge,18,4817.665485020859,4817.665485020859,4.093389836696107,27.263836618115,27.263836618115,38409.81096135805,8896.552964096078,5.0106953122255465e-09,4.093389836696107,-0.0
1,CC-charge,19,4890.392757748132,4890.392757748132,4.099229661150136,27.263836618115,27.263836618115,37992.11587304451,9349.97410913043,5.0117873378692645e-09,4.099229661150136,-0.0
1,CC-charge,20,4963.120030475404,4963.120030475404,4.105191811864663,27.263836618115,27.263836618115,37574.42078473134,9803.394905512572,5.012890784077177e-09,4.105191811864663,-0.0
1,CC-charge,21,5035.847303202677,5035.847303202677,4.11132395394199,27.263836618115,27.263836618115,37156.72569641833,10256.815368614522,5.014004993205701e-09,4.11132395394199,-0.0
1,CC-charge,22,5108.57457592995,5108.57457592995,4.117664747522847,27.263836618115,27.263836618115,36739.03060810548,10710.235507327985,5.015129546770966e-09,4.117664747522847,-0.0
1,CC-charge,23,5181.301848657222,5181.301848657222,4.124242817168432,27.263836618115,27.263836618115,36321.335519791915,11163.65530182744,5.016264972410126e-09,4.124242817168432,-0.0
1,CC-charge,24,5254.029121384495,5254.029121384495,4.131081077550701,27.263836618115,27.263836618115,35903.64043147905,11617.074715695886,5.0174123476361654e-09,4.131081077550701,-0.0
1,CC-charge,25,5326.756394111768,5326.756394111768,4.138197449311791,27.263836618115,27.263836618115,35485.94534316585,12070.493701303265,5.01857312532509e-09,4.138197449311791,-0.0
1,CC-charge,26,5399.48366683904,5399.48366683904,4.1456060000792805,27.263836618115,27.263836618115,35068.250254852785,12523.91220023746,5.019749114340547e-09,4.1456060000792805,-0.0
1,CC-charge,27,5472.210939566313,5472.210939566313,4.153317898607986,27.263836618115,27.263836618115,34650.55516653979,12977.330145229496,5.020942415258955e-09,4.153317898607986,-0.0
1,CC-charge,28,5544.938212293586,5544.938212293586,4.161344104141183,27.263836618115,27.263836618115,34232.86007822662,13430.747458314472,5.022155474860347e-09,4.161344104141183,-0.0
1,CC-charge,29,5617.665485020859,5617.665485020859,4.16968905768701,27.263836618115,27.263836618115,33815.164989913734,13884.164100686305,5.023389498690057e-09,4.16968905768701,-0.0
1,CC-charge,30,5690.392757748132,5690.392757748132,4.178360864987011,27.263836618115,27.263836618115,33397.46990160069,14337.579943235934,5.0246485673867136e-09,4.178360864987011,-0.0
1,CC-charge,31,5763.120030475404,5763.120030475404,4.187365987291467,27.263836618115,27.263836618115,32979.77481328756,14790.994893013716,5.0259356158301995e-09,4.187365987291467,-0.0
1,CC-charge,32,5835.847303202677,5835.847303202677,4.196711180734089,27.263836618115,27.263836618115,32562.079724974392,15244.408847921264,5.027253867142968e-09,4.196711180734089,-0.0
1,CC-charge,33,5860.740970895538,5860.740970895538,4.199990000000001,27.263836618115,27.263836618115,32419.107737500042,15399.606733073799,5.027712590140447e-09,4.199990000000001,-0.0
1,CV-charge,0,5860.740970895538,5860.740970895538,4.200000000000001,27.288404335523975,27.288404335523975,32419.107737500042,15399.606733073799,5.027712590140447e-09,4.200000000000001,0.0
1,CV-charge,1,5933.468243622811,5933.468243622811,4.2,24.218741649792424,24.218741649792424,31897.015310541057,15894.769800316435,5.028987694663365e-09,4.2,-0.0
1,CV-charge,2,6006.195516350083,6006.195516350083,4.2,22.277873563682444,22.277873563682444,31550.336884448065,16275.121696701632,5.03018427140321e-09,4.2,-0.0
1,CV-charge,3,6078.922789077356,6078.922789077356,4.199999999999999,20.581750798083576,20.581750798083576,31232.06489552455,16625.771099754555,5.031315528969061e-09,4.199999999999999,-0.0
1,CV-charge,4,6151.650061804629,6151.650061804629,4.200000000000001,19.08249568880774,19.08249568880774,30936.893643404757,16950.774486782015,5.032389750110824e-09,4.200000000000001,-0.0
1,CV-charge,5,6224.377334531902,6224.377334531902,4.2,17.75129585354258,17.75129585354258,30662.432926016,17252.77592389069,5.033412181703111e-09,4.2,-0.0
1,CV-charge,6,6297.104607259174,6297.104607259174,4.200000000000001,16.563400280638906,16.563400280638906,30406.447099745714,17534.27896803719,5.034387853440333e-09,4.200000000000001,-0.0
1,CV-charge,7,6369.831879986447,6369.831879986447,4.199999999999999,15.498331423236278,15.498331423236278,30167.013967387047,17797.43417539887,5.0353211053363405e-09,4.199999999999999,-0.0
1,CV-charge,8,6442.55915271372,6442.55915271372,4.200000000000001,14.539114461425697,14.539114461425697,29942.479580882944,18044.089848101718,5.036215688841827e-09,4.200000000000001,-0.0
1,CV-charge,9,6515.286425440993,6515.286425440993,4.200000000000001,13.671584532565468,13.671584532565468,29731.412518506415,18275.84389940839,5.037074868859685e-09,4.200000000000001,-0.0
1,CV-charge,10,6588.013698168265,6588.013698168265,4.2,12.883869585418566,12.883869585418566,29532.56871650014,18494.08367157777,5.03790150108857e-09,4.2,-0.0
1,CV-charge,11,6660.740970895538,6660.740970895538,4.200000000000001,12.165968243614758,12.165968243614758,29344.861998963817,18700.019259129524,5.038698096304717e-09,4.200000000000001,-0.0
1,CV-charge,12,6733.468243622811,6733.468243622811,4.2,11.509360759071978,11.509360759071978,29167.327321058823,18894.724688880025,5.039466906084094e-09,4.2,-0.0
1,CV-charge,13,6806.195516350084,6806.195516350084,4.2,10.906870131382036,10.906870131382036,28999.132182695103,19079.125829974608,5.040209880974489e-09,4.2,-0.0
1,CV-charge,14,6878.922789077356,6878.922789077356,4.200000000000001,10.35190688457578,10.35190688457578,28839.410180927913,19254.18365423178,5.040929116111133e-09,4.200000000000001,-0.0
1,CV-charge,15,6951.650061804629,6951.650061804629,4.2,9.839606216618241,9.839606216618241,28687.62046291839,19420.500143886726,5.0416258634012735e-09,4.2,-0.0
1,CV-charge,16,7024.377334531902,7024.377334531902,4.2,9.365385968850049,9.365385968850049,28543.171438427842,19578.731707053546,5.0423015477330726e-09,4.2,-0.0
1,CV-charge,17,7097.104607259174,7097.104607259174,4.2,8.925268079915403,8.925268079915403,28405.532286618498,19729.46681804841,5.042957458978964e-09,4.2,-0.0
1,CV-charge,18,7169.831879986447,7169.831879986447,4.2,8.515799693632236,8.515799693632236,28274.226750845435,19873.233105000596,5.043594765111795e-09,4.2,-0.0
1,CV-charge,19,7242.55915271372,7242.55915271372,4.2,8.133960243657958,8.133960243657958,28148.82553232972,20010.505869152596,5.0442145288555175e-09,4.2,-0.0
1,CV-charge,20,7315.286425440993,7315.286425440993,4.200000000000001,7.777103300666053,7.777103300666053,28028.94063659009,20141.714420188837,5.044817719867504e-09,4.200000000000001,-0.0
1,CV-charge,21,7388.013698168266,7388.013698168266,4.2,7.442901098548473,7.442901098548473,27914.22038025232,20267.24766573279,5.045405225590605e-09,4.2,-0.0
1,CV-charge,22,7460.740970895538,7460.740970895538,4.200000000000001,7.129299329764987,7.129299329764987,27804.345108189635,20387.458901336428,5.045977860588998e-09,4.200000000000001,-0.0
1,CV-charge,23,7533.468243622811,7533.468243622811,4.2,6.834483027306383,6.834483027306383,27699.02486880352,20502.668430564074,5.0465363710884435e-09,4.2,-0.0
1,CV-charge,24,7606.195516350084,7606.195516350084,4.2,6.556835985804003,6.556835985804003,27597.99317124332,20613.170494505626,5.047081449849848e-09,4.2,-0.0
1,CV-charge,25,7678.922789077356,7678.922789077356,4.2,6.294919428097739,6.294919428097739,27501.006159695287,20719.234207143945,5.047613737250851e-09,4.2,-0.0
1,CV-charge,26,7751.650061804629,7751.650061804629,4.200000000000001,6.04744840920732,6.04744840920732,27407.839964439616,20821.106514176274,5.048133827262768e-09,4.200000000000001,-0.0
1,CV-charge,27,7824.377334531902,7824.377334531902,4.2,5.813272333345741,5.813272333345741,27318.288605543294,20919.014528143092,5.0486422721037255e-09,4.2,-0.0
1,CV-charge,28,7897.104607259174,7897.104607259174,4.200000000000001,5.5913583039291845,5.5913583039291845,27232.16215786651,21013.167571907852,5.049139586329498e-09,4.200000000000001,-0.0
1,CV-charge,29,7969.831879986448,7969.831879986448,4.2,5.380776843776635,5.380776843776635,27149.2851392072,21103.75897249224,5.049626250440644e-09,4.2,-0.0
1,CV-charge,30,8042.55915271372,8042.55915271372,4.2,5.180689607515196,5.180689607515196,27069.49509045861,21190.967640297564,5.050102714071964e-09,4.2,-0.0
1,CV-charge,31,8115.286425440993,8115.286425440993,4.2,4.9903387742620735,4.9903387742620735,26992.64132145134,21274.959463251376,5.0505693988201196e-09,4.2,-0.0
1,CV-charge,32,8188.013698168266,8188.013698168266,4.2,4.80903786238379,4.80903786238379,26918.583800213117,21355.88854086283,5.051026700756683e-09,4.2,-0.0
1,CV-charge,33,8260.740970895538,8260.740970895538,4.2,4.636163751831602,4.636163751831602,26847.1921667526,21433.898279358822,5.0514749926668926e-09,4.2,-0.0
1,CV-charge,34,8333.46824362281,8333.46824362281,4.2,4.471149735161317,4.471149735161317,26778.344855259922,21509.122365957213,5.0519146260484754e-09,4.2,-0.0
1,CV-charge,35,8406.195516350084,8406.195516350084,4.200000000000001,4.313479447645951,4.313479447645951,26711.928310989828,21581.685637626397,5.0523459329000275e-09,4.200000000000001,-0.0
1,CV-charge,36,8478.922789077356,8478.922789077356,4.2,4.162681550830467,4.162681550830467,26647.836290035626,21651.70485754412,5.052769227324245e-09,4.2,-0.0
1,CV-charge,37,8551.65006180463,8551.65006180463,4.2,4.018325063777685,4.018325063777685,26585.969231878098,21719.289410556685,5.053184806967883e-09,4.2,-0.0
1,CV-charge,38,8624.377334531902,8624.377334531902,4.2,3.8800152526489424,3.8800152526489424,26526.23369598822,21784.541927382706,5.0535929543173354e-09,4.2,-0.0
1,CV-charge,39,8697.104607259174,8697.104607259174,4.2,3.7473900028850364,3.7473900028850364,26468.54185493588,21847.55884598624,5.053993937866257e-09,4.2,-0.0
1,CV-charge,40,8769.831879986448,8769.831879986448,4.2,3.6201166096825723,3.6201166096825723,26412.811037487474,21908.430917398924,5.054388013169511e-09,4.2,-0.0
1,CV-charge,41,8842.55915271372,8842.55915271372,4.200000000000001,3.4978889319100843,3.4978889319100843,26358.96331600742,21967.24366232977,5.05477542379591e-09,4.200000000000001,-0.0
1,CV-charge,42,8915.286425440994,8915.286425440994,4.199999999999999,3.380424862630623,3.380424862630623,26306.925133230794,22024.07778406033,5.055156402190695e-09,4.199999999999999,-0.0
1,CV-charge,43,8988.013698168266,8988.013698168266,4.2,3.2674640760949436,3.2674640760949436,26256.62696409525,22079.00954243444,5.055531170457314e-09,4.2,-0.0
1,CV-charge,44,9060.740970895538,9060.740970895538,4.2,3.1587660167112683,3.1587660167112683,26208.003008850537,22132.11109314941,5.055899941066984e-09,4.2,-0.0
1,CV-charge,45,9133.46824362281,9133.46824362281,4.2,3.054108100322706,3.054108100322706,26160.990914144946,22183.450796021385,5.0562629175034554e-09,4.2,-0.0
1,CV-charge,46,9206.195516350084,9206.195516350084,4.2,2.953284102163817,2.953284102163817,26115.53151917321,22233.093495480916,5.0566202948495954e-09,4.2,-0.0
1,CV-charge,47,9278.922789077356,9278.922789077356,4.2,2.8561027093356817,2.8561027093356817,26071.568624328083,22281.100776130865,5.056972260321653e-09,4.2,-0.0
1,CV-charge,48,9351.65006180463,9351.65006180463,4.199999999999999,2.762386218577178,2.762386218577178,26029.048780085657,22327.531195889936,5.0573189937563946e-09,4.199999999999999,-0.0
1,CV-charge,49,9380.357318089162,9380.357318089162,4.2,2.7263936618114997,2.7263936618114997,26012.68833922813,22345.39603853871,5.057454320840584e-09,4.2,-0.0
2,CC-discharge,0,0.0,9380.357318089162,3.8546734943244956,-27.263836618115,-27.263836618115,26012.68833922813,22345.39603853871,5.057454320840584e-09,3.8546734943244956,0.0
2,CC-discharge,1,72.72727272727273,9453.084590816434,3.83068316397666,-27.263836618115,-27.263836618115,26577.80810328122,21810.896099137008,5.057454320840584e-09,3.83068316397666,0.5507845781437374
2,CC-discharge,2,145.45454545454547,9525.811863543708,3.814458956941835,-27.263836618115,-27.263836618115,26997.396006900006,21357.416197950537,5.057454320840584e-09,3.814458956941835,1.1015691562874748
2,CC-discharge,3,218.1818181818182,9598.53913627098,3.7993236555043994,-27.263836618115,-27.263836618115,27415.122491750837,20903.96085646018,5.057454320840584e-09,3.7993236555043994,1.652353734431212
2,CC-discharge,4,290.90909090909093,9671.266408998252,3.7850138868987964,-27.263836618115,-27.263836618115,27832.8200076219,20450.50546564749,5.057454320840584e-09,3.7850138868987964,2.2031383125749495
2,CC-discharge,5,363.6363636363637,9743.993681725526,3.771370314664282,-27.263836618115,-27.263836618115,28250.515284456244,19997.05007410906,5.057454320840584e-09,3.771370314664282,2.753922890718687
2,CC-discharge,6,436.3636363636364,9816.720954452798,3.758287620538242,-27.263836618115,-27.263836618115,28668.21038748012,19543.594682559968,5.057454320840584e-09,3.758287620538242,3.304707468862424
2,CC-discharge,7,509.0909090909091,9889.448227180072,3.745673224755062,-27.263836618115,-27.263836618115,29085.90547694724,19090.139291010404,5.057454320840584e-09,3.745673224755062,3.8554920470061615
2,CC-discharge,8,581.8181818181819,9962.175499907344,3.7334709215942703,-27.263836618115,-27.263836618115,29503.600565351284,18636.683899461084,5.057454320840584e-09,3.7334709215942703,4.406276625149899
2,CC-discharge,9,654.5454545454546,10034.902772634616,3.721633865915549,-27.263836618115,-27.263836618115,29921.295653671063,18183.228507911877,5.057454320840584e-09,3.721633865915549,4.9570612032936365
2,CC-discharge,10,727.2727272727274,10107.63004536189,3.710126167659871,-27.263836618115,-27.263836618115,30338.990741984602,17729.77311636217,5.057454320840584e-09,3.710126167659871,5.507845781437374
2,CC-discharge,11,800.0000000000001,10180.357318089162,3.6989200849792523,-27.263836618115,-27.263836618115,30756.685830297953,17276.317724813085,5.057454320840584e-09,3.6989200849792523,6.0586303595811115
2,CC-discharge,12,872.7272727272727,10253.084590816434,3.687993960761372,-27.263836618115,-27.263836618115,31174.380918610732,16822.862333263663,5.057454320840584e-09,3.687993960761372,6.609414937724848
2,CC-discharge,13,945.4545454545455,10325.811863543708,3.6773306730685915,-27.263836618115,-27.263836618115,31592.076006923067,16369.406941714386,5.057454320840584e-09,3.6773306730685915,7.160199515868586
2,CC-discharge,14,1018.1818181818182,10398.53913627098,3.6669164440069313,-27.263836618115,-27.263836618115,32009.771095235552,15915.95155016489,5.057454320840584e-09,3.6669164440069313,7.710984094012323
2,CC-discharge,15,1090.909090909091,10471.266408998254,3.6567398993304336,-27.263836618115,-27.263836618115,32427.466183548644,15462.496158615873,5.057454320840584e-09,3.6567398993304336,8.26176867215606
2,CC-discharge,16,1163.6363636363637,10543.993681725526,3.646791301143936,-27.263836618115,-27.263836618115,32845.16127186157,15009.040767066701,5.057454320840584e-09,3.646791301143936,8.812553250299798
2,CC-discharge,17,1236.3636363636365,10616.720954452798,3.6370618969049042,-27.263836618115,-27.263836618115,33262.85636017423,14555.585375517607,5.057454320840584e-09,3.6370618969049042,9.363337828443536
2,CC-discharge,18,1309.0909090909092,10689.448227180072,3.6275433404455195,-27.263836618115,-27.263836618115,33680.55144848739,14102.129983968038,5.057454320840584e-09,3.6275433404455195,9.914122406587273
2,CC-discharge,19,1381.818181818182,10762.175499907344,3.6182271490602544,-27.263836618115,-27.263836618115,34098.246536800325,13648.674592418794,5.057454320840584e-09,3.6182271490602544,10.46490698473101
2,CC-discharge,20,1454.5454545454547,10834.902772634616,3.609104165400625,-27.263836618115,-27.263836618115,34515.9416251131,13195.21920087002,5.057454320840584e-09,3.609104165400625,11.015691562874748
2,CC-discharge,21,1527.2727272727275,10907.63004536189,3.600163995989105,-27.263836618115,-27.263836618115,34933.63671342544,12741.763809320699,5.057454320840584e-09,3.600163995989105,11.566476141018486
2,CC-discharge,22,1600.0000000000002,10980.357318089162,3.5913943917982607,-27.263836618115,-27.263836618115,35351.33180173805,12288.30841777138,5.057454320840584e-09,3.5913943917982607,12.117260719162223
2,CC-discharge,23,1672.727272727273,11053.084590816434,3.5827799318287554,-27.263836618115,-27.263836618115,35769.02689005077,11834.853026222338,5.057454320840584e-09,3.5827799318287554,12.66804529730596
2,CC-discharge,24,1745.4545454545455,11125.811863543708,3.574303977658046,-27.263836618115,-27.263836618115,36186.7219783632,11381.397634673156,5.057454320840584e-09,3.574303977658046,13.218829875449696
2,CC-discharge,25,1818.1818181818182,11198.53913627098,3.5659430043773925,-27.263836618115,-27.263836618115,36604.41706667621,10927.942243123769,5.057454320840584e-09,3.5659430043773925,13.769614453593434
2,CC-discharge,26,1890.909090909091,11271.266408998254,3.557668946001203,-27.263836618115,-27.263836618115,37022.1121549892,10474.486851574033,5.057454320840584e-09,3.557668946001203,14.320399031737171
2,CC-discharge,27,1963.6363636363637,11343.993681725526,3.5494467895660677,-27.263836618115,-27.263836618115,37439.80724330185,10021.031460024707,5.057454320840584e-09,3.5494467895660677,14.871183609880909
2,CC-discharge,28,2036.3636363636365,11416.720954452798,3.5412328098821115,-27.263836618115,-27.263836618115,37857.502331614465,9567.576068475792,5.057454320840584e-09,3.5412328098821115,15.421968188024646
2,CC-discharge,29,2109.0909090909095,11489.448227180072,3.5329723132260744,-27.263836618115,-27.263836618115,38275.19741992718,9114.12067692659,5.057454320840584e-09,3.5329723132260744,15.972752766168385
2,CC-discharge,30,2181.818181818182,11562.175499907344,3.5245969567058206,-27.263836618115,-27.263836618115,38692.89250823983,8660.665285377212,5.057454320840584e-09,3.5245969567058206,16.52353734431212
2,CC-discharge,31,2254.545454545455,11634.902772634618,3.516021452292363,-27.263836618115,-27.263836618115,39110.58759655253,8207.209893828067,5.057454320840584e-09,3.516021452292363,17.07432192245586
2,CC-discharge,32,2327.2727272727275,11707.63004536189,3.507139834033047,-27.263836618115,-27.263836618115,39528.28268486512,7753.75450227912,5.057454320840584e-09,3.507139834033047,17.625106500599596
2,CC-discharge,33,2400.0,11780.357318089162,3.4978186878148643,-27.263836618115,-27.263836618115,39945.97777317753,7300.29911073006,5.057454320840584e-09,3.4978186878148643,18.175891078743334
2,CC-discharge,34,2472.727272727273,11853.084590816434,3.4878944987638887,-27.263836618115,-27.263836618115,40363.67286149037,6846.84371918096,5.057454320840584e-09,3.4878944987638887,18.726675656887075
2,CC-discharge,35,2545.4545454545455,11925.811863543708,3.4771627554044753,-27.263836618115,-27.263836618115,40781.367949803134,6393.388327631735,5.057454320840584e-09,3.4771627554044753,19.277460235030812
2,CC-discharge,36,2618.1818181818185,11998.53913627098,3.4653706250729845,-27.263836618115,-27.263836618115,41199.063038116,5939.932936082605,5.057454320840584e-09,3.4653706250729845,19.82824481317455
2,CC-discharge,37,2690.909090909091,12071.266408998254,3.452205915836659,-27.263836618115,-27.263836618115,41616.75812642839,5486.477544533427,5.057454320840584e-09,3.452205915836659,20.379029391318287
2,CC-discharge,38,2763.636363636364,12143.993681725526,3.4372844841197603,-27.263836618115,-27.263836618115,42034.4532147412,5033.022152984455,5.057454320840584e-09,3.4372844841197603,20.929813969462025
2,CC-discharge,39,2836.3636363636365,12216.720954452798,3.4201358450313157,-27.263836618115,-27.263836618115,42452.148303054055,4579.566761435416,5.057454320840584e-09,3.4201358450313157,21.480598547605762
2,CC-discharge,40,2909.0909090909095,12289.448227180072,3.4001875040285565,-27.263836618115,-27.263836618115,42869.84339136653,4126.111369886324,5.057454320840584e-09,3.4001875040285565,22.0313831257495
2,CC-discharge,41,2981.818181818182,12362.175499907344,3.376747788699085,-27.263836618115,-27.263836618115,43287.538479679635,3672.655978337311,5.057454320840584e-09,3.376747788699085,22.582167703893237
2,CC-discharge,42,3054.545454545455,12434.902772634618,3.348991895459133,-27.263836618115,-27.263836618115,43705.23356799171,3219.2005867883086,5.057454320840584e-09,3.348991895459133,23.132952282036975
2,CC-discharge,43,3127.2727272727275,12507.63004536189,3.315945842036934,-27.263836618115,-27.263836618115,44122.9286563044,2765.745195239264,5.057454320840584e-09,3.315945842036934,23.683736860180712
2,CC-discharge,44,3200.0000000000005,12580.357318089162,3.276461940473509,-27.263836618115,-27.263836618115,44540.62374461674,2312.289803690179,5.057454320840584e-09,3.276461940473509,24.23452143832445
2,CC-discharge,45,3272.727272727273,12653.084590816434,3.2290952016619365,-27.263836618115,-27.263836618115,44958.318832929224,1858.8344121411294,5.057454320840584e-09,3.2290952016619365,24.785306016468187
2,CC-discharge,46,3345.454545454546,12725.811863543708,3.1712837919209607,-27.263836618115,-27.263836618115,45376.01392124186,1405.3790205921075,5.057454320840584e-09,3.1712837919209607,25.336090594611925
2,CC-discharge,47,3418.1818181818185,12798.53913627098,3.0930664365612146,-27.263836618115,-27.263836618115,45793.70900955476,951.9236290430761,5.057454320840584e-09,3.0930664365612146,25.886875172755662
2,CC-discharge,48,3466.082875032726,12846.440193121887,3.0000099999999996,-27.263836618115,-27.263836618115,46068.81950691436,653.2599823063908,5.057454320840584e-09,3.0000099999999996,26.249643669371824
2,CC-charge,0,3466.082875032726,12846.440193121887,3.7167996529444824,27.263836618115,27.263836618115,46068.81950691436,653.2599823063908,5.057454320840584e-09,3.7167996529444824,0.0
2,CC-charge,1,3538.8101477599985,12919.16746584916,3.8212937277333174,27.263836618115,27.263836618115,45503.704556943885,1187.7570848246112,5.0574660395393994e-09,3.8212937277333174,-0.0
2,CC-charge,2,3611.5374204872714,12991.894738576433,3.8675058998261393,27.263836618115,27.263836618115,45084.11541903519,1641.2382080984617,5.057498188996454e-09,3.8675058998261393,-0.0
2,CC-charge,3,3684.264693214544,13064.622011303705,3.9048630210472046,27.263836618115,27.263836618115,44666.38322084264,2094.691230241566,5.057564741422553e-09,3.9048630210472046,-0.0
2,CC-charge,4,3756.991965941817,13137.349284030977,3.9360755982999085,27.263836618115,27.263836618115,44248.68763899408,2548.1425035819793,5.0576851953828344e-09,3.9360755982999085,-0.0
2,CC-charge,5,3829.7192386690895,13210.076556758251,3.9620713209027305,27.263836618115,27.263836618115,43830.99254565643,3001.5913312736934,5.057880071194981e-09,3.9620713209027305,-0.0
2,CC-charge,6,3902.4465113963624,13282.803829485523,3.983622492955375,27.263836618115,27.263836618115,43413.297457406756,3455.037149851876,5.058168150079547e-09,3.983622492955375,-0.0
2,CC-charge,7,3975.173784123635,13355.531102212797,4.001470679442045,27.263836618115,27.263836618115,42995.60236909443,3908.4796033525786,5.058562100267718e-09,4.001470679442045,-0.0
2,CC-charge,8,4047.901056850908,13428.25837494007,4.0162995996038475,27.263836618115,27.263836618115,42577.90728078168,4361.918594230719,5.059066467372371e-09,4.0162995996038475,-0.0
2,CC-charge,9,4120.6283295781805,13500.985647667341,4.028712520804039,27.263836618115,27.263836618115,42160.21219246871,4815.354255125219,5.0596782566993386e-09,4.028712520804039,-0.0
2,CC-charge,10,4193.355602305453,13573.712920394615,4.0392254959093465,27.263836618115,27.263836618115,41742.51710415481,5268.7868883829715,5.060388675885624e-09,4.0392254959093465,-0.0
2,CC-charge,11,4266.082875032726,13646.440193121887,4.048271289976898,27.263836618115,27.263836618115,41324.822015841295,5722.216894325708,5.061185396373585e-09,4.048271289976898,-0.0
2,CC-charge,12,4338.8101477599985,13719.16746584916,4.0562070360438565,27.263836618115,27.263836618115,40907.126927528065,6175.644706716914,5.062054673473528e-09,4.0562070360438565,-0.0
2,CC-charge,13,4411.537420487271,13791.894738576433,4.063325025956952,27.263836618115,27.263836618115,40489.4318392147,6629.070744487124,5.06298298931882e-09,4.063325025956952,-0.0
2,CC-charge,14,4484.264693214544,13864.622011303705,4.06986237204121,27.263836618115,27.263836618115,40071.73675090093,7082.495382006507,5.063958103914957e-09,4.06986237204121,-0.0
2,CC-charge,15,4556.991965941817,13937.349284030977,4.0760102992451595,27.263836618115,27.263836618115,39654.04166258753,7535.918934178938,5.064969611884849e-09,4.0760102992451595,-0.0
2,CC-charge,16,4629.7192386690895,14010.076556758251,4.081922129447159,27.263836618115,27.263836618115,39236.346574274176,7989.341653617841,5.066009086834254e-09,4.081922129447159,-0.0
2,CC-charge,17,4702.446511396362,14082.803829485523,4.087720750148274,27.263836618115,27.263836618115,38818.65148596077,8442.763732125959,5.067070068026615e-09,4.087720750148274,-0.0
2,CC-charge,18,4775.173784123635,14155.531102212797,4.093503367726346,27.263836618115,27.263836618115,38400.95639764688,8896.185279549885,5.068148757007763e-09,4.093503367726346,-0.0
2,CC-charge,19,4847.9010568509075,14228.25837494007,4.099347418312061,27.263836618115,27.263836618115,37983.26130933347,9349.606424883947,5.06924077276502e-09,4.099347418312061,-0.0
2,CC-charge,20,4920.6283295781805,14300.985647667341,4.105313840303341,27.263836618115,27.263836618115,37565.56622102028,9803.027221536482,5.070344210185432e-09,4.105313840303341,-0.0
2,CC-charge,21,4993.355602305453,14373.712920394615,4.111450298103491,27.263836618115,27.263836618115,37147.87113270705,10256.447684897676,5.071458410990388e-09,4.111450298103491,-0.0
2,CC-charge,22,5066.082875032726,14446.440193121887,4.117795452854123,27.263836618115,27.263836618115,36730.176044393615,10709.867823879787,5.072582956035861e-09,4.117795452854123,-0.0
2,CC-charge,23,5138.810147759999,14519.167465849161,4.124377928377031,27.263836618115,27.263836618115,36312.48095608031,11163.287618676475,5.073718372313684e-09,4.124377928377031,-0.0
2,CC-charge,24,5211.537420487271,14591.894738576433,4.131220639830633,27.263836618115,27.263836618115,35894.785867767045,11616.707032869928,5.0748657373338285e-09,4.131220639830633,-0.0
2,CC-charge,25,5284.264693214544,14664.622011303705,4.1383415094267635,27.263836618115,27.263836618115,35477.0907794537,12070.126018845936,5.076026503482215e-09,4.1383415094267635,-0.0
2,CC-charge,26,5356.991965941817,14737.349284030977,4.145754607616734,27.263836618115,27.263836618115,35059.39569114032,12523.544518200795,5.077202479364345e-09,4.145754607616734,-0.0
2,CC-charge,27,5429.7192386690895,14810.076556758251,4.153471107775431,27.263836618115,27.263836618115,34641.70060282663,12976.962463671081,5.0783957653305184e-09,4.153471107775431,-0.0
2,CC-charge,28,5502.446511396362,14882.803829485523,4.161501975497081,27.263836618115,27.263836618115,34224.005514513425,13430.379777299855,5.079608807914742e-09,4.161501975497081,-0.0
2,CC-charge,29,5575.173784123635,14955.531102212797,4.1698516628306574,27.263836618115,27.263836618115,33806.31042620015,13883.796420283166,5.080842812605673e-09,4.1698516628306574,-0.0
2,CC-charge,30,5647.9010568509075,15028.25837494007,4.178528288419091,27.263836618115,27.263836618115,33388.61533788708,14337.212263520527,5.0821018597543915e-09,4.178528288419091,-0.0
2,CC-charge,31,5720.628329578181,15100.985647667341,4.187538331407537,27.263836618115,27.263836618115,32970.92024957386,14790.627214066397,5.083388884095337e-09,4.187538331407537,-0.0
2,CC-charge,32,5793.355602305453,15173.712920394615,4.196888571598165,27.263836618115,27.263836618115,32553.225161260445,15244.041169829849,5.084707108562799e-09,4.196888571598165,-0.0
2,CC-charge,33,5816.900737701564,15197.258055790724,4.19999,27.263836618115,27.263836618115,32417.998209391833,15390.831728200852,5.0851407775054345e-09,4.19999,-0.0
2,CV-charge,0,5816.900737701564,15197.258055790724,4.200000000000001,27.288289254739087,27.288289254739087,32417.998209391833,15390.831728200852,5.0851407775054345e-09,4.200000000000001,0.0
2,CV-charge,1,5889.628010428837,15269.985328517996,4.2,24.219057330107294,24.219057330107294,31895.902090714204,15885.998112307865,5.086415208816498e-09,4.2,-0.0
2,CV-charge,2,5962.355283156109,15342.71260124527,4.200000000000001,22.27842931996916,22.27842931996916,31549.215456786394,16266.358207369936,5.087611128859696e-09,4.200000000000001,-0.0
2,CV-charge,3,6035.082555883382,15415.439873972542,4.199999999999999,20.582463925229348,20.582463925229348,31230.932327517927,16617.019157175335,5.088741743517792e-09,4.199999999999999,-0.0
2,CV-charge,4,6107.809828610655,15488.167146699814,4.2,19.08330997465323,19.08330997465323,30935.7486635007,16942.035697721058,5.0898153330917255e-09,4.2,-0.0
2,CV-charge,5,6180.537101337928,15560.894419427088,4.199999999999999,17.752169002718006,17.752169002718006,30661.274509700113,17244.05153840877,5.090837144703596e-09,4.199999999999999,-0.0
2,CV-charge,6,6253.2643740652,15633.62169215436,4.199999999999999,16.564302165393823,16.564302165393823,30405.274780165986,17525.569589439572,5.091812207267391e-09,4.199999999999999,-0.0
2,CV-charge,7,6325.991646792473,15706.348964881634,4.200000000000001,15.499240215473835,15.499240215473835,30165.82760907293,17788.740020839006,5.092744860298058e-09,4.200000000000001,-0.0
2,CV-charge,8,6398.718919519746,15779.076237608906,4.200000000000001,14.54001462915151,14.54001462915151,29941.27930137147,18035.410840089873,5.0936388547597534e-09,4.200000000000001,-0.0
2,CV-charge,9,6471.446192247019,15851.803510336178,4.2,13.672464949785391,13.672464949785391,29730.198608792572,18267.179757813927,5.094497455133313e-09,4.2,-0.0
2,CV-charge,10,6544.173464974291,15924.530783063452,4.199999999999999,12.88472232330393,12.88472232330393,29531.341571067052,18485.433993910334,5.095323516774377e-09,4.199999999999999,-0.0
2,CV-charge,11,6616.900737701564,15997.258055790724,4.199999999999999,12.166787868034902,12.166787868034902,29343.622120532804,18691.383516906822,5.096119550051509e-09,4.199999999999999,-0.0
2,CV-charge,12,6689.628010428837,16069.985328517996,4.200000000000001,11.5101436234407,11.5101436234407,29166.075269086046,18886.102286647565,5.096887806201947e-09,4.200000000000001,-0.0
2,CV-charge,13,6762.35528315611,16142.71260124527,4.2,10.90761386327669,10.90761386327669,28997.86855601018,19070.516125237726,5.09763023547904e-09,4.2,-0.0
2,CV-charge,14,6835.082555883382,16215.439873972542,4.2,10.352610425454161,10.352610425454161,28838.135701509742,19245.585866485482,5.0983489323411125e-09,4.2,-0.0
2,CV-charge,15,6907.809828610655,16288.167146699816,4.2,9.84026876042081,9.84026876042081,28686.33573894411,19411.91361597474,5.099045148881507e-09,4.2,-0.0
2,CV-charge,16,6980.537101337928,16360.894419427088,4.200000000000001,9.366007317218779,9.366007317218779,28541.87710362204,19570.155751519284,5.09972030969029e-09,4.200000000000001,-0.0
2,CV-charge,17,7053.2643740652,16433.62169215436,4.2,8.92584843481289,8.92584843481289,28404.22897391272,19720.900747253087,5.100375704408724e-09,4.2,-0.0
2,CV-charge,18,7125.991646792473,16506.348964881632,4.2,8.51633950321561,8.51633950321561,28272.915084899178,19864.676239421853,5.101012500800842e-09,4.2,-0.0
2,CV-charge,19,7198.718919519746,16579.076237608904,4.199999999999999,8.134460163008635,8.134460163008635,28147.506127684544,20001.95753961377,5.101631761392641e-09,4.199999999999999,-0.0
2,CV-charge,20,7271.446192247019,16651.80351033618,4.199999999999999,7.777564122474249,7.777564122474249,28027.614095521032,20133.173970387237,5.102234455656372e-09,4.199999999999999,-0.0
2,CV-charge,21,7344.173464974292,16724.530783063452,4.2,7.443323708875186,7.443323708875186,27912.88729129902,20258.714453973516,5.102821470861583e-09,4.2,-0.0
2,CV-charge,22,7416.900737701564,16797.258055790724,4.2,7.129684674935488,7.129684674935488,27803.006045196573,20378.932301675668,5.103393621409982e-09,4.2,-0.0
2,CV-charge,23,7489.628010428837,16869.985328517996,4.200000000000001,6.834832063456391,6.834832063456391,27697.6803809651,20494.147843876737,5.1039516534003435e-09,4.200000000000001,-0.0
2,CV-charge,24,7562.35528315611,16942.712601245268,4.2,6.557149713370094,6.557149713370094,27596.643801582934,20604.65532805984,5.104496259425526e-09,4.2,-0.0
2,CV-charge,25,7635.082555883382,17015.439873972544,4.2,6.295198852217146,6.295198852217146,27499.65243595999,20710.723884851697,5.1050280797278884e-09,4.2,-0.0
2,CV-charge,26,7707.809828610655,17088.167146699816,4.2,6.047694529540806,6.047694529540806,27406.482399025772,20812.60047662353,5.105547708151285e-09,4.2,-0.0
2,CV-charge,27,7780.537101337928,17160.894419427088,4.2,5.8134861371100826,5.8134861371100826,27316.92769568596,20910.51223241048,5.106055696793579e-09,4.2,-0.0
2,CV-charge,28,7853.2643740652,17233.62169215436,4.2,5.5915407610540395,5.5915407610540395,27230.798385896407,21004.66849130848,5.106552560096893e-09,4.2,-0.0
2,CV-charge,29,7925.991646792474,17306.348964881632,4.199999999999999,5.38092890369366,5.38092890369366,27147.91897286039,21095.262596246554,5.1070387784542055e-09,4.199999999999999,-0.0
2,CV-charge,30,7998.718919519746,17379.076237608904,4.200000000000001,5.18081219718243,5.18081219718243,27068.126983217328,21182.47347316909,5.107514801398324e-09,4.200000000000001,-0.0
2,CV-charge,31,8071.446192247019,17451.80351033618,4.2,4.990432797131577,4.990432797131577,26991.27171290476,21266.467025158545,5.107981050429033e-09,4.2,-0.0
2,CV-charge,32,8144.173464974292,17524.530783063452,4.2,4.809104198062464,4.809104198062464,26917.213116421524,21347.397366482375,5.108437921525725e-09,4.2,-0.0
2,CV-charge,33,8216.900737701564,17597.258055790724,4.2,4.636203256267735,4.636203256267735,26845.820820611796,21425.407917735833,5.10888578738576e-09,4.2,-0.0
2,CV-charge,34,8289.628010428838,17669.985328517996,4.200000000000001,4.471163241215403,4.471163241215403,26776.973246856334,21500.63238011095,5.109324999422927e-09,4.200000000000001,-0.0
2,CV-charge,35,8362.35528315611,17742.712601245268,4.2,4.313467765934402,4.313467765934402,26710.55682794456,21573.1956041808,5.109755889555483e-09,4.2,-0.0
2,CV-charge,36,8435.082555883382,17815.439873972544,4.199999999999999,4.162645470760153,4.162645470760153,26646.465307829865,21643.2143663652,5.110178771809071e-09,4.199999999999999,-0.0
2,CV-charge,37,8507.809828610654,17888.167146699816,4.2,4.018265354711334,4.018265354711334,26584.599114166253,21710.79806441848,5.110593943756396e-09,4.2,-0.0
2,CV-charge,38,8580.537101337928,17960.894419427088,4.2,3.8799326651402364,3.8799326651402364,26524.86479488601,21776.049341640373,5.111001687812529e-09,4.2,-0.0
2,CV-charge,39,8653.2643740652,18033.62169215436,4.2,3.7472852699539843,3.7472852699539843,26467.17451129296,21839.06464828149,5.111402272402294e-09,4.2,-0.0
2,CV-charge,40,8725.991646792474,18106.348964881632,4.200000000000001,3.6199904480924343,3.6199904480924343,26411.445581137792,21899.934747382806,5.111795953013976e-09,4.200000000000001,-0.0
2,CV-charge,41,8798.718919519746,18179.076237608904,4.199999999999999,3.4977420434343167,3.4977420434343167,26357.600066003448,21958.745171406412,5.1121829731518615e-09,4.199999999999999,-0.0
2,CV-charge,42,8871.446192247018,18251.80351033618,4.2,3.3802579352795057,3.3802579352795057,26305.56439805756,22015.57663514937,5.11256356519852e-09,4.2,-0.0
2,CV-charge,43,8944.173464974292,18324.530783063452,4.2,3.2672777852852444,3.2672777852852444,26255.269041862877,22070.50540975911,5.1129379511964085e-09,4.2,-0.0
2,CV-charge,44,9016.900737701564,18397.258055790724,4.199999999999999,3.1585610263833552,3.1585610263833552,26206.64818747473,22123.603662035413,5.113306343557264e-09,4.199999999999999,-0.0
2,CV-charge,45,9089.628010428838,18469.985328517996,4.200000000000001,3.0538850639832407,3.0538850639832407,26159.63947150861,22174.939762722282,5.113668945706728e-09,4.200000000000001,-0.0
2,CV-charge,46,9162.35528315611,18542.71260124527,4.2,2.9530436638512074,2.9530436638512074,26114.18372327245,22224.57856701171,5.114025952670785e-09,4.2,-0.0
2,CV-charge,47,9235.082555883382,18615.439873972544,4.200000000000001,2.8558455045072,2.8558455045072,26070.224733407355,22272.581670123087,5.11437755160991e-09,4.200000000000001,-0.0
2,CV-charge,48,9307.809828610654,18688.167146699816,4.200000000000001,2.7621128749076775,2.7621128749076775,26027.709042756414,22319.00764045682,5.1147239223060836e-09,4.200000000000001,-0.0
2,CV-charge,49,9336.292355176149,18716.64967326531,4.2,2.7263936618115,2.7263936618115,26011.477394705227,22336.731881470194,5.114858052631689e-09,4.2,-0.0
3,CC-discharge,0,0.0,18716.64967326531,3.8546956225873727,-27.263836618115,-27.263836618115,26011.477394705227,22336.731881470194,5.114858052631689e-09,3.8546956225873727,0.0
3,CC-discharge,1,72.72727272727273,18789.376945992582,3.8306980544163007,-27.263836618115,-27.263836618115,26576.59715109852,21802.23195376062,5.114858052631689e-09,3.8306980544163007,0.5507845781437374
3,CC-discharge,2,145.45454545454547,18862.104218719855,3.8144698912432053,-27.263836618115,-27.263836618115,26996.18504601849,21348.75204096308,5.114858052631689e-09,3.8144698912432053,1.1015691562874748
3,CC-discharge,3,218.1818181818182,18934.83149144713,3.7993314794132296,-27.263836618115,-27.263836618115,27413.91154559684,20895.296699393926,5.114858052631689e-09,3.7993314794132296,1.652353734431212
3,CC-discharge,4,290.90909090909093,19007.558764174402,3.7850192641376874,-27.263836618115,-27.263836618115,27831.609062942054,20441.841308580093,5.114858052631689e-09,3.7850192641376874,2.2031383125749495
3,CC-discharge,5,363.6363636363637,19080.286036901674,3.7713737223807646,-27.263836618115,-27.263836618115,28249.304339918737,19988.38591704134,5.114858052631689e-09,3.7713737223807646,2.753922890718687
3,CC-discharge,6,436.3636363636364,19153.013309628946,3.7582894451595714,-27.263836618115,-27.263836618115,28666.99944295556,19534.9305254919,5.114858052631689e-09,3.7582894451595714,3.304707468862424
3,CC-discharge,7,509.0909090909091,19225.74058235622,3.745673732778964,-27.263836618115,-27.263836618115,29084.694532424117,19081.475133942404,5.114858052631689e-09,3.745673732778964,3.8554920470061615
3,CC-discharge,8,581.8181818181819,19298.46785508349,3.733470340542117,-27.263836618115,-27.263836618115,29502.389620828137,18628.01974239315,5.114858052631689e-09,3.733470340542117,4.406276625149899
3,CC-discharge,9,654.5454545454546,19371.195127810766,3.7216323775260496,-27.263836618115,-27.263836618115,29920.08470914788,18174.564350844088,5.114858052631689e-09,3.7216323775260496,4.9570612032936365
3,CC-discharge,10,727.2727272727274,19443.92240053804,3.710123917891955,-27.263836618115,-27.263836618115,30337.77979746105,17721.10895929461,5.114858052631689e-09,3.710123917891955,5.507845781437374
3,CC-discharge,11,800.0000000000001,19516.64967326531,3.698917191063532,-27.263836618115,-27.263836618115,30755.47488577407,17267.653567745427,5.114858052631689e-09,3.698917191063532,6.0586303595811115
3,CC-discharge,12,872.7272727272727,19589.376945992582,3.6879905160997244,-27.263836618115,-27.263836618115,31173.169974086813,16814.198176196467,5.114858052631689e-09,3.6879905160997244,6.609414937724848
3,CC-discharge,13,945.4545454545455,19662.104218719855,3.6773267504928677,-27.263836618115,-27.263836618115,31590.865062399458,16360.742784646925,5.114858052631689e-09,3.6773267504928677,7.160199515868586
3,CC-discharge,14,1018.1818181818182,19734.83149144713,3.6669120977189387,-27.263836618115,-27.263836618115,32008.56015071214,15907.287393097311,5.114858052631689e-09,3.6669120977189387,7.710984094012323
3,CC-discharge,15,1090.909090909091,19807.558764174402,3.656735165707695,-27.263836618115,-27.263836618115,32426.255239024864,15453.832001548133,5.114858052631689e-09,3.656735165707695,8.26176867215606
3,CC-discharge,16,1163.6363636363637,19880.286036901674,3.6467861985012515,-27.263836618115,-27.263836618115,32843.950327337516,15000.376609998602,5.114858052631689e-09,3.6467861985012515,8.812553250299798
3,CC-discharge,17,1236.3636363636365,19953.013309628946,3.637056424221674,-27.263836618115,-27.263836618115,33261.6454156501,14546.92121844922,5.114858052631689e-09,3.637056424221674,9.363337828443536
3,CC-discharge,18,1309.0909090909092,20025.74058235622,3.6275374750004663,-27.263836618115,-27.263836618115,33679.34050396273,14093.465826900096,5.114858052631689e-09,3.6275374750004663,9.914122406587273
3,CC-discharge,19,1381.818181818182,20098.467855083494,3.6182208428503957,-27.263836618115,-27.263836618115,34097.035592276035,13640.010435351414,5.114858052631689e-09,3.6182208428503957,10.46490698473101
3,CC-discharge,20,1454.5454545454547,20171.195127810766,3.6090973401544817,-27.263836618115,-27.263836618115,34514.730680588604,13186.55504380196,5.114858052631689e-09,3.6090973401544817,11.015691562874748
3,CC-discharge,21,1527.2727272727275,20243.92240053804,3.600156536516426,-27.263836618115,-27.263836618115,34932.42576890193,12733.099652252751,5.114858052631689e-09,3.600156536516426,11.566476141018486
3,CC-discharge,22,1600.0000000000002,20316.64967326531,3.5913861373008857,-27.263836618115,-27.263836618115,35350.120857214686,12279.644260703677,5.114858052631689e-09,3.5913861373008857,12.117260719162223
3,CC-discharge,23,1672.727272727273,20389.376945992582,3.58277067082056,-27.263836618115,-27.263836618115,35767.81594552724,11826.188869154117,5.114858052631689e-09,3.58277067082056,12.66804529730596
3,CC-discharge,24,1745.4545454545455,20462.104218719855,3.574293414276178,-27.263836618115,-27.263836618115,36185.51103383948,11372.733477605263,5.114858052631689e-09,3.574293414276178,13.218829875449696
3,CC-discharge,25,1818.1818181818182,20534.83149144713,3.565930760998267,-27.263836618115,-27.263836618115,36603.20612215302,10919.278086056227,5.114858052631689e-09,3.565930760998267,13.769614453593434
3,CC-discharge,26,1890.909090909091,20607.558764174402,3.5576545341289325,-27.263836618115,-27.263836618115,37020.901210465505,10465.822694506878,5.114858052631689e-09,3.5576545341289325,14.320399031737171
3,CC-discharge,27,1963.6363636363637,20680.286036901674,3.5494295819129693,-27.263836618115,-27.263836618115,37438.59629877828,10012.367302957868,5.114858052631689e-09,3.5494295819129693,14.871183609880909
3,CC-discharge,28,2036.3636363636365,20753.013309628946,3.5412120047099904,-27.263836618115,-27.263836618115,37856.29138709092,9558.911911408813,5.114858052631689e-09,3.5412120047099904,15.421968188024646
3,CC-discharge,29,2109.0909090909095,20825.74058235622,3.532946889108908,-27.263836618115,-27.263836618115,38273.986475403806,9105.456519859668,5.114858052631689e-09,3.532946889108908,15.972752766168385
3,CC-discharge,30,2181.818181818182,20898.467855083494,3.524565619041588,-27.263836618115,-27.263836618115,38691.68156371627,8652.001128310741,5.114858052631689e-09,3.524565619041588,16.52353734431212
3,CC-discharge,31,2254.545454545455,20971.195127810766,3.515982565788573,-27.263836618115,-27.263836618115,39109.37665202914,8198.545736761627,5.114858052631689e-09,3.515982565788573,17.07432192245586
3,CC-discharge,32,2327.2727272727275,21043.92240053804,3.5070913306699993,-27.263836618115,-27.263836618115,39527.071740341584,7745.090345212568,5.114858052631689e-09,3.5070913306699993,17.625106500599596
3,CC-discharge,33,2400.0,21116.64967326531,3.4977579973270867,-27.263836618115,-27.263836618115,39944.76682865418,7291.634953663355,5.114858052631689e-09,3.4977579973270867,18.175891078743334
3,CC-discharge,34,2472.727272727273,21189.376945992582,3.4878183799302933,-27.263836618115,-27.263836618115,40362.46191696685,6838.179562114191,5.114858052631689e-09,3.4878183799302933,18.726675656887075
3,CC-discharge,35,2545.4545454545455,21262.104218719855,3.4770671665510955,-27.263836618115,-27.263836618115,40780.157005279936,6384.724170565299,5.114858052631689e-09,3.4770671665510955,19.277460235030812
3,CC-discharge,36,2618.1818181818185,21334.83149144713,3.4652505423411895,-27.263836618115,-27.263836618115,41197.852093593116,5931.268779016138,5.114858052631689e-09,3.4652505423411895,19.82824481317455
3,CC-discharge,37,2690.909090909091,21407.558764174402,3.452055116276152,-27.263836618115,-27.263836618115,41615.5471819055,5477.8133874670275,5.114858052631689e-09,3.452055116276152,20.379029391318287
3,CC-discharge,38,2763.636363636364,21480.286036901674,3.4370952973076974,-27.263836618115,-27.263836618115,42033.2422702184,5024.357995917998,5.114858052631689e-09,3.4370952973076974,20.929813969462025
3,CC-discharge,39,2836.3636363636365,21553.013309628946,3.4198988751478394,-27.263836618115,-27.263836618115,42450.93735853082,4570.902604368793,5.114858052631689e-09,3.4198988751478394,21.480598547605762
3,CC-discharge,40,2909.0909090909095,21625.74058235622,3.399891326967497,-27.263836618115,-27.263836618115,42868.632446843905,4117.447212819664,5.114858052631689e-09,3.399891326967497,22.0313831257495
3,CC-discharge,41,2981.818181818182,21698.467855083494,3.3763786953401125,-27.263836618115,-27.263836618115,43286.327535156495,3663.9918212706234,5.114858052631689e-09,3.3763786953401125,22.582167703893237
3,CC-discharge,42,3054.545454545455,21771.195127810766,3.3485335920588675,-27.263836618115,-27.263836618115,43704.022623468656,3210.5364297216197,5.114858052631689e-09,3.3485335920588675,23.132952282036975
3,CC-discharge,43,3127.2727272727275,21843.92240053804,3.3153792212696374,-27.263836618115,-27.263836618115,44121.717711781064,2757.0810381725814,5.114858052631689e-09,3.3153792212696374,23.683736860180712
3,CC-discharge,44,3200.0000000000005,21916.64967326531,3.2757642366275777,-27.263836618115,-27.263836618115,44539.41280009351,2303.625646623503,5.114858052631689e-09,3.2757642366275777,24.23452143832445
3,CC-discharge,45,3272.727272727273,21989.376945992582,3.228234711891958,-27.263836618115,-27.263836618115,44957.10788840627,1850.1702550744048,5.114858052631689e-09,3.228234711891958,24.785306016468187
3,CC-discharge,46,3345.454545454546,22062.104218719855,3.170184318258122,-27.263836618115,-27.263836618115,45374.80297672002,1396.7148635253557,5.114858052631689e-09,3.170184318258122,25.336090594611925
3,CC-discharge,47,3418.1818181818185,22134.83149144713,3.0912988301328914,-27.263836618115,-27.263836618115,45792.49806503278,943.2594719763362,5.114858052631689e-09,3.0912988301328914,25.886875172755662
3,CC-discharge,48,3464.7462834763746,22181.395956741686,3.000009999999999,-27.263836618115,-27.263836618115,46059.93210613001,652.9294891431381,5.114858052631689e-09,3.000009999999999,26.239521276644737
3,CC-charge,0,3464.7462834763746,22181.395956741686,3.716768925593914,27.263836618115,27.263836618115,46059.93210613001,652.9294891431381,5.114858052631689e-09,3.716768925593914,0.0
3,CC-charge,1,3537.473556203647,22254.123229468958,3.821341677212848,27.263836618115,27.263836618115,45494.81715588321,1187.4265923865748,5.114869760250687e-09,3.821341677212848,-0.0
3,CC-charge,2,3610.20082893092,22326.85050219623,3.8675593525308067,27.263836618115,27.263836618115,45075.228033109124,1640.9077158415732,5.114901890621048e-09,3.8675593525308067,-0.0
3,CC-charge,3,3682.9281016581926,22399.577774923506,3.9049193103438657,27.263836618115,27.263836618115,44657.49582030696,2094.3607392248587,5.1149684113894404e-09,3.9049193103438657,-0.0
3,CC-charge,4,3755.6553743854656,22472.305047650778,3.936135004138504,27.263836618115,27.263836618115,44239.800238212185,2547.8120141265463,5.115088818221221e-09,3.936135004138504,-0.0
3,CC-charge,5,3828.382647112738,22545.03232037805,3.9621342052200617,27.263836618115,27.263836618115,43822.10514487,3001.2608438296616,5.115283632270541e-09,3.9621342052200617,-0.0
3,CC-charge,6,3901.109919840011,22617.759593105322,3.9836890614371923,27.263836618115,27.263836618115,43404.410056620596,3454.7066647624715,5.115571637639235e-09,3.9836890614371923,-0.0
3,CC-charge,7,3973.8371925672836,22690.486865832594,4.001541030219051,27.263836618115,27.263836618115,42986.71496830803,3908.1491207820914,5.115965508019771e-09,4.001541030219051,-0.0
3,CC-charge,8,4046.5644652945566,22763.214138559866,4.016373776451668,27.263836618115,27.263836618115,42569.01987999392,4361.588114160702,5.116469794899768e-09,4.016373776451668,-0.0
3,CC-charge,9,4119.29173802183,22835.94141128714,4.028790545630821,27.263836618115,27.263836618115,42151.32479168033,4815.023777388393,5.117081508569817e-09,4.028790545630821,-0.0
3,CC-charge,10,4192.019010749102,22908.668684014414,4.039307386456423,27.263836618115,27.263836618115,41733.62970336683,5268.4564127151625,5.117791860053028e-09,4.039307386456423,-0.0
3,CC-charge,11,4264.746283476375,22981.395956741686,4.048357067184062,27.263836618115,27.263836618115,41315.93461505302,5721.886420415579,5.1185885225814944e-09,4.048357067184062,-0.0
3,CC-charge,12,4337.473556203648,23054.123229468958,4.056296728056834,27.263836618115,27.263836618115,40898.23952674015,6175.314234249019,5.11945775182036e-09,4.056296728056834,-0.0
3,CC-charge,13,4410.20082893092,23126.85050219623,4.063418667699984,27.263836618115,27.263836618115,40480.544438426405,6628.740273169618,5.120386029283437e-09,4.063418667699984,-0.0
3,CC-charge,14,4482.928101658193,23199.577774923506,4.069960004417294,27.263836618115,27.263836618115,40062.84935011304,7082.164911587371,5.121361113792784e-09,4.069960004417294,-0.0
3,CC-charge,15,4555.655374385466,23272.305047650778,4.076111967675587,27.263836618115,27.263836618115,39645.15426179978,7535.588464451734,5.122372598535677e-09,4.076111967675587,-0.0
3,CC-charge,16,4628.382647112739,23345.03232037805,4.082027882244114,27.263836618115,27.263836618115,39227.45917348633,7989.0111844214425,5.123412055656006e-09,4.082027882244114,-0.0
3,CC-charge,17,4701.109919840012,23417.759593105322,4.087830637503034,27.263836618115,27.263836618115,38809.76408517341,8442.433263340077,5.124473023094216e-09,4.087830637503034,-0.0
3,CC-charge,18,4773.837192567284,23490.486865832594,4.093617440147344,27.263836618115,27.263836618115,38392.06899686026,8895.85481108395,5.125551701407484e-09,4.093617440147344,-0.0
3,CC-charge,19,4846.564465294557,23563.214138559866,4.099465725902555,27.263836618115,27.263836618115,37974.37390854693,9349.275956687514,5.126643708277377e-09,4.099465725902555,-0.0
3,CC-charge,20,4919.29173802183,23635.94141128714,4.105436432397112,27.263836618115,27.263836618115,37556.67882023338,9802.696753582768,5.127747137798143e-09,4.105436432397112,-0.0
3,CC-charge,21,4992.019010749102,23708.668684014414,4.111577222459459,27.263836618115,27.263836618115,37138.98373192057,10256.117217177283,5.128861331122777e-09,4.111577222459459,-0.0
3,CC-charge,22,5064.746283476375,23781.395956741686,4.117926757453979,27.263836618115,27.263836618115,36721.28864360746,10709.537356400768,5.129985868512227e-09,4.117926757453979,-0.0
3,CC-charge,23,5137.473556203648,23854.123229468958,4.124513659933767,27.263836618115,27.263836618115,36303.59355529396,11162.957151465336,5.131121276372001e-09,4.124513659933767,-0.0
3,CC-charge,24,5210.20082893092,23926.85050219623,4.1313608451239645,27.263836618115,27.263836618115,35885.89846698033,11616.376565951543,5.13226863222181e-09,4.1313608451239645,-0.0
3,CC-charge,25,5282.928101658193,23999.577774923506,4.138486236486219,27.263836618115,27.263836618115,35468.20337866685,12069.795552260002,5.13342938800063e-09,4.138486236486219,-0.0
3,CC-charge,26,5355.655374385466,24072.305047650778,4.145903907070356,27.263836618115,27.263836618115,35050.50829035372,12523.214051992025,5.1346053520815794e-09,4.145903907070356,-0.0
3,CC-charge,27,5428.382647112739,24145.03232037805,4.153625034722651,27.263836618115,27.263836618115,34632.81320204054,12976.631997892136,5.135798624611138e-09,4.153625034722651,-0.0
3,CC-charge,28,5501.109919840012,24217.759593105322,4.161660591358558,27.263836618115,27.263836618115,34215.11811372713,13430.049312009949,5.13701165189967e-09,4.161660591358558,-0.0
3,CC-charge,29,5573.837192567284,24290.486865832594,4.170015039950874,27.263836618115,27.263836618115,33797.42302541377,13883.46595554268,5.138245639383754e-09,4.170015039950874,-0.0
3,CC-charge,30,5646.564465294557,24363.214138559866,4.178696512137542,27.263836618115,27.263836618115,33379.72793710071,14336.881799398341,5.139504667156389e-09,4.178696512137542,-0.0
3,CC-charge,31,5719.29173802183,24435.94141128714,4.187711505067598,27.263836618115,27.263836618115,32962.03284878717,14790.296750635729,5.140791669822165e-09,4.187711505067598,-0.0
3,CC-charge,32,5792.019010749102,24508.668684014414,4.19706682238991,27.263836618115,27.263836618115,32544.337760474107,15243.710707168233,5.142109870145648e-09,4.19706682238991,-0.0
3,CC-charge,33,5814.203200914658,24530.852874179967,4.19999,27.263836618115,27.263836618115,32416.927135506947,15382.016546938275,5.142518389440593e-09,4.19999,-0.0
3,CV-charge,0,5814.203200914658,24530.852874179967,4.2,27.28840034625065,27.28840034625065,32416.927135506947,15382.016546938275,5.142518389440593e-09,4.2,0.0
3,CV-charge,1,5886.930473641931,24603.58014690724,4.2,24.219560179714858,24.219560179714858,31894.823195284418,15877.190171332979,5.143792155912981e-09,4.2,-0.0
3,CV-charge,2,5959.657746369203,24676.30741963451,4.200000000000001,22.279149059847995,22.279149059847995,31548.125786145236,16257.561309467454,5.1449874267045476e-09,4.200000000000001,-0.0
3,CV-charge,3,6032.385019096476,24749.034692361787,4.2,20.583321617986183,20.583321617986183,31229.829262671137,16608.236311559238,5.146117405179556e-09,4.2,-0.0
3,CV-charge,4,6105.112291823749,24821.76196508906,4.200000000000001,19.0842524112208,19.0842524112208,30934.631193108948,16933.268220623773,5.147190369290992e-09,4.200000000000001,-0.0
3,CV-charge,5,6177.839564551022,24894.48923781633,4.199999999999999,17.75315633364158,17.75315633364158,30660.141826618223,17235.300436303372,5.148211566505739e-09,4.199999999999999,-0.0
3,CV-charge,6,6250.566837278294,24967.216510543603,4.2,16.565306283843157,16.565306283843157,30404.126604719357,17516.835256126695,5.149186025027549e-09,4.2,-0.0
3,CV-charge,7,6323.294110005567,25039.943783270875,4.199999999999999,15.500240961735411,15.500240961735411,30164.66396634455,17780.022493982633,5.150118083934027e-09,4.199999999999999,-0.0
3,CV-charge,8,6396.02138273284,25112.671055998147,4.2,14.540997862275779,14.540997862275779,29940.100447730503,18026.70988716756,5.151011493752948e-09,4.2,-0.0
3,CV-charge,9,6468.748655460113,25185.398328725423,4.2,13.67342070687846,13.67342070687846,29729.004955786724,18258.494964215195,5.151869518585261e-09,4.2,-0.0
3,CV-charge,10,6541.475928187385,25258.125601452695,4.2,12.885643652843518,12.885643652843518,29530.133618108757,18476.7648402107,5.152695013479646e-09,4.2,-0.0
3,CV-charge,11,6614.203200914658,25330.852874179967,4.2,12.1676701632238,12.1676701632238,29342.400462631438,18682.729371875936,5.153490488426261e-09,4.2,-0.0
3,CV-charge,12,6686.930473641931,25403.58014690724,4.2,11.510983940942658,11.510983940942658,29164.84054691517,18877.462464491833,5.154258194349266e-09,4.2,-0.0
3,CV-charge,13,6759.657746369203,25476.30741963451,4.199999999999999,10.908410431287868,10.908410431287868,28996.621440304905,19061.889903547,5.155000081229271e-09,4.199999999999999,-0.0
3,CV-charge,14,6832.385019096476,25549.034692361787,4.2,10.353362701408757,10.353362701408757,28836.87697856242,19236.97239334762,5.155718242865313e-09,4.2,-0.0
3,CV-charge,15,6905.112291823749,25621.76196508906,4.199999999999999,9.841386147832324,9.841386147832324,28685.189289090053,19403.177091583006,5.156413589706408e-09,4.199999999999999,-0.0
3,CV-charge,16,6977.839564551022,25694.48923781633,4.200000000000001,9.367457945074898,9.367457945074898,28540.84068521159,19561.29879090386,5.157087891783399e-09,4.200000000000001,-0.0
3,CV-charge,17,7050.566837278295,25767.216510543603,4.2,8.927200870817515,8.927200870817515,28403.17172030687,19712.066804333634,5.157742805709243e-09,4.2,-0.0
3,CV-charge,18,7123.294110005567,25839.943783270875,4.2,8.51759850380336,8.51759850380336,28271.83835281484,19855.86373734129,5.158379126063791e-09,4.2,-0.0
3,CV-charge,19,7196.02138273284,25912.67105599815,4.2,8.135631523996027,8.135631523996027,28146.411276274805,19993.16498756716,5.158997915351493e-09,4.2,-0.0
3,CV-charge,20,7268.748655460113,25985.398328725423,4.2,7.77865314383085,7.77865314383085,28026.502398383298,20124.39996941996,5.159600143018963e-09,4.2,-0.0
3,CV-charge,21,7341.475928187385,26058.125601452695,4.199999999999999,7.444335248552893,7.444335248552893,27911.759946457023,20249.957688594717,5.160186696303446e-09,4.199999999999999,-0.0
3,CV-charge,22,7414.203200914658,26130.852874179967,4.199999999999999,7.130623190519798,7.130623190519798,27801.864181244247,20370.191532979647,5.160758389569414e-09,4.199999999999999,-0.0
3,CV-charge,23,7486.930473641931,26203.58014690724,4.199999999999999,6.835701619424849,6.835701619424849,27696.525051361998,20485.421915841416,5.161315968905402e-09,4.199999999999999,-0.0
3,CV-charge,24,7559.657746369203,26276.30741963451,4.2,6.557954080156275,6.557954080156275,27595.476012603485,20595.94313658655,5.1618601268303685e-09,4.2,-0.0
3,CV-charge,25,7632.385019096476,26349.034692361787,4.2,6.295941505698971,6.295941505698971,27498.473140195714,20702.024385115095,5.162391503540663e-09,4.2,-0.0
3,CV-charge,26,7705.112291823749,26421.76196508906,4.200000000000001,6.048378679091867,6.048378679091867,27405.292499355048,20803.912678576624,5.162910692832917e-09,4.200000000000001,-0.0
3,CV-charge,27,7777.839564551022,26494.48923781633,4.2,5.814114751311441,5.814114751311441,27315.728049023775,20901.835196641197,5.163418246757006e-09,4.2,-0.0
3,CV-charge,28,7850.566837278295,26567.216510543603,4.2,5.592116590833343,5.592116590833343,27229.58980657489,20996.00132529718,5.163914679706682e-09,4.2,-0.0
3,CV-charge,29,7923.294110005567,26639.943783270875,4.200000000000001,5.38145450315396,5.38145450315396,27146.70223568562,21086.604450986437,5.164400472026452e-09,4.200000000000001,-0.0
3,CV-charge,30,7996.02138273284,26712.67105599815,4.2,5.1812899423549466,5.1812899423549466,27066.902826235222,21173.823540102392,5.1648760732007565e-09,4.2,-0.0
3,CV-charge,31,8068.748655460113,26785.398328725423,4.2,4.990864902852718,4.990864902852718,26990.0408399036,21257.824533412175,5.165341904681282e-09,4.2,-0.0
3,CV-charge,32,8141.475928187385,26858.125601452695,4.200000000000001,4.8094927331881,4.8094927331881,26915.976199202327,21338.761580356793,5.165798362399694e-09,4.200000000000001,-0.0
3,CV-charge,33,8214.203200914657,26930.852874179967,4.199999999999998,4.6365501573670365,4.6365501573670365,26844.578501037606,21416.77813443467,5.166245819006071e-09,4.199999999999998,-0.0
3,CV-charge,34,8286.93047364193,27003.58014690724,4.2,4.471470324941916,4.471470324941916,26775.726138717855,21492.00792768145,5.166684625867419e-09,4.2,-0.0
3,CV-charge,35,8359.657746369203,27076.30741963451,4.200000000000001,4.313736740181724,4.313736740181724,26709.30551864672,21564.575839647398,5.167115114855717e-09,4.200000000000001,-0.0
3,CV-charge,36,8432.385019096477,27149.034692361787,4.2,4.162877944748725,4.162877944748725,26645.210359925957,21634.59867403614,5.167537599950858e-09,4.2,-0.0
3,CV-charge,37,8505.112291823749,27221.76196508906,4.2,4.018462848105726,4.018462848105726,26583.34106674603,21702.185854342137,5.1679523786803e-09,4.2,-0.0
3,CV-charge,38,8577.83956455102,27294.48923781633,4.2,3.8800966162976596,3.8800966162976596,26523.60416483829,21767.44004822053,5.168359733414364e-09,4.2,-0.0
3,CV-charge,39,8650.566837278295,27367.216510543603,4.2,3.7474170434035767,3.7474170434035767,26465.911794453532,21830.457729002625,5.168759932533581e-09,4.2,-0.0
3,CV-charge,40,8723.294110005567,27439.943783270875,4.200000000000002,3.6200913413023903,3.6200913413023903,26410.18125332885,21891.32968166115,5.169153231482382e-09,4.200000000000002,-0.0
3,CV-charge,41,8796.02138273284,27512.67105599815,4.2,3.4978132929487544,3.4978132929487544,26356.33458398004,21950.14145954643,5.1695398737215935e-09,4.2,-0.0
3,CV-charge,42,8868.748655460113,27585.398328725423,4.2,3.3803007222805026,3.3803007222805026,26304.298200365523,22006.97379739162,5.169920091590678e-09,4.2,-0.0
3,CV-charge,43,8941.475928187385,27658.125601452695,4.200000000000001,3.267293240640115,3.267293240640115,26254.002549623,22061.902985417182,5.170294107089316e-09,4.200000000000001,-0.0
3,CV-charge,44,9014.203200914659,27730.852874179967,4.200000000000001,3.158550235207841,3.158550235207841,26205.3818050895,22115.001208712016,5.170662132586749e-09,4.200000000000001,-0.0
3,CV-charge,45,9086.93047364193,27803.58014690724,4.2,3.0538490697812994,3.0538490697812994,26158.373587309045,22166.33685559516,5.17102437146636e-09,4.2,-0.0
3,CV-charge,46,9159.657746369205,27876.30741963451,4.2,2.95298347225931,2.95298347225931,26112.918710108097,22215.974798185704,5.171381018712094e-09,4.2,-0.0
3,CV-charge,47,9232.385019096477,27949.034692361787,4.2,2.8557620866710165,2.8557620866710165,26068.960949177625,22263.97664803323,5.1717322614425596e-09,4.2,-0.0
3,CV-charge,48,9305.112291823749,28021.76196508906,4.2,2.7620071705320197,2.7620071705320197,26026.44683090113,22310.400989336544,5.172078279398014e-09,4.2,-0.0
3,CV-charge,49,9333.503066956822,28050.152740222133,4.2,2.7263936618115,2.7263936618115,26010.2677791767,22328.06783180453,5.17221184243428e-09,4.2,-0.0
4,CC-discharge,0,0.0,28050.152740222133,3.8547177012060523,-27.263836618115,-27.263836618115,26010.2677791767,22328.06783180453,5.17221184243428e-09,3.8547177012060523,0.0
4,CC-discharge,1,72.72727272727273,28122.880012949405,3.8307129004189964,-27.263836618115,-27.263836618115,26575.387527860534,21793.56791587719,5.17221184243428e-09,3.8307129004189964,0.5507845781437374
4,CC-discharge,2,145.45454545454547,28195.607285676677,3.814480784846709,-27.263836618115,-27.263836618115,26994.975414123208,21340.087991376786,5.17221184243428e-09,3.814480784846709,1.1015691562874748
4,CC-discharge,3,218.1818181818182,28268.334558403953,3.799339265874189,-27.263836618115,-27.263836618115,27412.70192843559,20886.632649729087,5.17221184243428e-09,3.799339265874189,1.652353734431212
4,CC-discharge,4,290.90909090909093,28341.061831131225,3.7850246069047486,-27.263836618115,-27.263836618115,27830.399447256295,20433.17725891382,5.17221184243428e-09,3.7850246069047486,2.2031383125749495
4,CC-discharge,5,363.6363636363637,28413.789103858497,3.7713770982836015,-27.263836618115,-27.263836618115,28248.094724374878,19979.721867375767,5.17221184243428e-09,3.7713770982836015,2.753922890718687
4,CC-discharge,6,436.3636363636364,28486.51637658577,3.7582912404004887,-27.263836618115,-27.263836618115,28665.789827425608,19526.266475826604,5.17221184243428e-09,3.7582912404004887,3.304707468862424
4,CC-discharge,7,509.0909090909091,28559.24364931304,3.7456742135625367,-27.263836618115,-27.263836618115,29083.484916895355,19072.811084277637,5.17221184243428e-09,3.7456742135625367,3.8554920470061615
4,CC-discharge,8,581.8181818181819,28631.970922040313,3.733469734180271,-27.263836618115,-27.263836618115,29501.180005299942,18619.355692728375,5.17221184243428e-09,3.733469734180271,4.406276625149899
4,CC-discharge,9,654.5454545454546,28704.69819476759,3.7216308655682413,-27.263836618115,-27.263836618115,29918.875093620165,18165.90030117963,5.17221184243428e-09,3.7216308655682413,4.9570612032936365
4,CC-discharge,10,727.2727272727274,28777.42546749486,3.7101216461206517,-27.263836618115,-27.263836618115,30336.570181933086,17712.444909629987,5.17221184243428e-09,3.7101216461206517,5.507845781437374
4,CC-discharge,11,800.0000000000001,28850.152740222133,3.698914276538268,-27.263836618115,-27.263836618115,30754.265270246196,17258.98951808054,5.17221184243428e-09,3.698914276538268,6.0586303595811115
4,CC-discharge,12,872.7272727272727,28922.880012949405,3.687987052049119,-27.263836618115,-27.263836618115,31171.96035855912,16805.53412653128,5.17221184243428e-09,3.687987052049119,6.609414937724848
4,CC-discharge,13,945.4545454545455,28995.607285676677,3.6773228095652586,-27.263836618115,-27.263836618115,31589.655446871566,16352.07873498239,5.17221184243428e-09,3.6773228095652586,7.160199515868586
4,CC-discharge,14,1018.1818181818182,29068.334558403953,3.6669077339132694,-27.263836618115,-27.263836618115,32007.350535184567,15898.623343433681,5.17221184243428e-09,3.6669077339132694,7.710984094012323
4,CC-discharge,15,1090.909090909091,29141.061831131225,3.6567304151689557,-27.263836618115,-27.263836618115,32425.045623497645,15445.167951884458,5.17221184243428e-09,3.6567304151689557,8.26176867215606
4,CC-discharge,16,1163.6363636363637,29213.789103858497,3.6467810792698994,-27.263836618115,-27.263836618115,32842.74071181053,14991.712560335565,5.17221184243428e-09,3.6467810792698994,8.812553250299798
4,CC-discharge,17,1236.3636363636365,29286.51637658577,3.637050934946307,-27.263836618115,-27.263836618115,33260.43580012355,14538.25716878662,5.17221184243428e-09,3.637050934946307,9.363337828443536
4,CC-discharge,18,1309.0909090909092,29359.24364931304,3.6275315925548375,-27.263836618115,-27.263836618115,33678.13088843613,14084.801777237471,5.17221184243428e-09,3.6275315925548375,9.914122406587273
4,CC-discharge,19,1381.818181818182,29431.970922040317,3.618214518730622,-27.263836618115,-27.263836618115,34095.82597674923,13631.34638568782,5.17221184243428e-09,3.618214518730622,10.46490698473101
4,CC-discharge,20,1454.5454545454547,29504.69819476759,3.609090495465378,-27.263836618115,-27.263836618115,34513.521065061774,13177.890994138555,5.17221184243428e-09,3.609090495465378,11.015691562874748
4,CC-discharge,21,1527.2727272727275,29577.42546749486,3.6001490552881013,-27.263836618115,-27.263836618115,34931.21615337437,12724.43560258941,5.17221184243428e-09,3.6001490552881013,11.566476141018486
4,CC-discharge,22,1600.0000000000002,29650.152740222133,3.5913778577582334,-27.263836618115,-27.263836618115,35348.91124168683,12270.980211040278,5.17221184243428e-09,3.5913778577582334,12.117260719162223
4,CC-discharge,23,1672.727272727273,29722.880012949405,3.582761380233264,-27.263836618115,-27.263836618115,35766.60632999946,11817.524819491071,5.17221184243428e-09,3.582761380233264,12.66804529730596
4,CC-discharge,24,1745.4545454545455,29795.607285676677,3.574282815252368,-27.263836618115,-27.263836618115,36184.30141831241,11364.06942794182,5.17221184243428e-09,3.574282815252368,13.218829875449696
4,CC-discharge,25,1818.1818181818182,29868.334558403953,3.565918473992649,-27.263836618115,-27.263836618115,36601.99650662544,10910.614036392639,5.17221184243428e-09,3.565918473992649,13.769614453593434
4,CC-discharge,26,1890.909090909091,29941.061831131225,3.5576400682398805,-27.263836618115,-27.263836618115,37019.69159493816,10457.158644843625,5.17221184243428e-09,3.5576400682398805,14.320399031737171
4,CC-discharge,27,1963.6363636363637,30013.789103858497,3.5494123068427847,-27.263836618115,-27.263836618115,37437.386683250865,10003.70325329427,5.17221184243428e-09,3.5494123068427847,14.871183609880909
4,CC-discharge,28,2036.3636363636365,30086.51637658577,3.541191114923713,-27.263836618115,-27.263836618115,37855.081771563484,9550.24786174516,5.17221184243428e-09,3.541191114923713,15.421968188024646
4,CC-discharge,29,2109.0909090909095,30159.24364931304,3.5329213584469294,-27.263836618115,-27.263836618115,38272.77685987597,9096.792470196207,5.17221184243428e-09,3.5329213584469294,15.972752766168385
4,CC-discharge,30,2181.818181818182,30231.970922040317,3.5245341470090943,-27.263836618115,-27.263836618115,38690.47194818868,8643.337078646988,5.17221184243428e-09,3.5245341470090943,16.52353734431212
4,CC-discharge,31,2254.545454545455,30304.69819476759,3.5159435097588014,-27.263836618115,-27.263836618115,39108.1670365012,8189.881687097857,5.17221184243428e-09,3.5159435097588014,17.07432192245586
4,CC-discharge,32,2327.2727272727275,30377.42546749486,3.5070426135280797,-27.263836618115,-27.263836618115,39525.86212481365,7736.426295548871,5.17221184243428e-09,3.5070426135280797,17.625106500599596
4,CC-discharge,33,2400.0,30450.152740222133,3.4976970377864207,-27.263836618115,-27.263836618115,39943.55721312679,7282.970903999612,5.17221184243428e-09,3.4976970377864207,18.175891078743334
4,CC-discharge,34,2472.727272727273,30522.880012949405,3.487741922287909,-27.263836618115,-27.263836618115,40361.25230143955,6829.515512450489,5.17221184243428e-09,3.487741922287909,18.726675656887075
4,CC-discharge,35,2545.4545454545455,30595.607285676677,3.47697115230517,-27.263836618115,-27.263836618115,40778.94738975237,6376.060120901296,5.17221184243428e-09,3.47697115230517,19.277460235030812
4,CC-discharge,36,2618.1818181818185,30668.334558403953,3.4651299267182347,-27.263836618115,-27.263836618115,41196.64247806495,5922.604729352114,5.17221184243428e-09,3.4651299267182347,19.82824481317455
4,CC-discharge,37,2690.909090909091,30741.061831131225,3.451903650957949,-27.263836618115,-27.263836618115,41614.33756637728,5469.1493378030045,5.17221184243428e-09,3.451903650957949,20.379029391318287
4,CC-discharge,38,2763.636363636364,30813.789103858497,3.436905281422444,-27.263836618115,-27.263836618115,42032.032654690585,5015.6939462538385,5.17221184243428e-09,3.436905281422444,20.929813969462025
4,CC-discharge,39,2836.3636363636365,30886.51637658577,3.4196608768613674,-27.263836618115,-27.263836618115,42449.72774300364,4562.2385547046915,5.17221184243428e-09,3.4196608768613674,21.480598547605762
4,CC-discharge,40,2909.0909090909095,30959.24364931304,3.3995938805769823,-27.263836618115,-27.263836618115,42867.42283131675,4108.783163155587,5.17221184243428e-09,3.3995938805769823,22.0313831257495
4,CC-discharge,41,2981.818181818182,31031.970922040317,3.3760080444659692,-27.263836618115,-27.263836618115,43285.11791962867,3655.3277716065654,5.17221184243428e-09,3.3760080444659692,22.582167703893237
4,CC-discharge,42,3054.545454545455,31104.69819476759,3.3480733915370267,-27.263836618115,-27.263836618115,43702.81300794124,3201.8723800575126,5.17221184243428e-09,3.3480733915370267,23.132952282036975
4,CC-discharge,43,3127.2727272727275,31177.42546749486,3.3148103052843663,-27.263836618115,-27.263836618115,44120.5080962536,2748.4169885085166,5.17221184243428e-09,3.3148103052843663,23.683736860180712
4,CC-discharge,44,3200.0000000000005,31250.152740222133,3.2750637462855288,-27.263836618115,-27.263836618115,44538.203184566606,2294.961596959483,5.17221184243428e-09,3.2750637462855288,24.23452143832445
4,CC-discharge,45,3272.727272727273,31322.880012949405,3.2273706246061873,-27.263836618115,-27.263836618115,44955.898272878665,1841.5062054104283,5.17221184243428e-09,3.2273706246061873,24.785306016468187
4,CC-discharge,46,3345.454545454546,31395.607285676677,3.169078500120515,-27.263836618115,-27.263836618115,45373.59336119144,1388.0508138614,5.17221184243428e-09,3.169078500120515,25.336090594611925
4,CC-discharge,47,3418.1818181818185,31468.334558403953,3.089504239838853,-27.263836618115,-27.263836618115,45791.28844950392,934.5954223123445,5.17221184243428e-09,3.089504239838853,25.886875172755662
4,CC-discharge,48,3463.4136063317737,31513.566346553907,3.000009999999999,-27.263836618115,-27.263836618115,46051.06851600946,652.5746969798344,5.17221184243428e-09,3.000009999999999,26.229428528884988
4,CC-charge,0,3463.4136063317737,31513.566346553907,3.716728564206976,27.263836618115,27.263836618115,46051.06851600946,652.5746969798344,5.17221184243428e-09,3.716728564206976,0.0
4,CC-charge,1,3536.1408790590463,31586.29361928118,3.8213866352557377,27.263836618115,27.263836618115,45485.953565481104,1187.0718009887844,5.17222353816368e-09,3.8213866352557377,-0.0
4,CC-charge,2,3608.8681517863192,31659.02089200845,3.8676105322959113,27.263836618115,27.263836618115,45066.3644589713,1640.5529246501978,5.172255648052463e-09,3.8676105322959113,-0.0
4,CC-charge,3,3681.5954245135918,31731.748164735727,3.9049737223559875,27.263836618115,27.263836618115,44648.632230455674,2094.005949365124,5.172322134847522e-09,3.9049737223559875,-0.0
4,CC-charge,4,3754.3226972408647,31804.475437463,3.9361928558011905,27.263836618115,27.263836618115,44230.93664809728,2547.4572259425595,5.172442491098816e-09,3.9361928558011905,-0.0
4,CC-charge,5,3827.0499699681372,31877.20271019027,3.9621958116144143,27.263836618115,27.263836618115,43813.24155475127,3000.9060578047443,5.172637238855562e-09,3.9621958116144143,-0.0
4,CC-charge,6,3899.77724269541,31949.929982917543,3.983754584222883,27.263836618115,27.263836618115,43395.54646650112,3454.3518812649368,5.172925165310787e-09,3.983754584222883,-0.0
4,CC-charge,7,3972.5045154226827,32022.657255644815,4.0016105264533985,27.263836618115,27.263836618115,42977.85137818866,3907.794339988484,5.173318950018756e-09,4.0016105264533985,-0.0
4,CC-charge,8,4045.2317881499557,32095.384528372088,4.016447253254946,27.263836618115,27.263836618115,42560.15628987561,4361.233336051498,5.173823150774054e-09,4.016447253254946,-0.0
4,CC-charge,9,4117.959060877229,32168.111801099363,4.0288679932651466,27.263836618115,27.263836618115,42142.46120156254,4814.669001783798,5.1744347832196e-09,4.0288679932651466,-0.0
4,CC-charge,10,4190.686333604501,32240.839073826635,4.039388795979359,27.263836618115,27.263836618115,41724.766113249236,5268.101639331923,5.17514506201504e-09,4.039388795979359,-0.0
4,CC-charge,11,4263.413606331774,32313.566346553907,4.048442437339765,27.263836618115,27.263836618115,41307.07102493605,5721.531648919761,5.175941662314944e-09,4.048442437339765,-0.0
4,CC-charge,12,4336.140879059047,32386.29361928118,4.056386068786729,27.263836618115,27.263836618115,40889.37593662243,6174.9594643018945,5.1768108401663535e-09,4.056386068786729,-0.0
4,CC-charge,13,4408.868151786319,32459.02089200845,4.063511999079673,27.263836618115,27.263836618115,40471.68084830923,6628.385504458118,5.17773907641852e-09,4.063511999079673,-0.0
4,CC-charge,14,4481.595424513592,32531.748164735727,4.0700573553207064,27.263836618115,27.263836618115,40053.985759995856,7081.81014384075,5.178714128623378e-09,4.0700573553207064,-0.0
4,CC-charge,15,4554.322697240865,32604.475437463,4.076213373822382,27.263836618115,27.263836618115,39636.29067168236,7535.233697447821,5.179725588427156e-09,4.076213373822382,-0.0
4,CC-charge,16,4627.049969968138,32677.20271019027,4.082133384147093,27.263836618115,27.263836618115,39218.59558336913,7988.656417987542,5.1807650264044205e-09,4.082133384147093,-0.0
4,CC-charge,17,4699.777242695411,32749.929982917543,4.0879402791308745,27.263836618115,27.263836618115,38800.9004950562,8442.078497346998,5.1818259790750714e-09,4.0879402791308745,-0.0
4,CC-charge,18,4772.504515422683,32822.657255644815,4.093731267038902,27.263836618115,27.263836618115,38383.2054067429,8895.500045434808,5.18290464593419e-09,4.093731267038902,-0.0
4,CC-charge,19,4845.231788149956,32895.38452837209,4.099583784191824,27.263836618115,27.263836618115,37965.51031842948,9348.92119132796,5.183996643262564e-09,4.099583784191824,-0.0
4,CC-charge,20,4917.959060877229,32968.11180109936,4.105558768294162,27.263836618115,27.263836618115,37547.81523011655,9802.341988484197,5.18510006430317e-09,4.105558768294162,-0.0
4,CC-charge,21,4990.686333604501,33040.83907382663,4.111703881238744,27.263836618115,27.263836618115,37130.12014180294,10255.762452329129,5.18621424959687e-09,4.111703881238744,-0.0
4,CC-charge,22,5063.413606331774,33113.56634655391,4.118057785186193,27.263836618115,27.263836618115,36712.425053489766,10709.182591811632,5.187338778766919e-09,4.118057785186193,-0.0
4,CC-charge,23,5136.140879059047,33186.29361928118,4.124649101832547,27.263836618115,27.263836618115,36294.729965176,11162.602387162995,5.18847417759393e-09,4.124649101832547,-0.0
4,CC-charge,24,5208.868151786319,33259.020892008455,4.131500746809431,27.263836618115,27.263836618115,35877.03487686301,11616.021801963345,5.1896215235988e-09,4.131500746809431,-0.0
4,CC-charge,25,5281.595424513592,33331.74816473573,4.138630645110638,27.263836618115,27.263836618115,35459.339788549514,12069.44078862721,5.190782268245395e-09,4.138630645110638,-0.0
4,CC-charge,26,5354.322697240865,33404.475437463,4.146052872610687,27.263836618115,27.263836618115,35041.64470023628,12522.85928876444,5.191958219657583e-09,4.146052872610687,-0.0
4,CC-charge,27,5427.049969968138,33477.20271019027,4.153778611814689,27.263836618115,27.263836618115,34623.949611923395,12976.277235126643,5.193151477763439e-09,4.153778611814689,-0.0
4,CC-charge,28,5499.777242695411,33549.92998291754,4.161818841084567,27.263836618115,27.263836618115,34206.25452361014,13429.694549769287,5.194364488635027e-09,4.161818841084567,-0.0
4,CC-charge,29,5572.504515422683,33622.657255644815,4.170178034516749,27.263836618115,27.263836618115,33788.55943529684,13883.111193892251,5.195598457653744e-09,4.170178034516749,-0.0
4,CC-charge,30,5645.231788149956,33695.38452837209,4.1788643368334375,27.263836618115,27.263836618115,33370.86434698353,14336.527038411888,5.1968574646353465e-09,4.1788643368334375,-0.0
4,CC-charge,31,5717.959060877229,33768.11180109936,4.187884263297738,27.263836618115,27.263836618115,32953.16925867055,14789.94199039101,5.1981444440443825e-09,4.187884263297738,-0.0
4,CC-charge,32,5790.686333604501,33840.83907382663,4.197244641513875,27.263836618115,27.263836618115,32535.474170357193,15243.355947748934,5.199462618463682e-09,4.197244641513875,-0.0
4,CC-charge,33,5811.514267117536,33861.66700733967,4.199990000000001,27.263836618115,27.263836618115,32415.8529443456,15373.206299474936,5.1998460765671544e-09,4.199990000000001,-0.0
4,CV-charge,0,5811.514267117536,33861.66700733967,4.2,27.28848127931532,27.28848127931532,32415.8529443456,15373.206299474936,5.1998460765671544e-09,4.2,0.0
4,CV-charge,1,5884.241539844809,33934.39428006694,4.200000000000001,24.220038249668,24.220038249668,31893.741730734317,15868.386643250664,5.201119178538681e-09,4.200000000000001,-0.0
4,CV-charge,2,5956.968812572081,34007.12155279421,4.199999999999999,22.279847230593536,22.279847230593536,31547.033884535274,16248.768449434352,5.202313800486289e-09,4.199999999999999,-0.0
4,CV-charge,3,6029.696085299354,34079.84882552148,4.2,20.584160433323824,20.584160433323824,31228.724261382074,16599.457175759722,5.203443143237448e-09,4.2,-0.0
4,CV-charge,4,6102.423358026627,34152.576098248755,4.2,19.0851782414304,19.0851782414304,30933.512044805066,16924.50416563163,5.2045154823895766e-09,4.2,-0.0
4,CV-charge,5,6175.1506307539,34225.30337097603,4.2,17.754128983588792,17.754128983588792,30659.007694175045,17226.55250220089,5.205536065744321e-09,4.2,-0.0
4,CV-charge,6,6247.877903481172,34298.03064370331,4.199999999999999,16.56629736024797,16.56629736024797,30402.97718285327,17508.103865413315,5.206509920788994e-09,4.199999999999999,-0.0
4,CV-charge,7,6320.605176208445,34370.75791643058,4.2,15.501230066794735,15.501230066794735,30163.499258200354,17771.307708878478,5.2074413861588025e-09,4.2,-0.0
4,CV-charge,8,6393.332448935718,34443.48518915785,4.2,14.541970657240245,14.541970657240245,29938.920690857696,18018.01149619494,5.208334211940899e-09,4.2,-0.0
4,CV-charge,9,6466.059721662991,34516.21246188512,4.2,13.674367064221714,13.674367064221714,29727.810545528162,18249.812570868482,5.209191661852876e-09,4.2,-0.0
4,CV-charge,10,6538.786994390263,34588.939734612395,4.2,12.886556483224725,12.886556483224725,29528.925039877042,18468.097940691525,5.210016590633557e-09,4.2,-0.0
4,CV-charge,11,6611.514267117536,34661.66700733967,4.200000000000001,12.168544743351418,12.168544743351418,29341.17829918179,18674.07734861803,5.210811507892555e-09,4.200000000000001,-0.0
4,CV-charge,12,6684.241539844809,34734.39428006694,4.2,11.51181722933317,11.51181722933317,29163.605428248393,18868.82464359116,5.211578664238959e-09,4.2,-0.0
4,CV-charge,13,6756.968812572082,34807.12155279421,4.2,10.909200572776099,10.909200572776099,28995.37402776589,19053.26557304723,5.212320009379041e-09,4.2,-0.0
4,CV-charge,14,6829.696085299354,34879.84882552148,4.199999999999999,10.354109082200065,10.354109082200065,28835.61805008376,19228.360710632758,5.2130376364518806e-09,4.199999999999999,-0.0
4,CV-charge,15,6902.423358026627,34952.576098248755,4.200000000000001,9.84208808670362,9.84208808670362,28683.919420686707,19394.577434080144,5.213732456474618e-09,4.200000000000001,-0.0
4,CV-charge,16,6975.1506307539,35025.30337097603,4.2,9.367708713809707,9.367708713809707,28539.434557580684,19552.848514536618,5.214406593386626e-09,4.2,-0.0
4,CV-charge,17,7047.877903481172,35098.03064370331,4.200000000000001,8.927435450862573,8.927435450862573,28401.761874097778,19703.620538432147,5.215060976937998e-09,4.200000000000001,-0.0
4,CV-charge,18,7120.605176208445,35170.75791643058,4.2,8.517816271168247,8.517816271168247,28270.425136727365,19847.421197105537,5.215696774585904e-09,4.2,-0.0
4,CV-charge,19,7193.332448935718,35243.48518915785,4.2,8.13583081880799,8.13583081880799,28144.994969186788,19984.72587277795,5.216315048561417e-09,4.2,-0.0
4,CV-charge,20,7266.059721662991,35316.21246188512,4.199999999999999,7.778832733731941,7.778832733731941,28025.083301558945,20115.963956823372,5.216916768055542e-09,4.199999999999999,-0.0
4,CV-charge,21,7338.786994390264,35388.939734612395,4.2,7.444494235393494,7.444494235393494,27910.33837514622,20241.52443863308,5.2175028200699646e-09,4.2,-0.0
4,CV-charge,22,7411.514267117536,35461.66700733967,4.2,7.130760943725915,7.130760943725915,27800.440460586426,20361.760694521585,5.2180740187514355e-09,4.2,-0.0
4,CV-charge,23,7484.241539844809,35534.39428006694,4.199999999999999,6.835817699540873,6.835817699540873,27695.09950452178,20476.99313938902,5.2186311100098765e-09,4.199999999999999,-0.0
4,CV-charge,24,7556.968812572082,35607.12155279421,4.2,6.558048244227116,6.558048244227116,27594.048974974532,20587.516058611774,5.219174786154805e-09,4.2,-0.0
4,CV-charge,25,7629.696085299354,35679.84882552148,4.199999999999999,6.296013650067134,6.296013650067134,27497.044949127085,20693.598639603024,5.219705687207921e-09,4.199999999999999,-0.0
4,CV-charge,26,7702.423358026627,35752.576098248755,4.200000000000001,6.048428812018923,6.048428812018923,27403.863492264256,20795.487899088523,5.220224406803026e-09,4.200000000000001,-0.0
4,CV-charge,27,7775.1506307539,35825.30337097603,4.199999999999999,5.814142971296967,5.814142971296967,27314.29856198382,20893.411017920356,5.2207314968378735e-09,4.199999999999999,-0.0
4,CV-charge,28,7847.877903481172,35898.03064370331,4.2,5.5921230691671475,5.5921230691671475,27228.16017316533,20987.577384569297,5.221227471563796e-09,4.2,-0.0
4,CV-charge,29,7920.605176208446,35970.75791643058,4.200000000000001,5.3814394698871295,5.3814394698871295,27145.272786068104,21078.180389006186,5.221712811191682e-09,4.200000000000001,-0.0
4,CV-charge,30,7993.332448935718,36043.48518915785,4.2,5.181253675001707,5.181253675001707,27065.473886406104,21165.399002004648,5.222187965080356e-09,4.2,-0.0
4,CV-charge,31,8066.059721662991,36116.21246188512,4.2,4.9908077172893925,4.9908077172893925,26988.612731089335,21249.39916938963,5.222653354563148e-09,4.2,-0.0
4,CV-charge,32,8138.786994390264,36188.939734612395,4.199999999999999,4.809414976322789,4.809414976322789,26914.549237370094,21330.335046220684,5.2231093754599715e-09,4.199999999999999,-0.0
4,CV-charge,33,8211.514267117536,36261.66700733967,4.200000000000001,4.636452201250983,4.636452201250983,26843.15299650156,21408.350092056287,5.22355640031516e-09,4.200000000000001,-0.0
4,CV-charge,34,8284.24153984481,36334.39428006694,4.2,4.4713525620288035,4.4713525620288035,26774.30239581573,21483.578045360227,5.2239947803954234e-09,4.2,-0.0
4,CV-charge,35,8356.968812572082,36407.12155279421,4.2,4.313599579534538,4.313599579534538,26707.883835479777,21556.143792402647,5.2244248474774175e-09,4.2,-0.0
4,CV-charge,36,8429.696085299354,36479.84882552148,4.2,4.162721809006624,4.162721809006624,26643.791028144948,21626.164143850507,5.224846915450215e-09,4.2,-0.0
4,CV-charge,37,8502.423358026626,36552.576098248755,4.2,4.018288171069622,4.018288171069622,26581.92437137636,21693.748530359946,5.22526128175455e-09,4.2,-0.0
4,CV-charge,38,8575.1506307539,36625.303370976035,4.200000000000001,3.879903841014822,3.879903841014822,26522.190384135545,21758.999626908582,5.2256682286777456e-09,4.200000000000001,-0.0
4,CV-charge,39,8647.877903481172,36698.03064370331,4.2,3.7472066206545254,3.7472066206545254,26464.50119978092,21822.013914288353,5.226068024520711e-09,4.2,-0.0
4,CV-charge,40,8720.605176208446,36770.75791643058,4.199999999999999,3.6198637284152237,3.6198637284152237,26408.774109056776,21882.88218504883,5.2264609246513194e-09,4.199999999999999,-0.0
4,CV-charge,41,8793.332448935718,36843.48518915785,4.200000000000001,3.4975689528678164,3.4975689528678164,26354.9311473956,21941.690000208742,5.226847172456614e-09,4.200000000000001,-0.0
4,CV-charge,42,8866.05972166299,36916.21246188512,4.2,3.3800401228463612,3.3800401228463612,26302.89872159969,21998.518102264214,5.227227000204799e-09,4.2,-0.0
4,CV-charge,43,8938.786994390264,36988.939734612395,4.199999999999999,3.2670168540233804,3.2670168540233804,26252.607271579884,22053.442789264987,5.227600629826567e-09,4.199999999999999,-0.0
4,CV-charge,44,9011.514267117536,37061.66700733967,4.2,3.158258537471729,3.158258537471729,26203.99096338838,22106.536254201186,5.227968273624229e-09,4.2,-0.0
4,CV-charge,45,9084.24153984481,37134.39428006694,4.2,3.0535425405316166,3.0535425405316166,26156.98741022785,22157.866893351304,5.2283301349161075e-09,4.2,-0.0
4,CV-charge,46,9156.968812572082,37207.12155279421,4.199999999999999,2.9526625943670677,2.9526625943670677,26111.537418534335,22207.499586849866,5.2286864086227625e-09,4.199999999999999,-0.0
4,CV-charge,47,9229.696085299354,37279.84882552148,4.199999999999998,2.8554273460324486,2.8554273460324486,26067.58475656029,22255.49595431645,5.229037281800931e-09,4.199999999999998,-0.0
4,CV-charge,48,9302.423358026626,37352.576098248755,4.200000000000001,2.761659055862442,2.761659055862442,26025.07594320777,22301.914588062693,5.2293829341303725e-09,4.200000000000001,-0.0
4,CV-charge,49,9330.530284622351,37380.68302484448,4.199999999999999,2.7263936618114997,2.7263936618114997,26009.059504171953,22319.403897866534,5.229515026197992e-09,4.199999999999999,-0.0
5,CC-discharge,0,0.0,37380.68302484448,3.854739729790785,-27.263836618115,-27.263836618115,26009.059504171953,22319.403897866534,5.229515026197992e-09,3.854739729790785,0.0
5,CC-discharge,1,72.72727272727273,37453.410297571754,3.8307277016274224,-27.263836618115,-27.263836618115,26574.17924570681,21784.903990267037,5.229515026197992e-09,3.8307277016274224,0.5507845781437374
5,CC-discharge,2,145.45454545454547,37526.137570299026,3.814491637454563,-27.263836618115,-27.263836618115,26993.767122855013,21331.424057538974,5.229515026197992e-09,3.814491637454563,1.1015691562874748
5,CC-discharge,3,218.1818181818182,37598.8648430263,3.7993470146173767,-27.263836618115,-27.263836618115,27411.493651806242,20877.968715792165,5.229515026197992e-09,3.7993470146173767,1.652353734431212
5,CC-discharge,4,290.90909090909093,37671.59211575357,3.7850299149495594,-27.263836618115,-27.263836618115,27829.19117209565,20424.513324975364,5.229515026197992e-09,3.7850299149495594,2.2031383125749495
5,CC-discharge,5,363.6363636363637,37744.31938848084,3.7713804421378367,-27.263836618115,-27.263836618115,28246.886449355243,19971.057933436747,5.229515026197992e-09,3.7713804421378367,2.753922890718687
5,CC-discharge,6,436.3636363636364,37817.04666120812,3.758293006038694,-27.263836618115,-27.263836618115,28664.581552419368,19517.602541887507,5.229515026197992e-09,3.758293006038694,3.304707468862424
5,CC-discharge,7,509.0909090909091,37889.773933935394,3.7456746668939256,-27.263836618115,-27.263836618115,29082.276641890265,19064.147150338158,5.229515026197992e-09,3.7456746668939256,3.8554920470061615
5,CC-discharge,8,581.8181818181819,37962.501206662666,3.733469102305709,-27.263836618115,-27.263836618115,29499.97173029499,18610.691758788664,5.229515026197992e-09,3.733469102305709,4.406276625149899
5,CC-discharge,9,654.5454545454546,38035.22847938994,3.721629329846591,-27.263836618115,-27.263836618115,29917.666818614776,18157.23636723969,5.229515026197992e-09,3.721629329846591,4.9570612032936365
5,CC-discharge,10,727.2727272727274,38107.95575211721,3.7101193521567404,-27.263836618115,-27.263836618115,30335.361906928356,17703.7809756902,5.229515026197992e-09,3.7101193521567404,5.507845781437374
5,CC-discharge,11,800.0000000000001,38180.68302484448,3.6989113412196235,-27.263836618115,-27.263836618115,30753.056995240637,17250.32558414078,5.229515026197992e-09,3.6989113412196235,6.0586303595811115
5,CC-discharge,12,872.7272727272727,38253.410297571754,3.6879835684301874,-27.263836618115,-27.263836618115,31170.752083553358,16796.870192591457,5.229515026197992e-09,3.6879835684301874,6.609414937724848
5,CC-discharge,13,945.4545454545455,38326.137570299026,3.6773188501098835,-27.263836618115,-27.263836618115,31588.44717186621,16343.41480104251,5.229515026197992e-09,3.6773188501098835,7.160199515868586
5,CC-discharge,14,1018.1818181818182,38398.8648430263,3.6669033524166155,-27.263836618115,-27.263836618115,32006.14226017918,15889.959409493189,5.229515026197992e-09,3.6669033524166155,7.710984094012323
5,CC-discharge,15,1090.909090909091,38471.59211575357,3.656725647542447,-27.263836618115,-27.263836618115,32423.837348492165,15436.504017943957,5.229515026197992e-09,3.656725647542447,8.26176867215606
5,CC-discharge,16,1163.6363636363637,38544.31938848084,3.646775943278404,-27.263836618115,-27.263836618115,32841.53243680508,14983.04862639463,5.229515026197992e-09,3.646775943278404,8.812553250299798
5,CC-discharge,17,1236.3636363636365,38617.04666120812,3.6370454289061906,-27.263836618115,-27.263836618115,33259.22752511748,14529.593234845617,5.229515026197992e-09,3.6370454289061906,9.363337828443536
5,CC-discharge,18,1309.0909090909092,38689.773933935394,3.627525692933092,-27.263836618115,-27.263836618115,33676.92261343037,14076.137843296126,5.229515026197992e-09,3.627525692933092,9.914122406587273
5,CC-discharge,19,1381.818181818182,38762.501206662666,3.618208176520285,-27.263836618115,-27.263836618115,34094.617701743235,13622.682451746998,5.229515026197992e-09,3.618208176520285,10.46490698473101
5,CC-discharge,20,1454.5454545454547,38835.22847938994,3.6090836311448857,-27.263836618115,-27.263836618115,34512.31279005609,13169.227060197754,5.229515026197992e-09,3.6090836311448857,11.015691562874748
5,CC-discharge,21,1527.2727272727275,38907.95575211721,3.600141552104559,-27.263836618115,-27.263836618115,34930.00787836884,12715.771668648416,5.229515026197992e-09,3.600141552104559,11.566476141018486
5,CC-discharge,22,1600.0000000000002,38980.68302484448,3.591369552955476,-27.263836618115,-27.263836618115,35347.702966682016,12262.316277099644,5.229515026197992e-09,3.591369552955476,12.117260719162223
5,CC-discharge,23,1672.727272727273,39053.410297571754,3.5827520598314,-27.263836618115,-27.263836618115,35765.3980549944,11808.860885550377,5.229515026197992e-09,3.5827520598314,12.66804529730596
5,CC-discharge,24,1745.4545454545455,39126.137570299026,3.5742721803244395,-27.263836618115,-27.263836618115,36183.09314330727,11355.405494001678,5.229515026197992e-09,3.5742721803244395,13.218829875449696
5,CC-discharge,25,1818.1818181818182,39198.8648430263,3.5659061430636787,-27.263836618115,-27.263836618115,36600.78823162025,10901.950102452507,5.229515026197992e-09,3.5659061430636787,13.769614453593434
5,CC-discharge,26,1890.909090909091,39271.59211575357,3.5576255479926626,-27.263836618115,-27.263836618115,37018.483319933046,10448.494710903335,5.229515026197992e-09,3.5576255479926626,14.320399031737171
5,CC-discharge,27,1963.6363636363637,39344.31938848084,3.549394963970641,-27.263836618115,-27.263836618115,37436.178408245876,9995.039319354144,5.229515026197992e-09,3.549394963970641,14.871183609880909
5,CC-discharge,28,2036.3636363636365,39417.04666120812,3.5411701400519755,-27.263836618115,-27.263836618115,37853.87349655893,9541.583927804935,5.229515026197992e-09,3.5411701400519755,15.421968188024646
5,CC-discharge,29,2109.0909090909095,39489.773933935394,3.532895720677271,-27.263836618115,-27.263836618115,38271.56858487159,9088.128536255757,5.229515026197992e-09,3.532895720677271,15.972752766168385
5,CC-discharge,30,2181.818181818182,39562.501206662666,3.5245025399304724,-27.263836618115,-27.263836618115,38689.263673184534,8634.673144706598,5.229515026197992e-09,3.5245025399304724,16.52353734431212
5,CC-discharge,31,2254.545454545455,39635.22847938994,3.515904283381235,-27.263836618115,-27.263836618115,39106.95876149691,8181.217753157351,5.229515026197992e-09,3.515904283381235,17.07432192245586
5,CC-discharge,32,2327.2727272727275,39707.95575211721,3.5069936816096376,-27.263836618115,-27.263836618115,39524.653849810136,7727.762361608356,5.229515026197992e-09,3.5069936816096376,17.625106500599596
5,CC-discharge,33,2400.0,39780.68302484448,3.4976358079762226,-27.263836618115,-27.263836618115,39942.348938122865,7274.306970059349,5.229515026197992e-09,3.4976358079762226,18.175891078743334
5,CC-discharge,34,2472.727272727273,39853.410297571754,3.487665124338329,-27.263836618115,-27.263836618115,40360.04402643605,6820.851578510258,5.229515026197992e-09,3.487665124338329,18.726675656887075
5,CC-discharge,35,2545.4545454545455,39926.137570299026,3.476874710831069,-27.263836618115,-27.263836618115,40777.73911474903,6367.39618696103,5.229515026197992e-09,3.476874710831069,19.277460235030812
5,CC-discharge,36,2618.1818181818185,39998.8648430263,3.4650087759575614,-27.263836618115,-27.263836618115,41195.43420306198,5913.940795412053,5.229515026197992e-09,3.4650087759575614,19.82824481317455
5,CC-discharge,37,2690.909090909091,40071.59211575357,3.4517515171397113,-27.263836618115,-27.263836618115,41613.12929137467,5460.485403862879,5.229515026197992e-09,3.4517515171397113,20.379029391318287
5,CC-discharge,38,2763.636363636364,40144.31938848084,3.4367144331314496,-27.263836618115,-27.263836618115,42030.82437968706,5007.030012313801,5.229515026197992e-09,3.4367144331314496,20.929813969462025
5,CC-discharge,39,2836.3636363636365,40217.04666120812,3.4194218461497954,-27.263836618115,-27.263836618115,42448.51946799936,4553.574620764724,5.229515026197992e-09,3.4194218461497954,21.480598547605762
5,CC-discharge,40,2909.0909090909095,40289.773933935394,3.399295160056204,-27.263836618115,-27.263836618115,42866.21455631185,4100.119229215644,5.229515026197992e-09,3.399295160056204,22.0313831257495
5,CC-discharge,41,2981.818181818182,40362.501206662666,3.3756358304066874,-27.263836618115,-27.263836618115,43283.909644624575,3646.663837666539,5.229515026197992e-09,3.3756358304066874,22.582167703893237
5,CC-discharge,42,3054.545454545455,40435.22847938994,3.3476112872908392,-27.263836618115,-27.263836618115,43701.6047329371,3193.2084461174913,5.229515026197992e-09,3.3476112872908392,23.132952282036975
5,CC-discharge,43,3127.2727272727275,40507.95575211721,3.31423908632462,-27.263836618115,-27.263836618115,44119.29982124948,2739.753054568383,5.229515026197992e-09,3.31423908632462,23.683736860180712
5,CC-discharge,44,3200.0000000000005,40580.68302484448,3.2743604590772115,-27.263836618115,-27.263836618115,44536.994909561974,2286.2976630193743,5.229515026197992e-09,3.2743604590772115,24.23452143832445
5,CC-discharge,45,3272.727272727273,40653.410297571754,3.226502917118419,-27.263836618115,-27.263836618115,44954.68999787503,1832.8422714703702,5.229515026197992e-09,3.226502917118419,24.785306016468187
5,CC-discharge,46,3345.454545454546,40726.137570299026,3.1679662270785034,-27.263836618115,-27.263836618115,45372.385086188,1379.3868799213146,5.229515026197992e-09,3.1679662270785034,25.336090594611925
5,CC-discharge,47,3418.1818181818185,40798.8648430263,3.0876815837640015,-27.263836618115,-27.263836618115,45790.080174501134,925.9314883722576,5.229515026197992e-09,3.0876815837640015,25.886875172755662
5,CC-discharge,48,3462.079307525106,40842.76233236959,3.0000100000000014,-27.263836618115,-27.263836618115,46042.19695271016,652.2301316222835,5.229515026197992e-09,3.0000100000000014,26.21932349981145
5,CC-charge,0,3462.079307525106,40842.76233236959,3.716691733026916,27.263836618115,27.263836618115,46042.19695271016,652.2301316222835,5.229515026197992e-09,3.716691733026916,0.0
5,CC-charge,1,3534.8065802523784,40915.48960509686,3.821432679438944,27.263836618115,27.263836618115,45477.08200192413,1186.7272363613401,5.229526710385318e-09,3.821432679438944,-0.0
5,CC-charge,2,3607.5338529796513,40988.21687782413,3.867662557125624,27.263836618115,27.263836618115,45057.49291122466,1640.208360235411,5.229558800391257e-09,3.867662557125624,-0.0
5,CC-charge,3,3680.261125706924,41060.944150551404,3.905028853303877,27.263836618115,27.263836618115,44639.76066741681,2093.6613862438494,5.229625254204098e-09,3.905028853303877,-0.0
5,CC-charge,4,3752.988398434197,41133.671423278676,3.936251321621909,27.263836618115,27.263836618115,44222.06508480159,2547.1126644482983,5.229745561345766e-09,3.936251321621909,-0.0
5,CC-charge,5,3825.7156711614693,41206.39869600595,3.962257940872048,27.263836618115,27.263836618115,43804.36999145226,3000.5614984069807,5.229940244731964e-09,3.962257940872048,-0.0
5,CC-charge,6,3898.4429438887423,41279.12596873323,3.9838205523952563,27.263836618115,27.263836618115,43386.674903202555,3454.0073243215497,5.2302280945557795e-09,3.9838205523952563,-0.0
5,CC-charge,7,3971.170216616015,41351.8532414605,4.001680404201862,27.263836618115,27.263836618115,42968.97981488935,3907.4497856711914,5.230621796063271e-09,4.001680404201862,-0.0
5,CC-charge,8,4043.897489343288,41424.58051418777,4.016521060206489,27.263836618115,27.263836618115,42551.28472657625,4360.888784341317,5.2311259131744885e-09,4.016521060206489,-0.0
5,CC-charge,9,4116.624762070561,41497.307786915044,4.028945730660008,27.263836618115,27.263836618115,42133.58963826257,4814.324452506223,5.231737466731421e-09,4.028945730660008,-0.0
5,CC-charge,10,4189.352034797833,41570.035059642316,4.039470464209066,27.263836618115,27.263836618115,41715.89454994994,5267.757092211941,5.232447674926804e-09,4.039470464209066,-0.0
5,CC-charge,11,4262.079307525106,41642.76233236959,4.048528042939773,27.263836618115,27.263836618115,41298.19946163637,5721.187103632781,5.23324421478352e-09,4.048528042939773,-0.0
5,CC-charge,12,4334.806580252379,41715.48960509686,4.056475628079586,27.263836618115,27.263836618115,40880.504373322874,6174.6149205192305,5.234113342720529e-09,4.056475628079586,-0.0
5,CC-charge,13,4407.533852979652,41788.21687782413,4.06360553732466,27.263836618115,27.263836618115,40462.809285009665,6628.0409618756585,5.23504153894228e-09,4.06360553732466,-0.0
5,CC-charge,14,4480.261125706924,41860.944150551404,4.0701549055589865,27.263836618115,27.263836618115,40045.11419669647,7081.4656021954015,5.236016559767514e-09,4.0701549055589865,-0.0
5,CC-charge,15,4552.988398434197,41933.671423278676,4.076314975100962,27.263836618115,27.263836618115,39627.41910838332,7534.889156524219,5.23702799534588e-09,4.076314975100962,-0.0
5,CC-charge,16,4625.71567116147,42006.39869600595,4.082239079618742,27.263836618115,27.263836618115,39209.72402006996,7988.311877617602,5.238067414727781e-09,4.082239079618742,-0.0
5,CC-charge,17,4698.442943888742,42079.12596873323,4.088050114835893,27.263836618115,27.263836618115,38792.0289317563,8441.733957405086,5.239128353053501e-09,4.088050114835893,-0.0
5,CC-charge,18,4771.170216616015,42151.8532414605,4.093845290141211,27.263836618115,27.263836618115,38374.33384344331,8895.155505826813,5.240207008786882e-09,4.093845290141211,-0.0
5,CC-charge,19,4843.897489343288,42224.58051418777,4.099702042098492,27.263836618115,27.263836618115,37956.63875512963,9348.576652000933,5.241298996847534e-09,4.099702042098492,-0.0
5,CC-charge,20,4916.624762070561,42297.307786915044,4.10568130819689,27.263836618115,27.263836618115,37538.94366681641,9801.997449410224,5.2424024096515806e-09,4.10568130819689,-0.0
5,CC-charge,21,4989.352034797834,42370.035059642316,4.111830749182376,27.263836618115,27.263836618115,37121.24857850319,10255.41791349828,5.2435165871460156e-09,4.111830749182376,-0.0
5,CC-charge,22,5062.079307525106,42442.76233236959,4.1181890278267925,27.263836618115,27.263836618115,36703.5534901896,10708.838053232603,5.244641108334228e-09,4.1181890278267925,-0.0
5,CC-charge,23,5134.806580252379,42515.48960509686,4.124784764852636,27.263836618115,27.263836618115,36285.85840187628,11162.257848862457,5.245776498388108e-09,4.124784764852636,-0.0
5,CC-charge,24,5207.533852979652,42588.21687782413,4.131640876211735,27.263836618115,27.263836618115,35868.16331356293,11615.677263968457,5.246923834833175e-09,4.131640876211735,-0.0
5,CC-charge,25,5280.261125706924,42660.944150551404,4.138775288374449,27.263836618115,27.263836618115,35450.46822524929,12069.096250978098,5.248084568670029e-09,4.138775288374449,-0.0
5,CC-charge,26,5352.988398434197,42733.671423278676,4.1462020800131025,27.263836618115,27.263836618115,35032.77313693642,12522.514751509323,5.249260507780348e-09,4.1462020800131025,-0.0
5,CC-charge,27,5425.71567116147,42806.39869600595,4.153932438290822,27.263836618115,27.263836618115,34615.07804862288,12975.932698318778,5.250453751879919e-09,4.153932438290822,-0.0
5,CC-charge,28,5498.442943888742,42879.12596873323,4.161977348054678,27.263836618115,27.263836618115,34197.38296030969,13429.350013471128,5.251666746808633e-09,4.161977348054678,-0.0
5,CC-charge,29,5571.170216616016,42951.8532414605,4.170341294547294,27.263836618115,27.263836618115,33779.687871996146,13882.766658167053,5.25290069789397e-09,4.170341294547294,-0.0
5,CC-charge,30,5643.897489343288,43024.58051418777,4.179032435667567,27.263836618115,27.263836618115,33361.99278368318,14336.18250333101,5.2541596846824505e-09,4.179032435667567,-0.0
5,CC-charge,31,5716.624762070561,43097.307786915044,4.188057304903187,27.263836618115,27.263836618115,32944.29769536982,14789.597456030388,5.2554466415029955e-09,4.188057304903187,-0.0
5,CC-charge,32,5789.352034797834,43170.035059642316,4.197422753962629,27.263836618115,27.263836618115,32526.602607056513,15243.011414190823,5.256764790761727e-09,4.197422753962629,-0.0
5,CC-charge,33,5808.822932318812,43189.505957163296,4.19999,27.263836618115,27.263836618115,32414.775255987624,15364.40141909439,5.257123174521887e-09,4.19999,-0.0
5,CV-charge,0,5808.822932318812,43189.505957163296,4.2,27.288529729060365,27.288529729060365,32414.775255987624,15364.40141909439,5.257123174521887e-09,4.2,0.0
5,CV-charge,1,5881.550205046085,43262.23322989057,4.199999999999999,24.22048961115372,24.22048961115372,31892.657359666257,15859.587920950364,5.258395612257438e-09,4.199999999999999,-0.0
5,CV-charge,2,5954.277477773357,43334.96050261784,4.2,22.280522139787347,22.280522139787347,31545.93944105383,16239.979990815911,5.2595895857048395e-09,4.2,-0.0
5,CV-charge,3,6027.00475050063,43407.68777534511,4.2,20.584978877627904,20.584978877627904,31227.61703603533,16590.682087441648,5.260718293134438e-09,4.2,-0.0
5,CV-charge,4,6099.732023227903,43480.415048072384,4.199999999999999,19.08608614024166,19.08608614024166,30932.390951584905,16915.743847511512,5.2617900077795e-09,4.199999999999999,-0.0
5,CV-charge,5,6172.459295955176,43553.142320799656,4.200000000000001,17.755085771338994,17.755085771338994,30657.871863741708,17217.80803047637,5.262809977765421e-09,4.200000000000001,-0.0
5,CV-charge,6,6245.186568682448,43625.869593526935,4.2,16.567274336640054,16.567274336640054,30401.826282383085,17499.37569344085,5.263783229856198e-09,4.2,-0.0
5,CV-charge,7,6317.913841409721,43698.59686625421,4.199999999999999,15.502206578886286,15.502206578886286,30162.33326724213,17762.595925288784,5.264714102238969e-09,4.199999999999999,-0.0
5,CV-charge,8,6390.641114136994,43771.32413898148,4.200000000000001,14.542932154222253,14.542932154222253,29937.739826706464,18009.315912157654,5.265606344555543e-09,4.200000000000001,-0.0
5,CV-charge,9,6463.3683868642665,43844.05141170875,4.199999999999999,13.67530324197438,13.67530324197438,29726.615186072682,18241.132809375576,5.266463220136269e-09,4.199999999999999,-0.0
5,CV-charge,10,6536.095659591539,43916.77868443602,4.2,12.887460104519116,12.887460104519116,29527.715655441567,18459.433514782406,5.26728758340686e-09,4.2,-0.0
5,CV-charge,11,6608.822932318812,43989.505957163296,4.200000000000001,12.169410959866678,12.169410959866678,29339.9554593122,18665.427655455725,5.268081943593961e-09,4.200000000000001,-0.0
5,CV-charge,12,6681.550205046085,44062.23322989057,4.199999999999999,11.512642894170853,11.512642894170853,29162.36975143082,18860.189022097962,5.268848550989351e-09,4.199999999999999,-0.0
5,CV-charge,13,6754.2774777733575,44134.96050261784,4.2,10.909983741197523,10.909983741197523,28994.126165208127,19044.643322548847,5.269589355023158e-09,4.2,-0.0
5,CV-charge,14,6827.00475050063,44207.68777534511,4.200000000000001,10.355258827506512,10.355258827506512,28834.478358718294,19219.619854237928,5.27030612132116e-09,4.200000000000001,-0.0
5,CV-charge,15,6899.732023227903,44280.415048072384,4.199999999999999,9.842753645181984,9.842753645181984,28682.64005899398,19385.98984868028,5.2710007729816565e-09,4.199999999999999,-0.0
5,CV-charge,16,6972.459295955176,44353.142320799656,4.2,9.36833240275936,9.36833240275936,28538.14545293303,19544.271557915006,5.27167438915613e-09,4.2,-0.0
5,CV-charge,17,7045.186568682448,44425.869593526935,4.2,8.928018046410195,8.928018046410195,28400.463759886945,19695.053503599924,5.272328258920664e-09,4.2,-0.0
5,CV-charge,18,7117.913841409721,44498.59686625421,4.2,8.518358218088828,8.518358218088828,28269.11863617687,19838.863403584113,5.272963549530298e-09,4.2,-0.0
5,CV-charge,19,7190.641114136994,44571.32413898148,4.200000000000001,8.136332777549825,8.136332777549825,28143.68069845328,19976.176649689824,5.2735813230198925e-09,4.200000000000001,-0.0
5,CV-charge,20,7263.3683868642665,44644.05141170875,4.2,7.779295502043698,7.779295502043698,28023.761864354678,20107.422646289768,5.2741825483970365e-09,4.2,-0.0
5,CV-charge,21,7336.0956595915395,44716.77868443602,4.2,7.444918704325242,7.444918704325242,27909.010361374218,20232.990397465357,5.2747681124916306e-09,4.2,-0.0
5,CV-charge,22,7408.822932318812,44789.505957163296,4.2,7.1311480644820655,7.1311480644820655,27799.106445381152,20353.233295362083,5.275338829289332e-09,4.2,-0.0
5,CV-charge,23,7481.550205046085,44862.23322989057,4.199999999999999,6.836168433010367,6.836168433010367,27693.76003830198,20468.471781768778,5.27589544457423e-09,4.199999999999999,-0.0
5,CV-charge,24,7554.2774777733575,44934.96050261784,4.199999999999999,6.558363595424302,6.558363595424302,27592.704601905163,20579.000148548148,5.276438650489012e-09,4.199999999999999,-0.0
5,CV-charge,25,7627.00475050063,45007.68777534511,4.2,6.296294628539563,6.296294628539563,27495.69619802459,20685.08759983347,5.2769690869211114e-09,4.2,-0.0
5,CV-charge,26,7699.732023227903,45080.415048072384,4.200000000000001,6.048676421679676,6.048676421679676,27402.510876530687,20786.981169094877,5.277487347377791e-09,4.200000000000001,-0.0
5,CV-charge,27,7772.459295955176,45153.142320799656,4.200000000000001,5.8143582034542,5.8143582034542,27312.94257979731,20884.908053749525,5.2779939836373806e-09,4.200000000000001,-0.0
5,CV-charge,28,7845.186568682448,45225.869593526935,4.200000000000001,5.592306897679192,5.592306897679192,27226.801307738064,20979.077658566373,5.278489509838326e-09,4.200000000000001,-0.0
5,CV-charge,29,7917.9138414097215,45298.59686625421,4.200000000000001,5.381592847958137,5.381592847958137,27143.911505959437,21069.68338948805,5.27897440608464e-09,4.200000000000001,-0.0
5,CV-charge,30,7990.641114136994,45371.32413898148,4.199999999999999,5.181377533214135,5.181377533214135,27064.11064586651,21156.904232889043,5.279449121633797e-09,4.199999999999999,-0.0
5,CV-charge,31,8063.3683868642665,45444.05141170875,4.200000000000001,4.99090296257038,4.99090296257038,26987.2479704215,21240.906149810195,5.279914077722838e-09,4.200000000000001,-0.0
5,CV-charge,32,8136.0956595915395,45516.77868443602,4.199999999999999,4.809482491615713,4.809482491615713,26913.18338329666,21321.843310126773,5.280369670080041e-09,4.199999999999999,-0.0
5,CV-charge,33,8208.822932318812,45589.505957163296,4.2,4.636492845709274,4.636492845709274,26841.786462531356,21399.859187817343,5.280816271162362e-09,4.2,-0.0
5,CV-charge,34,8281.550205046085,45662.23322989057,4.2,4.471367171593231,4.471367171593231,26772.935582601887,21475.08753537394,5.281254232153034e-09,4.2,-0.0
5,CV-charge,35,8354.277477773358,45734.96050261784,4.2,4.313588967781826,4.313588967781826,26706.517131163007,21547.65325271793,5.281683884748799e-09,4.2,-0.0
5,CV-charge,36,8427.00475050063,45807.68777534511,4.200000000000001,4.162686768191933,4.162686768191933,26642.42480868405,21617.673163810254,5.282105542762075e-09,4.200000000000001,-0.0
5,CV-charge,37,8499.732023227902,45880.415048072384,4.199999999999999,4.01822947329526,4.01822947329526,26580.55900085967,21685.25671225733,5.282519503559913e-09,4.199999999999999,-0.0
5,CV-charge,38,8572.459295955176,45953.142320799656,4.199999999999999,3.8798222394720354,3.8798222394720354,26520.826215071676,21750.506585664953,5.282926049358665e-09,4.199999999999999,-0.0
5,CV-charge,39,8645.186568682448,46025.869593526935,4.2,3.7471028509050166,3.7471028509050166,26463.138573373766,21813.51927715365,5.283325448390725e-09,4.2,-0.0
5,CV-charge,40,8717.913841409721,46098.59686625421,4.2,3.619738509675944,3.619738509675944,26407.413355457604,21874.38559132293,5.283717955957691e-09,4.2,-0.0
5,CV-charge,41,8790.641114136994,46171.32413898148,4.2,3.497422989278955,3.497422989278955,26353.572585937764,21933.19110098625,5.2841038153823685e-09,4.2,-0.0
5,CV-charge,42,8863.368386864266,46244.05141170875,4.199999999999999,3.3798741047007463,3.3798741047007463,26301.54266101205,21990.016560190576,5.284483258870555e-09,4.199999999999999,-0.0
5,CV-charge,43,8936.09565959154,46316.77868443602,4.200000000000001,3.2668314589434297,3.2668314589434297,26251.254010184148,22044.938278329282,5.284856508292203e-09,4.200000000000001,-0.0
5,CV-charge,44,9008.822932318812,46389.505957163296,4.2,3.1580544315288934,3.1580544315288934,26202.640789278634,22098.028459531663,5.2852237758903884e-09,4.2,-0.0
5,CV-charge,45,9081.550205046085,46462.23322989057,4.2,3.0533203792930976,3.0533203792930976,26155.64060143368,22149.35551103566,5.285585264925547e-09,4.2,-0.0
5,CV-charge,46,9154.277477773358,46534.96050261784,4.2,2.9524230238609412,2.9524230238609412,26110.19424316754,22198.98432377196,5.285941170261579e-09,4.2,-0.0
5,CV-charge,47,9227.00475050063,46607.68777534511,4.2,2.855171003641271,2.855171003641271,26066.245472951578,22246.97652800902,5.2862916788996504e-09,4.2,-0.0
5,CV-charge,48,9299.732023227902,46680.415048072384,4.2,2.761386571121487,2.761386571121487,26023.740800027106,22293.390726571888,5.2866369704649344e-09,4.2,-0.0
5,CV-charge,49,9327.61513536799,46708.29816021247,4.199999999999999,2.7263936618115,2.7263936618115,26007.852558647643,22310.74008306473,5.286767877077838e-09,4.199999999999999,-0.0
6,CC-discharge,0,0.0,46708.29816021247,3.854761708817896,-27.263836618115,-27.263836618115,26007.852558647643,22310.74008306473,5.286767877077838e-09,3.854761708817896,0.0
6,CC-discharge,1,72.72727272727273,46781.02543293974,3.8307424584818737,-27.263836618115,-27.263836618115,26572.972293186096,21776.240182921785,5.286767877077838e-09,3.8307424584818737,0.5507845781437374
6,CC-discharge,2,145.45454545454547,46853.752705667015,3.8145024494560253,-27.263836618115,-27.263836618115,26992.56016108803,21322.760242842178,5.286767877077838e-09,3.8145024494560253,1.1015691562874748
6,CC-discharge,3,218.1818181818182,46926.47997839429,3.799354726003296,-27.263836618115,-27.263836618115,27410.286704657963,20869.304900992804,5.286767877077838e-09,3.799354726003296,1.652353734431212
6,CC-discharge,4,290.90909090909093,46999.20725112156,3.785035188611081,-27.263836618115,-27.263836618115,27827.98422641521,20415.8495101748,5.286767877077838e-09,3.785035188611081,2.2031383125749495
6,CC-discharge,5,363.6363636363637,47071.93452384883,3.7713837542644337,-27.263836618115,-27.263836618115,28245.679503816562,19962.39411863619,5.286767877077838e-09,3.7713837542644337,2.753922890718687
6,CC-discharge,6,436.3636363636364,47144.66179657611,3.7582947423798796,-27.263836618115,-27.263836618115,28663.374606894035,19508.93872708661,5.286767877077838e-09,3.7582947423798796,3.304707468862424
6,CC-discharge,7,509.0909090909091,47217.38906930338,3.7456750930653575,-27.263836618115,-27.263836618115,29081.069696366158,19055.483335536883,5.286767877077838e-09,3.7456750930653575,3.8554920470061615
6,CC-discharge,8,581.8181818181819,47290.116342030655,3.7334684451986178,-27.263836618115,-27.263836618115,29498.764784771152,18602.027943987825,5.286767877077838e-09,3.7334684451986178,4.406276625149899
6,CC-discharge,9,654.5454545454546,47362.84361475793,3.7216277706303047,-27.263836618115,-27.263836618115,29916.459873090786,18148.572552438676,5.286767877077838e-09,3.7216277706303047,4.9570612032936365
6,CC-discharge,10,727.2727272727274,47435.5708874852,3.7101170362592475,-27.263836618115,-27.263836618115,30334.154961404278,17695.11716088905,5.286767877077838e-09,3.7101170362592475,5.507845781437374
6,CC-discharge,11,800.0000000000001,47508.29816021247,3.6989083853568236,-27.263836618115,-27.263836618115,30751.85004971707,17241.66176933942,5.286767877077838e-09,3.6989083853568236,6.0586303595811115
6,CC-discharge,12,872.7272727272727,47581.02543293974,3.6879800655038397,-27.263836618115,-27.263836618115,31169.545138030127,16788.206377789997,5.286767877077838e-09,3.6879800655038397,6.609414937724848
6,CC-discharge,13,945.4545454545455,47653.752705667015,3.677314872356935,-27.263836618115,-27.263836618115,31587.240226343503,16334.750986241084,5.286767877077838e-09,3.677314872356935,7.160199515868586
6,CC-discharge,14,1018.1818181818182,47726.47997839429,3.6668989534494254,-27.263836618115,-27.263836618115,32004.9353146566,15881.295594692356,5.286767877077838e-09,3.6668989534494254,7.710984094012323
6,CC-discharge,15,1090.909090909091,47799.20725112156,3.6567208630383803,-27.263836618115,-27.263836618115,32422.630402969236,15427.840203143043,5.286767877077838e-09,3.6567208630383803,8.26176867215606
6,CC-discharge,16,1163.6363636363637,47871.93452384883,3.6467707907260016,-27.263836618115,-27.263836618115,32840.32549128157,14974.384811593978,5.286767877077838e-09,3.6467707907260016,8.812553250299798
6,CC-discharge,17,1236.3636363636365,47944.66179657611,3.6370399062884635,-27.263836618115,-27.263836618115,33258.02057959448,14520.929420044986,5.286767877077838e-09,3.6370399062884635,9.363337828443536
6,CC-discharge,18,1309.0909090909092,48017.38906930338,3.6275197763088523,-27.263836618115,-27.263836618115,33675.71566790739,14067.474028496108,5.286767877077838e-09,3.6275197763088523,9.914122406587273
6,CC-discharge,19,1381.818181818182,48090.116342030655,3.6182018163775735,-27.263836618115,-27.263836618115,34093.410756219855,13614.018636947272,5.286767877077838e-09,3.6182018163775735,10.46490698473101
6,CC-discharge,20,1454.5454545454547,48162.84361475793,3.609076747333281,-27.263836618115,-27.263836618115,34511.1058445331,13160.563245397663,5.286767877077838e-09,3.609076747333281,11.015691562874748
6,CC-discharge,21,1527.2727272727275,48235.5708874852,3.6001340270850175,-27.263836618115,-27.263836618115,34928.80093284552,12707.107853848562,5.286767877077838e-09,3.6001340270850175,11.566476141018486
6,CC-discharge,22,1600.0000000000002,48308.29816021247,3.5913612229867753,-27.263836618115,-27.263836618115,35346.49602115817,12253.65246229961,5.286767877077838e-09,3.5913612229867753,12.117260719162223
6,CC-discharge,23,1672.727272727273,48381.02543293974,3.5827427096786733,-27.263836618115,-27.263836618115,35764.19110947119,11800.19707075045,5.286767877077838e-09,3.5827427096786733,12.66804529730596
6,CC-discharge,24,1745.4545454545455,48453.752705667015,3.5742615095196135,-27.263836618115,-27.263836618115,36181.886197783926,11346.741679201215,5.286767877077838e-09,3.5742615095196135,13.218829875449696
6,CC-discharge,25,1818.1818181818182,48526.47997839429,3.5658937681941785,-27.263836618115,-27.263836618115,36599.581286096,10893.286287652321,5.286767877077838e-09,3.5658937681941785,13.769614453593434
6,CC-discharge,26,1890.909090909091,48599.20725112156,3.5576109733157857,-27.263836618115,-27.263836618115,37017.276374408706,10439.830896103162,5.286767877077838e-09,3.5576109733157857,14.320399031737171
6,CC-discharge,27,1963.6363636363637,48671.93452384883,3.5493775531517335,-27.263836618115,-27.263836618115,37434.97146272133,9986.375504554038,5.286767877077838e-09,3.5493775531517335,14.871183609880909
6,CC-discharge,28,2036.3636363636365,48744.66179657611,3.541149079873384,-27.263836618115,-27.263836618115,37852.66655103399,9532.920113005015,5.286767877077838e-09,3.541149079873384,15.421968188024646
6,CC-discharge,29,2109.0909090909095,48817.38906930338,3.5328699754766117,-27.263836618115,-27.263836618115,38270.361639347015,9079.464721455774,5.286767877077838e-09,3.5328699754766117,15.972752766168385
6,CC-discharge,30,2181.818181818182,48890.116342030655,3.5244707973565554,-27.263836618115,-27.263836618115,38688.05672765939,8626.009329906681,5.286767877077838e-09,3.5244707973565554,16.52353734431212
6,CC-discharge,31,2254.545454545455,48962.84361475793,3.5158648860513555,-27.263836618115,-27.263836618115,39105.75181597196,8172.553938357485,5.286767877077838e-09,3.5158648860513555,17.07432192245586
6,CC-discharge,32,2327.2727272727275,49035.5708874852,3.5069445341221703,-27.263836618115,-27.263836618115,39523.4469042846,7719.098546808489,5.286767877077838e-09,3.5069445341221703,17.625106500599596
6,CC-discharge,33,2400.0,49108.29816021247,3.4975743068717025,-27.263836618115,-27.263836618115,39941.14199259774,7265.6431552593895,5.286767877077838e-09,3.4975743068717025,18.175891078743334
6,CC-discharge,34,2472.727272727273,49181.02543293974,3.4875879847603066,-27.263836618115,-27.263836618115,40358.83708091009,6812.187763710203,5.286767877077838e-09,3.4875879847603066,18.726675656887075
6,CC-discharge,35,2545.4545454545455,49253.752705667015,3.476777840453903,-27.263836618115,-27.263836618115,40776.532169223254,6358.73237216087,5.286767877077838e-09,3.476777840453903,19.277460235030812
6,CC-discharge,36,2618.1818181818185,49326.47997839429,3.464887087954801,-27.263836618115,-27.263836618115,41194.22725753575,5905.276980611739,5.286767877077838e-09,3.464887087954801,19.82824481317455
6,CC-discharge,37,2690.909090909091,49399.20725112156,3.4515987121999205,-27.263836618115,-27.263836618115,41611.92234584904,5451.821589062605,5.286767877077838e-09,3.4515987121999205,20.379029391318287
6,CC-discharge,38,2763.636363636364,49471.93452384883,3.4365227491981774,-27.263836618115,-27.263836618115,42029.61743416184,4998.366197513526,5.286767877077838e-09,3.4365227491981774,20.929813969462025
6,CC-discharge,39,2836.3636363636365,49544.66179657611,3.419181779058232,-27.263836618115,-27.263836618115,42447.31252247412,4544.910805964417,5.286767877077838e-09,3.419181779058232,21.480598547605762
6,CC-discharge,40,2909.0909090909095,49617.38906930338,3.398995160638083,-27.263836618115,-27.263836618115,42865.00761078639,4091.455414415383,5.286767877077838e-09,3.398995160638083,22.0313831257495
6,CC-discharge,41,2981.818181818182,49690.116342030655,3.3752620474989907,-27.263836618115,-27.263836618115,43282.70269909937,3638.0000228663466,5.286767877077838e-09,3.3752620474989907,22.582167703893237
6,CC-discharge,42,3054.545454545455,49762.84361475793,3.3471472726747376,-27.263836618115,-27.263836618115,43700.39778741188,3184.54463131722,5.286767877077838e-09,3.3471472726747376,23.132952282036975
6,CC-discharge,43,3127.2727272727275,49835.5708874852,3.313665556519559,-27.263836618115,-27.263836618115,44118.09287572506,2731.0892397681714,5.286767877077838e-09,3.313665556519559,23.683736860180712
6,CC-discharge,44,3200.0000000000005,49908.29816021247,3.2736543643919376,-27.263836618115,-27.263836618115,44535.78796403776,2277.633848219097,5.286767877077838e-09,3.2736543643919376,24.23452143832445
6,CC-discharge,45,3272.727272727273,49981.02543293974,3.2256315659995387,-27.263836618115,-27.263836618115,44953.4830523502,1824.1784566700192,5.286767877077838e-09,3.2256315659995387,24.785306016468187
6,CC-discharge,46,3345.454545454546,50053.752705667015,3.166847384195199,-27.263836618115,-27.263836618115,45371.17814066336,1370.7230651209684,5.286767877077838e-09,3.166847384195199,25.336090594611925
6,CC-discharge,47,3418.1818181818185,50126.47997839429,3.0858297221023663,-27.263836618115,-27.263836618115,45788.87322897609,917.2676735719402,5.286767877077838e-09,3.0858297221023663,25.886875172755662
6,CC-discharge,48,3460.7446891335726,50169.04284934604,3.000009999999999,-27.263836618115,-27.263836618115,46033.324883415626,651.8876780198581,5.286767877077838e-09,3.000009999999999,26.2092160504297
6,CC-charge,0,3460.7446891335726,50169.04284934604,3.716655341970818,27.263836618115,27.263836618115,46033.324883415626,651.8876780198581,5.286767877077838e-09,3.716655341970818,0.0
6,CC-charge,1,3533.471961860845,50241.770122073314,3.8214788528488914,27.263836618115,27.263836618115,45468.20993085236,1186.3847847036752,5.286779549798532e-09,3.8214788528488914,-0.0
6,CC-charge,2,3606.199234588118,50314.497394800586,3.8677146950604877,27.263836618115,27.263836618115,45048.62085740441,1639.8659075668604,5.286811620051642e-09,3.8677146950604877,-0.0
6,CC-charge,3,3678.9265073153906,50387.22466752786,3.905084093681658,27.263836618115,27.263836618115,44630.888598379606,2093.318934863216,5.2868780410959645e-09,3.905084093681658,-0.0
6,CC-charge,4,3751.6537800426636,50459.95194025513,3.9363098925320665,27.263836618115,27.263836618115,44213.1930155117,2546.7702146842184,5.286998299441576e-09,3.9363098925320665,-0.0
6,CC-charge,5,3824.381052769936,50532.6792129824,3.9623201702115094,27.263836618115,27.263836618115,43795.49792215757,3000.2190507262453,5.2871929188626296e-09,3.9623201702115094,-0.0
6,CC-charge,6,3897.108325497209,50605.40648570968,3.983886615886779,27.263836618115,27.263836618115,43377.80283390827,3453.6648790798295,5.2874806925319295e-09,3.983886615886779,-0.0
6,CC-charge,7,3969.8355982244816,50678.133758436954,4.0017503732762725,27.263836618115,27.263836618115,42960.107745596346,3907.1073430392566,5.287874311351432e-09,4.0017503732762725,-0.0
6,CC-charge,8,4042.5628709517546,50750.861031164226,4.016594955455294,27.263836618115,27.263836618115,42542.4126572835,4360.546344300592,5.288378345329389e-09,4.016594955455294,-0.0
6,CC-charge,9,4115.290143679027,50823.5883038915,4.0290235542930075,27.263836618115,27.263836618115,42124.71756896967,4813.982014883601,5.288989820476004e-09,4.0290235542930075,-0.0
6,CC-charge,10,4188.0174164063,50896.31557661877,4.039552217493846,27.263836618115,27.263836618115,41707.022480656226,5267.41465673384,5.2896999584968175e-09,4.039552217493846,-0.0
6,CC-charge,11,4260.744689133573,50969.04284934604,4.048613733160889,27.263836618115,27.263836618115,41289.327392343606,5720.84466997693,5.290496438272783e-09,4.048613733160889,-0.0
6,CC-charge,12,4333.471961860845,51041.770122073314,4.0565652721669005,27.263836618115,27.263836618115,40871.63230403005,6174.2724883587925,5.291365516593433e-09,4.0565652721669005,-0.0
6,CC-charge,13,4406.199234588118,51114.497394800586,4.063699161016187,27.263836618115,27.263836618115,40453.93721571626,6627.698530908175,5.292293673022986e-09,4.063699161016187,-0.0
6,CC-charge,14,4478.926507315391,51187.22466752786,4.070252542260017,27.263836618115,27.263836618115,40036.242127403064,7081.123172159303,5.2932686626548975e-09,4.070252542260017,-0.0
6,CC-charge,15,4551.653780042663,51259.95194025513,4.076416664125676,27.263836618115,27.263836618115,39618.54703909005,7534.546727205718,5.294280074151452e-09,4.076416664125676,-0.0
6,CC-charge,16,4624.381052769936,51332.6792129824,4.082344864308218,27.263836618115,27.263836618115,39200.85195077672,7987.969448849699,5.295319475048186e-09,4.082344864308218,-0.0
6,CC-charge,17,4697.108325497209,51405.40648570968,4.088160041354296,27.263836618115,27.263836618115,38783.15686246272,8441.391529062863,5.296380399114116e-09,4.088160041354296,-0.0
6,CC-charge,18,4769.835598224482,51478.133758436954,4.093959405728996,27.263836618115,27.263836618115,38365.46177414988,8894.813077816312,5.2974590437881525e-09,4.093959405728996,-0.0
6,CC-charge,19,4842.562870951755,51550.861031164226,4.09982039420493,27.263836618115,27.263836618115,37947.76668583633,9348.234224270003,5.2985510226367595e-09,4.09982039420493,-0.0
6,CC-charge,20,4915.290143679027,51623.5883038915,4.1058039440315595,27.263836618115,27.263836618115,37530.07159752296,9801.655021930932,5.299654427254182e-09,4.1058039440315595,-0.0
6,CC-charge,21,4988.0174164063,51696.31557661877,4.111957714796629,27.263836618115,27.263836618115,37112.376509209374,10255.075486260623,5.30076859699715e-09,4.111957714796629,-0.0
6,CC-charge,22,5060.744689133573,51769.04284934604,4.118320369876336,27.263836618115,27.263836618115,36694.68142089562,10708.495626244912,5.301893110252827e-09,4.118320369876336,-0.0
6,CC-charge,23,5133.471961860845,51841.770122073314,4.124920529027373,27.263836618115,27.263836618115,36276.98633258215,11161.91542215163,5.3030284915877274e-09,4.124920529027373,-0.0
6,CC-charge,24,5206.199234588118,51914.497394800586,4.131781108535616,27.263836618115,27.263836618115,35859.291244269094,11615.334837560325,5.30417581853253e-09,4.131781108535616,-0.0
6,CC-charge,25,5278.926507315391,51987.22466752786,4.138920036371996,27.263836618115,27.263836618115,35441.59615595559,12068.753824914047,5.305336541627052e-09,4.138920036371996,-0.0
6,CC-charge,26,5351.653780042663,52059.95194025513,4.14635139403938,27.263836618115,27.263836618115,35023.90106764239,12522.172325836767,5.306512468512217e-09,4.14635139403938,-0.0
6,CC-charge,27,5424.381052769936,52132.6792129824,4.154086373402489,27.263836618115,27.263836618115,34606.20597932932,12975.5902730918,5.307705698692772e-09,4.154086373402489,-0.0
6,CC-charge,28,5497.108325497209,52205.40648570968,4.16213596585293,27.263836618115,27.263836618115,34188.51089101603,13429.007588750106,5.30891867777769e-09,4.16213596585293,-0.0
6,CC-charge,29,5569.835598224482,52278.133758436954,4.170504667844048,27.263836618115,27.263836618115,33770.815802702586,13882.424234015552,5.31015261104073e-09,4.170504667844048,-0.0
6,CC-charge,30,5642.562870951755,52350.861031164226,4.179200650543654,27.263836618115,27.263836618115,33353.1207143894,14335.84007981955,5.3114115777609226e-09,4.179200650543654,-0.0
6,CC-charge,31,5715.290143679027,52423.5883038915,4.188230465775011,27.263836618115,27.263836618115,32935.42562607581,14789.25503323493,5.312698512132386e-09,4.188230465775011,-0.0
6,CC-charge,32,5788.0174164063,52496.31557661877,4.197600989491147,27.263836618115,27.263836618115,32517.730537762414,15242.668992191777,5.314016636385638e-09,4.197600989491147,-0.0
6,CC-charge,33,5806.13180174769,52514.42996196016,4.199990000000001,27.263836618115,27.263836618115,32413.694053219726,15355.60191591245,5.314349956522269e-09,4.199990000000001,-0.0
6,CV-charge,0,5806.13180174769,52514.42996196016,4.2,27.288545610273744,27.288545610273744,32413.694053219726,15355.60191591245,5.314349956522269e-09,4.2,0.0
6,CV-charge,1,5878.859074474963,52587.15723468743,4.2,24.220914190635092,24.220914190635092,31891.57006646722,15850.794013028033,5.315621730281843e-09,4.2,-0.0
6,CV-charge,2,5951.586347202235,52659.8845074147,4.200000000000001,22.281173721315234,22.281173721315234,31544.842441119796,16231.19594107051,5.316815055568316e-09,4.200000000000001,-0.0
6,CV-charge,3,6024.313619929508,52732.611780141975,4.2,20.58577689147469,20.58577689147469,31226.507572974846,16581.911053039104,5.317943128074492e-09,4.2,-0.0
6,CV-charge,4,6097.040892656781,52805.33905286925,4.199999999999999,19.086976054219992,19.086976054219992,30931.267900624458,16906.987271777165,5.319014218660834e-09,4.199999999999999,-0.0
6,CV-charge,5,6169.768165384054,52878.06632559652,4.199999999999999,17.75602664877839,17.75602664877839,30656.734323242363,17209.067025814245,5.320033575765458e-09,4.199999999999999,-0.0
6,CV-charge,6,6242.495438111326,52950.7935983238,4.199999999999999,16.568237169622243,16.568237169622243,30400.67389190883,17490.650744147395,5.32100622542211e-09,4.199999999999999,-0.0
6,CV-charge,7,6315.222710838599,53023.52087105107,4.199999999999999,15.50317045878741,15.50317045878741,30161.165982680293,17753.887146477686,5.321936505364175e-09,4.199999999999999,-0.0
6,CV-charge,8,6387.949983565872,53096.24814377834,4.200000000000001,14.543882317682861,14.543882317682861,29936.557845038045,18000.623137710932,5.322828164783361e-09,4.200000000000001,-0.0
6,CV-charge,9,6460.677256293145,53168.975416505615,4.199999999999999,13.676229207858318,13.676229207858318,29725.418867682027,18232.45568183885,5.323684466618878e-09,4.199999999999999,-0.0
6,CV-charge,10,6533.404529020417,53241.70268923289,4.2,12.888354487344419,12.888354487344419,29526.5054555214,18450.771564081344,5.324508264980057e-09,4.2,-0.0
6,CV-charge,11,6606.13180174769,53314.42996196016,4.200000000000001,12.17026878595464,12.17026878595464,29338.73193415753,18656.78029352669,5.3253020687081405e-09,4.200000000000001,-0.0
6,CV-charge,12,6678.859074474963,53387.15723468743,4.200000000000001,11.51346091092251,11.51346091092251,29161.133507976945,18851.555600730695,5.326068127775344e-09,4.200000000000001,-0.0
6,CV-charge,13,6751.586347202236,53459.8845074147,4.2,10.910759914055024,10.910759914055024,28992.877844495466,19036.023152384998,5.326808391333837e-09,4.2,-0.0
6,CV-charge,14,6824.313619929508,53532.611780141975,4.199999999999998,10.355992050877054,10.355992050877054,28833.218619055642,19211.01222428503,5.32752462474497e-09,4.199999999999998,-0.0
6,CV-charge,15,6897.040892656781,53605.33905286925,4.2,9.8434437258434,9.8434437258434,28681.3696482253,19377.393947761313,5.3282187504896786e-09,4.2,-0.0
6,CV-charge,16,6969.768165384054,53678.06632559652,4.2,9.368979364441332,9.368979364441332,28536.86503502824,19535.686665334764,5.328891847851326e-09,4.2,-0.0
6,CV-charge,17,7042.495438111326,53750.7935983238,4.2,8.928622279996688,8.928622279996688,28399.173994741268,19686.47890186625,5.32954520568427e-09,4.2,-0.0
6,CV-charge,18,7115.222710838599,53823.52087105107,4.2,8.518920337430737,8.518920337430737,28267.82017282844,19830.298386202256,5.33017999104313e-09,4.2,-0.0
6,CV-charge,19,7187.949983565872,53896.24814377834,4.199999999999999,8.1368535835527,8.1368535835527,28142.374173547487,19967.620523044687,5.330797265772209e-09,4.199999999999999,-0.0
6,CV-charge,20,7260.677256293145,53968.975416505615,4.2,7.779775916230633,7.779775916230633,28022.447900259856,20098.87473187236,5.331397998700543e-09,4.2,-0.0
6,CV-charge,21,7333.404529020418,54041.70268923289,4.2,7.445359726973161,7.445359726973161,27907.689564944776,20224.450033351575,5.331983076490561e-09,4.2,-0.0
6,CV-charge,22,7406.13180174769,54114.42996196016,4.2,7.131550743501648,7.131550743501648,27797.779407194415,20344.69983713434,5.332553312970673e-09,4.2,-0.0
6,CV-charge,23,7478.859074474963,54187.15723468743,4.2,6.836533815036346,6.836533815036346,27692.4273228307,20459.944613439566,5.33310945380267e-09,4.2,-0.0
6,CV-charge,24,7551.586347202236,54259.8845074147,4.200000000000001,6.55869276199578,6.55869276199578,27591.366766232175,20570.478661878875,5.333652190965358e-09,4.200000000000001,-0.0
6,CV-charge,25,7624.313619929508,54332.611780141975,4.2,6.296588657565018,6.296588657565018,27494.35378281984,20676.571204484986,5.334182164214647e-09,4.2,-0.0
6,CV-charge,26,7697.040892656781,54405.33905286925,4.199999999999999,6.048936378308793,6.048936378308793,27401.164406098138,20778.46929252942,5.3346999669337435e-09,4.199999999999999,-0.0
6,CV-charge,27,7769.768165384054,54478.06632559652,4.2,5.8145851339896755,5.8145851339896755,27311.592562360558,20876.400140939422,5.335206150783784e-09,4.2,-0.0
6,CV-charge,28,7842.495438111326,54550.7935983238,4.200000000000001,5.592501825497499,5.592501825497499,27225.448235787204,20970.573171636,5.335701229792347e-09,4.200000000000001,-0.0
6,CV-charge,29,7915.2227108386,54623.52087105107,4.2,5.3817567709507745,5.3817567709507745,27142.55585663623,21061.181807299447,5.336185683958403e-09,4.2,-0.0
6,CV-charge,30,7987.949983565872,54696.24814377834,4.2,5.181511422388766,5.181511422388766,27062.752881377328,21148.405050602887,5.3366599624397286e-09,4.2,-0.0
6,CV-charge,31,8060.677256293145,54768.975416505615,4.200000000000001,4.991007761500348,4.991007761500348,26985.888538455067,21232.408878430902,5.337124486378596e-09,4.200000000000001,-0.0
6,CV-charge,32,8133.404529020418,54841.70268923289,4.200000000000001,4.809559116540726,4.809559116540726,26911.822717446474,21313.347476044783,5.3375796514130275e-09,4.200000000000001,-0.0
6,CV-charge,33,8206.13180174769,54914.42996196016,4.200000000000001,4.636542186092038,4.636542186092038,26840.42498270617,21391.364332362515,5.338025829913863e-09,4.200000000000001,-0.0
6,CV-charge,34,8278.859074474964,54987.15723468743,4.2,4.4713900910175255,4.4713900910175255,26771.57369542501,21466.593214378983,5.33846337298202e-09,4.2,-0.0
6,CV-charge,35,8351.586347202236,55059.8845074147,4.2,4.3135863050870284,4.3135863050870284,26705.15523035457,21539.159036100602,5.338892612235387e-09,4.2,-0.0
6,CV-charge,36,8424.313619929508,55132.611780141975,4.200000000000001,4.162659338760125,4.162659338760125,26641.06327542282,21609.178635176086,5.3393138614107066e-09,4.200000000000001,-0.0
6,CV-charge,37,8497.04089265678,55205.33905286925,4.199999999999998,4.018178070435804,4.018178070435804,26579.19820412407,21676.76146852422,5.33972741780225e-09,4.199999999999998,-0.0
6,CV-charge,38,8569.768165384054,55278.06632559652,4.2,3.879747635862,3.879747635862,26519.466511961138,21742.01023671348,5.340133563556221e-09,4.2,-0.0
6,CV-charge,39,8642.495438111326,55350.7935983238,4.199999999999999,3.7470058000339095,3.7470058000339095,26461.78030940364,21805.021445499828,5.3405325668372774e-09,4.199999999999999,-0.0
6,CV-charge,40,8715.2227108386,55423.52087105107,4.2,3.6196197472850735,3.6196197472850735,26406.056864835726,21865.885911813835,5.340924682881456e-09,4.2,-0.0
6,CV-charge,41,8787.949983565872,55496.24814377834,4.2,3.497283234756907,3.497283234756907,26352.21819181629,21924.68922052226,5.341310154947985e-09,4.2,-0.0
6,CV-charge,42,8860.677256293144,55568.975416505615,4.2,3.379714062437012,3.379714062437012,26300.1906757216,21981.512137469377,5.341689215180872e-09,4.2,-0.0
6,CV-charge,43,8933.404529020418,55641.70268923289,4.2,3.2666518196127456,3.2666518196127456,26249.904735446526,22036.43098360804,5.342062085389906e-09,4.2,-0.0
6,CV-charge,44,9006.13180174769,55714.42996196016,4.2,3.1578558733001847,3.1578558733001847,26201.294516399445,22089.517974413346,5.342428977759467e-09,4.2,-0.0
6,CV-charge,45,9078.859074474964,55787.15723468743,4.2,3.0531035689611277,3.0531035689611277,26154.297611479986,22140.841528278084,5.342790095492608e-09,4.2,-0.0
6,CV-charge,46,9151.586347202236,55859.8845074147,4.199999999999999,2.9521886178955934,2.9521886178955934,26108.854807129526,22190.466547105196,5.343145633397039e-09,4.199999999999999,-0.0
6,CV-charge,47,9224.313619929508,55932.611780141975,4.200000000000001,2.8549196491365607,2.8549196491365607,26064.90985188493,22238.454671975982,5.343495778418804e-09,4.200000000000001,-0.0
6,CV-charge,48,9297.04089265678,56005.33905286925,4.2,2.7611189066687434,2.7611189066687434,26022.409245189145,22284.86451638452,5.343840710128911e-09,4.2,-0.0
6,CV-charge,49,9324.704090323929,56033.002250536396,4.2,2.7263936618114997,2.7263936618114997,26006.64694250262,22302.076385736,5.34397045205341e-09,4.2,-0.0
7,CC-discharge,0,0.0,56033.002250536396,3.8547836383035436,-27.263836618115,-27.263836618115,26006.64694250262,22302.076385736,5.34397045205341e-09,3.8547836383035436,0.0
7,CC-discharge,1,72.72727272727273,56105.72952326367,3.830757171006429,-27.263836618115,-27.263836618115,26571.76667005606,21767.576493045097,5.34397045205341e-09,3.830757171006429,0.5507845781437374
7,CC-discharge,2,145.45454545454547,56178.45679599094,3.814513220867159,-27.263836618115,-27.263836618115,26991.354528695312,21314.09654561774,5.34397045205341e-09,3.814513220867159,1.1015691562874748
7,CC-discharge,3,218.1818181818182,56251.18406871821,3.79936240004519,-27.263836618115,-27.263836618115,27409.08108688828,20860.641203664123,5.34397045205341e-09,3.79936240004519,1.652353734431212
7,CC-discharge,4,290.90909090909093,56323.911341445484,3.7850404279006113,-27.263836618115,-27.263836618115,27826.778610113888,20407.185812845233,5.34397045205341e-09,3.7850404279006113,2.2031383125749495
7,CC-discharge,5,363.6363636363637,56396.638614172756,3.771387034672811,-27.263836618115,-27.263836618115,28244.4738876562,19953.730421307053,5.34397045205341e-09,3.771387034672811,2.753922890718687
7,CC-discharge,6,436.3636363636364,56469.365886900036,3.7582964494316413,-27.263836618115,-27.263836618115,28662.168990747345,19500.275029757962,5.34397045205341e-09,3.7582964494316413,3.304707468862424
7,CC-discharge,7,509.0909090909091,56542.09315962731,3.7456754920825515,-27.263836618115,-27.263836618115,29079.864080220595,19046.819638208333,5.34397045205341e-09,3.7456754920825515,3.8554920470061615
7,CC-discharge,8,581.8181818181819,56614.82043235458,3.7334677628628343,-27.263836618115,-27.263836618115,29497.55916862481,18593.36424665881,5.34397045205341e-09,3.7334677628628343,4.406276625149899
7,CC-discharge,9,654.5454545454546,56687.54770508185,3.721626187921234,-27.263836618115,-27.263836618115,29915.254256945536,18139.908855109523,5.34397045205341e-09,3.721626187921234,4.9570612032936365
7,CC-discharge,10,727.2727272727274,56760.274977809124,3.7101146984279256,-27.263836618115,-27.263836618115,30332.949345258985,17686.4534635605,5.34397045205341e-09,3.7101146984279256,5.507845781437374
7,CC-discharge,11,800.0000000000001,56833.002250536396,3.698905408947383,-27.263836618115,-27.263836618115,30750.644433571975,17232.99807201138,5.34397045205341e-09,3.698905408947383,6.0586303595811115
7,CC-discharge,12,872.7272727272727,56905.72952326367,3.687976543222629,-27.263836618115,-27.263836618115,31168.33952188435,16779.54268046196,5.34397045205341e-09,3.687976543222629,6.609414937724848
7,CC-discharge,13,945.4545454545455,56978.45679599094,3.6773108762983857,-27.263836618115,-27.263836618115,31586.034610197286,16326.087288912944,5.34397045205341e-09,3.6773108762983857,7.160199515868586
7,CC-discharge,14,1018.1818181818182,57051.18406871821,3.6668945370000916,-27.263836618115,-27.263836618115,32003.729698509946,15872.631897363633,5.34397045205341e-09,3.6668945370000916,7.710984094012323
7,CC-discharge,15,1090.909090909091,57123.911341445484,3.656716061640786,-27.263836618115,-27.263836618115,32421.424786822838,15419.176505814341,5.34397045205341e-09,3.656716061640786,8.26176867215606
7,CC-discharge,16,1163.6363636363637,57196.638614172756,3.646765621591355,-27.263836618115,-27.263836618115,32839.11987513507,14965.72111426529,5.34397045205341e-09,3.646765621591355,8.812553250299798
7,CC-discharge,17,1236.3636363636365,57269.365886900036,3.637034367065177,-27.263836618115,-27.263836618115,33256.81496344786,14512.265722716089,5.34397045205341e-09,3.637034367065177,9.363337828443536
7,CC-discharge,18,1309.0909090909092,57342.09315962731,3.627513842645884,-27.263836618115,-27.263836618115,33674.51005176049,14058.810331166898,5.34397045205341e-09,3.627513842645884,9.914122406587273
7,CC-discharge,19,1381.818181818182,57414.82043235458,3.618195438255828,-27.263836618115,-27.263836618115,34092.20514007379,13605.35493961761,5.34397045205341e-09,3.618195438255828,10.46490698473101
7,CC-discharge,20,1454.5454545454547,57487.54770508185,3.609069843970866,-27.263836618115,-27.263836618115,34509.900228386265,13151.899548068377,5.34397045205341e-09,3.609069843970866,11.015691562874748
7,CC-discharge,21,1527.2727272727275,57560.274977809124,3.6001264801533135,-27.263836618115,-27.263836618115,34927.59531669918,12698.44415651922,5.34397045205341e-09,3.6001264801533135,11.566476141018486
7,CC-discharge,22,1600.0000000000002,57633.002250536396,3.5913528677552407,-27.263836618115,-27.263836618115,35345.29040501154,12244.988764970256,5.34397045205341e-09,3.5913528677552407,12.117260719162223
7,CC-discharge,23,1672.727272727273,57705.72952326367,3.5827333296519344,-27.263836618115,-27.263836618115,35762.98549332435,11791.533373420869,5.34397045205341e-09,3.5827333296519344,12.66804529730596
7,CC-discharge,24,1745.4545454545455,57778.45679599094,3.574250802682081,-27.263836618115,-27.263836618115,36180.680581637265,11338.077981871602,5.34397045205341e-09,3.574250802682081,13.218829875449696
7,CC-discharge,25,1818.1818181818182,57851.18406871821,3.565881349187315,-27.263836618115,-27.263836618115,36598.375669950176,10884.622590322213,5.34397045205341e-09,3.565881349187315,13.769614453593434
7,CC-discharge,26,1890.909090909091,57923.911341445484,3.5575963439610345,-27.263836618115,-27.263836618115,37016.07075826291,10431.167198773288,5.34397045205341e-09,3.5575963439610345,14.320399031737171
7,CC-discharge,27,1963.6363636363637,57996.638614172756,3.549360074072898,-27.263836618115,-27.263836618115,37433.765846575756,9977.711807224146,5.34397045205341e-09,3.549360074072898,14.871183609880909
7,CC-discharge,28,2036.3636363636365,58069.365886900036,3.541127933993785,-27.263836618115,-27.263836618115,37851.46093488863,9524.256415675083,5.34397045205341e-09,3.541127933993785,15.421968188024646
7,CC-discharge,29,2109.0909090909095,58142.09315962731,3.5328441223496534,-27.263836618115,-27.263836618115,38269.15602320193,9070.801024125827,5.34397045205341e-09,3.5328441223496534,15.972752766168385
7,CC-discharge,30,2181.818181818182,58214.82043235458,3.524438918665882,-27.263836618115,-27.263836618115,38686.851111514836,8617.345632576822,5.34397045205341e-09,3.524438918665882,16.52353734431212
7,CC-discharge,31,2254.545454545455,58287.54770508185,3.515825316990754,-27.263836618115,-27.263836618115,39104.54619982756,8163.89024102751,5.34397045205341e-09,3.515825316990754,17.07432192245586
7,CC-discharge,32,2327.2727272727275,58360.274977809124,3.5068951700960507,-27.263836618115,-27.263836618115,39522.24128814045,7710.434849478466,5.34397045205341e-09,3.5068951700960507,17.625106500599596
7,CC-discharge,33,2400.0,58433.002250536396,3.4975125332657915,-27.263836618115,-27.263836618115,39939.936376453334,7256.979457929304,5.34397045205341e-09,3.4975125332657915,18.175891078743334
7,CC-discharge,34,2472.727272727273,58505.72952326367,3.4875105020425075,-27.263836618115,-27.263836618115,40357.63146476615,6803.524066380198,5.34397045205341e-09,3.4875105020425075,18.726675656887075
7,CC-discharge,35,2545.4545454545455,58578.45679599094,3.4766805392980555,-27.263836618115,-27.263836618115,40775.32655307889,6350.068674831106,5.34397045205341e-09,3.4766805392980555,19.277460235030812
7,CC-discharge,36,2618.1818181818185,58651.18406871821,3.4647648603905035,-27.263836618115,-27.263836618115,41193.02164139135,5896.613283281959,5.34397045205341e-09,3.4647648603905035,19.82824481317455
7,CC-discharge,37,2690.909090909091,58723.911341445484,3.4514452332832737,-27.263836618115,-27.263836618115,41610.71672970446,5443.157891732751,5.34397045205341e-09,3.4514452332832737,20.379029391318287
7,CC-discharge,38,2763.636363636364,58796.638614172756,3.4363302261283604,-27.263836618115,-27.263836618115,42028.411818017456,4989.702500183543,5.34397045205341e-09,3.4363302261283604,20.929813969462025
7,CC-discharge,39,2836.3636363636365,58869.365886900036,3.418940671343792,-27.263836618115,-27.263836618115,42446.106906330584,4536.247108634457,5.34397045205341e-09,3.418940671343792,21.480598547605762
7,CC-discharge,40,2909.0909090909095,58942.09315962731,3.3986938772299733,-27.263836618115,-27.263836618115,42863.80199464374,4082.7917170854194,5.34397045205341e-09,3.3986938772299733,22.0313831257495
7,CC-discharge,41,2981.818181818182,59014.82043235458,3.3748866896729712,-27.263836618115,-27.263836618115,43281.49708295623,3629.3363255362783,5.34397045205341e-09,3.3748866896729712,22.582167703893237
7,CC-discharge,42,3054.545454545455,59087.54770508185,3.346681340586689,-27.263836618115,-27.263836618115,43699.192171268216,3175.88093398714,5.34397045205341e-09,3.346681340586689,23.132952282036975
7,CC-discharge,43,3127.2727272727275,59160.274977809124,3.3130897074905015,-27.263836618115,-27.263836618115,44116.88725958,2722.4255424380653,5.34397045205341e-09,3.3130897074905015,23.683736860180712
7,CC-discharge,44,3200.0000000000005,59233.002250536396,3.2729454509619162,-27.263836618115,-27.263836618115,44534.58234789217,2268.9701508889966,5.34397045205341e-09,3.2729454509619162,24.23452143832445
7,CC-discharge,45,3272.727272727273,59305.72952326367,3.224756546616493,-27.263836618115,-27.263836618115,44952.27743620495,1815.514759339966,5.34397045205341e-09,3.224756546616493,24.785306016468187
7,CC-discharge,46,3345.454545454546,59378.45679599094,3.165721851355838,-27.263836618115,-27.263836618115,45369.97252451775,1362.0593677909253,5.34397045205341e-09,3.165721851355838,25.336090594611925
7,CC-discharge,47,3418.1818181818185,59451.18406871821,3.08394745307441,-27.263836618115,-27.263836618115,45787.667612830315,908.6039762418848,5.34397045205341e-09,3.08394745307441,25.886875172755662
7,CC-discharge,48,3459.4105237599947,59492.41277429639,3.0000100000000005,-27.263836618115,-27.263836618115,46024.45674532068,651.5425173154766,5.34397045205341e-09,3.0000100000000005,26.199112031883374
7,CC-charge,0,3459.4105237599947,59492.41277429639,3.716617547193899,27.263836618115,27.263836618115,46024.45674532068,651.5425173154766,5.34397045205341e-09,3.716617547193899,0.0
7,CC-charge,1,3532.137796487267,59565.14004702366,3.821524586491135,27.263836618115,27.263836618115,45459.341792570594,1186.0396246718774,5.343982113221541e-09,3.821524586491135,-0.0
7,CC-charge,2,3604.86506921454,59637.867319750934,3.8677665115586173,27.263836618115,27.263836618115,45039.75273494941,1639.5207478046905,5.344014163573897e-09,3.8677665115586173,-0.0
7,CC-charge,3,3677.5923419418127,59710.594592478206,3.90513908161209,27.263836618115,27.263836618115,44622.020460543754,2092.9737763972753,5.3440805516023256e-09,3.90513908161209,-0.0
7,CC-charge,4,3750.3196146690857,59783.32186520548,3.9363682662372415,27.263836618115,27.263836618115,44204.32487742058,2546.425057847295,5.344200760778863e-09,3.9363682662372415,-0.0
7,CC-charge,5,3823.046887396358,59856.04913793275,3.9623822485338724,27.263836618115,27.263836618115,43786.6297840619,2999.873895988783,5.3443953157401254e-09,3.9623822485338724,-0.0
7,CC-charge,6,3895.774160123631,59928.77641066003,3.983952566746756,27.263836618115,27.263836618115,43368.93469581241,3453.319726800634,5.344683012660236e-09,3.983952566746756,-0.0
7,CC-charge,7,3968.5014328509037,60001.5036833873,4.001820261261049,27.263836618115,27.263836618115,42951.23960749941,3906.7621933903406,5.345076548140734e-09,4.001820261261049,-0.0
7,CC-charge,8,4041.2287055781767,60074.230956114574,4.016668795272068,27.263836618115,27.263836618115,42533.54451918656,4360.201197263539,5.34558049832648e-09,4.016668795272068,-0.0
7,CC-charge,9,4113.955978305449,60146.958228841846,4.029101343181252,27.263836618115,27.263836618115,42115.849430872535,4813.636870283799,5.346191894437789e-09,4.029101343181252,-0.0
7,CC-charge,10,4186.683251032722,60219.68550156912,4.039633952576833,27.263836618115,27.263836618115,41698.1543425594,5267.069514295871,5.346901961722135e-09,4.039633952576833,-0.0
7,CC-charge,11,4259.410523759995,60292.41277429639,4.048699418292086,27.263836618115,27.263836618115,41280.4592542463,5720.499529376091,5.3476983809344795e-09,4.048699418292086,-0.0
7,CC-charge,12,4332.137796487267,60365.14004702366,4.0566549214558805,27.263836618115,27.263836618115,40862.76416593294,6173.927349265232,5.34856740923877e-09,4.0566549214558805,-0.0
7,CC-charge,13,4404.86506921454,60437.867319750934,4.06379279788694,27.263836618115,27.263836618115,40445.069077619635,6627.35339301731,5.349495525554576e-09,4.06379279788694,-0.0
7,CC-charge,14,4477.592341941813,60510.594592478206,4.070350198223544,27.263836618115,27.263836618115,40027.373989305976,7080.77803520767,5.350470483740643e-09,4.070350198223544,-0.0
7,CC-charge,15,4550.319614669086,60583.32186520548,4.076518376947021,27.263836618115,27.263836618115,39609.67890099254,7534.201590977196,5.351481870960245e-09,4.076518376947021,-0.0
7,CC-charge,16,4623.046887396358,60656.04913793275,4.082450676061419,27.263836618115,27.263836618115,39191.983812679166,7987.624313175946,5.352521253221999e-09,4.082450676061419,-0.0
7,CC-charge,17,4695.774160123631,60728.77641066003,4.088269997171181,27.263836618115,27.263836618115,38774.28872436556,8441.046393818167,5.3535821629127645e-09,4.088269997171181,-0.0
7,CC-charge,18,4768.501432850904,60801.5036833873,4.094073552007419,27.263836618115,27.263836618115,38356.593636052196,8894.467942906476,5.354660796438278e-09,4.094073552007419,-0.0
7,CC-charge,19,4841.228705578176,60874.230956114574,4.099938777705846,27.263836618115,27.263836618115,37938.8985477386,9347.889089641614,5.3557527660009916e-09,4.099938777705846,-0.0
7,CC-charge,20,4913.955978305449,60946.958228841846,4.105926611410479,27.263836618115,27.263836618115,37521.203459425364,9801.309887556214,5.356856162366627e-09,4.105926611410479,-0.0
7,CC-charge,21,4986.683251032722,61019.68550156912,4.112084711658099,27.263836618115,27.263836618115,37103.50837111198,10254.730352129278,5.357970324296741e-09,4.112084711658099,-0.0
7,CC-charge,22,5059.410523759995,61092.41277429639,4.118451742528285,27.263836618115,27.263836618115,36685.813282798925,10708.15049236553,5.359094829557406e-09,4.118451742528285,-0.0
7,CC-charge,23,5132.137796487268,61165.14004702366,4.125056322893345,27.263836618115,27.263836618115,36268.11819448595,11161.57028855145,5.360230202105399e-09,4.125056322893345,-0.0
7,CC-charge,24,5204.86506921454,61237.867319750934,4.131921369446579,27.263836618115,27.263836618115,35850.42310617206,11614.989704265963,5.3613775194755634e-09,4.131921369446579,-0.0
7,CC-charge,25,5277.592341941813,61310.594592478206,4.139064811730621,27.263836618115,27.263836618115,35432.72801785869,12068.408691965775,5.36253823174375e-09,4.139064811730621,-0.0
7,CC-charge,26,5350.319614669086,61383.32186520548,4.146500734147027,27.263836618115,27.263836618115,35015.03292954546,12521.82719328233,5.363714146308228e-09,4.146500734147027,-0.0
7,CC-charge,27,5423.046887396358,61456.04913793275,4.154240333332129,27.263836618115,27.263836618115,34597.33784123227,12975.245140985951,5.3649073624610704e-09,4.154240333332129,-0.0
7,CC-charge,28,5495.774160123631,61528.77641066003,4.162294607293633,27.263836618115,27.263836618115,34179.64275291887,13428.66245715545,5.3661203255786655e-09,4.162294607293633,-0.0
7,CC-charge,29,5568.501432850904,61601.5036833873,4.170668063785092,27.263836618115,27.263836618115,33761.947664605694,13882.079102994228,5.3673542408806685e-09,4.170668063785092,-0.0
7,CC-charge,30,5641.228705578176,61674.230956114574,4.179368887335242,27.263836618115,27.263836618115,33344.25257629249,14335.494949444123,5.368613187376482e-09,4.179368887335242,-0.0
7,CC-charge,31,5713.95597830545,61746.958228841846,4.188403648214277,27.263836618115,27.263836618115,32926.557487979175,14788.90990358086,5.3699000991243035e-09,4.188403648214277,-0.0
7,CC-charge,32,5786.683251032722,61819.68550156912,4.197779246754888,27.263836618115,27.263836618115,32508.8623996655,15242.323863340918,5.37121819817773e-09,4.197779246754888,-0.0
7,CC-charge,33,5803.442420383022,61836.444670919416,4.19999,27.263836618115,27.263836618115,32412.609337240447,15346.807786846028,5.3715264795819735e-09,4.19999,-0.0
7,CV-charge,0,5803.442420383022,61836.444670919416,4.2,27.288528950542855,27.288528950542855,32412.609337240447,15346.807786846028,5.3715264795819735e-09,4.2,0.0
7,CV-charge,1,5876.169693110295,61909.17194364669,4.2,24.221312007069223,24.221312007069223,31890.47985188892,15842.004916828879,5.3727975896247236e-09,4.2,-0.0
7,CV-charge,2,5948.896965837567,61981.89921637396,4.199999999999999,22.281801989552886,22.281801989552886,31543.742885253323,16222.416297804715,5.373990267088649e-09,4.199999999999999,-0.0
7,CV-charge,3,6021.62423856484,62054.62648910123,4.200000000000001,20.586554485960203,20.586554485960203,31225.395872546578,16573.144070358918,5.375117705068591e-09,4.200000000000001,-0.0
7,CV-charge,4,6094.351511292113,62127.353761828505,4.199999999999999,19.08784799206233,19.08784799206233,30930.14289213241,16898.23443639221,5.3761881720435776e-09,4.199999999999999,-0.0
7,CV-charge,5,6167.078784019386,62200.08103455578,4.200000000000001,17.75695162284715,17.75695162284715,30655.595072777207,17200.329486302206,5.377206916753398e-09,4.200000000000001,-0.0
7,CV-charge,6,6239.806056746658,62272.808307283056,4.2,16.569185864822707,16.569185864822707,30399.5200114414,17481.929015721435,5.37817896449464e-09,4.2,-0.0
7,CV-charge,7,6312.533329473931,62345.53558001033,4.2,15.504121711150162,15.504121711150162,30159.99740445174,17745.18137071522,5.379108652541235e-09,4.2,-0.0
7,CV-charge,8,6385.260602201204,62418.2628527376,4.2,14.544821151542276,14.544821151542276,29935.3747457297,17991.93317119311,5.379999729630057e-09,4.2,-0.0
7,CV-charge,9,6457.987874928477,62490.99012546487,4.2,13.677144965236781,13.677144965236781,29724.22159018178,18223.781186654964,5.380855458305268e-09,4.2,-0.0
7,CV-charge,10,6530.715147655749,62563.717398192144,4.199999999999999,12.889239634632784,12.889239634632784,29525.294439896057,18442.112087035774,5.381678692356553e-09,4.199999999999999,-0.0
7,CV-charge,11,6603.442420383022,62636.444670919416,4.2,12.17111822422033,12.17111822422033,29337.50772345817,18648.135261322976,5.382471940237323e-09,4.2,-0.0
7,CV-charge,12,6676.169693110295,62709.17194364669,4.199999999999999,11.514271281938353,11.514271281938353,29159.896697592223,18842.92437802079,5.3832374515979745e-09,4.199999999999999,-0.0
7,CV-charge,13,6748.896965837568,62781.89921637396,4.199999999999999,10.911127211695275,10.911127211695275,28991.515114494658,19027.530043126266,5.38397748303617e-09,4.199999999999999,-0.0
7,CV-charge,14,6821.62423856484,62854.62648910123,4.199999999999999,10.35634821209237,10.35634821209237,28831.850252162014,19202.525217469833,5.384693168053841e-09,4.199999999999999,-0.0
7,CV-charge,15,6894.351511292113,62927.353761828505,4.199999999999999,9.843785245313459,9.843785245313459,28679.996005412533,19368.91272461529,5.3853867534314545e-09,4.199999999999999,-0.0
7,CV-charge,16,6967.078784019386,63000.08103455578,4.2,9.369303250699117,9.369303250699117,28535.486385223827,19527.210944892275,5.38605931847417e-09,4.2,-0.0
7,CV-charge,17,7039.806056746658,63072.808307283056,4.2,8.928926301267968,8.928926301267968,28397.790642147665,19678.008360770236,5.3867121517244836e-09,4.2,-0.0
7,CV-charge,18,7112.533329473931,63145.53558001033,4.199999999999999,8.519202823696899,8.519202823696899,28266.43244664304,19821.832672186007,5.387346419957155e-09,4.199999999999999,-0.0
7,CV-charge,19,7185.260602201204,63218.2628527376,4.199999999999999,8.137113336683322,8.137113336683322,28140.98242178575,19959.159261952438,5.3879631847563756e-09,4.199999999999999,-0.0
7,CV-charge,20,7257.987874928477,63290.99012546487,4.2,7.780012102437575,7.780012102437575,28021.0524840492,20090.417534170323,5.3885634147113105e-09,4.2,-0.0
7,CV-charge,21,7330.71514765575,63363.717398192144,4.2,7.445571799980651,7.445571799980651,27906.29085401596,20215.99649926538,5.3891479962626585e-09,4.2,-0.0
7,CV-charge,22,7403.442420383022,63436.444670919416,4.2,7.131738384177302,7.131738384177302,27796.377776312216,20336.249560710265,5.389717743033414e-09,4.2,-0.0
7,CV-charge,23,7476.169693110295,63509.17194364669,4.2,6.83669685998929,6.83669685998929,27691.02314031227,20451.497195322023,5.3902734005181105e-09,4.2,-0.0
7,CV-charge,24,7548.896965837568,63581.89921637396,4.2,6.558831214568376,6.558831214568376,27589.96040896138,20562.033692745426,5.39081566049553e-09,4.2,-0.0
7,CV-charge,25,7621.62423856484,63654.62648910123,4.200000000000001,6.29670263407273,6.29670263407273,27492.94562621628,20668.128276322903,5.391345162555744e-09,4.200000000000001,-0.0
7,CV-charge,26,7694.351511292113,63727.353761828505,4.2,6.0490260840140735,6.0490260840140735,27399.75482258803,20770.028000297047,5.391862499927058e-09,4.2,-0.0
7,CV-charge,27,7767.078784019386,63800.08103455578,4.2,5.814650844274079,5.814650844274079,27310.18192027448,20867.960083823793,5.392368224125639e-09,4.2,-0.0
7,CV-charge,28,7839.806056746658,63872.808307283056,4.2,5.592543870871419,5.592543870871419,27224.036898488517,20962.133954045516,5.392862849043114e-09,4.2,-0.0
7,CV-charge,29,7912.533329473932,63945.53558001033,4.2,5.3817755251367,5.3817755251367,27141.144181840646,21052.743039643534,5.393346854550698e-09,4.2,-0.0
7,CV-charge,30,7985.260602201204,64018.2628527376,4.2,5.1815072928277335,5.1815072928277335,27061.341220614362,21139.96634990011,5.3938206896858735e-09,4.2,-0.0
7,CV-charge,31,8057.987874928477,64090.99012546487,4.199999999999999,4.9909811818386425,4.9909811818386425,26984.477236658808,21223.96986878278,5.394284775477409e-09,4.199999999999999,-0.0
7,CV-charge,32,8130.71514765575,64163.717398192144,4.200000000000001,4.809510540655431,4.809510540655431,26910.412112630416,21304.90778900419,5.394739507455999e-09,4.200000000000001,-0.0
7,CV-charge,33,8203.442420383022,64236.444670919416,4.2,4.6364720833913236,4.6364720833913236,26839.015405719372,21382.923607214914,5.3951852578907794e-09,4.2,-0.0
7,CV-charge,34,8276.169693110296,64309.17194364669,4.200000000000002,4.471298942743046,4.471298942743046,26770.16546976487,21458.151098355997,5.3956223777860816e-09,4.200000000000002,-0.0
7,CV-charge,35,8348.896965837568,64381.89921637396,4.200000000000001,4.3134746014210075,4.3134746014210075,26703.748672022008,21530.715184546494,5.39605119866787e-09,4.200000000000001,-0.0
7,CV-charge,36,8421.62423856484,64454.62648910123,4.2,4.162527576595373,4.162527576595373,26639.65869281863,21600.732711665918,5.396472034185201e-09,4.2,-0.0
7,CV-charge,37,8494.351511292112,64527.353761828505,4.200000000000001,4.01802675165806,4.01802675165806,26577.79589796782,21668.313144959367,5.396885181548507e-09,4.200000000000001,-0.0
7,CV-charge,38,8567.078784019386,64600.081034555784,4.2,3.8795772660524155,3.8795772660524155,26518.06677523256,21733.559193388002,5.397290922823657e-09,4.2,-0.0
7,CV-charge,39,8639.806056746658,64672.808307283056,4.2,3.7468168875052195,3.7468168875052195,26460.383427300065,21796.567371152178,5.39768952609815e-09,4.2,-0.0
7,CV-charge,40,8712.533329473932,64745.53558001033,4.200000000000001,3.6194128023742698,3.6194128023742698,26404.66311473754,21857.42850366212,5.398081246533751e-09,4.200000000000001,-0.0
7,CV-charge,41,8785.260602201204,64818.2628527376,4.199999999999999,3.497058769334105,3.497058769334105,26350.82784326626,21916.228184291045,5.398466327318026e-09,4.199999999999999,-0.0
7,CV-charge,42,8857.987874928476,64890.99012546487,4.199999999999999,3.379472589557706,3.379472589557706,26298.803990403332,21973.047187412845,5.3988450005257e-09,4.199999999999999,-0.0
7,CV-charge,43,8930.71514765575,64963.717398192144,4.2,3.2663938532974215,3.2663938532974215,26248.521967169974,22027.961842527577,5.3992174878994154e-09,4.2,-0.0
7,CV-charge,44,9003.442420383022,65036.444670919416,4.200000000000001,3.157581928403758,3.157581928403758,26199.915911089676,22081.044373671582,5.399584001558346e-09,4.200000000000001,-0.0
7,CV-charge,45,9076.169693110296,65109.17194364669,4.200000000000001,3.0528141610943775,3.0528141610943775,26152.923407164275,22132.36320781032,5.399944744642094e-09,4.200000000000001,-0.0
7,CV-charge,46,9148.896965837568,65181.89921637396,4.2,2.9518842633868467,2.9518842633868467,26107.485233924872,22181.983255434498,5.4002999118964926e-09,4.2,-0.0
7,CV-charge,47,9221.62423856484,65254.62648910123,4.199999999999999,2.8546008650207835,2.8546008650207835,26063.54513198983,22229.966166221147,5.400649690207141e-09,4.199999999999999,-0.0
7,CV-charge,48,9294.351511292112,65327.353761828505,4.2,2.7607862106690915,2.7607862106690915,26021.049592869243,22276.37056227365,5.400994259085879e-09,4.2,-0.0
7,CV-charge,49,9321.743330689493,65354.745581225885,4.2,2.7263936618114997,2.7263936618114997,26005.442657305568,22293.41280899603,5.401122597115805e-09,4.2,-0.0
8,CC-discharge,0,0.0,65354.745581225885,3.854805518223373,-27.263836618115,-27.263836618115,26005.442657305568,22293.41280899603,5.401122597115805e-09,3.854805518223373,0.0
8,CC-discharge,1,72.72727272727273,65427.47285395316,3.8307718391868693,-27.263836618115,-27.263836618115,26570.562377883543,21758.912923755885,5.401122597115805e-09,3.8307718391868693,0.5507845781437374
8,CC-discharge,2,145.45454545454547,65500.20012668043,3.8145239516772236,-27.263836618115,-27.263836618115,26990.150227244012,21305.432968983125,5.401122597115805e-09,3.8145239516772236,1.1015691562874748
8,CC-discharge,3,218.1818181818182,65572.92739940771,3.7993700367343175,-27.263836618115,-27.263836618115,27407.876800064725,20851.977626926506,5.401122597115805e-09,3.7993700367343175,1.652353734431212
8,CC-discharge,4,290.90909090909093,65645.65467213497,3.785045632810623,-27.263836618115,-27.263836618115,27825.574324760335,20398.52223610552,5.401122597115805e-09,3.785045632810623,2.2031383125749495
8,CC-discharge,5,363.6363636363637,65718.38194486225,3.7713902833560446,-27.263836618115,-27.263836618115,28243.269602445285,19945.06684456657,5.401122597115805e-09,3.7713902833560446,2.753922890718687
8,CC-discharge,6,436.3636363636364,65791.10921758952,3.758298127187375,-27.263836618115,-27.263836618115,28660.964705549293,19491.61145301745,5.401122597115805e-09,3.758298127187375,3.304707468862424
8,CC-discharge,7,509.0909090909091,65863.8364903168,3.745675863938821,-27.263836618115,-27.263836618115,29078.659795023006,19038.15606146852,5.401122597115805e-09,3.745675863938821,3.8554920470061615
8,CC-discharge,8,581.8181818181819,65936.56376304406,3.7334670552912668,-27.263836618115,-27.263836618115,29496.354883427393,18584.70066991901,5.401122597115805e-09,3.7334670552912668,4.406276625149899
8,CC-discharge,9,654.5454545454546,66009.29103577134,3.72162458171171,-27.263836618115,-27.263836618115,29914.0499717476,18131.245278370137,5.401122597115805e-09,3.72162458171171,4.9570612032936365
8,CC-discharge,10,727.2727272727274,66082.0183084986,3.710112338654188,-27.263836618115,-27.263836618115,30331.745060060854,17677.789886821007,5.401122597115805e-09,3.710112338654188,5.507845781437374
8,CC-discharge,11,800.0000000000001,66154.74558122588,3.6989024119814466,-27.263836618115,-27.263836618115,30749.440148373276,17224.334495271756,5.401122597115805e-09,3.6989024119814466,6.0586303595811115
8,CC-discharge,12,872.7272727272727,66227.47285395316,3.6879730015961787,-27.263836618115,-27.263836618115,31167.135236686,16770.879103722535,5.401122597115805e-09,3.6879730015961787,6.609414937724848
8,CC-discharge,13,945.4545454545455,66300.20012668043,3.6773068619204765,-27.263836618115,-27.263836618115,31584.830324999366,16317.42371217348,5.401122597115805e-09,3.6773068619204765,7.160199515868586
8,CC-discharge,14,1018.1818181818182,66372.92739940771,3.6668901030520353,-27.263836618115,-27.263836618115,32002.525413311818,15863.96832062406,5.401122597115805e-09,3.6668901030520353,7.710984094012323
8,CC-discharge,15,1090.909090909091,66445.65467213497,3.6567112433294917,-27.263836618115,-27.263836618115,32420.220501624128,15410.512929074972,5.401122597115805e-09,3.6567112433294917,8.26176867215606
8,CC-discharge,16,1163.6363636363637,66518.38194486225,3.64676043584963,-27.263836618115,-27.263836618115,32837.91558993693,14957.0575375256,5.401122597115805e-09,3.64676043584963,8.812553250299798
8,CC-discharge,17,1236.3636363636365,66591.10921758952,3.637028811205517,-27.263836618115,-27.263836618115,33255.61067825007,14503.602145976518,5.401122597115805e-09,3.637028811205517,9.363337828443536
8,CC-discharge,18,1309.0909090909092,66663.8364903168,3.6275078919057404,-27.263836618115,-27.263836618115,33673.30576656257,14050.146754427553,5.401122597115805e-09,3.6275078919057404,9.914122406587273
8,CC-discharge,19,1381.818181818182,66736.56376304406,3.6181890421069283,-27.263836618115,-27.263836618115,34091.0008548752,13596.691362878111,5.401122597115805e-09,3.6181890421069283,10.46490698473101
8,CC-discharge,20,1454.5454545454547,66809.29103577134,3.6090629209970904,-27.263836618115,-27.263836618115,34508.69594318823,13143.235971329264,5.401122597115805e-09,3.6090629209970904,11.015691562874748
8,CC-discharge,21,1527.2727272727275,66882.0183084986,3.6001189112332206,-27.263836618115,-27.263836618115,34926.39103150086,12689.780579780212,5.401122597115805e-09,3.6001189112332206,11.566476141018486
8,CC-discharge,22,1600.0000000000002,66954.74558122588,3.5913444871647338,-27.263836618115,-27.263836618115,35344.08611981363,12236.325188230736,5.401122597115805e-09,3.5913444871647338,12.117260719162223
8,CC-discharge,23,1672.727272727273,67027.47285395316,3.58272391962961,-27.263836618115,-27.263836618115,35761.7812081266,11782.86979668115,5.401122597115805e-09,3.58272391962961,12.66804529730596
8,CC-discharge,24,1745.4545454545455,67100.20012668043,3.574240059658619,-27.263836618115,-27.263836618115,36179.47629643934,11329.414405131824,5.401122597115805e-09,3.574240059658619,13.218829875449696
8,CC-discharge,25,1818.1818181818182,67172.92739940771,3.5658688858500986,-27.263836618115,-27.263836618115,36597.17138475162,10875.95901358246,5.401122597115805e-09,3.5658688858500986,13.769614453593434
8,CC-discharge,26,1890.909090909091,67245.65467213497,3.557581659685454,-27.263836618115,-27.263836618115,37014.86647306407,10422.50362203351,5.401122597115805e-09,3.557581659685454,14.320399031737171
8,CC-discharge,27,1963.6363636363637,67318.38194486225,3.549342526427928,-27.263836618115,-27.263836618115,37432.56156137637,9969.048230484384,5.401122597115805e-09,3.549342526427928,14.871183609880909
8,CC-discharge,28,2036.3636363636365,67391.10921758952,3.5411067020280784,-27.263836618115,-27.263836618115,37850.256649688905,9515.592838935116,5.401122597115805e-09,3.5411067020280784,15.421968188024646
8,CC-discharge,29,2109.0909090909095,67463.8364903168,3.5328181608126683,-27.263836618115,-27.263836618115,38267.951738002004,9062.137447386182,5.401122597115805e-09,3.5328181608126683,15.972752766168385
8,CC-discharge,30,2181.818181818182,67536.56376304406,3.5244069032517387,-27.263836618115,-27.263836618115,38685.646826314936,8608.682055836925,5.401122597115805e-09,3.5244069032517387,16.52353734431212
8,CC-discharge,31,2254.545454545455,67609.29103577134,3.5157855754396907,-27.263836618115,-27.263836618115,39103.34191462763,8155.226664287733,5.401122597115805e-09,3.5157855754396907,17.07432192245586
8,CC-discharge,32,2327.2727272727275,67682.0183084986,3.506845588585325,-27.263836618115,-27.263836618115,39521.03700294027,7701.771272738598,5.401122597115805e-09,3.506845588585325,17.625106500599596
8,CC-discharge,33,2400.0,67754.74558122588,3.4974504859812687,-27.263836618115,-27.263836618115,39938.732091253056,7248.31588118958,5.401122597115805e-09,3.4974504859812687,18.175891078743334
8,CC-discharge,34,2472.727272727273,67827.47285395316,3.48743267471117,-27.263836618115,-27.263836618115,40356.427179565755,6794.8604896404195,5.401122597115805e-09,3.48743267471117,18.726675656887075
8,CC-discharge,35,2545.4545454545455,67900.20012668043,3.4765828055352284,-27.263836618115,-27.263836618115,40774.12226787845,6341.405098091229,5.401122597115805e-09,3.4765828055352284,19.277460235030812
8,CC-discharge,36,2618.1818181818185,67972.92739940771,3.464642091004884,-27.263836618115,-27.263836618115,41191.81735619121,5887.949706542181,5.401122597115805e-09,3.464642091004884,19.82824481317455
8,CC-discharge,37,2690.909090909091,68045.65467213497,3.451291077609681,-27.263836618115,-27.263836618115,41609.51244450397,5434.494314993053,5.401122597115805e-09,3.451291077609681,20.379029391318287
8,CC-discharge,38,2763.636363636364,68118.38194486225,3.4361368605225913,-27.263836618115,-27.263836618115,42027.20753281693,4981.038923443974,5.401122597115805e-09,3.4361368605225913,20.929813969462025
8,CC-discharge,39,2836.3636363636365,68191.10921758952,3.418698518883303,-27.263836618115,-27.263836618115,42444.90262112983,4527.583531894955,5.401122597115805e-09,3.418698518883303,21.480598547605762
8,CC-discharge,40,2909.0909090909095,68263.8364903168,3.3983913048903767,-27.263836618115,-27.263836618115,42862.5977094424,4074.128140345912,5.401122597115805e-09,3.3983913048903767,22.0313831257495
8,CC-discharge,41,2981.818181818182,68336.56376304406,3.3745097510824786,-27.263836618115,-27.263836618115,43280.29279775522,3620.67274879679,5.401122597115805e-09,3.3745097510824786,22.582167703893237
8,CC-discharge,42,3054.545454545455,68409.29103577134,3.346213484189326,-27.263836618115,-27.263836618115,43697.987886068346,3167.2173572477222,5.401122597115805e-09,3.346213484189326,23.132952282036975
8,CC-discharge,43,3127.2727272727275,68482.0183084986,3.3125115311468316,-27.263836618115,-27.263836618115,44115.682974381154,2713.7619656986467,5.401122597115805e-09,3.3125115311468316,23.683736860180712
8,CC-discharge,44,3200.0000000000005,68554.74558122588,3.2722337078120134,-27.263836618115,-27.263836618115,44533.37806269422,2260.3065741496375,5.401122597115805e-09,3.2722337078120134,24.23452143832445
8,CC-discharge,45,3272.727272727273,68627.47285395316,3.2238778342608154,-27.263836618115,-27.263836618115,44951.073151007295,1806.8511826005715,5.401122597115805e-09,3.2238778342608154,24.785306016468187
8,CC-discharge,46,3345.454545454546,68700.20012668043,3.164589504512694,-27.263836618115,-27.263836618115,45368.768239320605,1353.3957910515649,5.401122597115805e-09,3.164589504512694,25.336090594611925
8,CC-discharge,47,3418.1818181818185,68772.92739940771,3.0820335114882247,-27.263836618115,-27.263836618115,45786.46332763303,899.9403995025154,5.401122597115805e-09,3.0820335114882247,25.886875172755662
8,CC-discharge,48,3458.071988313652,68812.81756953953,3.0000099999999996,-27.263836618115,-27.263836618115,46015.56483950327,651.2247246563091,5.401122597115805e-09,3.0000099999999996,26.18897491751764
8,CC-charge,0,3458.071988313652,68812.81756953953,3.716589895741985,27.263836618115,27.263836618115,46015.56483950327,651.2247246563091,5.401122597115805e-09,3.716589895741985,0.0
8,CC-charge,1,3530.7992610409246,68885.54484226681,3.82157343664736,27.263836618115,27.263836618115,45450.44988659787,1185.72183261725,5.4011342476515834e-09,3.82157343664736,-0.0
8,CC-charge,2,3603.5265337681976,68958.27211499408,3.8678207239820974,27.263836618115,27.263836618115,45030.86084356128,1639.2029560120338,5.40116627968843e-09,3.8678207239820974,-0.0
8,CC-charge,3,3676.25380649547,69030.99938772136,3.9051960798425287,27.263836618115,27.263836618115,44613.128554964824,2092.6559857983916,5.401232637329158e-09,3.9051960798425287,-0.0
8,CC-charge,4,3748.981079222743,69103.72666044862,3.9364283328665755,27.263836618115,27.263836618115,44195.432971606766,2546.1072687479136,5.4013528012465205e-09,3.9364283328665755,-0.0
8,CC-charge,5,3821.7083519500156,69176.4539331759,3.962445745871762,27.263836618115,27.263836618115,43777.73787824363,2999.556108822124,5.401547296868812e-09,3.962445745871762,-0.0
8,CC-charge,6,3894.4356246772886,69249.18120590317,3.9840197052571384,27.263836618115,27.263836618115,43360.04278999382,3453.0019418971197,5.401834923131661e-09,3.9840197052571384,-0.0
8,CC-charge,7,3967.162897404561,69321.90847863044,4.001891146295107,27.263836618115,27.263836618115,42942.34770168153,3906.4444109087767,5.40222838188333e-09,4.001891146295107,-0.0
8,CC-charge,8,4039.890170131834,69394.63575135771,4.016743478469461,27.263836618115,27.263836618115,42524.65261336844,4359.883417186792,5.402732254918993e-09,4.016743478469461,-0.0
8,CC-charge,9,4112.617442859107,69467.36302408499,4.029179853939655,27.263836618115,27.263836618115,42106.95752505508,4813.3190924511255,5.403343578256824e-09,4.029179853939655,-0.0
8,CC-charge,10,4185.34471558638,69540.09029681225,4.039716315252524,27.263836618115,27.263836618115,41689.26243674146,5266.751738453837,5.404053580406577e-09,4.039716315252524,-0.0
8,CC-charge,11,4258.071988313653,69612.81756953953,4.0487856594322595,27.263836618115,27.263836618115,41271.56734842816,5720.181755225144,5.404849943849758e-09,4.0487856594322595,-0.0
8,CC-charge,12,4330.799261040925,69685.54484226681,4.056745073769894,27.263836618115,27.263836618115,40853.87226011471,6173.60957650223,5.405718926095948e-09,4.056745073769894,-0.0
8,CC-charge,13,4403.526533768198,69758.27211499408,4.063886899937024,27.263836618115,27.263836618115,40436.17717180176,6627.035621361757,5.406647005471702e-09,4.063886899937024,-0.0
8,CC-charge,14,4476.253806495471,69830.99938772136,4.070448293739709,27.263836618115,27.263836618115,40018.48208348823,7080.460264416851,5.407621934699328e-09,4.070448293739709,-0.0
8,CC-charge,15,4548.981079222744,69903.72666044862,4.076620513495602,27.263836618115,27.263836618115,39600.786995175135,7533.883820852311,5.408633299561954e-09,4.076620513495602,-0.0
8,CC-charge,16,4621.708351950016,69976.4539331759,4.0825569035445275,27.263836618115,27.263836618115,39183.09190686183,7987.306543562144,5.409672664662233e-09,4.0825569035445275,-0.0
8,CC-charge,17,4694.435624677289,70049.18120590317,4.088380366914239,27.263836618115,27.263836618115,38765.39681854836,8440.728624599506,5.410733561114528e-09,4.088380366914239,-0.0
8,CC-charge,18,4767.162897404562,70121.90847863044,4.0941881153107476,27.263836618115,27.263836618115,38347.70173023478,8894.150173995997,5.411812184374088e-09,4.0941881153107476,-0.0
8,CC-charge,19,4839.890170131834,70194.63575135771,4.10005758520883,27.263836618115,27.263836618115,37930.00664192171,9347.57132099049,5.4129041453858206e-09,4.10005758520883,-0.0
8,CC-charge,20,4912.617442859107,70267.36302408499,4.1060497127907665,27.263836618115,27.263836618115,37512.311553607986,9800.992119138715,5.414007534152662e-09,4.1060497127907665,-0.0
8,CC-charge,21,4985.34471558638,70340.09029681225,4.112212154908847,27.263836618115,27.263836618115,37094.616465294355,10254.412583935753,5.415121688889994e-09,4.112212154908847,-0.0
8,CC-charge,22,5058.071988313653,70412.81756953953,4.118583575784167,27.263836618115,27.263836618115,36676.9213769813,10707.832724403726,5.416246186790731e-09,4.118583575784167,-0.0
8,CC-charge,23,5130.799261040926,70485.54484226681,4.125192593026184,27.263836618115,27.263836618115,36259.226288668084,11161.252520846578,5.417381551245311e-09,4.125192593026184,-0.0
8,CC-charge,24,5203.526533768198,70558.27211499408,4.132062123438275,27.263836618115,27.263836618115,35841.53120035518,11614.67193684267,5.4185288598021175e-09,4.132062123438275,-0.0
8,CC-charge,25,5276.253806495471,70630.99938772136,4.139210097911911,27.263836618115,27.263836618115,35423.836112041485,12068.090924860968,5.419689562104778e-09,4.139210097911911,-0.0
8,CC-charge,26,5348.981079222744,70703.72666044862,4.1466506035956,27.263836618115,27.263836618115,35006.141023728094,12521.50942654056,5.420865465327864e-09,4.1466506035956,-0.0
8,CC-charge,27,5421.708351950016,70776.4539331759,4.15439484180395,27.263836618115,27.263836618115,34588.44593541471,12974.927374657422,5.422058668567165e-09,4.15439484180395,-0.0
8,CC-charge,28,5494.435624677289,70849.18120590317,4.162453817157873,27.263836618115,27.263836618115,34170.750847101204,13428.344691296566,5.4232716169829474e-09,4.162453817157873,-0.0
8,CC-charge,29,5567.162897404562,70921.90847863044,4.17083204864732,27.263836618115,27.263836618115,33753.055758787865,13881.76133766393,5.42450551574415e-09,4.17083204864732,-0.0
8,CC-charge,30,5639.890170131834,70994.63575135771,4.179537734258127,27.263836618115,27.263836618115,33335.360670474554,14335.177184708711,5.425764443612244e-09,4.179537734258127,-0.0
8,CC-charge,31,5712.6174428591075,71067.36302408499,4.188577462820774,27.263836618115,27.263836618115,32917.66558216114,14788.592139510127,5.427051334521001e-09,4.188577462820774,-0.0
8,CC-charge,32,5785.34471558638,71140.09029681225,4.197958159220041,27.263836618115,27.263836618115,32499.970493848406,15242.006100009807,5.4283694103605225e-09,4.197958159220041,-0.0
8,CC-charge,33,5800.745147407908,71155.49072863378,4.19999,27.263836618115,27.263836618115,32411.521078814083,15338.019068469695,5.428652589435729e-09,4.19999,-0.0
8,CV-charge,0,5800.745147407908,71155.49072863378,4.199999999999999,27.288479589400033,27.288479589400033,32411.521078814083,15338.019068469695,5.428652589435729e-09,4.199999999999999,0.0
8,CV-charge,1,5873.472420135181,71228.21800136106,4.200000000000001,24.22168292309738,24.22168292309738,31889.38668969057,15833.220666082125,5.429923036014537e-09,4.200000000000001,-0.0
8,CV-charge,2,5946.199692862453,71300.94527408833,4.2,22.282406821550236,22.282406821550236,31542.640749136775,16213.641092628859,5.431115065988666e-09,4.2,-0.0
8,CV-charge,3,6018.926965589726,71373.67254681561,4.2,20.587311550813506,20.587311550813506,31224.28191215114,16564.381169108616,5.4322418698344465e-09,4.2,-0.0
8,CV-charge,4,6091.654238316999,71446.39981954287,4.200000000000001,19.088701854649162,19.088701854649162,30929.015905049182,16889.485369357484,5.43331171364075e-09,4.200000000000001,-0.0
8,CV-charge,5,6164.381511044272,71519.12709227015,4.2,17.757860604237308,17.757860604237308,30654.45409267559,17191.59543840319,5.434329846437933e-09,4.2,-0.0
8,CV-charge,6,6237.108783771544,71591.85436499742,4.199999999999999,16.570120341557782,16.570120341557782,30398.36462256399,17473.210533238343,5.435301292778457e-09,4.199999999999999,-0.0
8,CV-charge,7,6309.836056498817,71664.5816377247,4.2,15.505060262881381,15.505060262881381,30158.827515275905,17736.478621820934,5.436230389471071e-09,4.2,-0.0
8,CV-charge,8,6382.56332922609,71737.30891045196,4.200000000000001,14.545748589388015,14.545748589388015,29934.190512529847,17983.24603528459,5.437120884793026e-09,4.200000000000001,-0.0
8,CV-charge,9,6455.290601953363,71810.03618317924,4.2,13.678050453597686,13.678050453597686,29723.023338258616,18215.10934546664,5.437976040889515e-09,4.2,-0.0
8,CV-charge,10,6528.017874680635,71882.7634559065,4.199999999999999,12.890115491102796,12.890115491102796,29524.08259411015,18433.455104341447,5.438798711227273e-09,4.199999999999999,-0.0
8,CV-charge,11,6600.745147407908,71955.49072863378,4.2,12.171959224020485,12.171959224020485,29336.28281354309,18639.492578674486,5.439591403869429e-09,4.2,-0.0
8,CV-charge,12,6673.472420135181,72028.21800136106,4.200000000000001,11.515073960701345,11.515073960701345,29158.65930732514,18834.295373002962,5.440356368142297e-09,4.200000000000001,-0.0
8,CV-charge,13,6746.199692862454,72100.94527408833,4.199999999999999,10.912291236689706,10.912291236689706,28990.379815333,19018.789067070848,5.441095552636672e-09,4.199999999999999,-0.0
8,CV-charge,14,6818.926965589726,72173.67254681561,4.199999999999999,10.357439205072168,10.357439205072168,28830.698051054544,19193.80288936224,5.441810722180378e-09,4.199999999999999,-0.0
8,CV-charge,15,6891.654238316999,72246.39981954287,4.200000000000001,9.844806127891937,9.844806127891937,28678.828013073107,19360.207767539876,5.442503798017531e-09,4.200000000000001,-0.0
8,CV-charge,16,6964.381511044272,72319.12709227015,4.2,9.370256891882258,9.370256891882258,28534.30363942467,19518.522222007257,5.4431758596901265e-09,4.2,-0.0
8,CV-charge,17,7037.108783771544,72391.85436499742,4.2,8.929815567928175,8.929815567928175,28396.59413954379,19669.334781453497,5.4438281956061395e-09,4.2,-0.0
8,CV-charge,18,7109.836056498817,72464.5816377247,4.2,8.520030486631269,8.520030486631269,28265.223139172616,19813.173194498097,5.444461972416849e-09,4.2,-0.0
8,CV-charge,19,7182.56332922609,72537.30891045196,4.200000000000001,8.137882085297248,8.137882085297248,28139.761219509455,19950.512889673464,5.445078251583277e-09,4.200000000000001,-0.0
8,CV-charge,20,7255.290601953363,72610.03618317924,4.2,7.780724517068162,7.780724517068162,28019.820256869007,20081.78331499486,5.445678001575487e-09,4.2,-0.0
8,CV-charge,21,7328.017874680636,72682.7634559065,4.199999999999999,7.446230342927725,7.446230342927725,27905.04843351939,20207.373522830007,5.446262108719325e-09,4.199999999999999,-0.0
8,CV-charge,22,7400.745147407908,72755.49072863378,4.200000000000001,7.1323453961273025,7.1323453961273025,27795.125957660737,20327.636956552815,5.446831386527281e-09,4.200000000000001,-0.0
8,CV-charge,23,7473.472420135181,72828.21800136106,4.2,6.837254532283275,6.837254532283275,27689.762673978916,20442.89414204576,5.447386580415098e-09,4.2,-0.0
8,CV-charge,24,7546.199692862454,72900.94527408833,4.200000000000001,6.559341649061654,6.559341649061654,27588.692022911993,20553.43939348658,5.4479283820329106e-09,4.200000000000001,-0.0
8,CV-charge,25,7618.926965589726,72973.67254681561,4.2,6.297167818965132,6.297167818965132,27491.670017852884,20659.54196782179,5.448457430872618e-09,4.2,-0.0
8,CV-charge,26,7691.654238316999,73046.39981954287,4.2,6.049447898761228,6.049447898761228,27398.472660282932,20761.44895113592,5.4489743200684346e-09,4.2,-0.0
8,CV-charge,27,7764.381511044272,73119.12709227015,4.2,5.81503106550318,5.81503106550318,27308.89384496767,20859.387592680476,5.449479601046333e-09,4.2,-0.0
8,CV-charge,28,7837.108783771544,73191.85436499742,4.199999999999999,5.592884178580401,5.592884178580401,27222.74352518183,20953.567348049786,5.44997378761147e-09,4.199999999999999,-0.0
8,CV-charge,29,7909.836056498818,73264.5816377247,4.199999999999999,5.382077508966935,5.382077508966935,27139.846100993975,21044.181672842704,5.450457359552103e-09,4.199999999999999,-0.0
8,CV-charge,30,7982.56332922609,73337.30891045196,4.2,5.181772458281579,5.181772458281579,27060.03899945078,21131.409601827523,5.450930765826071e-09,4.2,-0.0
8,CV-charge,31,8055.290601953363,73410.03618317924,4.2,4.991210956314124,4.991210956314124,26983.17142037129,21215.417143126175,5.451394427385603e-09,4.2,-0.0
8,CV-charge,32,8128.017874680636,73482.7634559065,4.200000000000001,4.80970627925865,4.80970627925865,26909.10322550383,21296.358512370116,5.45184873968776e-09,4.200000000000001,-0.0
8,CV-charge,33,8200.745147407908,73555.49072863378,4.2,4.636635074464573,4.636635074464573,26837.7039521638,21374.377227990353,5.452294074930744e-09,4.2,-0.0
8,CV-charge,34,8273.472420135182,73628.21800136106,4.199999999999999,4.471430413099306,4.471430413099306,26768.851935268875,21449.607085657448,5.452730784050465e-09,4.199999999999999,-0.0
8,CV-charge,35,8346.199692862454,73700.94527408833,4.200000000000001,4.313575721268623,4.313575721268623,26702.43352403088,21522.173027254492,5.4531591985067855e-09,4.200000000000001,-0.0
8,CV-charge,36,8418.926965589726,73773.67254681561,4.199999999999999,4.162599464157716,4.162599464157716,26638.34238154012,21592.191917533204,5.453579631884786e-09,4.199999999999999,-0.0
8,CV-charge,37,8491.654238316998,73846.39981954287,4.2,4.018070477485703,4.018070477485703,26576.478857112026,21659.77323979659,5.453992381332907e-09,4.2,-0.0
8,CV-charge,38,8564.381511044272,73919.12709227015,4.2,3.879593857036209,3.879593857036209,26516.74942268777,21725.019720315366,5.454397728856818e-09,4.2,-0.0
8,CV-charge,39,8637.108783771544,73991.85436499742,4.2,3.746807330607928,3.746807330607928,26459.066165752618,21788.027889916877,5.454795942485469e-09,4.2,-0.0
8,CV-charge,40,8709.836056498818,74064.5816377247,4.2,3.6193780480880795,3.6193780480880795,26403.34633223864,21848.888590011757,5.455187277323571e-09,4.2,-0.0
8,CV-charge,41,8782.56332922609,74137.30891045196,4.2,3.4969997348719906,3.4969997348719906,26349.51191374714,21907.687429406204,5.4555719765030035e-09,4.2,-0.0
8,CV-charge,42,8855.290601953362,74210.03618317924,4.200000000000001,3.379390161798895,3.379390161798895,26297.48927414575,21964.505197386567,5.455950272044042e-09,4.200000000000001,-0.0
8,CV-charge,43,8928.017874680636,74282.7634559065,4.2,3.2662888914998898,3.2662888914998898,26247.208811236902,22019.418237887585,5.456322385635991e-09,4.2,-0.0
8,CV-charge,44,9000.745147407908,74355.49072863378,4.2,3.1574552666817617,3.1574552666817617,26198.604649713026,22072.49878895307,5.45668852934569e-09,4.2,-0.0
8,CV-charge,45,9073.472420135182,74428.21800136106,4.2,3.052666610692527,3.052666610692527,26151.614362101594,22123.81529116228,5.457048906261314e-09,4.2,-0.0
8,CV-charge,46,9146.199692862454,74500.94527408833,4.199999999999999,2.951716614745299,2.951716614745299,26106.1787147821,22173.43266826293,5.457403711078075e-09,4.199999999999999,-0.0
8,CV-charge,47,9218.926965589726,74573.67254681561,4.2,2.854413889649295,2.854413889649295,26062.24143651426,22221.412582864967,5.45775313063167e-09,4.2,-0.0
8,CV-charge,48,9291.654238316998,74646.39981954287,4.199999999999999,2.760580662840247,2.760580662840247,26019.749007218343,22267.813669708416,5.458097344384684e-09,4.199999999999999,-0.0
8,CV-charge,49,9318.875533190341,74673.62111441622,4.2,2.7263936618115,2.7263936618115,26004.239692052375,22284.74935093678,5.458224754375086e-09,4.2,-0.0
9,CC-discharge,0,0.0,74673.62111441622,3.854827349023673,-27.263836618115,-27.263836618115,26004.239692052375,22284.74935093678,5.458224754375086e-09,3.854827349023673,0.0
9,CC-discharge,1,72.72727272727273,74746.3483871435,3.830786463411775,-27.263836618115,-27.263836618115,26569.359405664458,21750.24947314347,5.458224754375086e-09,3.830786463411775,0.5507845781437374
9,CC-discharge,2,145.45454545454547,74819.07565987077,3.814534642242045,-27.263836618115,-27.263836618115,26988.94724573037,21296.76951102903,5.458224754375086e-09,3.814534642242045,1.1015691562874748
9,CC-discharge,3,218.1818181818182,74891.80293259805,3.7993776364000507,-27.263836618115,-27.263836618115,27406.67383318447,20843.314168867568,5.458224754375086e-09,3.7993776364000507,1.652353734431212
9,CC-discharge,4,290.90909090909093,74964.53020532531,3.785050803649073,-27.263836618115,-27.263836618115,27824.37135934999,20389.858778045444,5.458224754375086e-09,3.785050803649073,2.2031383125749495
9,CC-discharge,5,363.6363636363637,75037.25747805259,3.7713935006041512,-27.263836618115,-27.263836618115,28242.06663717722,19936.403386506438,5.458224754375086e-09,3.7713935006041512,2.753922890718687
9,CC-discharge,6,436.3636363636364,75109.98475077985,3.7582997759217935,-27.263836618115,-27.263836618115,28659.76174029447,19482.947994957536,5.458224754375086e-09,3.7582997759217935,3.304707468862424
9,CC-discharge,7,509.0909090909091,75182.71202350713,3.745676208895353,-27.263836618115,-27.263836618115,29077.45682977065,19029.49260340831,5.458224754375086e-09,3.745676208895353,3.8554920470061615
9,CC-discharge,8,581.8181818181819,75255.4392962344,3.733466322733139,-27.263836618115,-27.263836618115,29495.151918175427,18576.03721185897,5.458224754375086e-09,3.733466322733139,4.406276625149899
9,CC-discharge,9,654.5454545454546,75328.16656896168,3.7216229522400233,-27.263836618115,-27.263836618115,29912.847006495533,18122.58182030974,5.458224754375086e-09,3.7216229522400233,4.9570612032936365
9,CC-discharge,10,727.2727272727274,75400.89384168894,3.710109957166195,-27.263836618115,-27.263836618115,30330.542094808574,17669.12642876089,5.458224754375086e-09,3.710109957166195,5.507845781437374
9,CC-discharge,11,800.0000000000001,75473.62111441622,3.6988993946775355,-27.263836618115,-27.263836618115,30748.2371831214,17215.67103721179,5.458224754375086e-09,3.6988993946775355,6.0586303595811115
9,CC-discharge,12,872.7272727272727,75546.3483871435,3.687969440833628,-27.263836618115,-27.263836618115,31165.932271434256,16762.215645662607,5.458224754375086e-09,3.687969440833628,6.609414937724848
9,CC-discharge,13,945.4545454545455,75619.07565987077,3.677302829423018,-27.263836618115,-27.263836618115,31583.62735974671,16308.760254113213,5.458224754375086e-09,3.677302829423018,7.160199515868586
9,CC-discharge,14,1018.1818181818182,75691.80293259805,3.666885651795451,-27.263836618115,-27.263836618115,32001.322448059287,15855.30486256434,5.458224754375086e-09,3.666885651795451,7.710984094012323
9,CC-discharge,15,1090.909090909091,75764.53020532531,3.65670640828455,-27.263836618115,-27.263836618115,32419.017536372165,15401.849471014672,5.458224754375086e-09,3.65670640828455,8.26176867215606
9,CC-discharge,16,1163.6363636363637,75837.25747805259,3.6467552336700315,-27.263836618115,-27.263836618115,32836.71262468456,14948.394079465696,5.458224754375086e-09,3.6467552336700315,8.812553250299798
9,CC-discharge,17,1236.3636363636365,75909.98475077985,3.63702323886671,-27.263836618115,-27.263836618115,33254.40771299738,14494.938687916327,5.458224754375086e-09,3.63702323886671,9.363337828443536
9,CC-discharge,18,1309.0909090909092,75982.71202350713,3.6275019242321314,-27.263836618115,-27.263836618115,33672.102801310175,14041.483296366576,5.458224754375086e-09,3.6275019242321314,9.914122406587273
9,CC-discharge,19,1381.818181818182,76055.4392962344,3.618182628059057,-27.263836618115,-27.263836618115,34089.79788962269,13588.027904817154,5.458224754375086e-09,3.618182628059057,10.46490698473101
9,CC-discharge,20,1454.5454545454547,76128.16656896168,3.6090559785221323,-27.263836618115,-27.263836618115,34507.49297793509,13134.572513268293,5.458224754375086e-09,3.6090559785221323,11.015691562874748
9,CC-discharge,21,1527.2727272727275,76200.89384168894,3.600111320413525,-27.263836618115,-27.263836618115,34925.18806624824,12681.117121718975,5.458224754375086e-09,3.600111320413525,11.566476141018486
9,CC-discharge,22,1600.0000000000002,76273.62111441622,3.5913360812785355,-27.263836618115,-27.263836618115,35342.88315456107,12227.66173016995,5.458224754375086e-09,3.5913360812785355,12.117260719162223
9,CC-discharge,23,1672.727272727273,76346.3483871435,3.58271447964393,-27.263836618115,-27.263836618115,35760.57824287382,11774.206338620945,5.458224754375086e-09,3.58271447964393,12.66804529730596
9,CC-discharge,24,1745.4545454545455,76419.07565987077,3.5742292804440643,-27.263836618115,-27.263836618115,36178.27333118658,11320.750947071898,5.458224754375086e-09,3.5742292804440643,13.218829875449696
9,CC-discharge,25,1818.1818181818182,76491.80293259805,3.565856378131667,-27.263836618115,-27.263836618115,36595.96841949891,10867.295555523258,5.458224754375086e-09,3.565856378131667,13.769614453593434
9,CC-discharge,26,1890.909090909091,76564.53020532531,3.557566920382145,-27.263836618115,-27.263836618115,37013.66350781142,10413.840163974217,5.458224754375086e-09,3.557566920382145,14.320399031737171
9,CC-discharge,27,1963.6363636363637,76637.25747805259,3.549324910040319,-27.263836618115,-27.263836618115,37431.358596123544,9960.384772425235,5.458224754375086e-09,3.549324910040319,14.871183609880909
9,CC-discharge,28,2036.3636363636365,76709.98475077985,3.5410853837141336,-27.263836618115,-27.263836618115,37849.05368443645,9506.929380876103,5.458224754375086e-09,3.5410853837141336,15.421968188024646
9,CC-discharge,29,2109.0909090909095,76782.71202350713,3.5327920904977046,-27.263836618115,-27.263836618115,38266.74877274943,9053.473989326847,5.458224754375086e-09,3.5327920904977046,15.972752766168385
9,CC-discharge,30,2181.818181818182,76855.4392962344,3.5243747506153413,-27.263836618115,-27.263836618115,38684.44386106247,8600.018597777591,5.458224754375086e-09,3.5243747506153413,16.52353734431212
9,CC-discharge,31,2254.545454545455,76928.16656896168,3.515745660737642,-27.263836618115,-27.263836618115,39102.138949375374,8146.563206228529,5.458224754375086e-09,3.515745660737642,17.07432192245586
9,CC-discharge,32,2327.2727272727275,77000.89384168894,3.506795788733522,-27.263836618115,-27.263836618115,39519.83403768777,7693.107814679443,5.458224754375086e-09,3.506795788733522,17.625106500599596
9,CC-discharge,33,2400.0,77073.62111441622,3.4973881639192514,-27.263836618115,-27.263836618115,39937.52912600067,7239.652423130334,5.458224754375086e-09,3.4973881639192514,18.175891078743334
9,CC-discharge,34,2472.727272727273,77146.3483871435,3.4873545013578315,-27.263836618115,-27.263836618115,40355.22421431343,6786.19703158141,5.458224754375086e-09,3.4873545013578315,18.726675656887075
9,CC-discharge,35,2545.4545454545455,77219.07565987077,3.476484637387295,-27.263836618115,-27.263836618115,40772.919302626564,6332.741640032273,5.458224754375086e-09,3.476484637387295,19.277460235030812
9,CC-discharge,36,2618.1818181818185,77291.80293259805,3.464518777570448,-27.263836618115,-27.263836618115,41190.61439093908,5879.286248483252,5.458224754375086e-09,3.464518777570448,19.82824481317455
9,CC-discharge,37,2690.909090909091,77364.53020532531,3.4511362424100365,-27.263836618115,-27.263836618115,41608.30947925183,5425.830856934139,5.458224754375086e-09,3.4511362424100365,20.379029391318287
9,CC-discharge,38,2763.636363636364,77437.25747805259,3.43594264896704,-27.263836618115,-27.263836618115,42026.00456756432,4972.375465385027,5.458224754375086e-09,3.43594264896704,20.929813969462025
9,CC-discharge,39,2836.3636363636365,77509.98475077985,3.41845531750886,-27.263836618115,-27.263836618115,42443.69965587641,4518.920073835958,5.458224754375086e-09,3.41845531750886,21.480598547605762
9,CC-discharge,40,2909.0909090909095,77582.71202350713,3.3980874385970545,-27.263836618115,-27.263836618115,42861.39474418902,4065.4646822869167,5.458224754375086e-09,3.3980874385970545,22.0313831257495
9,CC-discharge,41,2981.818181818182,77655.4392962344,3.374131225747078,-27.263836618115,-27.263836618115,43279.08983250137,3612.009290737813,5.458224754375086e-09,3.374131225747078,22.582167703893237
9,CC-discharge,42,3054.545454545455,77728.16656896168,3.345743696461219,-27.263836618115,-27.263836618115,43696.78492081422,3158.5538991887242,5.458224754375086e-09,3.345743696461219,23.132952282036975
9,CC-discharge,43,3127.2727272727275,77800.89384168894,3.311931019152261,-27.263836618115,-27.263836618115,44114.480009126855,2705.0985076396487,5.458224754375086e-09,3.311931019152261,23.683736860180712
9,CC-discharge,44,3200.0000000000005,77873.62111441622,3.271519123579108,-27.263836618115,-27.263836618115,44532.17509743925,2251.6431160905504,5.458224754375086e-09,3.271519123579108,24.23452143832445
9,CC-discharge,45,3272.727272727273,77946.3483871435,3.222995403270845,-27.263836618115,-27.263836618115,44949.87018575183,1798.1877245415135,5.458224754375086e-09,3.222995403270845,24.785306016468187
9,CC-discharge,46,3345.454545454546,78019.07565987077,3.163450214350636,-27.263836618115,-27.263836618115,45367.56527406466,1344.7323329924598,5.458224754375086e-09,3.163450214350636,25.336090594611925
9,CC-discharge,47,3418.1818181818185,78091.80293259805,3.0800865627776295,-27.263836618115,-27.263836618115,45785.26036237757,891.2769414434415,5.458224754375086e-09,3.0800865627776295,25.886875172755662
9,CC-discharge,48,3456.7425692547918,78130.36368367102,3.0000100000000005,-27.263836618115,-27.263836618115,46006.726611843835,650.8502098954178,5.458224754375086e-09,3.0000100000000005,26.17890684417937
9,CC-charge,0,3456.7425692547918,78130.36368367102,3.716540091640327,27.263836618115,27.263836618115,46006.726611843835,650.8502098954178,5.458224754375086e-09,3.716540091640327,0.0
9,CC-charge,1,3529.4698419820643,78203.0909563983,3.8216154631844947,27.263836618115,27.263836618115,45441.61165877766,1185.3473185502692,5.458236392385941e-09,3.8216154631844947,-0.0
9,CC-charge,2,3602.1971147093373,78275.81822912557,3.8678697369043054,27.263836618115,27.263836618115,45022.02263293885,1638.8284422711208,5.458268402847165e-09,3.8678697369043054,-0.0
9,CC-charge,3,3674.92438743661,78348.54550185284,3.9052487635056323,27.263836618115,27.263836618115,44604.29032758671,2092.2814734645403,5.4583347246891145e-09,3.9052487635056323,-0.0
9,CC-charge,4,3747.6516601638828,78421.27277458011,3.9364848089537903,27.263836618115,27.263836618115,44186.594743952344,2545.732758180746,5.458454835283063e-09,3.9364848089537903,-0.0
9,CC-charge,5,3820.3789328911553,78494.00004730739,3.962506273416751,27.263836618115,27.263836618115,43768.89965058511,2999.1816005323462,5.458649260987141e-09,3.962506273416751,-0.0
9,CC-charge,6,3893.1062056184282,78566.72732003465,3.984084396580598,27.263836618115,27.263836618115,43351.204562335595,3452.6274362740887,5.458936803989415e-09,3.984084396580598,-0.0
9,CC-charge,7,3965.8334783457008,78639.45459276193,4.001960014458566,27.263836618115,27.263836618115,42933.5094740237,3906.0699081397574,5.459330172320285e-09,4.001960014458566,-0.0
9,CC-charge,8,4038.5607510729737,78712.1818654892,4.0168164923707215,27.263836618115,27.263836618115,42515.81438571038,4359.508917251929,5.459833954434055e-09,4.0168164923707215,-0.0
9,CC-charge,9,4111.288023800246,78784.90913821648,4.029256971353564,27.263836618115,27.263836618115,42098.11929739757,4812.944595161169,5.460445192004303e-09,4.029256971353564,-0.0
9,CC-charge,10,4184.015296527519,78857.63641094374,4.039797500060097,27.263836618115,27.263836618115,41680.42420908461,5266.377243509982,5.461155117386935e-09,4.039797500060097,-0.0
9,CC-charge,11,4256.742569254792,78930.36368367102,4.0488708878466,27.263836618115,27.263836618115,41262.72912077133,5719.80726227486,5.4619514150993315e-09,4.0488708878466,-0.0
9,CC-charge,12,4329.469841982064,79003.0909563983,4.056834337223053,27.263836618115,27.263836618115,40845.03403245794,6173.235085188146,5.462820343059405e-09,4.056834337223053,-0.0
9,CC-charge,13,4402.197114709337,79075.81822912557,4.063980203343565,27.263836618115,27.263836618115,40427.3389441449,6626.661131353005,5.463748378895449e-09,4.063980203343565,-0.0
9,CC-charge,14,4474.92438743661,79148.54550185284,4.070545653596232,27.263836618115,27.263836618115,40009.64385583126,7080.085775427295,5.464723273990685e-09,4.070545653596232,-0.0
9,CC-charge,15,4547.651660163883,79221.27277458011,4.0767219554409015,27.263836618115,27.263836618115,39591.94876751767,7533.5093326475235,5.465734612501989e-09,4.0767219554409015,-0.0
9,CC-charge,16,4620.378932891155,79294.00004730739,4.082662459884709,27.263836618115,27.263836618115,39174.25367920378,7986.932055959717,5.466773957375281e-09,4.082662459884709,-0.0
9,CC-charge,17,4693.106205618428,79366.72732003465,4.088490074969589,27.263836618115,27.263836618115,38756.55859089058,8440.354137462851,5.467834838224748e-09,4.088490074969589,-0.0
9,CC-charge,18,4765.833478345701,79439.45459276193,4.094302015225103,27.263836618115,27.263836618115,38338.863502576816,8893.775687222207,5.468913449383691e-09,4.094302015225103,-0.0
9,CC-charge,19,4838.560751072973,79512.1818654892,4.100175718735278,27.263836618115,27.263836618115,37921.168414263186,9347.196834522407,5.470005400317953e-09,4.100175718735278,-0.0
9,CC-charge,20,4911.288023800246,79584.90913821648,4.106172122633608,27.263836618115,27.263836618115,37503.473325950064,9800.617632945787,5.471108780131104e-09,4.106172122633608,-0.0
9,CC-charge,21,4984.015296527519,79657.63641094374,4.1123388835253545,27.263836618115,27.263836618115,37085.77823763672,10254.03809800728,5.4722229263903554e-09,4.1123388835253545,-0.0
9,CC-charge,22,5056.742569254792,79730.36368367102,4.118714667059152,27.263836618115,27.263836618115,36668.08314932339,10707.458238749134,5.473347415615889e-09,4.118714667059152,-0.0
9,CC-charge,23,5129.469841982065,79803.0909563983,4.125328090488859,27.263836618115,27.263836618115,36250.38806101043,11160.878035494572,5.474482770541775e-09,4.125328090488859,-0.0
9,CC-charge,24,5202.197114709337,79875.81822912557,4.1322020714670975,27.263836618115,27.263836618115,35832.69297269655,11614.297451821862,5.475630068710058e-09,4.1322020714670975,-0.0
9,CC-charge,25,5274.92438743661,79948.54550185284,4.139354542833784,27.263836618115,27.263836618115,35414.997884383505,12067.71644021596,5.476790759266379e-09,4.139354542833784,-0.0
9,CC-charge,26,5347.651660163883,80021.27277458011,4.1467995949476615,27.263836618115,27.263836618115,34997.30279607002,12521.134942323375,5.47796664912224e-09,4.1467995949476615,-0.0
9,CC-charge,27,5420.378932891155,80094.00004730739,4.154548434165436,27.263836618115,27.263836618115,34579.60770775661,12974.552890927363,5.479159837143101e-09,4.154548434165436,-0.0
9,CC-charge,28,5493.106205618428,80166.72732003465,4.1626120719271835,27.263836618115,27.263836618115,34161.91261944338,13427.970208120436,5.4803727682389386e-09,4.1626120719271835,-0.0
9,CC-charge,29,5565.833478345701,80239.45459276193,4.170995038824857,27.263836618115,27.263836618115,33744.21753112973,13881.386855109953,5.481606647520772e-09,4.170995038824857,-0.0
9,CC-charge,30,5638.560751072973,80312.1818654892,4.179705546386979,27.263836618115,27.263836618115,33326.52244281654,14334.802702854591,5.482865553457322e-09,4.179705546386979,-0.0
9,CC-charge,31,5711.288023800247,80384.90913821648,4.18875020211355,27.263836618115,27.263836618115,32908.82735450332,14788.217658438432,5.484152419834129e-09,4.18875020211355,-0.0
9,CC-charge,32,5784.015296527519,80457.63641094374,4.198135955511437,27.263836618115,27.263836618115,32491.132266189925,15241.63161980901,5.4854704683498945e-09,4.198135955511437,-0.0
9,CC-charge,33,5798.066935405,80471.68804982123,4.199990000000001,27.263836618115,27.263836618115,32410.42938373914,15329.23563204757,5.485728728863372e-09,4.199990000000001,-0.0
9,CV-charge,0,5798.066935405,80471.68804982123,4.199999999999999,27.288398200031963,27.288398200031963,32410.42938373914,15329.23563204757,5.485728728863372e-09,4.199999999999999,0.0
9,CV-charge,1,5870.794208132273,80544.4153225485,4.199999999999999,24.22202749302916,24.22202749302916,31888.290673420408,15824.441143693613,5.486998512249621e-09,4.199999999999999,-0.0
9,CV-charge,2,5943.521480859545,80617.14259527577,4.200000000000001,22.28298870130417,22.28298870130417,31541.536118735017,16204.870216852996,5.488189895082691e-09,4.200000000000001,-0.0
9,CV-charge,3,6016.248753586818,80689.86986800305,4.2,20.588048511544162,20.588048511544162,31223.165771118114,16555.622247981202,5.489316065200423e-09,4.2,-0.0
9,CV-charge,4,6088.976026314091,80762.59714073032,4.2,19.089538018329844,19.089538018329844,30927.88701284952,16880.739975875073,5.490385286293069e-09,4.2,-0.0
9,CV-charge,5,6161.703299041364,80835.3244134576,4.2,17.758753927670096,17.758753927670096,30653.31145120426,17182.86479310146,5.491402807670723e-09,4.2,-0.0
9,CV-charge,6,6234.430571768636,80908.05168618486,4.199999999999999,16.571040899087002,16.571040899087002,30397.207788890802,17464.495212842412,5.492373653134953e-09,4.199999999999999,-0.0
9,CV-charge,7,6307.157844495909,80980.77895891214,4.199999999999999,15.505986382852338,15.505986382852338,30157.6563745892,17727.778820567717,5.4933021590237426e-09,4.199999999999999,-0.0
9,CV-charge,8,6379.885117223182,81053.5062316394,4.2,14.546664873902943,14.546664873902943,29933.00520110802,17974.561654928235,5.494192073150091e-09,4.2,-0.0
9,CV-charge,9,6452.612389950455,81126.23350436668,4.2,13.678945892921087,13.678945892921087,29721.824164167603,18206.440086993112,5.495046657256395e-09,4.2,-0.0
9,CV-charge,10,6525.339662677727,81198.96077709395,4.199999999999999,12.890982256948746,12.890982256948746,29522.869967312592,18424.80054814949,5.495868764483259e-09,4.199999999999999,-0.0
9,CV-charge,11,6598.066935405,81271.68804982123,4.2,12.172791968232422,12.172791968232422,29335.05725072667,18630.852180863396,5.4966609025011524e-09,4.2,-0.0
9,CV-charge,12,6670.794208132273,81344.4153225485,4.2,11.5158691148544,11.5158691148544,29157.42138089238,18825.668523827553,5.497425320310105e-09,4.2,-0.0
9,CV-charge,13,6743.521480859545,81417.14259527577,4.199999999999999,10.912645316043445,10.912645316043445,28989.016383728394,19010.299874866327,5.4981642731968485e-09,4.199999999999999,-0.0
9,CV-charge,14,6816.248753586818,81489.86986800305,4.2,10.357783235105744,10.357783235105744,28829.329171110934,19185.31959194234,5.498878895659455e-09,4.2,-0.0
9,CV-charge,15,6888.976026314091,81562.59714073032,4.2,9.84554468171222,9.84554468171222,28677.576751971024,19351.595519684965,5.4995710927906886e-09,4.2,-0.0
9,CV-charge,16,6961.703299041364,81635.3244134576,4.2,9.370949351332431,9.370949351332431,28533.041764806243,19509.921740545866,5.500242640334812e-09,4.2,-0.0
9,CV-charge,17,7034.430571768637,81708.05168618486,4.2,8.930462132491725,8.930462132491725,28395.322259862605,19660.7453119791,5.50089446885184e-09,4.2,-0.0
9,CV-charge,18,7107.157844495909,81780.77895891214,4.2,8.520632088549625,8.520632088549625,28263.941950825072,19804.593980718444,5.501527744800802e-09,4.2,-0.0
9,CV-charge,19,7179.885117223182,81853.5062316394,4.200000000000001,8.138439796886708,8.138439796886708,28138.4713990714,19941.94319372614,5.502143529463547e-09,4.200000000000001,-0.0
9,CV-charge,20,7252.612389950455,81926.23350436668,4.2,7.781239499029138,7.781239499029138,28018.522463011104,20073.22241823347,5.502742791141536e-09,4.2,-0.0
9,CV-charge,21,7325.339662677727,81998.96077709395,4.2,7.446703806789037,7.446703806789037,27903.74330609875,20198.82072685767,5.503326416001973e-09,4.2,-0.0
9,CV-charge,22,7398.066935405,82071.68804982123,4.200000000000001,7.132778577014837,7.132778577014837,27793.81411734281,20319.091583718535,5.5038952174079495e-09,4.200000000000001,-0.0
9,CV-charge,23,7470.794208132273,82144.4153225485,4.199999999999999,6.8376486429908905,6.8376486429908905,27688.4447126386,20434.35554610823,5.50444994066013e-09,4.199999999999999,-0.0
9,CV-charge,24,7543.521480859545,82217.14259527577,4.200000000000001,6.559697919529169,6.559697919529169,27587.368522818877,20544.906938412365,5.504991277250849e-09,4.200000000000001,-0.0
9,CV-charge,25,7616.248753586818,82289.86986800305,4.200000000000001,6.297487459797442,6.297487459797442,27490.34154280174,20651.015037764948,5.505519866546124e-09,4.200000000000001,-0.0
9,CV-charge,26,7688.976026314091,82362.59714073032,4.200000000000001,6.049732094082687,6.049732094082687,27397.139755851844,20752.926950101166,5.50603630156119e-09,4.200000000000001,-0.0
9,CV-charge,27,7761.703299041364,82435.3244134576,4.2,5.815280968570848,5.815280968570848,27307.557038993447,20850.8699440254,5.5065411336094115e-09,4.2,-0.0
9,CV-charge,28,7834.430571768637,82508.05168618486,4.199999999999999,5.593100909152567,5.593100909152567,27221.403328268538,20945.053493941236,5.507034876389228e-09,4.199999999999999,-0.0
9,CV-charge,29,7907.157844495909,82580.77895891214,4.200000000000001,5.382262152008123,5.382262152008123,27138.503007046933,21035.671073683065,5.5075180095876145e-09,4.200000000000001,-0.0
9,CV-charge,30,7979.885117223182,82653.5062316394,4.2,5.181926063635641,5.181926063635641,27058.693486214117,21122.901735669573,5.507990982066138e-09,4.2,-0.0
9,CV-charge,31,8052.612389950455,82726.23350436668,4.199999999999999,4.991334539097976,4.991334539097976,26981.823949962065,21206.911505093984,5.508454214685374e-09,4.199999999999999,-0.0
9,CV-charge,32,8125.339662677727,82798.96077709395,4.199999999999999,4.8098008207703495,4.8098008207703495,26907.754244933567,21287.854614091702,5.508908102814974e-09,4.199999999999999,-0.0
9,CV-charge,33,8198.066935405,82871.68804982123,4.2,4.636701523452073,4.636701523452073,26836.353893839732,21365.87459704797,5.509353018569626e-09,4.2,-0.0
9,CV-charge,34,8270.794208132273,82944.4153225485,4.2,4.471469687276945,4.471469687276945,26767.50121747284,21441.105265064754,5.5097893128053085e-09,4.2,-0.0
9,CV-charge,35,8343.521480859545,83017.14259527577,4.2,4.31358870899672,4.31358870899672,26701.08255137515,21513.6715749562,5.510217316905227e-09,4.2,-0.0
9,CV-charge,36,8416.248753586819,83089.86986800305,4.200000000000001,4.162587026201742,4.162587026201742,26636.991545390883,21583.690405937698,5.510637344380809e-09,4.200000000000001,-0.0
9,CV-charge,37,8488.97602631409,83162.59714073032,4.2,4.018033448823599,4.018033448823599,26575.12853599042,21651.27125533856,5.511049692309572e-09,4.2,-0.0
9,CV-charge,38,8561.703299041365,83235.3244134576,4.2,3.879533048664214,3.879533048664214,26515.399982640534,21716.516863046803,5.511454642628763e-09,4.2,-0.0
9,CV-charge,39,8634.430571768637,83308.05168618486,4.199999999999999,3.74672353131715,3.74672353131715,26457.717960696496,21779.523773126166,5.5118524633011835e-09,4.199999999999999,-0.0
9,CV-charge,40,8707.157844495909,83380.77895891214,4.199999999999999,3.6192720261921414,3.6192720261921414,26401.99970427827,21840.382839876213,5.512243409367469e-09,4.199999999999999,-0.0
9,CV-charge,41,8779.88511722318,83453.5062316394,4.2,3.4968722398604988,3.4968722398604988,26348.167193465364,21899.179684670577,5.512627723897293e-09,4.2,-0.0
9,CV-charge,42,8852.612389950455,83526.23350436668,4.200000000000001,3.379241925922097,3.379241925922097,26296.14678087307,21955.995109065287,5.513005638850426e-09,4.200000000000001,-0.0
9,CV-charge,43,8925.339662677727,83598.96077709395,4.2,3.266120631253663,3.266120631253663,26245.868853293723,22010.905468996367,5.513377375857208e-09,4.2,-0.0
9,CV-charge,44,8998.066935405,83671.68804982123,4.2,3.157267684203813,3.157267684203813,26197.267524634295,22063.983014265228,5.513743146926898e-09,4.2,-0.0
9,CV-charge,45,9070.794208132273,83744.4153225485,4.2,3.0524603950565683,3.0524603950565683,26150.280356838124,22115.296196978103,5.514103155091341e-09,4.2,-0.0
9,CV-charge,46,9143.521480859545,83817.14259527577,4.200000000000001,2.9514924431536755,2.9514924431536755,26104.84810588621,22164.909952212114,5.514457594990542e-09,4.200000000000001,-0.0
9,CV-charge,47,9216.248753586819,83889.86986800305,4.2,2.8541724285225953,2.8541724285225953,26060.91449030731,22212.885953719266,5.514806653406007e-09,4.2,-0.0
9,CV-charge,48,9288.97602631409,83962.59714073032,4.199999999999999,2.760322568796086,2.760322568796086,26018.42597994089,22259.28284721351,5.515150509747032e-09,4.199999999999999,-0.0
9,CV-charge,49,9315.985227017225,83989.60634143345,4.199999999999999,2.7263936618115,2.7263936618115,26003.03805258767,22276.08600913461,5.515276798848122e-09,4.199999999999999,-0.0
10,CC-discharge,0,0.0,83989.60634143345,3.854849130480653,-27.263836618115,-27.263836618115,26003.03805258767,22276.08600913461,5.515276798848122e-09,3.854849130480653,0.0
10,CC-discharge,1,72.72727272727273,84062.33361416073,3.8308010434898656,-27.263836618115,-27.263836618115,26568.157759243226,21741.586138785668,5.515276798848122e-09,3.8308010434898656,0.5507845781437374
10,CC-discharge,2,145.45454545454547,84135.060886888,3.8145452923857723,-27.263836618115,-27.263836618115,26987.745589999442,21288.106169333318,5.515276798848122e-09,3.8145452923857723,1.1015691562874748
10,CC-discharge,3,218.1818181818182,84207.78815961527,3.7993851988779572,-27.263836618115,-27.263836618115,27405.47219209094,20834.65082706685,5.515276798848122e-09,3.7993851988779572,1.652353734431212
10,CC-discharge,4,290.90909090909093,84280.51543234254,3.7850559402602366,-27.263836618115,-27.263836618115,27823.169719728725,20381.1954362437,5.515276798848122e-09,3.7850559402602366,2.2031383125749495
10,CC-discharge,5,363.6363636363637,84353.24270506982,3.771396686268302,-27.263836618115,-27.263836618115,28240.864997697354,19927.740044704762,5.515276798848122e-09,3.771396686268302,2.753922890718687
10,CC-discharge,6,436.3636363636364,84425.96997779708,3.7583013954916247,-27.263836618115,-27.263836618115,28658.560100827828,19474.284653155617,5.515276798848122e-09,3.7583013954916247,3.304707468862424
10,CC-discharge,7,509.0909090909091,84498.69725052436,3.745676526813399,-27.263836618115,-27.263836618115,29076.25519030506,19020.829261606243,5.515276798848122e-09,3.745676526813399,3.8554920470061615
10,CC-discharge,8,581.8181818181819,84571.42452325163,3.733465565053329,-27.263836618115,-27.263836618115,29493.950278709657,18567.37387005674,5.515276798848122e-09,3.733465565053329,4.406276625149899
10,CC-discharge,9,654.5454545454546,84644.1517959789,3.7216212993739712,-27.263836618115,-27.263836618115,29911.64536703005,18113.91847850719,5.515276798848122e-09,3.7216212993739712,4.9570612032936365
10,CC-discharge,10,727.2727272727274,84716.87906870617,3.7101075538340447,-27.263836618115,-27.263836618115,30329.34045534338,17660.46308695757,5.515276798848122e-09,3.7101075538340447,5.507845781437374
10,CC-discharge,11,800.0000000000001,84789.60634143345,3.698896356907474,-27.263836618115,-27.263836618115,30747.03554365643,17207.007695408527,5.515276798848122e-09,3.698896356907474,6.0586303595811115
10,CC-discharge,12,872.7272727272727,84862.33361416073,3.687965860807921,-27.263836618115,-27.263836618115,31164.730631969906,16753.552303859036,5.515276798848122e-09,3.687965860807921,6.609414937724848
10,CC-discharge,13,945.4545454545455,84935.060886888,3.6772987786793534,-27.263836618115,-27.263836618115,31582.425720282787,16300.096912309966,5.515276798848122e-09,3.6772987786793534,7.160199515868586
10,CC-discharge,14,1018.1818181818182,85007.78815961527,3.6668811831033765,-27.263836618115,-27.263836618115,32000.120808595057,15846.641520761124,5.515276798848122e-09,3.6668811831033765,7.710984094012323
10,CC-discharge,15,1090.909090909091,85080.51543234254,3.6567015563777803,-27.263836618115,-27.263836618115,32417.815896907967,15393.18612921246,5.515276798848122e-09,3.6567015563777803,8.26176867215606
10,CC-discharge,16,1163.6363636363637,85153.24270506982,3.6467500149219543,-27.263836618115,-27.263836618115,32835.510985221146,14939.730737663285,5.515276798848122e-09,3.6467500149219543,8.812553250299798
10,CC-discharge,17,1236.3636363636365,85225.96997779708,3.6370176499143247,-27.263836618115,-27.263836618115,33253.20607353395,14486.275346113624,5.515276798848122e-09,3.6370176499143247,9.363337828443536
10,CC-discharge,18,1309.0909090909092,85298.69725052436,3.627495939485086,-27.263836618115,-27.263836618115,33670.90116184641,14032.81995456427,5.515276798848122e-09,3.627495939485086,9.914122406587273
10,CC-discharge,19,1381.818181818182,85371.42452325163,3.61817619596446,-27.263836618115,-27.263836618115,34088.59625015919,13579.36456301517,5.515276798848122e-09,3.61817619596446,10.46490698473101
10,CC-discharge,20,1454.5454545454547,85444.1517959789,3.609049016387614,-27.263836618115,-27.263836618115,34506.29133847215,13125.9091714663,5.515276798848122e-09,3.609049016387614,11.015691562874748
10,CC-discharge,21,1527.2727272727275,85516.87906870617,3.60010370752182,-27.263836618115,-27.263836618115,34923.98642678507,12672.453779916774,5.515276798848122e-09,3.60010370752182,11.566476141018486
10,CC-discharge,22,1600.0000000000002,85589.60634143345,3.591327649905777,-27.263836618115,-27.263836618115,35341.68151509772,12218.998388367736,5.515276798848122e-09,3.591327649905777,12.117260719162223
10,CC-discharge,23,1672.727272727273,85662.33361416073,3.582705009479823,-27.263836618115,-27.263836618115,35759.37660341001,11765.542996818958,5.515276798848122e-09,3.582705009479823,12.66804529730596
10,CC-discharge,24,1745.4545454545455,85735.060886888,3.5742184647925916,-27.263836618115,-27.263836618115,36177.07169172296,11312.087605269699,5.515276798848122e-09,3.5742184647925916,13.218829875449696
10,CC-discharge,25,1818.1818181818182,85807.78815961527,3.56584382574691,-27.263836618115,-27.263836618115,36594.76678003569,10858.632213720597,5.515276798848122e-09,3.56584382574691,13.769614453593434
10,CC-discharge,26,1890.909090909091,85880.51543234254,3.557552125716086,-27.263836618115,-27.263836618115,37012.46186834816,10405.176822171434,5.515276798848122e-09,3.557552125716086,14.320399031737171
10,CC-discharge,27,1963.6363636363637,85953.24270506982,3.5493072245112347,-27.263836618115,-27.263836618115,37430.156956660554,9951.721430622092,5.515276798848122e-09,3.5493072245112347,14.871183609880909
10,CC-discharge,28,2036.3636363636365,86025.96997779708,3.54106397857295,-27.263836618115,-27.263836618115,37847.85204497369,9498.266039073025,5.515276798848122e-09,3.54106397857295,15.421968188024646
10,CC-discharge,29,2109.0909090909095,86098.69725052436,3.5327659108249683,-27.263836618115,-27.263836618115,38265.54713328641,9044.810647523793,5.515276798848122e-09,3.5327659108249683,15.972752766168385
10,CC-discharge,30,2181.818181818182,86171.42452325163,3.5243424600505784,-27.263836618115,-27.263836618115,38683.24222159941,8591.355255974786,5.515276798848122e-09,3.5243424600505784,16.52353734431212
10,CC-discharge,31,2254.545454545455,86244.1517959789,3.515706247982426,-27.263836618115,-27.263836618115,39100.93730991219,8137.899864425788,5.515276798848122e-09,3.515706247982426,17.07432192245586
10,CC-discharge,32,2327.2727272727275,86316.87906870617,3.506745769484161,-27.263836618115,-27.263836618115,39518.632398224945,7684.4444728766275,5.515276798848122e-09,3.506745769484161,17.625106500599596
10,CC-discharge,33,2400.0,86389.60634143345,3.4973255657539855,-27.263836618115,-27.263836618115,39936.32748653762,7230.9890813276525,5.515276798848122e-09,3.4973255657539855,18.175891078743334
10,CC-discharge,34,2472.727272727273,86462.33361416073,3.487275980378121,-27.263836618115,-27.263836618115,40354.02257485031,6777.533689778412,5.515276798848122e-09,3.487275980378121,18.726675656887075
10,CC-discharge,35,2545.4545454545455,86535.060886888,3.476386032880806,-27.263836618115,-27.263836618115,40771.71766316325,6324.078298229317,5.515276798848122e-09,3.476386032880806,19.277460235030812
10,CC-discharge,36,2618.1818181818185,86607.78815961527,3.4643949176637134,-27.263836618115,-27.263836618115,41189.412751475866,5870.622906680162,5.515276798848122e-09,3.4643949176637134,19.82824481317455
10,CC-discharge,37,2690.909090909091,86680.51543234254,3.4509807247158526,-27.263836618115,-27.263836618115,41607.10783978912,5417.1675151310965,5.515276798848122e-09,3.4509807247158526,20.379029391318287
10,CC-discharge,38,2763.636363636364,86753.24270506982,3.4357475878464467,-27.263836618115,-27.263836618115,42024.80292810175,4963.712123582016,5.515276798848122e-09,3.4357475878464467,20.929813969462025
10,CC-discharge,39,2836.3636363636365,86825.96997779708,3.4182110628460127,-27.263836618115,-27.263836618115,42442.498016414356,4510.256732032929,5.515276798848122e-09,3.4182110628460127,21.480598547605762
10,CC-discharge,40,2909.0909090909095,86898.69725052436,3.3977822731144736,-27.263836618115,-27.263836618115,42860.1931047278,4056.801340483837,5.515276798848122e-09,3.3977822731144736,22.0313831257495
10,CC-discharge,41,2981.818181818182,86971.42452325163,3.3737511074642352,-27.263836618115,-27.263836618115,43277.8881930406,3603.3459489347865,5.515276798848122e-09,3.3737511074642352,22.582167703893237
10,CC-discharge,42,3054.545454545455,87044.1517959789,3.345271970146795,-27.263836618115,-27.263836618115,43695.58328135287,3149.890557385732,5.515276798848122e-09,3.345271970146795,23.132952282036975
10,CC-discharge,43,3127.2727272727275,87116.87906870617,3.3113481629120654,-27.263836618115,-27.263836618115,44113.278369665575,2696.435165836682,5.515276798848122e-09,3.3113481629120654,23.683736860180712
10,CC-discharge,44,3200.0000000000005,87189.60634143345,3.270801686551235,-27.263836618115,-27.263836618115,44530.97345797802,2242.9797742876076,5.515276798848122e-09,3.270801686551235,24.23452143832445
10,CC-discharge,45,3272.727272727273,87262.33361416073,3.222109227119104,-27.263836618115,-27.263836618115,44948.6685462912,1789.5243827385684,5.515276798848122e-09,3.222109227119104,24.785306016468187
10,CC-discharge,46,3345.454545454546,87335.060886888,3.1623038462829087,-27.263836618115,-27.263836618115,45366.36363460352,1336.068991189549,5.515276798848122e-09,3.1623038462829087,25.336090594611925
10,CC-discharge,47,3418.1818181818185,87407.78815961527,3.078105199275966,-27.263836618115,-27.263836618115,45784.05872291623,882.6135996405136,5.515276798848122e-09,3.078105199275966,25.886875172755662
10,CC-discharge,48,3455.4032023099676,87445.00954374342,3.0000099999999996,-27.263836618115,-27.263836618115,45997.8325762107,650.5378365753962,5.515276798848122e-09,3.0000099999999996,26.168763432636204
10,CC-charge,0,3455.4032023099676,87445.00954374342,3.716513824142388,27.263836618115,27.263836618115,45997.8325762107,650.5378365753962,5.515276798848122e-09,3.716513824142388,0.0
10,CC-charge,1,3528.13047503724,87517.7368164707,3.821664720696857,27.263836618115,27.263836618115,45432.71762302749,1185.0349457934096,5.5152884264165234e-09,3.821664720696857,-0.0
10,CC-charge,2,3600.857747764513,87590.46408919797,3.867924288898493,27.263836618115,27.263836618115,45013.1286115438,1638.5160698008372,5.515320418889491e-09,3.867924288898493,-0.0
10,CC-charge,3,3673.5850204917856,87663.19136192524,3.9053060748138217,27.263836618115,27.263836618115,44595.3962921874,2091.969102168151,5.5153867108831e-09,3.9053060748138217,-0.0
10,CC-charge,4,3746.3122932190586,87735.91863465251,3.936545164450648,27.263836618115,27.263836618115,44177.700708323064,2545.4203883575606,5.515506777012746e-09,3.936545164450648,-0.0
10,CC-charge,5,3819.039565946331,87808.64590737979,3.9625700363314706,27.263836618115,27.263836618115,43760.005614951944,2998.869232608283,5.515701144409729e-09,3.9625700363314706,-0.0
10,CC-charge,6,3891.766838673604,87881.37318010705,3.9841517799823603,27.263836618115,27.263836618115,43342.31052670282,3452.315070574135,5.5159886179729515e-09,3.9841517799823603,-0.0
10,CC-charge,7,3964.4941114008766,87954.10045283433,4.002031127218366,27.263836618115,27.263836618115,42924.615438390356,3905.7575448200705,5.51638191088818e-09,4.002031127218366,-0.0
10,CC-charge,8,4037.2213841281496,88026.8277255616,4.016891389828956,27.263836618115,27.263836618115,42506.920350076674,4359.196556296051,5.516885617164199e-09,4.016891389828956,-0.0
10,CC-charge,9,4109.948656855422,88099.55499828888,4.029335686378112,27.263836618115,27.263836618115,42089.22526176343,4812.632236411511,5.5174967831924785e-09,4.029335686378112,-0.0
10,CC-charge,10,4182.675929582695,88172.28227101614,4.039880060050337,27.263836618115,27.263836618115,41671.53017345042,5266.064886717446,5.5182066445380394e-09,4.039880060050337,-0.0
10,CC-charge,11,4255.403202309968,88245.00954374342,4.048957321921215,27.263836618115,27.263836618115,41253.835085136685,5719.494907145566,5.519002887417643e-09,4.048957321921215,-0.0
10,CC-charge,12,4328.13047503724,88317.7368164707,4.056924680185234,27.263836618115,27.263836618115,40836.13999682361,6172.922731423507,5.5198717700906384e-09,4.056924680185234,-0.0
10,CC-charge,13,4400.857747764513,88390.46408919797,4.064074495428941,27.263836618115,27.263836618115,40418.44490851013,6626.348778677771,5.520799769603557e-09,4.064074495428941,-0.0
10,CC-charge,14,4473.585020491786,88463.19136192524,4.070643939841991,27.263836618115,27.263836618115,40000.749820196615,7079.773423602268,5.521774636223154e-09,4.070643939841991,-0.0
10,CC-charge,15,4546.312293219058,88535.91863465251,4.0768242844134175,27.263836618115,27.263836618115,39583.05473188313,7533.196981477497,5.522785952749785e-09,4.0768242844134175,-0.0
10,CC-charge,16,4619.039565946331,88608.64590737979,4.082768882236202,27.263836618115,27.263836618115,39165.35964356954,7986.619705292103,5.523825280747247e-09,4.082768882236202,-0.0
10,CC-charge,17,4691.766838673604,88681.37318010705,4.088600642570345,27.263836618115,27.263836618115,38747.664555255964,8440.041787183789,5.524886148578878e-09,4.088600642570345,-0.0
10,CC-charge,18,4764.494111400877,88754.10045283433,4.094416779765284,27.263836618115,27.263836618115,38329.9694669425,8893.463337246283,5.525964749643711e-09,4.094416779765284,-0.0
10,CC-charge,19,4837.22138412815,88826.8277255616,4.100294731127579,27.263836618115,27.263836618115,37912.274378629205,9346.884484801463,5.5270566921707474e-09,4.100294731127579,-0.0
10,CC-charge,20,4909.948656855422,88899.55499828888,4.106295432740169,27.263836618115,27.263836618115,37494.57929031568,9800.305283454645,5.528160064513575e-09,4.106295432740169,-0.0
10,CC-charge,21,4982.675929582695,88972.28227101614,4.112466539471232,27.263836618115,27.263836618115,37076.88420200255,10253.72574873645,5.529274203702747e-09,4.112466539471232,-0.0
10,CC-charge,22,5055.403202309968,89045.00954374342,4.118846717070812,27.263836618115,27.263836618115,36659.18911368881,10707.145889706286,5.530398685694626e-09,4.118846717070812,-0.0
10,CC-charge,23,5128.13047503724,89117.7368164707,4.125464581527133,27.263836618115,27.263836618115,36241.494025375556,11160.565686704862,5.531534032665473e-09,4.125464581527133,-0.0
10,CC-charge,24,5200.857747764513,89190.46408919797,4.132343050616418,27.263836618115,27.263836618115,35823.79893706243,11613.985103308616,5.532681322172536e-09,4.132343050616418,-0.0
10,CC-charge,25,5273.585020491786,89263.19136192524,4.139500058564238,27.263836618115,27.263836618115,35406.103848749095,12067.404092015988,5.533842002935506e-09,4.139500058564238,-0.0
10,CC-charge,26,5346.312293219058,89335.91863465251,4.146949698534049,27.263836618115,27.263836618115,34988.408760436265,12520.822594479825,5.5350178816459015e-09,4.146949698534049,-0.0
10,CC-charge,27,5419.039565946331,89408.64590737979,4.154703181642968,27.263836618115,27.263836618115,34570.71367212271,12974.240543489484,5.536211056976115e-09,4.154703181642968,-0.0
10,CC-charge,28,5491.766838673604,89481.37318010705,4.162771526061879,27.263836618115,27.263836618115,34153.01858380926,13427.657861144626,5.537423973623217e-09,4.162771526061879,-0.0
10,CC-charge,29,5564.494111400877,89554.10045283433,4.1711592737444105,27.263836618115,27.263836618115,33735.32349549594,13881.07450865337,5.538657836648113e-09,4.1711592737444105,-0.0
10,CC-charge,30,5637.22138412815,89626.8277255616,4.179874649863898,27.263836618115,27.263836618115,33317.62840718283,14334.49035698241,5.539916724275864e-09,4.179874649863898,-0.0
10,CC-charge,31,5709.948656855422,89699.55499828888,4.188924280706713,27.263836618115,27.263836618115,32899.93331886986,14787.905313219362,5.541203570169931e-09,4.188924280706713,-0.0
10,CC-charge,32,5782.675929582695,89772.28227101614,4.198315140619067,27.263836618115,27.263836618115,32482.238230556595,15241.319275317037,5.542521595868208e-09,4.198315140619067,-0.0
10,CC-charge,33,5795.369689023541,89784.976030457,4.19999,27.263836618115,27.263836618115,32409.334067209908,15320.457682162818,5.542754771906256e-09,4.19999,-0.0
10,CV-charge,0,5795.369689023541,89784.976030457,4.2,27.288283664265567,27.288283664265567,32409.334067209908,15320.457682162818,5.542754771906256e-09,4.2,0.0
10,CV-charge,1,5868.0969617508135,89857.70330318427,4.2,24.222344787423207,24.222344787423207,31887.191638750402,15815.666534794182,5.544023892334994e-09,4.2,-0.0
10,CV-charge,2,5940.824234478086,89930.43057591154,4.199999999999999,22.283546812288787,22.283546812288787,31540.428842500856,16196.103841456359,5.5452146283437845e-09,4.199999999999999,-0.0
10,CV-charge,3,6013.551507205359,90003.15784863882,4.2,20.58876464685383,20.58876464685383,31222.047309145448,16546.867465459636,5.546340165111009e-09,4.2,-0.0
10,CV-charge,4,6086.278779932632,90075.88512136608,4.199999999999999,19.090355842740568,19.090355842740568,30926.756085192323,16871.998403364647,5.547408763919367e-09,4.199999999999999,-0.0
10,CV-charge,5,6159.0060526599045,90148.61239409336,4.2,17.759631021967195,17.759631021967195,30652.167026908264,17174.137687957293,5.548425674347387e-09,4.2,-0.0
10,CV-charge,6,6231.733325387177,90221.33966682063,4.199999999999999,16.57194702561906,16.57194702561906,30396.049396922303,17455.783183274543,5.549395919438627e-09,4.199999999999999,-0.0
10,CV-charge,7,6304.46059811445,90294.0669395479,4.2,15.50689961051182,15.50689961051182,30156.483876047914,17719.08208777145,5.550323835054453e-09,4.2,-0.0
10,CV-charge,8,6377.1878708417225,90366.79421227517,4.2,14.547569588934286,14.547569588934286,29931.81871158129,17965.88014379052,5.551213168538723e-09,4.2,-0.0
10,CV-charge,9,6449.9151435689955,90439.52148500245,4.199999999999999,13.679830905719315,13.679830905719315,29720.62397388507,18197.773518423553,5.552067181227026e-09,4.199999999999999,-0.0
10,CV-charge,10,6522.642416296268,90512.24875772971,4.200000000000001,12.891839588506462,12.891839588506462,29521.656470812344,18416.148519758295,5.552888725930463e-09,4.200000000000001,-0.0
10,CV-charge,11,6595.369689023541,90584.976030457,4.2,12.173616142898812,12.173616142898812,29333.83095118604,18622.214163810822,5.5536803099243354e-09,4.2,-0.0
10,CV-charge,12,6668.0969617508135,90657.70330318427,4.199999999999999,11.516656456642158,11.516656456642158,29156.1828389318,18817.04392149279,5.554444181880076e-09,4.199999999999999,-0.0
10,CV-charge,13,6740.8242344780865,90730.43057591154,4.2,10.913393780328992,10.913393780328992,28987.766298777315,19001.687934353762,5.555182596427204e-09,4.2,-0.0
10,CV-charge,14,6813.551507205359,90803.15784863882,4.200000000000001,10.358491029999541,10.358491029999541,28828.068061637223,19176.71975657988,5.555896688557434e-09,4.200000000000001,-0.0
10,CV-charge,15,6886.278779932632,90875.88512136608,4.2,9.84580315041851,9.84580315041851,28676.18261219225,19343.141556812312,5.556588702010238e-09,4.2,-0.0
10,CV-charge,16,6959.0060526599045,90948.61239409336,4.2,9.371195814255548,9.371195814255548,28531.643718645915,19501.471977540306,5.557259716471423e-09,4.2,-0.0
10,CV-charge,17,7031.733325387177,91021.33966682063,4.2,8.930694264324952,8.930694264324952,28393.92062612988,19652.29950326514,5.55791101980985e-09,4.2,-0.0
10,CV-charge,18,7104.46059811445,91094.0669395479,4.2,8.520847654243997,8.520847654243997,28262.536978393695,19796.151860373815,5.558543778191762e-09,4.2,-0.0
10,CV-charge,19,7177.1878708417225,91166.79421227517,4.200000000000001,8.138637112053575,8.138637112053575,28137.063366417955,19933.504464646157,5.559159052623431e-09,4.200000000000001,-0.0
10,CV-charge,20,7249.9151435689955,91239.52148500245,4.200000000000001,7.781417303103996,7.781417303103996,28017.111668283113,20064.78676056107,5.559757811152967e-09,4.200000000000001,-0.0
10,CV-charge,21,7322.6424162962685,91312.24875772971,4.2,7.446861177889512,7.446861177889512,27902.33006190988,20190.387803975274,5.560340939713936e-09,4.2,-0.0
10,CV-charge,22,7395.369689023541,91384.976030457,4.199999999999999,7.132914864363734,7.132914864363734,27792.3987465098,20310.661047080634,5.560909251453456e-09,4.199999999999999,-0.0
10,CV-charge,23,7468.0969617508135,91457.70330318427,4.2,6.837763389997614,6.837763389997614,27687.027536305137,20425.927048463527,5.561463491494979e-09,4.2,-0.0
10,CV-charge,24,7540.8242344780865,91530.43057591154,4.2,6.559790868553826,6.559790868553826,27585.94987454613,20536.48011826946,5.562004351123065e-09,4.2,-0.0
10,CV-charge,25,7613.551507205359,91603.15784863882,4.2,6.2975584946692145,6.2975584946692145,27488.921758297707,20642.589530932306,5.5625324695304115e-09,4.2,-0.0
10,CV-charge,26,7686.278779932632,91675.88512136608,4.200000000000001,6.049781212419434,6.049781212419434,27395.719171060293,20744.502391774324,5.56304843957064e-09,4.200000000000001,-0.0
10,CV-charge,27,7759.0060526599045,91748.61239409336,4.2,5.815308259827137,5.815308259827137,27306.135988653645,20842.44597042347,5.563552812406109e-09,4.2,-0.0
10,CV-charge,28,7831.733325387177,91821.33966682063,4.2,5.593106536958833,5.593106536958833,27219.98214474863,20936.62974363062,5.564046101593861e-09,4.2,-0.0
10,CV-charge,29,7904.4605981144505,91894.0669395479,4.200000000000001,5.382246339942032,5.382246339942032,27137.082019396606,21027.24718864666,5.5645287866881965e-09,4.200000000000001,-0.0
10,CV-charge,30,7977.1878708417225,91966.79421227517,4.2,5.181889083769323,5.181889083769323,27057.27301940421,21114.477362172966,5.565001316425933e-09,4.2,-0.0
10,CV-charge,31,8049.9151435689955,92039.52148500245,4.2,4.99127670275734,4.99127670275734,26980.404324264437,21198.486294382998,5.565464111550088e-09,4.2,-0.0
10,CV-charge,32,8122.6424162962685,92112.24875772971,4.2,4.809722471090771,4.809722471090771,26906.335775420972,21279.428222961164,5.5659175673193036e-09,4.2,-0.0
10,CV-charge,33,8195.36968902354,92184.976030457,4.200000000000001,4.636603029384205,4.636603029384205,26834.936889979177,21357.446688299755,5.5663620557432106e-09,4.200000000000001,-0.0
10,CV-charge,34,8268.096961750813,92257.70330318427,4.2,4.471351438766172,4.471351438766172,26766.085982796318,21432.675507883057,5.566797927578128e-09,4.2,-0.0
10,CV-charge,35,8340.824234478087,92330.43057591154,4.200000000000001,4.313451113111569,4.313451113111569,26699.66938320836,21505.239645208567,5.5672255141125245e-09,4.200000000000001,-0.0
10,CV-charge,36,8413.551507205359,92403.15784863882,4.199999999999999,4.1624305040361484,4.1624305040361484,26635.580734634477,21575.25598643025,5.567645128767566e-09,4.199999999999999,-0.0
10,CV-charge,37,8486.278779932632,92475.88512136608,4.199999999999999,4.017858433028946,4.017858433028946,26573.720366937498,21642.83403601336,5.5680570685345605e-09,4.199999999999999,-0.0
10,CV-charge,38,8559.006052659905,92548.61239409336,4.2,3.8793399814852005,3.8793399814852005,26513.99473282814,21708.076541155497,5.5684616152682426e-09,4.2,-0.0
10,CV-charge,39,8631.733325387177,92621.33966682063,4.200000000000001,3.7465128630346944,3.7465128630346944,26456.31590077728,21771.080053370137,5.568859036852243e-09,4.200000000000001,-0.0
10,CV-charge,40,8704.46059811445,92694.0669395479,4.2,3.6190442138967396,3.6190442138967396,26400.601097914558,21831.935434528958,5.569249588251068e-09,4.2,-0.0
10,CV-charge,41,8777.187870841723,92766.79421227517,4.2,3.4966277464974125,3.4966277464974125,26346.772297238826,21890.72831367424,5.569633512461017e-09,4.2,-0.0
10,CV-charge,42,8849.915143568996,92839.52148500245,4.2,3.3789812195318185,3.3789812195318185,26294.755844204527,21947.539500123683,5.570011041370978e-09,4.2,-0.0
10,CV-charge,43,8922.642416296268,92912.24875772971,4.2,3.26584418438825,3.26584418438825,26244.482118373824,22002.445357652017,5.5703823965426695e-09,4.2,-0.0
10,CV-charge,44,8995.36968902354,92984.976030457,4.199999999999999,3.156975973458852,3.156975973458852,26195.88522635879,22055.518143964928,5.570747789918772e-09,4.199999999999999,-0.0
10,CV-charge,45,9068.096961750813,93057.70330318427,4.200000000000001,3.0521539007076224,3.0521539007076224,26148.90272275425,22106.826319144802,5.5711074244664e-09,4.200000000000001,-0.0
10,CV-charge,46,9140.824234478087,93130.43057591154,4.2,2.951171648850622,2.951171648850622,26103.475356136336,22156.43482629404,5.571461494762493e-09,4.2,-0.0
10,CV-charge,47,9213.551507205359,93203.15784863882,4.2,2.8538378210395705,2.8538378210395705,26059.546837583162,22204.40534724667,5.571810187526991e-09,4.2,-0.0
10,CV-charge,48,9286.278779932632,93275.88512136608,4.199999999999999,2.7599746378070176,2.7599746378070176,26017.063629438464,22250.79653584756,5.572153682108985e-09,4.199999999999999,-0.0
10,CV-charge,49,9313.00477524803,93302.61111668148,4.2,2.7263936618114997,2.7263936618114997,26001.837740243776,22267.422788756685,5.5722785198683295e-09,4.2,-0.0
11,CC-discharge,0,0.0,93302.61111668148,3.854870862589833,-27.263836618115,-27.263836618115,26001.837740243776,22267.422788756685,5.5722785198683295e-09,3.854870862589833,0.0
11,CC-discharge,1,72.72727272727273,93375.33838940876,3.8308155794257597,-27.263836618115,-27.263836618115,26566.957439951948,21732.922925849056,5.5722785198683295e-09,3.8308155794257597,0.5507845781437374
11,CC-discharge,2,145.45454545454547,93448.06566213602,3.8145559021160356,-27.263836618115,-27.263836618115,26986.54526138329,21279.44294906141,5.5722785198683295e-09,3.8145559021160356,1.1015691562874748
11,CC-discharge,3,218.1818181818182,93520.7929348633,3.7993927241772374,-27.263836618115,-27.263836618115,27404.27187811765,20825.987606690585,5.5722785198683295e-09,3.7993927241772374,1.652353734431212
11,CC-discharge,4,290.90909090909093,93593.52020759057,3.785061042654308,-27.263836618115,-27.263836618115,27821.96940722834,20372.532215865413,5.5722785198683295e-09,3.785061042654308,2.2031383125749495
11,CC-discharge,5,363.6363636363637,93666.24748031785,3.7713998403590336,-27.263836618115,-27.263836618115,28239.664685339027,19919.076824326883,5.5722785198683295e-09,3.7713998403590336,2.753922890718687
11,CC-discharge,6,436.3636363636364,93738.97475304511,3.7583029859074504,-27.263836618115,-27.263836618115,28657.359788483533,19465.62143277792,5.5722785198683295e-09,3.7583029859074504,3.304707468862424
11,CC-discharge,7,509.0909090909091,93811.70202577239,3.7456768177031856,-27.263836618115,-27.263836618115,29075.05487796162,19012.166041228087,5.5722785198683295e-09,3.7456768177031856,3.8554920470061615
11,CC-discharge,8,581.8181818181819,93884.42929849966,3.733464782261443,-27.263836618115,-27.263836618115,29492.749966366602,18558.71064967876,5.5722785198683295e-09,3.733464782261443,4.406276625149899
11,CC-discharge,9,654.5454545454546,93957.15657122694,3.721619623122346,-27.263836618115,-27.263836618115,29910.445054686486,18105.25525812977,5.5722785198683295e-09,3.721619623122346,4.9570612032936365
11,CC-discharge,10,727.2727272727274,94029.8838439542,3.7101051286654108,-27.263836618115,-27.263836618115,30328.140142999917,17651.799866580663,5.5722785198683295e-09,3.7101051286654108,5.507845781437374
11,CC-discharge,11,800.0000000000001,94102.61111668148,3.698893298677489,-27.263836618115,-27.263836618115,30745.83523131254,17198.344475031252,5.5722785198683295e-09,3.698893298677489,6.0586303595811115
11,CC-discharge,12,872.7272727272727,94175.33838940876,3.687962261523452,-27.263836618115,-27.263836618115,31163.53031962526,16744.889083481838,5.5722785198683295e-09,3.687962261523452,6.609414937724848
11,CC-discharge,13,945.4545454545455,94248.06566213602,3.6772947096915183,-27.263836618115,-27.263836618115,31581.225407938244,16291.433691932249,5.5722785198683295e-09,3.6772947096915183,7.160199515868586
11,CC-discharge,14,1018.1818181818182,94320.7929348633,3.666876696974777,-27.263836618115,-27.263836618115,31998.92049625146,15837.978300382609,5.5722785198683295e-09,3.666876696974777,7.710984094012323
11,CC-discharge,15,1090.909090909091,94393.52020759057,3.6566966876042835,-27.263836618115,-27.263836618115,32416.61558456465,15384.522908833727,5.5722785198683295e-09,3.6566966876042835,8.26176867215606
11,CC-discharge,16,1163.6363636363637,94466.24748031785,3.646744779595633,-27.263836618115,-27.263836618115,32834.31067287763,14931.067517284406,5.5722785198683295e-09,3.646744779595633,8.812553250299798
11,CC-discharge,17,1236.3636363636365,94538.97475304511,3.637012044332407,-27.263836618115,-27.263836618115,33252.0057611903,14477.612125734913,5.5722785198683295e-09,3.637012044332407,9.363337828443536
11,CC-discharge,18,1309.0909090909092,94611.70202577239,3.6274899376407186,-27.263836618115,-27.263836618115,33669.70084950361,14024.156734185583,5.5722785198683295e-09,3.6274899376407186,9.914122406587273
11,CC-discharge,19,1381.818181818182,94684.42929849966,3.6181697457892663,-27.263836618115,-27.263836618115,34087.39593781634,13570.701342636323,5.5722785198683295e-09,3.6181697457892663,10.46490698473101
11,CC-discharge,20,1454.5454545454547,94757.15657122694,3.609042034547041,-27.263836618115,-27.263836618115,34505.091026129114,13117.245951086668,5.5722785198683295e-09,3.609042034547041,11.015691562874748
11,CC-discharge,21,1527.2727272727275,94829.8838439542,3.6000960724955835,-27.263836618115,-27.263836618115,34922.78611444235,12663.790559537656,5.5722785198683295e-09,3.6000960724955835,11.566476141018486
11,CC-discharge,22,1600.0000000000002,94902.61111668148,3.5913191929637156,-27.263836618115,-27.263836618115,35340.48120275524,12210.335167988802,5.5722785198683295e-09,3.5913191929637156,12.117260719162223
11,CC-discharge,23,1672.727272727273,94975.33838940876,3.582695509028798,-27.263836618115,-27.263836618115,35758.176291068354,11756.879776439855,5.5722785198683295e-09,3.582695509028798,12.66804529730596
11,CC-discharge,24,1745.4545454545455,95048.06566213602,3.5742076125637574,-27.263836618115,-27.263836618115,36175.87137938152,11303.424384890744,5.5722785198683295e-09,3.5742076125637574,13.218829875449696
11,CC-discharge,25,1818.1818181818182,95120.7929348633,3.5658312285152705,-27.263836618115,-27.263836618115,36593.56646769406,10849.968993341583,5.5722785198683295e-09,3.5658312285152705,13.769614453593434
11,CC-discharge,26,1890.909090909091,95193.52020759057,3.5575372754564225,-27.263836618115,-27.263836618115,37011.261556006786,10396.513601792232,5.5722785198683295e-09,3.5575372754564225,14.320399031737171
11,CC-discharge,27,1963.6363636363637,95266.24748031785,3.5492894695462103,-27.263836618115,-27.263836618115,37428.956644319944,9943.058210243154,5.5722785198683295e-09,3.5492894695462103,14.871183609880909
11,CC-discharge,28,2036.3636363636365,95338.97475304511,3.541042486230835,-27.263836618115,-27.263836618115,37846.65173263279,9489.602818693953,5.5722785198683295e-09,3.541042486230835,15.421968188024646
11,CC-discharge,29,2109.0909090909095,95411.70202577239,3.532739621321835,-27.263836618115,-27.263836618115,38264.34682094521,9036.147427144793,5.5722785198683295e-09,3.532739621321835,15.972752766168385
11,CC-discharge,30,2181.818181818182,95484.42929849966,3.524310030961551,-27.263836618115,-27.263836618115,38682.04190925777,8582.692035595537,5.5722785198683295e-09,3.524310030961551,16.52353734431212
11,CC-discharge,31,2254.545454545455,95557.15657122694,3.515665978355749,-27.263836618115,-27.263836618115,39099.736997570435,8129.236644046636,5.5722785198683295e-09,3.515665978355749,17.07432192245586
11,CC-discharge,32,2327.2727272727275,95629.8838439542,3.5066955299019207,-27.263836618115,-27.263836618115,39517.43208588304,7675.781252497542,5.5722785198683295e-09,3.5066955299019207,17.625106500599596
11,CC-discharge,33,2400.0,95702.61111668148,3.497262690061932,-27.263836618115,-27.263836618115,39935.12717419622,7222.325860948445,5.5722785198683295e-09,3.497262690061932,18.175891078743334
11,CC-discharge,34,2472.727272727273,95775.33838940876,3.4871971103089727,-27.263836618115,-27.263836618115,40352.8222625092,6768.870469399364,5.5722785198683295e-09,3.4871971103089727,18.726675656887075
11,CC-discharge,35,2545.4545454545455,95848.06566213602,3.476286990198763,-27.263836618115,-27.263836618115,40770.51735082201,6315.41507785018,5.5722785198683295e-09,3.476286990198763,19.277460235030812
11,CC-discharge,36,2618.1818181818185,95920.7929348633,3.4642705090373687,-27.263836618115,-27.263836618115,41188.2124391347,5861.95968630112,5.5722785198683295e-09,3.4642705090373687,19.82824481317455
11,CC-discharge,37,2690.909090909091,95993.52020759057,3.450824521764363,-27.263836618115,-27.263836618115,41605.90752744752,5408.504294751699,5.5722785198683295e-09,3.450824521764363,20.379029391318287
11,CC-discharge,38,2763.636363636364,96066.24748031785,3.4355516737794067,-27.263836618115,-27.263836618115,42023.602615760195,4955.048903202489,5.5722785198683295e-09,3.4355516737794067,20.929813969462025
11,CC-discharge,39,2836.3636363636365,96138.97475304511,3.4179657507953136,-27.263836618115,-27.263836618115,42441.29770407206,4501.593511653448,5.5722785198683295e-09,3.4179657507953136,21.480598547605762
11,CC-discharge,40,2909.0909090909095,96211.70202577239,3.397475803534147,-27.263836618115,-27.263836618115,42858.99279238468,4048.138120104386,5.5722785198683295e-09,3.397475803534147,22.0313831257495
11,CC-discharge,41,2981.818181818182,96284.42929849966,3.3733693904235125,-27.263836618115,-27.263836618115,43276.68788069805,3594.682728555345,5.5722785198683295e-09,3.3733693904235125,22.582167703893237
11,CC-discharge,42,3054.545454545455,96357.15657122694,3.3447982984620572,-27.263836618115,-27.263836618115,43694.38296901012,3141.2273370062712,5.5722785198683295e-09,3.3447982984620572,23.132952282036975
11,CC-discharge,43,3127.2727272727275,96429.8838439542,3.310762954390945,-27.263836618115,-27.263836618115,44112.07805732279,2687.771945457203,5.5722785198683295e-09,3.310762954390945,23.683736860180712
11,CC-discharge,44,3200.0000000000005,96502.61111668148,3.270081385620398,-27.263836618115,-27.263836618115,44529.77314563562,2234.3165539081424,5.5722785198683295e-09,3.270081385620398,24.23452143832445
11,CC-discharge,45,3272.727272727273,96575.33838940876,3.2212192795202967,-27.263836618115,-27.263836618115,44947.46823394838,1780.8611623591437,5.5722785198683295e-09,3.2212192795202967,24.785306016468187
11,CC-discharge,46,3345.454545454546,96648.06566213602,3.1611502616229687,-27.263836618115,-27.263836618115,45365.163322260814,1327.405770810138,5.5722785198683295e-09,3.1611502616229687,25.336090594611925
11,CC-discharge,47,3418.1818181818185,96720.7929348633,3.0760879378755055,-27.263836618115,-27.263836618115,45782.85841057384,873.9503792610891,5.5722785198683295e-09,3.0760879378755055,25.886875172755662
11,CC-discharge,48,3454.075706211574,96756.68682289305,3.0000099999999996,-27.263836618115,-27.263836618115,45989.00804561782,650.1515698132735,5.5722785198683295e-09,3.0000099999999996,26.158709922431264
11,CC-charge,0,3454.075706211574,96756.68682289305,3.7164587247784477,27.263836618115,27.263836618115,45989.00804561782,650.1515698132735,5.5722785198683295e-09,3.7164587247784477,0.0
11,CC-charge,1,3526.8029789388465,96829.41409562033,3.8217051219559837,27.263836618115,27.263836618115,45423.893092314276,1184.648679707627,5.572290134529447e-09,3.8217051219559837,-0.0
11,CC-charge,2,3599.5302516661195,96902.1413683476,3.867972090220868,27.263836618115,27.263836618115,45004.30409859266,1638.1298040881975,5.57232210476829e-09,3.867972090220868,-0.0
11,CC-charge,3,3672.257524393392,96974.86864107488,3.9053577796709216,27.263836618115,27.263836618115,44586.57176188343,2091.582837907417,5.572388359866056e-09,3.9053577796709216,-0.0
11,CC-charge,4,3744.984797120665,97047.59591380214,3.9366008498609646,27.263836618115,27.263836618115,44168.87617773492,2545.034125918027,5.572508371027725e-09,3.9366008498609646,-0.0
11,CC-charge,5,3817.7120698479375,97120.32318652942,3.9626299323717804,27.263836618115,27.263836618115,43751.181084359276,2998.482972516612,5.572702666337327e-09,3.9626299323717804,-0.0
11,CC-charge,6,3890.4393425752105,97193.05045925669,3.984215972929313,27.263836618115,27.263836618115,43333.485996110445,3451.9288132324987,5.572990054043871e-09,3.984215972929313,-0.0
11,CC-charge,7,3963.166615302483,97265.77773198397,4.002099606531738,27.263836618115,27.263836618115,42915.79090779778,3905.371290421895,5.5733832537069465e-09,4.002099606531738,-0.0
11,CC-charge,8,4035.893888029756,97338.50500471123,4.016964103696972,27.263836618115,27.263836618115,42498.095819485054,4358.810304821092,5.573886866204064e-09,4.016964103696972,-0.0
11,CC-charge,9,4108.6211607570285,97411.23227743851,4.02941257486892,27.263836618115,27.263836618115,42080.40073117129,4812.245987664898,5.574497943761853e-09,4.02941257486892,-0.0
11,CC-charge,10,4181.3484334843015,97483.95955016577,4.039961072186204,27.263836618115,27.263836618115,41662.70564285806,5265.678640391048,5.5752077259153414e-09,4.039961072186204,-0.0
11,CC-charge,11,4254.0757062115745,97556.68682289305,4.049042421579027,27.263836618115,27.263836618115,41245.01055454468,5719.108662875764,5.576003900983726e-09,4.049042421579027,-0.0
11,CC-charge,12,4326.8029789388465,97629.41409562033,4.057013848666449,27.263836618115,27.263836618115,40827.315466231004,6172.536488841805,5.576872727649657e-09,4.057013848666449,-0.0
11,CC-charge,13,4399.5302516661195,97702.1413683476,4.064167729361045,27.263836618115,27.263836618115,40409.62037791756,6625.9625374426105,5.577800682240869e-09,4.064167729361045,-0.0
11,CC-charge,14,4472.2575243933925,97774.86864107488,4.070741248973843,27.263836618115,27.263836618115,39991.92528960419,7079.3871834187885,5.578775513643676e-09,4.070741248973843,-0.0
11,CC-charge,15,4544.9847971206655,97847.59591380214,4.076925688906029,27.263836618115,27.263836618115,39574.230201290964,7532.810742104156,5.579786802981372e-09,4.076925688906029,-0.0
11,CC-charge,16,4617.7120698479375,97920.32318652942,4.082874409955475,27.263836618115,27.263836618115,39156.53511297774,7986.233466540402,5.580826110108982e-09,4.082874409955475,-0.0
11,CC-charge,17,4690.4393425752105,97993.05045925669,4.088710327258289,27.263836618115,27.263836618115,38738.8400246643,8439.65554891255,5.581886961842252e-09,4.088710327258289,-0.0
11,CC-charge,18,4763.1666153024835,98065.77773198397,4.0945306586778365,27.263836618115,27.263836618115,38321.14493635105,8893.077099349692,5.582965550422674e-09,4.0945306586778365,-0.0
11,CC-charge,19,4835.8938880297555,98138.50500471123,4.1004128436862155,27.263836618115,27.263836618115,37903.44984803738,9346.498247220099,5.58405748255375e-09,4.1004128436862155,-0.0
11,CC-charge,20,4908.6211607570285,98211.23227743851,4.106417819794242,27.263836618115,27.263836618115,37485.75475972415,9799.919046157247,5.5851608456611275e-09,4.106417819794242,-0.0
11,CC-charge,21,4981.3484334843015,98283.95955016577,4.112593241993238,27.263836618115,27.263836618115,37068.05967141107,10253.339511711443,5.58627497610582e-09,4.112593241993238,-0.0
11,CC-charge,22,5054.0757062115745,98356.68682289305,4.118977777798109,27.263836618115,27.263836618115,36650.36458309757,10706.759652962844,5.587399449150643e-09,4.118977777798109,-0.0
11,CC-charge,23,5126.802978938847,98429.41409562033,4.125600043101107,27.263836618115,27.263836618115,36232.66949478413,11160.179450273632,5.588534786296786e-09,4.125600043101107,-0.0
11,CC-charge,24,5199.5302516661195,98502.1413683476,4.132482956752397,27.263836618115,27.263836618115,35814.97440647154,11613.598867219103,5.589682065090737e-09,4.132482956752397,-0.0
11,CC-charge,25,5272.2575243933925,98574.86864107488,4.139644455130806,27.263836618115,27.263836618115,35397.27931815801,12067.01785631413,5.59084273374059e-09,4.139644455130806,-0.0
11,CC-charge,26,5344.9847971206655,98647.59591380214,4.147098634792892,27.263836618115,27.263836618115,34979.5842298445,12520.436359219097,5.592018598666573e-09,4.147098634792892,-0.0
11,CC-charge,27,5417.7120698479375,98720.32318652942,4.154856712072891,27.263836618115,27.263836618115,34561.88914153083,12973.854308731043,5.5932117583036754e-09,4.154856712072891,-0.0
11,CC-charge,28,5490.4393425752105,98793.05045925669,4.1629297121205315,27.263836618115,27.263836618115,34144.194053217485,13427.271626957147,5.594424657091543e-09,4.1629297121205315,-0.0
11,CC-charge,29,5563.1666153024835,98865.77773198397,4.171322188703776,27.263836618115,27.263836618115,33726.49896490414,13880.688275107592,5.595658500031562e-09,4.171322188703776,-0.0
11,CC-charge,30,5635.8938880297555,98938.50500471123,4.180042380723336,27.263836618115,27.263836618115,33308.80387659061,14334.104124158268,5.596917365046865e-09,4.180042380723336,-0.0
11,CC-charge,31,5708.621160757029,99011.23227743851,4.189096933359419,27.263836618115,27.263836618115,32891.10878827749,14787.519081201686,5.598204185647686e-09,4.189096933359419,-0.0
11,CC-charge,32,5781.3484334843015,99083.95955016577,4.198492845845399,27.263836618115,27.263836618115,32473.413699964334,15240.933044197986,5.599522183174756e-09,4.198492845845399,-0.0
11,CC-charge,33,5792.693879346569,99095.30499602805,4.199990000000001,27.263836618115,27.263836618115,32408.253316057664,15311.66548158144,5.599730506550208e-09,4.199990000000001,-0.0
11,CV-charge,0,5792.693879346569,99095.30499602805,4.200000000000001,27.288247944909,27.288247944909,32408.253316057664,15311.66548158144,5.599730506550208e-09,4.200000000000001,0.0
11,CV-charge,1,5865.421152073842,99168.03226875533,4.2,24.222727421225432,24.222727421225432,31886.105728667237,15806.879043888515,5.6009989677637645e-09,4.2,-0.0
11,CV-charge,2,5938.148424801114,99240.75954148259,4.2,22.28416225840736,22.28416225840736,31539.333793483536,16187.325578003243,5.6021890603362944e-09,4.2,-0.0
11,CV-charge,3,6010.875697528387,99313.48681420987,4.2,20.589531414406817,20.589531414406817,31220.940285136883,16538.10167186861,5.6033139668644655e-09,4.2,-0.0
11,CV-charge,4,6083.60297025566,99386.21408693714,4.2,19.091218629825946,19.091218629825946,30925.635896125936,16863.246596512658,5.60438194626194e-09,4.2,-0.0
11,CV-charge,5,6156.330242982933,99458.94135966442,4.2,17.760548249307497,17.760548249307497,30651.03271697155,17165.401041005465,5.605398248411272e-09,4.2,-0.0
11,CV-charge,6,6229.057515710205,99531.66863239168,4.199999999999999,16.57288914921106,16.57288914921106,30394.90055991667,17447.062231885197,5.6063678956242846e-09,4.199999999999999,-0.0
11,CV-charge,7,6301.784788437478,99604.39590511896,4.2,15.507845271012268,15.507845271012268,30155.32042870579,17710.3769909663,5.607295223308987e-09,4.2,-0.0
11,CV-charge,8,6374.512061164751,99677.12317784622,4.199999999999999,14.548503649791765,14.548503649791765,29930.640817687585,17957.190772652404,5.608183978358994e-09,4.199999999999999,-0.0
11,CV-charge,9,6447.239333892024,99749.8504505735,4.2,13.680742576847987,13.680742576847987,29719.431965605127,18189.099547097896,5.609037421719017e-09,4.2,-0.0
11,CV-charge,10,6519.966606619296,99822.57772330077,4.200000000000001,12.892721226940662,12.892721226940662,29520.450779250616,18407.489505120848,5.60985840588432e-09,4.200000000000001,-0.0
11,CV-charge,11,6592.693879346569,99895.30499602805,4.2,12.174462557584036,12.174462557584036,29332.61211171576,18613.56954118937,5.610649437746257e-09,4.2,-0.0
11,CV-charge,12,6665.421152073842,99968.03226875533,4.2,11.517464214039592,11.517464214039592,29154.95144057414,18808.413062687287,5.611412765657421e-09,4.2,-0.0
11,CV-charge,13,6738.148424801115,100040.75954148259,4.200000000000001,10.914561525404613,10.914561525404613,28986.63662000922,18992.945512471506,5.612150337363054e-09,4.200000000000001,-0.0
11,CV-charge,14,6810.875697528387,100113.48681420987,4.2,10.359585547678751,10.359585547678751,28826.921425737848,19167.99604243998,5.612863916887887e-09,4.2,-0.0
11,CV-charge,15,6883.60297025566,100186.21408693714,4.2,9.846827375648465,9.846827375648465,28675.0201334074,19334.435270222282,5.613555423622518e-09,4.2,-0.0
11,CV-charge,16,6956.330242982933,100258.94135966442,4.2,9.372152626887083,9.372152626887083,28530.466437396153,19492.781978771593,5.614225937491221e-09,4.2,-0.0
11,CV-charge,17,7029.057515710205,100331.66863239168,4.200000000000001,8.931586541680037,8.931586541680037,28392.729541563298,19643.62469895855,5.614876746230849e-09,4.200000000000001,-0.0
11,CV-charge,18,7101.784788437478,100404.39590511896,4.2,8.521678177145704,8.521678177145704,28261.333044785988,19787.49120602402,5.615509015886453e-09,4.2,-0.0
11,CV-charge,19,7174.512061164751,100477.12317784622,4.199999999999999,8.13940857932728,8.13940857932728,28135.84749602253,19924.85696162571,5.6161238073431745e-09,4.199999999999999,-0.0
11,CV-charge,20,7247.239333892024,100549.8504505735,4.200000000000001,7.782132303988076,7.782132303988076,28015.884733055897,20056.15145430906,5.616722088531847e-09,4.200000000000001,-0.0
11,CV-charge,21,7319.966606619297,100622.57772330077,4.2,7.447522183085036,7.447522183085036,27901.092895361842,20181.763782014477,5.6173047452728236e-09,4.2,-0.0
11,CV-charge,22,7392.693879346569,100695.30499602805,4.199999999999999,7.133524222477171,7.133524222477171,27791.152145605018,20302.047436970766,5.617872590604188e-09,4.199999999999999,-0.0
11,CV-charge,23,7465.421152073842,100768.03226875533,4.2,6.838323299837662,6.838323299837662,27685.772253211002,20417.323026945178,5.618426369571859e-09,4.2,-0.0
11,CV-charge,24,7538.148424801115,100840.75954148259,4.2,6.560303438987199,6.560303438987199,27584.686638802155,20527.884886751617,5.61896677333304e-09,4.2,-0.0
11,CV-charge,25,7610.875697528387,100913.48681420987,4.2,6.2980257204937695,6.2980257204937695,27487.651268775524,20634.002324541205,5.619494440983343e-09,4.2,-0.0
11,CV-charge,26,7683.60297025566,100986.21408693714,4.200000000000001,6.050204979304449,6.050204979304449,27394.44209750463,20735.922477584143,5.620009965283285e-09,4.200000000000001,-0.0
11,CV-charge,27,7756.330242982933,101058.94135966442,4.200000000000001,5.815690350261935,5.815690350261935,27304.852973288,20833.872645700947,5.620513897305938e-09,4.200000000000001,-0.0
11,CV-charge,28,7829.057515710205,101131.66863239168,4.2,5.593448636466235,5.593448636466235,27218.693803771115,20928.062334190297,5.621006750522689e-09,4.2,-0.0
11,CV-charge,29,7901.784788437479,101204.39590511896,4.199999999999999,5.382550043385674,5.382550043385674,27135.78894438565,21018.685047310042,5.621489004405635e-09,4.199999999999999,-0.0
11,CV-charge,30,7974.512061164751,101277.12317784622,4.2,5.182155901580961,5.182155901580961,27055.975778622087,21105.919867328357,5.621961107612634e-09,4.2,-0.0
11,CV-charge,31,8047.239333892024,101349.8504505735,4.2,4.991508067001385,4.991508067001385,26979.103463873467,21189.932848652617,5.622423480810798e-09,4.2,-0.0
11,CV-charge,32,8119.966606619297,101422.57772330077,4.2,4.809919741291157,4.809919741291157,26905.031820606087,21270.878251960537,5.62287651918571e-09,4.2,-0.0
11,CV-charge,33,8192.693879346569,101495.30499602805,4.199999999999999,4.636767498071791,4.636767498071791,26833.630345986436,21348.899639498337,5.623320594676607e-09,4.199999999999999,-0.0
11,CV-charge,34,8265.421152073843,101568.03226875533,4.2,4.471484336729202,4.471484336729202,26764.77733588895,21424.130849545963,5.623756057971877e-09,4.2,-0.0
11,CV-charge,35,8338.148424801115,101640.75954148259,4.200000000000001,4.313553614336986,4.313553614336986,26698.35910154789,21496.696865427333,5.624183240294344e-09,4.200000000000001,-0.0
11,CV-charge,36,8410.875697528387,101713.48681420987,4.199999999999999,4.162503730344207,4.162503730344207,26634.269269090044,21566.714592229062,5.6246024550016276e-09,4.199999999999999,-0.0
11,CV-charge,37,8483.602970255659,101786.21408693714,4.199999999999999,4.01790345839149,4.01790345839149,26572.408151826323,21634.293552534324,5.625013999023436e-09,4.199999999999999,-0.0
11,CV-charge,38,8556.330242982933,101858.94135966442,4.2,3.8793578360582726,3.8793578360582726,26512.68218659578,21699.536510905513,5.625418154154668e-09,4.2,-0.0
11,CV-charge,39,8629.057515710205,101931.66863239168,4.2,3.746504536900068,3.746504536900068,26455.00342662047,21762.54003553413,5.6258151882207504e-09,4.2,-0.0
11,CV-charge,40,8701.784788437479,102004.39590511896,4.2,3.619010660524596,3.619010660524596,26399.28908434725,21823.395004342878,5.6262053561294624e-09,4.2,-0.0
11,CV-charge,41,8774.51206116475,102077.12317784622,4.2,3.4965698859513554,3.4965698859513554,26345.46111861197,21882.18706185463,5.626588900821718e-09,4.2,-0.0
11,CV-charge,42,8847.239333892023,102149.8504505735,4.199999999999999,3.37889994142417,3.37889994142417,26293.44586117849,21938.99703234374,5.626966054132239e-09,4.199999999999999,-0.0
11,CV-charge,43,8919.966606619297,102222.57772330077,4.199999999999999,3.26574035058849,3.26574035058849,26243.173678346917,21993.90129406786,5.627337037569678e-09,4.199999999999999,-0.0
11,CV-charge,44,8992.693879346569,102295.30499602805,4.2,3.156850420593583,3.156850420593583,26194.578663863074,22046.972118781425,5.627702063024637e-09,4.2,-0.0
11,CV-charge,45,9065.421152073843,102368.03226875533,4.2,3.052007442427434,3.052007442427434,26147.598359807696,22098.277980220315,5.628061333413046e-09,4.2,-0.0
11,CV-charge,46,9138.148424801115,102440.75954148259,4.200000000000001,2.9510050779100294,2.9510050779100294,26102.173502571077,22147.88383478278,5.6284150432614525e-09,4.200000000000001,-0.0
11,CV-charge,47,9210.875697528387,102513.48681420987,4.2,2.8536519111700223,2.8536519111700223,26058.247791338163,22195.85137727352,5.628763379240122e-09,4.2,-0.0
11,CV-charge,48,9283.602970255659,102586.21408693714,4.2,2.759770145415701,2.759770145415701,26015.76767682985,22242.239274209747,5.629106520649097e-09,4.2,-0.0
11,CV-charge,49,9310.159503922354,102612.77062060383,4.2,2.7263936618114997,2.7263936618114997,26000.638740106282,22258.759689544135,5.6292304417300395e-09,4.2,-0.0
12,CC-discharge,0,0.0,102612.77062060383,3.854892545961505,-27.263836618115,-27.263836618115,26000.638740106282,22258.759689544135,5.6292304417300395e-09,3.854892545961505,0.0
12,CC-discharge,1,72.72727272727273,102685.4978933311,3.830830071751162,-27.263836618115,-27.263836618115,26565.75843287596,21724.25983407624,5.6292304417300395e-09,3.830830071751162,0.5507845781437374
12,CC-discharge,2,145.45454545454547,102758.22516605837,3.8145664719206667,-27.263836618115,-27.263836618115,26985.34624496691,21270.779849955754,5.6292304417300395e-09,3.8145664719206667,1.1015691562874748
12,CC-discharge,3,218.1818181818182,102830.95243878565,3.799400212750634,-27.263836618115,-27.263836618115,27403.07287634863,20817.324507479534,5.6292304417300395e-09,3.799400212750634,1.652353734431212
12,CC-discharge,4,290.90909090909093,102903.67971151292,3.7850661112555657,-27.263836618115,-27.263836618115,27820.77040693316,20363.86911665344,5.6292304417300395e-09,3.7850661112555657,2.2031383125749495
12,CC-discharge,5,363.6363636363637,102976.4069842402,3.7714029632768704,-27.263836618115,-27.263836618115,28238.465685186507,19910.41372511464,5.6292304417300395e-09,3.7714029632768704,2.753922890718687
12,CC-discharge,6,436.3636363636364,103049.13425696746,3.7583045475497103,-27.263836618115,-27.263836618115,28656.160788344074,19456.9583335656,5.6292304417300395e-09,3.7583045475497103,3.304707468862424
12,CC-discharge,7,509.0909090909091,103121.86152969474,3.7456770819275462,-27.263836618115,-27.263836618115,29073.855877823513,19003.502942016697,5.6292304417300395e-09,3.7456770819275462,3.8554920470061615
12,CC-discharge,8,581.8181818181819,103194.588802422,3.7334639747047413,-27.263836618115,-27.263836618115,29491.55096622828,18550.047550467352,5.6292304417300395e-09,3.7334639747047413,4.406276625149899
12,CC-discharge,9,654.5454545454546,103267.31607514928,3.7216179238182336,-27.263836618115,-27.263836618115,29909.246054548632,18096.59215891818,5.6292304417300395e-09,3.7216179238182336,4.9570612032936365
12,CC-discharge,10,727.2727272727274,103340.04334787655,3.710102681980329,-27.263836618115,-27.263836618115,30326.9411428623,17643.136767368844,5.6292304417300395e-09,3.710102681980329,5.507845781437374
12,CC-discharge,11,800.0000000000001,103412.77062060383,3.6988902202952674,-27.263836618115,-27.263836618115,30744.63623117522,17189.6813758191,5.6292304417300395e-09,3.6988902202952674,6.0586303595811115
12,CC-discharge,12,872.7272727272727,103485.4978933311,3.687958643275959,-27.263836618115,-27.263836618115,31162.331319488272,16736.22598427019,5.6292304417300395e-09,3.687958643275959,6.609414937724848
12,CC-discharge,13,945.4545454545455,103558.22516605837,3.6772906227435205,-27.263836618115,-27.263836618115,31580.02640780117,16282.770592721177,5.6292304417300395e-09,3.6772906227435205,7.160199515868586
12,CC-discharge,14,1018.1818181818182,103630.95243878565,3.6668721936818542,-27.263836618115,-27.263836618115,31997.721496114496,15829.315201172183,5.6292304417300395e-09,3.6668721936818542,7.710984094012323
12,CC-discharge,15,1090.909090909091,103703.67971151292,3.6566918022240085,-27.263836618115,-27.263836618115,32415.41658442729,15375.85980962322,5.6292304417300395e-09,3.6566918022240085,8.26176867215606
12,CC-discharge,16,1163.6363636363637,103776.4069842402,3.6467395279380397,-27.263836618115,-27.263836618115,32833.11167274025,14922.404418073951,5.6292304417300395e-09,3.6467395279380397,8.812553250299798
12,CC-discharge,17,1236.3636363636365,103849.13425696746,3.637006422353853,-27.263836618115,-27.263836618115,33250.806761053886,14468.949026524768,5.6292304417300395e-09,3.637006422353853,9.363337828443536
12,CC-discharge,18,1309.0909090909092,103921.86152969474,3.6274839189165036,-27.263836618115,-27.263836618115,33668.501849366316,14015.493634975455,5.6292304417300395e-09,3.6274839189165036,9.914122406587273
12,CC-discharge,19,1381.818181818182,103994.588802422,3.618163277733495,-27.263836618115,-27.263836618115,34086.196937678986,13562.03824342624,5.6292304417300395e-09,3.618163277733495,10.46490698473101
12,CC-discharge,20,1454.5454545454547,104067.31607514928,3.6090350331804464,-27.263836618115,-27.263836618115,34503.892025991605,13108.582851876763,5.6292304417300395e-09,3.6090350331804464,11.015691562874748
12,CC-discharge,21,1527.2727272727275,104140.04334787655,3.600088415491617,-27.263836618115,-27.263836618115,34921.5871143042,12655.127460327712,5.6292304417300395e-09,3.600088415491617,11.566476141018486
12,CC-discharge,22,1600.0000000000002,104212.77062060383,3.5913107105817534,-27.263836618115,-27.263836618115,35339.28220261729,12201.672068778309,5.6292304417300395e-09,3.5913107105817534,12.117260719162223
12,CC-discharge,23,1672.727272727273,104285.4978933311,3.5826859783873712,-27.263836618115,-27.263836618115,35756.97729092985,11748.21667722905,5.6292304417300395e-09,3.5826859783873712,12.66804529730596
12,CC-discharge,24,1745.4545454545455,104358.22516605837,3.5741967238148256,-27.263836618115,-27.263836618115,36174.67237924317,11294.761285679668,5.6292304417300395e-09,3.5741967238148256,13.218829875449696
12,CC-discharge,25,1818.1818181818182,104430.95243878565,3.565818586446494,-27.263836618115,-27.263836618115,36592.367467555676,10841.305894130117,5.6292304417300395e-09,3.565818586446494,13.769614453593434
12,CC-discharge,26,1890.909090909091,104503.67971151292,3.557522369555069,-27.263836618115,-27.263836618115,37010.062555868055,10387.850502580919,5.6292304417300395e-09,3.557522369555069,14.320399031737171
12,CC-discharge,27,1963.6363636363637,104576.4069842402,3.549271645025758,-27.263836618115,-27.263836618115,37427.75764418115,9934.395111031628,5.6292304417300395e-09,3.549271645025758,14.871183609880909
12,CC-discharge,28,2036.3636363636365,104649.13425696746,3.5410209064808806,-27.263836618115,-27.263836618115,37845.4527324943,9480.939719482476,5.6292304417300395e-09,3.5410209064808806,15.421968188024646
12,CC-discharge,29,2109.0909090909095,104721.86152969474,3.5327132216737955,-27.263836618115,-27.263836618115,38263.147820807404,9027.484327933234,5.6292304417300395e-09,3.5327132216737955,15.972752766168385
12,CC-discharge,30,2181.818181818182,104794.588802422,3.524277462901158,-27.263836618115,-27.263836618115,38680.842909120234,8574.02893638395,5.6292304417300395e-09,3.524277462901158,16.52353734431212
12,CC-discharge,31,2254.545454545455,104867.31607514928,3.515625533260377,-27.263836618115,-27.263836618115,39098.53799743289,8120.573544834654,5.6292304417300395e-09,3.515625533260377,17.07432192245586
12,CC-discharge,32,2327.2727272727275,104940.04334787655,3.506645069178846,-27.263836618115,-27.263836618115,39516.23308574504,7667.118153285517,5.6292304417300395e-09,3.506645069178846,17.625106500599596
12,CC-discharge,33,2400.0,105012.77062060383,3.497199535733885,-27.263836618115,-27.263836618115,39933.92817405756,7213.66276173637,5.6292304417300395e-09,3.497199535733885,18.175891078743334
12,CC-discharge,34,2472.727272727273,105085.4978933311,3.487117889787396,-27.263836618115,-27.263836618115,40351.62326236978,6760.207370187426,5.6292304417300395e-09,3.487117889787396,18.726675656887075
12,CC-discharge,35,2545.4545454545455,105158.22516605837,3.476187507615976,-27.263836618115,-27.263836618115,40769.31835068295,6306.75197863815,5.6292304417300395e-09,3.476187507615976,19.277460235030812
12,CC-discharge,36,2618.1818181818185,105230.95243878565,3.4641455495075846,-27.263836618115,-27.263836618115,41187.0134389955,5853.296587088881,5.6292304417300395e-09,3.4641455495075846,19.82824481317455
12,CC-discharge,37,2690.909090909091,105303.67971151292,3.4506676308288706,-27.263836618115,-27.263836618115,41604.70852730838,5399.841195539998,5.6292304417300395e-09,3.4506676308288706,20.379029391318287
12,CC-discharge,38,2763.636363636364,105376.4069842402,3.435354903397151,-27.263836618115,-27.263836618115,42022.403615620824,4946.385803990915,5.6292304417300395e-09,3.435354903397151,20.929813969462025
12,CC-discharge,39,2836.3636363636365,105449.13425696746,3.41771937723718,-27.263836618115,-27.263836618115,42440.09870393346,4492.930412441875,5.6292304417300395e-09,3.41771937723718,21.480598547605762
12,CC-discharge,40,2909.0909090909095,105521.86152969474,3.3971680248886824,-27.263836618115,-27.263836618115,42857.79379224632,4039.475020892808,5.6292304417300395e-09,3.3971680248886824,22.0313831257495
12,CC-discharge,41,2981.818181818182,105594.588802422,3.372986068709584,-27.263836618115,-27.263836618115,43275.488880559395,3586.0196293437407,5.6292304417300395e-09,3.372986068709584,22.582167703893237
12,CC-discharge,42,3054.545454545455,105667.31607514928,3.344322674462556,-27.263836618115,-27.263836618115,43693.183968871665,3132.5642377947606,5.6292304417300395e-09,3.344322674462556,23.132952282036975
12,CC-discharge,43,3127.2727272727275,105740.04334787655,3.3101753853173426,-27.263836618115,-27.263836618115,44110.87905718501,2679.1088462456846,5.6292304417300395e-09,3.3101753853173426,23.683736860180712
12,CC-discharge,44,3200.0000000000005,105812.77062060383,3.269358209287181,-27.263836618115,-27.263836618115,44528.57414549702,2225.6534546965568,5.6292304417300395e-09,3.269358209287181,24.23452143832445
12,CC-discharge,45,3272.727272727273,105885.4978933311,3.220325533169893,-27.263836618115,-27.263836618115,44946.2692338101,1772.1980631474883,5.6292304417300395e-09,3.220325533169893,24.785306016468187
12,CC-discharge,46,3345.454545454546,105958.22516605837,3.1599893157296846,-27.263836618115,-27.263836618115,45363.96432212338,1318.7426715983902,5.6292304417300395e-09,3.1599893157296846,25.336090594611925
12,CC-discharge,47,3418.1818181818185,106030.95243878565,3.074033212282361,-27.263836618115,-27.263836618115,45781.659410435444,865.2872800493672,5.6292304417300395e-09,3.074033212282361,25.886875172755662
12,CC-discharge,48,3452.737282474967,106065.50790307879,3.0000099999999996,-27.263836618115,-27.263836618115,45980.1220664425,649.8335581702481,5.6292304417300395e-09,3.0000099999999996,26.148573654075523
12,CC-charge,0,3452.737282474967,106065.50790307879,3.7164295821571423,27.263836618115,27.263836618115,45980.1220664425,649.8335581702481,5.6292304417300395e-09,3.7164295821571423,0.0
12,CC-charge,1,3525.4645552022394,106138.23517580607,3.8217534821831274,27.263836618115,27.263836618115,45415.00711305935,1184.3306686044818,5.629242045769113e-09,3.8217534821831274,-0.0
12,CC-charge,2,3598.1918279295123,106210.96244853333,3.8680259852818164,27.263836618115,27.263836618115,44995.418133970874,1637.8117933081364,5.62927399771045e-09,3.8680259852818164,-0.0
12,CC-charge,3,3670.919100656785,106283.68972126061,3.9054145740846242,27.263836618115,27.263836618115,44577.68578294399,2091.2648283228946,5.629340222443016e-09,3.9054145740846242,-0.0
12,CC-charge,4,3743.646373384058,106356.41699398788,3.936660800750686,27.263836618115,27.263836618115,44159.99019856231,2544.7161178325186,5.629460188361701e-09,3.936660800750686,-0.0
12,CC-charge,5,3816.3736461113303,106429.14426671516,3.9626933846981087,27.263836618115,27.263836618115,43742.29510518277,2998.16496636398,5.629654424332456e-09,3.9626933846981087,-0.0
12,CC-charge,6,3889.1009188386033,106501.87153944242,3.984283123947962,27.263836618115,27.263836618115,43324.60001693314,3451.610809343769,5.6299417413603634e-09,3.984283123947962,-0.0
12,CC-charge,7,3961.828191565876,106574.5988121697,4.002170551195133,27.263836618115,27.263836618115,42906.90492862037,3905.0532889564674,5.630334864251516e-09,4.002170551195133,-0.0
12,CC-charge,8,4034.555464293149,106647.32608489697,4.017038885350956,27.263836618115,27.263836618115,42489.20984030715,4358.492305762458,5.6308383995387135e-09,4.017038885350956,-0.0
12,CC-charge,9,4107.282737020421,106720.05335762425,4.029491216235059,27.263836618115,27.263836618115,42071.514751993775,4811.927990852718,5.631449404253542e-09,4.029491216235059,-0.0
12,CC-charge,10,4180.010009747694,106792.78063035151,4.040043592196267,27.263836618115,27.263836618115,41653.81966368118,5265.360645571756,5.6321591212006646e-09,4.040043592196267,-0.0
12,CC-charge,11,4252.737282474967,106865.50790307879,4.049128842337465,27.263836618115,27.263836618115,41236.1245753675,5718.790669749969,5.632955240431578e-09,4.049128842337465,-0.0
12,CC-charge,12,4325.464555202239,106938.23517580607,4.057104199209946,27.263836618115,27.263836618115,40818.42948705457,6172.218497105897,5.633824020978402e-09,4.057104199209946,-0.0
12,CC-charge,13,4398.191827929512,107010.96244853333,4.064262045193942,27.263836618115,27.263836618115,40400.73439874145,6625.644546815781,5.63475193857768e-09,4.064262045193942,-0.0
12,CC-charge,14,4470.919100656785,107083.68972126061,4.070839571261094,27.263836618115,27.263836618115,39983.039310427645,7079.069193658051,5.63572674097967e-09,4.070839571261094,-0.0
12,CC-charge,15,4543.646373384057,107156.41699398788,4.07702806304873,27.263836618115,27.263836618115,39565.34422211429,7532.492753010121,5.636738007926872e-09,4.07702806304873,-0.0
12,CC-charge,16,4616.37364611133,107229.14426671516,4.082980884018582,27.263836618115,27.263836618115,39147.649133800754,7985.915477957947,5.6377772978671536e-09,4.082980884018582,-0.0
12,CC-charge,17,4689.100918838603,107301.87153944242,4.088820951005826,27.263836618115,27.263836618115,38729.95404548771,8439.33756072589,5.6388381363426175e-09,4.088820951005826,-0.0
12,CC-charge,18,4761.828191565876,107374.5988121697,4.094645482082478,27.263836618115,27.263836618115,38312.25895717433,8892.759111471605,5.639916714643339e-09,4.094645482082478,-0.0
12,CC-charge,19,4834.555464293149,107447.32608489697,4.100531916259347,27.263836618115,27.263836618115,37894.563868860874,9346.180259601617,5.6410086382134895e-09,4.100531916259347,-0.0
12,CC-charge,20,4907.282737020421,107520.05335762425,4.106541190271705,27.263836618115,27.263836618115,37476.868780547324,9799.60105877257,5.642111993714951e-09,4.106541190271705,-0.0
12,CC-charge,21,4980.010009747694,107592.78063035151,4.1127209575933446,27.263836618115,27.263836618115,37059.17369223356,10253.021524551204,5.643226116961708e-09,4.1127209575933446,-0.0
12,CC-charge,22,5052.737282474967,107665.50790307879,4.119109886043361,27.263836618115,27.263836618115,36641.47860391994,10706.441666035591,5.6443505826427084e-09,4.119109886043361,-0.0
12,CC-charge,23,5125.464555202239,107738.23517580607,4.125736590414686,27.263836618115,27.263836618115,36223.78351560669,11159.86146360361,5.645485911692295e-09,4.125736590414686,-0.0
12,CC-charge,24,5198.191827929512,107810.96244853333,4.132623989830987,27.263836618115,27.263836618115,35806.0884272935,11613.2808808301,5.646633181669992e-09,4.132623989830987,-0.0
12,CC-charge,25,5270.919100656785,107883.68972126061,4.139790022201931,27.263836618115,27.263836618115,35388.39333898047,12066.699870243981,5.647793840351387e-09,4.139790022201931,-0.0
12,CC-charge,26,5343.646373384057,107956.41699398788,4.147248787027774,27.263836618115,27.263836618115,34970.69825066725,12520.118373512134,5.648969693932757e-09,4.147248787027774,-0.0
12,CC-charge,27,5416.37364611133,108029.14426671516,4.155011505545807,27.263836618115,27.263836618115,34553.003162354,12973.536323437611,5.650162840652618e-09,4.155011505545807,-0.0
12,CC-charge,28,5489.100918838603,108101.87153944242,4.163089209782315,27.263836618115,27.263836618115,34135.30807404068,13426.953642133609,5.6513757247342565e-09,4.163089209782315,-0.0
12,CC-charge,29,5561.828191565876,108174.5988121697,4.171486465049485,27.263836618115,27.263836618115,33717.61298572739,13880.370290813113,5.652609551128118e-09,4.171486465049485,-0.0
12,CC-charge,30,5634.555464293149,108247.32608489697,4.1802115240802,27.263836618115,27.263836618115,33299.917897413994,14333.786140458145,5.653868397509262e-09,4.1802115240802,-0.0
12,CC-charge,31,5707.282737020421,108320.05335762425,4.1892710510681015,27.263836618115,27.263836618115,32882.22280910077,14787.201098166459,5.65515519726357e-09,4.1892710510681015,-0.0
12,CC-charge,32,5780.010009747694,108392.78063035151,4.198672070361559,27.263836618115,27.263836618115,32464.527720787337,15240.61506190259,5.6564731715681536e-09,4.198672070361559,-0.0
12,CC-charge,33,5789.9940636457195,108402.76468424955,4.199990000000001,27.263836618115,27.263836618115,32407.186229510695,15302.859991773335,5.656656456083206e-09,4.199990000000001,-0.0
12,CV-charge,0,5789.9940636457195,108402.76468424955,4.2,27.28828545854517,27.28828545854517,32407.186229510695,15302.859991773335,5.656656456083206e-09,4.2,0.0
12,CV-charge,1,5862.7213363729925,108475.49195697682,4.2,24.223170786120864,24.223170786120864,31885.032144176883,15798.079535749,5.6579242616462174e-09,4.2,-0.0
12,CV-charge,2,5935.448609100265,108548.21922970409,4.200000000000001,22.284831010542305,22.284831010542305,31538.250235791103,16178.536221330623,5.6591137140146195e-09,4.200000000000001,-0.0
12,CV-charge,3,6008.1758818275375,108620.94650243137,4.199999999999999,20.590345269322974,20.590345269322974,31219.84401847521,16529.325600567947,5.6602379932761305e-09,4.199999999999999,-0.0
12,CV-charge,4,6080.9031545548105,108693.67377515863,4.2,19.09212324330212,19.09212324330212,30924.525813832493,16854.48523443843,5.661305356011536e-09,4.2,-0.0
12,CV-charge,5,6153.6304272820835,108766.40104788591,4.199999999999999,17.76150282044498,17.76150282044498,30649.907932974318,17156.655483180468,5.662321052440664e-09,4.199999999999999,-0.0
12,CV-charge,6,6226.3577000093555,108839.12832061318,4.200000000000001,16.57386477689283,16.57386477689283,30393.76072821393,17438.332946619237,5.663290104168183e-09,4.200000000000001,-0.0
12,CV-charge,7,6299.0849727366285,108911.85559334046,4.2,15.508821125775066,15.508821125775066,30154.165517687252,17701.664079552174,5.6642168461705855e-09,4.2,-0.0
12,CV-charge,8,6371.8122454639015,108984.58286606772,4.2,14.549465037438047,14.549465037438047,29929.47103590414,17948.494056202573,5.665105024908947e-09,4.2,-0.0
12,CV-charge,9,6444.5395181911745,109057.310138795,4.200000000000001,13.68167907774042,13.68167907774042,29718.247684185262,18180.418656311514,5.665957900952036e-09,4.200000000000001,-0.0
12,CV-charge,10,6517.2667909184465,109130.03741152227,4.199999999999999,12.893625509777698,12.893625509777698,29519.25246328305,18398.823959016376,5.666778326492096e-09,4.199999999999999,-0.0
12,CV-charge,11,6589.9940636457195,109202.76468424955,4.2,12.175329695292007,12.175329695292007,29331.400326501873,18604.918741789494,5.66756880804707e-09,4.2,-0.0
12,CV-charge,12,6662.7213363729925,109275.49195697682,4.2,11.518290998045591,11.518290998045591,29153.726801543973,18799.77635242857,5.668331593659879e-09,4.2,-0.0
12,CV-charge,13,6735.4486091002655,109348.21922970409,4.2,10.915345961129896,10.915345961129896,28985.399776027767,18984.322193385615,5.669068630806629e-09,4.2,-0.0
12,CV-charge,14,6808.1758818275375,109420.94650243137,4.2,10.360326566304444,10.360326566304444,28825.673042367736,19159.38539555057,5.6697816832554684e-09,4.2,-0.0
12,CV-charge,15,6880.9031545548105,109493.67377515863,4.200000000000001,9.847932247545748,9.847932247545748,28673.883441045004,19325.70220309949,5.670472331223899e-09,4.200000000000001,-0.0
12,CV-charge,16,6953.6304272820835,109566.40104788591,4.199999999999999,9.37358946799233,9.37358946799233,28529.439154454678,19483.92915916754,5.671141997402002e-09,4.199999999999999,-0.0
12,CV-charge,17,7026.3577000093555,109639.12832061318,4.2,8.932926258103226,8.932926258103226,28391.6816199735,19634.7946792267,5.671792332511875e-09,4.2,-0.0
12,CV-charge,18,7099.0849727366285,109711.85559334046,4.199999999999999,8.52292551556254,8.52292551556254,28260.26582528601,19778.682427664644,5.672424133233251e-09,4.199999999999999,-0.0
12,CV-charge,19,7171.8122454639015,109784.58286606772,4.2,8.140569215070153,8.140569215070153,28134.762323175466,19916.0679500211,5.673038460430608e-09,4.2,-0.0
12,CV-charge,20,7244.5395181911745,109857.310138795,4.2,7.7832114334821725,7.7832114334821725,28014.782867515576,20047.38082487895,5.673636282009933e-09,4.2,-0.0
12,CV-charge,21,7317.266790918447,109930.03741152227,4.199999999999999,7.448524574955164,7.448524574955164,27899.975523602014,20173.01023208436,5.674218483760055e-09,4.199999999999999,-0.0
12,CV-charge,22,7389.9940636457195,110002.76468424955,4.200000000000001,7.134454257024084,7.134454257024084,27790.020385881195,20293.30973909966,5.6747858786825555e-09,4.200000000000001,-0.0
12,CV-charge,23,7462.7213363729925,110075.49195697682,4.199999999999999,6.839184974649962,6.839184974649962,27684.62714977151,20408.60003531249,5.675339211813408e-09,4.199999999999999,-0.0
12,CV-charge,24,7535.4486091002655,110148.21922970409,4.199999999999999,6.561100466080689,6.561100466080689,27583.529189521603,20519.175506562413,5.675879174237036e-09,4.199999999999999,-0.0
12,CV-charge,25,7608.1758818275375,110220.94650243137,4.2,6.29876152477371,6.29876152477371,27486.48241863103,20625.30551939427,5.676406405003677e-09,4.2,-0.0
12,CV-charge,26,7680.9031545548105,110293.67377515863,4.200000000000002,6.050882725591047,6.050882725591047,27393.26274245694,20727.237265082826,5.6769214968272155e-09,4.200000000000002,-0.0
12,CV-charge,27,7753.6304272820835,110366.40104788591,4.2,5.816312968108878,5.816312968108878,27303.663963940497,20825.19809340527,5.677425000733299e-09,4.2,-0.0
12,CV-charge,28,7826.3577000093555,110439.12832061318,4.2,5.594018842560695,5.594018842560695,27217.49594868023,20919.397555960066,5.677917430145473e-09,4.2,-0.0
12,CV-charge,29,7899.084972736629,110511.85559334046,4.2,5.383070361738805,5.383070361738805,27134.583013049167,21010.029199991543,5.678399264487859e-09,4.2,-0.0
12,CV-charge,30,7971.8122454639015,110584.58286606772,4.200000000000001,5.18262868174175,5.18262868174175,27054.762504191425,21097.272147762942,5.6788709523704235e-09,4.200000000000001,-0.0
12,CV-charge,31,8044.5395181911745,110657.310138795,4.199999999999999,4.991935500480344,4.991935500480344,26977.883545607016,21181.29249095889,5.679332914412624e-09,4.199999999999999,-0.0
12,CV-charge,32,8117.266790918447,110730.03741152227,4.199999999999999,4.810303876368354,4.810303876368354,26903.805926092267,21262.244525074897,5.679785545752737e-09,4.199999999999999,-0.0
12,CV-charge,33,8189.9940636457195,110802.76468424955,4.2,4.637110253167557,4.637110253167557,26832.399113161642,21340.271844945957,5.680229218283113e-09,4.2,-0.0
12,CV-charge,34,8262.721336372993,110875.49195697682,4.2,4.471787512474207,4.471787512474207,26763.54137486599,21415.508319416982,5.680664282645735e-09,4.2,-0.0
12,CV-charge,35,8335.448609100265,110948.21922970409,4.2,4.313818904478541,4.313818904478541,26697.118996274203,21488.078960545125,5.68109107001751e-09,4.2,-0.0
12,CV-charge,36,8408.175881827538,111020.94650243137,4.2,4.162732731612363,4.162732731612363,26633.025578854464,21558.100700482173,5.681509893710649e-09,4.2,-0.0
12,CV-charge,37,8480.90315455481,111093.67377515863,4.200000000000001,4.018097679431136,4.018097679431136,26571.16141262799,21625.683087365604,5.681921050609942e-09,4.200000000000001,-0.0
12,CV-charge,38,8553.630427282083,111166.40104788591,4.199999999999998,3.8795187055108915,3.8795187055108915,26511.432912384513,21690.928909939434,5.682324822465854e-09,4.199999999999998,-0.0
12,CV-charge,39,8626.357700009356,111239.12832061318,4.2,3.746633410731081,3.746633410731081,26453.752110424688,21753.934759329986,5.682721477059825e-09,4.2,-0.0
12,CV-charge,40,8699.08497273663,111311.85559334046,4.199999999999999,3.61910882866968,3.61910882866968,26398.03619930005,21814.791535262488,5.683111269256068e-09,4.199999999999999,-0.0
12,CV-charge,41,8771.812245463901,111384.58286606772,4.200000000000001,3.4966385783395966,3.4966385783395966,26344.20711888226,21873.584903030755,5.683494441952321e-09,4.200000000000001,-0.0
12,CV-charge,42,8844.539518191174,111457.310138795,4.199999999999999,3.3789403334400356,3.3789403334400356,26292.191182817016,21930.39570674568,5.683871226940481e-09,4.199999999999999,-0.0
12,CV-charge,43,8917.266790918447,111530.03741152227,4.200000000000001,3.2657535680312617,3.2657535680312617,26241.918740057583,21985.300343648847,5.684241845686689e-09,4.200000000000001,-0.0
12,CV-charge,44,8989.99406364572,111602.76468424955,4.2,3.156837544162846,3.156837544162846,26193.32386770136,22038.371103708694,5.684606510039318e-09,4.2,-0.0
12,CV-charge,45,9062.721336372993,111675.49195697682,4.2,3.051969511793904,3.051969511793904,26146.344091818446,22089.676478166304,5.684965422872299e-09,4.2,-0.0
12,CV-charge,46,9135.448609100265,111748.21922970409,4.2,2.9509430953905,2.9509430953905,26100.920133366748,22139.281440289797,5.6853187786704e-09,4.2,-0.0
12,CV-charge,47,9208.175881827538,111820.94650243137,4.200000000000001,2.8535668450536344,2.8535668450536344,26056.99567662779,22187.247701167515,5.6856667640622665e-09,4.200000000000001,-0.0
12,CV-charge,48,9280.90315455481,111893.67377515863,4.199999999999999,2.759662932960633,2.759662932960633,26014.517157900264,22233.63394307011,5.686009558306474e-09,4.199999999999999,-0.0
12,CV-charge,49,9307.367364745496,111920.13798534933,4.2,2.7263936618115,2.7263936618115,25999.44105062257,22250.096701859253,5.686132924741066e-09,4.2,-0.0
13,CC-discharge,0,0.0,111920.13798534933,3.8549141806258955,-27.263836618115,-27.263836618115,25999.44105062257,22250.096701859253,5.686132924741066e-09,3.8549141806258955,0.0
13,CC-discharge,1,72.72727272727273,111992.8652580766,3.8308445204885144,-27.263836618115,-27.263836618115,26564.56073646266,21715.596853827938,5.686132924741066e-09,3.8308445204885144,0.5507845781437374
13,CC-discharge,2,145.45454545454547,112065.59253080387,3.8145770018159837,-27.263836618115,-27.263836618115,26984.148539198595,21262.116862378338,5.686132924741066e-09,3.8145770018159837,1.1015691562874748
13,CC-discharge,3,218.1818181818182,112138.31980353115,3.799407664608912,-27.263836618115,-27.263836618115,27401.87518523233,20808.661519797846,5.686132924741066e-09,3.799407664608912,1.652353734431212
13,CC-discharge,4,290.90909090909093,112211.04707625842,3.7850711460700768,-27.263836618115,-27.263836618115,27819.57271729095,20355.206128970058,5.686132924741066e-09,3.7850711460700768,2.2031383125749495
13,CC-discharge,5,363.6363636363637,112283.7743489857,3.77140605502371,-27.263836618115,-27.263836618115,28237.267995687078,19901.75073743125,5.686132924741066e-09,3.77140605502371,2.753922890718687
13,CC-discharge,6,436.3636363636364,112356.50162171296,3.758306080416639,-27.263836618115,-27.263836618115,28654.963098857726,19448.295345882154,5.686132924741066e-09,3.758306080416639,3.304707468862424
13,CC-discharge,7,509.0909090909091,112429.22889444024,3.7456773194812807,-27.263836618115,-27.263836618115,29072.65818833843,18994.839954332852,5.686132924741066e-09,3.7456773194812807,3.8554920470061615
13,CC-discharge,8,581.8181818181819,112501.9561671675,3.733463142374785,-27.263836618115,-27.263836618115,29490.35327674394,18541.384562783318,5.686132924741066e-09,3.733463142374785,4.406276625149899
13,CC-discharge,9,654.5454545454546,112574.68343989478,3.721616201450184,-27.263836618115,-27.263836618115,29908.048365063994,18087.929171233885,5.686132924741066e-09,3.721616201450184,4.9570612032936365
13,CC-discharge,10,727.2727272727274,112647.41071262205,3.71010021376431,-27.263836618115,-27.263836618115,30325.743453377552,17634.473779684587,5.686132924741066e-09,3.71010021376431,5.507845781437374
13,CC-discharge,11,800.0000000000001,112720.13798534933,3.698887121743224,-27.263836618115,-27.263836618115,30743.438541690488,17181.01838813533,5.686132924741066e-09,3.698887121743224,6.0586303595811115
13,CC-discharge,12,872.7272727272727,112792.8652580766,3.6879550060445596,-27.263836618115,-27.263836618115,31161.133630003245,16727.562996586377,5.686132924741066e-09,3.6879550060445596,6.609414937724848
13,CC-discharge,13,945.4545454545455,112865.59253080387,3.677286517810757,-27.263836618115,-27.263836618115,31578.828718316458,16274.107605037309,5.686132924741066e-09,3.677286517810757,7.160199515868586
13,CC-discharge,14,1018.1818181818182,112938.31980353115,3.666867673195752,-27.263836618115,-27.263836618115,31996.52380662938,15820.652213488047,5.686132924741066e-09,3.666867673195752,7.710984094012323
13,CC-discharge,15,1090.909090909091,113011.04707625842,3.6566869002031,-27.263836618115,-27.263836618115,32414.218894942398,15367.196821938789,5.686132924741066e-09,3.6566869002031,8.26176867215606
13,CC-discharge,16,1163.6363636363637,113083.7743489857,3.64673425990933,-27.263836618115,-27.263836618115,32831.913983254635,14913.741430389537,5.686132924741066e-09,3.64673425990933,8.812553250299798
13,CC-discharge,17,1236.3636363636365,113156.50162171296,3.637000783931576,-27.263836618115,-27.263836618115,33249.60907156768,14460.286038840257,5.686132924741066e-09,3.637000783931576,9.363337828443536
13,CC-discharge,18,1309.0909090909092,113229.22889444024,3.627477883256241,-27.263836618115,-27.263836618115,33667.30415988042,14006.83064729056,5.686132924741066e-09,3.627477883256241,9.914122406587273
13,CC-discharge,19,1381.818181818182,113301.9561671675,3.618156791729705,-27.263836618115,-27.263836618115,34084.999248193504,13553.375255741294,5.686132924741066e-09,3.618156791729705,10.46490698473101
13,CC-discharge,20,1454.5454545454547,113374.68343989478,3.609028012206316,-27.263836618115,-27.263836618115,34502.69433650629,13099.919864192143,5.686132924741066e-09,3.609028012206316,11.015691562874748
13,CC-discharge,21,1527.2727272727275,113447.41071262205,3.6000807364107423,-27.263836618115,-27.263836618115,34920.38942481911,12646.464472643005,5.686132924741066e-09,3.6000807364107423,11.566476141018486
13,CC-discharge,22,1600.0000000000002,113520.13798534933,3.591302202638565,-27.263836618115,-27.263836618115,35338.08451313208,12193.009081094031,5.686132924741066e-09,3.591302202638565,12.117260719162223
13,CC-discharge,23,1672.727272727273,113592.8652580766,3.5826764174060948,-27.263836618115,-27.263836618115,35755.77960144475,11739.55368954479,5.686132924741066e-09,3.5826764174060948,12.66804529730596
13,CC-discharge,24,1745.4545454545455,113665.59253080387,3.5741857983614658,-27.263836618115,-27.263836618115,36173.47468975733,11286.098297995617,5.686132924741066e-09,3.5741857983614658,13.218829875449696
13,CC-discharge,25,1818.1818181818182,113738.31980353115,3.5658058993124455,-27.263836618115,-27.263836618115,36591.169778069845,10832.642906446432,5.686132924741066e-09,3.5658058993124455,13.769614453593434
13,CC-discharge,26,1890.909090909091,113811.04707625842,3.5575074077289415,-27.263836618115,-27.263836618115,37008.86486638246,10379.187514897181,5.686132924741066e-09,3.5575074077289415,14.320399031737171
13,CC-discharge,27,1963.6363636363637,113883.7743489857,3.5492537505973125,-27.263836618115,-27.263836618115,37426.559954695374,9925.732123347892,5.686132924741066e-09,3.5492537505973125,14.871183609880909
13,CC-discharge,28,2036.3636363636365,113956.50162171296,3.54099923888391,-27.263836618115,-27.263836618115,37844.25504300769,9472.276731798598,5.686132924741066e-09,3.54099923888391,15.421968188024646
13,CC-discharge,29,2109.0909090909095,114029.22889444024,3.5326867113334033,-27.263836618115,-27.263836618115,38261.95013132015,9018.821340249648,5.686132924741066e-09,3.5326867113334033,15.972752766168385
13,CC-discharge,30,2181.818181818182,114101.9561671675,3.524244755186836,-27.263836618115,-27.263836618115,38679.64521963304,8565.365948700432,5.686132924741066e-09,3.524244755186836,16.52353734431212
13,CC-discharge,31,2254.545454545455,114174.68343989478,3.5155849118469122,-27.263836618115,-27.263836618115,39097.3403079455,8111.910557151229,5.686132924741066e-09,3.5155849118469122,17.07432192245586
13,CC-discharge,32,2327.2727272727275,114247.41071262205,3.506594386259099,-27.263836618115,-27.263836618115,39515.035396258274,7658.455165602076,5.686132924741066e-09,3.506594386259099,17.625106500599596
13,CC-discharge,33,2400.0,114320.13798534933,3.497136101451349,-27.263836618115,-27.263836618115,39932.730484571155,7204.999774052999,5.686132924741066e-09,3.497136101451349,18.175891078743334
13,CC-discharge,34,2472.727272727273,114392.8652580766,3.487038317175845,-27.263836618115,-27.263836618115,40350.42557288419,6751.544382503865,5.686132924741066e-09,3.487038317175845,18.726675656887075
13,CC-discharge,35,2545.4545454545455,114465.59253080387,3.4760875830865685,-27.263836618115,-27.263836618115,40768.12066119688,6298.088990954739,5.686132924741066e-09,3.4760875830865685,19.277460235030812
13,CC-discharge,36,2618.1818181818185,114538.31980353115,3.464020036568148,-27.263836618115,-27.263836618115,41185.81574950922,5844.633599405533,5.686132924741066e-09,3.464020036568148,19.82824481317455
13,CC-discharge,37,2690.909090909091,114611.04707625842,3.450510048826559,-27.263836618115,-27.263836618115,41603.51083782214,5391.178207856268,5.686132924741066e-09,3.450510048826559,20.379029391318287
13,CC-discharge,38,2763.636363636364,114683.7743489857,3.4351572729288025,-27.263836618115,-27.263836618115,42021.2059261349,4937.722816307118,5.686132924741066e-09,3.4351572729288025,20.929813969462025
13,CC-discharge,39,2836.3636363636365,114756.50162171296,3.417471937593899,-27.263836618115,-27.263836618115,42438.90101444722,4484.267424758036,5.686132924741066e-09,3.417471937593899,21.480598547605762
13,CC-discharge,40,2909.0909090909095,114829.22889444024,3.396858931682922,-27.263836618115,-27.263836618115,42856.59610275956,4030.8120332088693,5.686132924741066e-09,3.396858931682922,22.0313831257495
13,CC-discharge,41,2981.818181818182,114901.9561671675,3.3726011357932895,-27.263836618115,-27.263836618115,43274.291191072814,3577.356641659792,5.686132924741066e-09,3.3726011357932895,22.582167703893237
13,CC-discharge,42,3054.545454545455,114974.68343989478,3.3438450904835344,-27.263836618115,-27.263836618115,43691.986279385615,3123.9012501108186,5.686132924741066e-09,3.3438450904835344,23.132952282036975
13,CC-discharge,43,3127.2727272727275,115047.41071262205,3.3095854465597356,-27.263836618115,-27.263836618115,44109.68136769811,2670.445858561731,5.686132924741066e-09,3.3095854465597356,23.683736860180712
13,CC-discharge,44,3200.0000000000005,115120.13798534933,3.2686321449551787,-27.263836618115,-27.263836618115,44527.37645601115,2216.9904670126757,5.686132924741066e-09,3.2686321449551787,24.23452143832445
13,CC-discharge,45,3272.727272727273,115192.8652580766,3.2194279589167127,-27.263836618115,-27.263836618115,44945.07154432419,1763.5350754636327,5.686132924741066e-09,3.2194279589167127,24.785306016468187
13,CC-discharge,46,3345.454545454546,115265.59253080387,3.1588208567933336,-27.263836618115,-27.263836618115,45362.76663263652,1310.0796839145858,5.686132924741066e-09,3.1588208567933336,25.336090594611925
13,CC-discharge,47,3418.1818181818185,115338.31980353115,3.071939366233561,-27.263836618115,-27.263836618115,45780.46172094882,856.6242923655493,5.686132924741066e-09,3.071939366233561,25.886875172755662
13,CC-discharge,48,3451.3952415552308,115371.53322690456,3.000010000000001,-27.263836618115,-27.263836618115,45971.21662332435,649.5382112340358,5.686132924741066e-09,3.000010000000001,26.138409991750382
13,CC-charge,0,3451.3952415552308,115371.53322690456,3.7164088716220616,27.263836618115,27.263836618115,45971.21662332435,649.5382112340358,5.686132924741066e-09,3.7164088716220616,0.0
13,CC-charge,1,3524.1225142825033,115444.26049963184,3.8218044118362564,27.263836618115,27.263836618115,45406.1016698829,1184.0353221557466,5.68614451891874e-09,3.8218044118362564,-0.0
13,CC-charge,2,3596.8497870097763,115516.9877723591,3.8680818562231676,27.263836618115,27.263836618115,44986.51270439331,1637.5164471725143,5.686176453872894e-09,3.8680818562231676,-0.0
13,CC-charge,3,3669.577059737049,115589.71504508638,3.9054730290108677,27.263836618115,27.263836618115,44568.78034004604,2090.9694832978994,5.686242650413272e-09,3.9054730290108677,-0.0
13,CC-charge,4,3742.3043324643218,115662.44231781365,3.936722152623629,27.263836618115,27.263836618115,44151.08475544814,2544.4207741994187,5.6863625743231146e-09,3.936722152623629,-0.0
13,CC-charge,5,3815.0316051915943,115735.16959054093,3.962758013821275,27.263836618115,27.263836618115,43733.38966206443,2997.8696245256447,5.686556755192501e-09,3.962758013821275,-0.0
13,CC-charge,6,3887.7588779188673,115807.8968632682,3.984351262296597,27.263836618115,27.263836618115,43315.69457381548,3451.315469607786,5.686844006584585e-09,3.984351262296597,-0.0
13,CC-charge,7,3960.48615064614,115880.62413599547,4.002242327087238,27.263836618115,27.263836618115,42897.99948550261,3904.7579514709587,5.687237058177236e-09,4.002242327087238,-0.0
13,CC-charge,8,4033.2134233734128,115953.35140872274,4.017114372412694,27.263836618115,27.263836618115,42480.30439718866,4358.196970512131,5.687740521755686e-09,4.017114372412694,-0.0
13,CC-charge,9,4105.940696100685,116026.07868145002,4.029570463578512,27.263836618115,27.263836618115,42062.60930887533,4811.632657688737,5.688351458814811e-09,4.029570463578512,-0.0
13,CC-charge,10,4178.667968827958,116098.80595417728,4.040126641112449,27.263836618115,27.263836618115,41644.91422056236,5265.065314258733,5.689061115196895e-09,4.040126641112449,-0.0
13,CC-charge,11,4251.395241555231,116171.53322690456,4.0492157335665615,27.263836618115,27.263836618115,41227.21913224863,5718.495340010021,5.689857182563266e-09,4.0492157335665615,-0.0
13,CC-charge,12,4324.122514282503,116244.26049963184,4.0571949770614655,27.263836618115,27.263836618115,40809.52404393541,6171.923168657044,5.690725920271309e-09,4.0571949770614655,-0.0
13,CC-charge,13,4396.849787009776,116316.9877723591,4.064356757599648,27.263836618115,27.263836618115,40391.82895562183,6625.349219397438,5.691653803509042e-09,4.064356757599648,-0.0
13,CC-charge,14,4469.577059737049,116389.71504508638,4.070938269412741,27.263836618115,27.263836618115,39974.133867308265,7078.773867044337,5.692628578971962e-09,4.070938269412741,-0.0
13,CC-charge,15,4542.304332464322,116462.44231781365,4.077130800385646,27.263836618115,27.263836618115,39556.438778995274,7532.197427016147,5.693639825120176e-09,4.077130800385646,-0.0
13,CC-charge,16,4615.031605191594,116535.16959054093,4.0830877150211355,27.263836618115,27.263836618115,39138.7436906817,7985.620152439321,5.694679099094563e-09,4.0830877150211355,-0.0
13,CC-charge,17,4687.758877918867,116607.8968632682,4.088931930509413,27.263836618115,27.263836618115,38721.04860236833,8439.0422355749,5.695739925254395e-09,4.088931930509413,-0.0
13,CC-charge,18,4760.48615064614,116680.62413599547,4.0947606640702565,27.263836618115,27.263836618115,38303.353514055,8892.463786607133,5.696818494006814e-09,4.0947606640702565,-0.0
13,CC-charge,19,4833.213423373412,116753.35140872274,4.10065135341243,27.263836618115,27.263836618115,37885.658425741516,9345.884934978218,5.697910409625e-09,4.10065135341243,-0.0
13,CC-charge,20,4905.940696100685,116826.07868145002,4.106664933793647,27.263836618115,27.263836618115,37467.96333742823,9799.30573436633,5.699013758061464e-09,4.106664933793647,-0.0
13,CC-charge,21,4978.667968827958,116898.80595417728,4.112849056652205,27.263836618115,27.263836618115,37050.268249115135,10252.726200353412,5.700127874623814e-09,4.112849056652205,-0.0
13,CC-charge,22,5051.395241555231,116971.53322690456,4.11924238965272,27.263836618115,27.263836618115,36632.573160801665,10706.146342053207,5.701252333466837e-09,4.11924238965272,-0.0
13,CC-charge,23,5124.122514282504,117044.26049963184,4.125873546182454,27.263836618115,27.263836618115,36214.878072488544,11159.566139859504,5.702387654994e-09,4.125873546182454,-0.0
13,CC-charge,24,5196.849787009776,117116.9877723591,4.132765445400007,27.263836618115,27.263836618115,35797.18298417545,11612.98555734705,5.703534916785645e-09,4.132765445400007,-0.0
13,CC-charge,25,5269.577059737049,117189.71504508638,4.139936026569545,27.263836618115,27.263836618115,35379.48789586236,12066.404547056132,5.704695566211143e-09,4.139936026569545,-0.0
13,CC-charge,26,5342.304332464322,117262.44231781365,4.147399392018953,27.263836618115,27.263836618115,34961.79280754891,12519.823050660989,5.70587140925853e-09,4.147399392018953,-0.0
13,CC-charge,27,5415.031605191594,117335.16959054093,4.155166767822346,27.263836618115,27.263836618115,34544.09771923614,12973.241000969781,5.7070645439834374e-09,4.155166767822346,-0.0
13,CC-charge,28,5487.758877918867,117407.8968632682,4.163249192893471,27.263836618115,27.263836618115,34126.40263092288,13426.658320102568,5.7082774144064196e-09,4.163249192893471,-0.0
13,CC-charge,29,5560.48615064614,117480.62413599547,4.171651244051461,27.263836618115,27.263836618115,33708.70754260978,13880.07496927289,5.709511225429845e-09,4.171651244051461,-0.0
13,CC-charge,30,5633.213423373412,117553.35140872274,4.180381187960383,27.263836618115,27.263836618115,33291.01245429637,14333.490819470777,5.710770054498593e-09,4.180381187960383,-0.0
13,CC-charge,31,5705.940696100686,117626.07868145002,4.189445707944667,27.263836618115,27.263836618115,32873.31736598329,14786.905777796732,5.712056834883671e-09,4.189445707944667,-0.0
13,CC-charge,32,5778.667968827958,117698.80595417728,4.198851853639957,27.263836618115,27.263836618115,32455.62227766985,15240.31974222055,5.713374787609759e-09,4.198851853639957,-0.0
13,CC-charge,33,5787.287862109975,117707.42584745931,4.199990000000001,27.263836618115,27.263836618115,32406.115580241756,15294.05990356784,5.7135329834691395e-09,4.199990000000001,-0.0
13,CV-charge,0,5787.287862109975,117707.42584745931,4.2,27.28829016990754,27.28829016990754,32406.115580241756,15294.05990356784,5.7135329834691395e-09,4.2,0.0
13,CV-charge,1,5860.015134837248,117780.15312018659,4.200000000000001,24.22358716698008,24.22358716698008,31883.955593637736,15789.284862221431,5.714800133621206e-09,4.200000000000001,-0.0
13,CV-charge,2,5932.74240756452,117852.88039291385,4.2,22.285476253818445,22.285476253818445,31537.16408055784,16169.751290643026,5.715988946105611e-09,4.2,-0.0
13,CV-charge,3,6005.469680291793,117925.60766564113,4.199999999999999,20.59113853170453,20.59113853170453,31218.74547553835,16520.553597497008,5.7171125984804075e-09,4.199999999999999,-0.0
13,CV-charge,4,6078.196953019066,117998.3349383684,4.199999999999999,19.093009727109163,19.093009727109163,30923.413737490384,16845.727626567732,5.7181793449846695e-09,4.199999999999999,-0.0
13,CV-charge,5,6150.924225746339,118071.06221109568,4.2,17.76244135186141,17.76244135186141,30648.781404618414,17147.913402001093,5.719194436164337e-09,4.2,-0.0
13,CV-charge,6,6223.651498473611,118143.78948382294,4.200000000000001,16.574826145441097,16.574826145441097,30392.619374015223,17429.606891619063,5.720162892909911e-09,4.200000000000001,-0.0
13,CV-charge,7,6296.378771200884,118216.51675655022,4.199999999999999,15.509784244741159,15.509784244741159,30153.00928218438,17692.954178715878,5.721089049760584e-09,4.199999999999999,-0.0
13,CV-charge,8,6369.106043928157,118289.24402927748,4.199999999999999,14.550414998654487,14.550414998654487,29928.300107168056,17939.80015354166,5.721976652740081e-09,4.199999999999999,-0.0
13,CV-charge,9,6441.83331665543,118361.97130200476,4.2,13.682605283308968,13.682605283308968,29717.062415692733,18171.740402242835,5.722828962037268e-09,4.2,-0.0
13,CV-charge,10,6514.560589382702,118434.69857473203,4.200000000000001,12.894520479047694,12.894520479047694,29518.053304860594,18390.160889589446,5.723648829538053e-09,4.200000000000001,-0.0
13,CV-charge,11,6587.287862109975,118507.42584745931,4.2,12.176188374876983,12.176188374876983,29330.187830085873,18596.270273927894,5.724438761384503e-09,4.2,-0.0
13,CV-charge,12,6660.015134837248,118580.15312018659,4.2,11.519110072826194,11.519110072826194,29152.501570910124,18791.14184154986,5.7252010053075824e-09,4.2,-0.0
13,CV-charge,13,6732.742407564521,118652.88039291385,4.199999999999999,10.916123345979958,10.916123345979958,28984.162449781696,18975.700952938245,5.725937508512426e-09,4.199999999999999,-0.0
13,CV-charge,14,6805.469680291793,118725.60766564113,4.200000000000001,10.361061115152573,10.361061115152573,28824.424277024547,19150.776716619697,5.726650034509021e-09,4.200000000000001,-0.0
13,CV-charge,15,6878.196953019066,118798.3349383684,4.2,9.848216303462795,9.848216303462795,28672.50150721977,19317.23954999126,5.727340501471364e-09,4.2,-0.0
13,CV-charge,16,6950.924225746339,118871.06221109568,4.2,9.373454966765348,9.373454966765348,28527.927666990083,19475.60841696337,5.728009989592994e-09,4.2,-0.0
13,CV-charge,17,7023.651498473611,118943.78948382294,4.2,8.932803083133177,8.932803083133177,28390.171952019944,19626.471854828975,5.728659786176963e-09,4.2,-0.0
13,CV-charge,18,7096.378771200884,119016.51675655022,4.2,8.52281015820156,8.52281015820156,28258.757939320887,19770.35766098106,5.729291056876262e-09,4.2,-0.0
13,CV-charge,19,7169.106043928157,119089.24402927748,4.2,8.140457613299997,8.140457613299997,28133.25615289067,19907.741323019498,5.729904862202783e-09,4.2,-0.0
13,CV-charge,20,7241.83331665543,119161.97130200476,4.2,7.7831002465034,7.7831002465034,28013.27840176774,20039.05235990861,5.730502169737319e-09,4.2,-0.0
13,CV-charge,21,7314.560589382703,119234.69857473203,4.2,7.448411047970415,7.448411047970415,27898.47279419265,20164.679902978696,5.731083864971634e-09,4.2,-0.0
13,CV-charge,22,7387.287862109975,119307.42584745931,4.199999999999999,7.134336119269053,7.134336119269053,27788.519460073574,20284.977479693225,5.731650760635045e-09,4.199999999999999,-0.0
13,CV-charge,23,7460.015134837248,119380.15312018659,4.199999999999999,6.83906033578913,6.83906033578913,27683.128116453918,20400.26575485786,5.732203601533708e-09,4.199999999999999,-0.0
13,CV-charge,24,7532.742407564521,119452.88039291385,4.2,6.560967791068599,6.560967791068599,27582.032168899306,20510.83907909283,5.732743078502136e-09,4.2,-0.0
13,CV-charge,25,7605.469680291793,119525.60766564113,4.2,6.2986195583199684,6.2986195583199684,27484.987550760976,20616.966796586166,5.733269830377157e-09,4.2,-0.0
13,CV-charge,26,7678.196953019066,119598.3349383684,4.200000000000001,6.050730446812843,6.050730446812843,27391.77018347126,20718.896080435523,5.7337844496750415e-09,4.200000000000001,-0.0
13,CV-charge,27,7750.924225746339,119671.06221109568,4.199999999999999,5.816149553469787,5.816149553469787,27302.173882962143,20816.854265710368,5.734287487238e-09,4.199999999999999,-0.0
13,CV-charge,28,7823.651498473611,119743.78948382294,4.200000000000001,5.59384363526203,5.59384363526203,27216.008525209283,20911.050892229443,5.7347794563189085e-09,4.200000000000001,-0.0
13,CV-charge,29,7896.378771200885,119816.51675655022,4.2,5.382882846386501,5.382882846386501,27133.098434751337,21001.67949794242,5.7352608361827165e-09,4.2,-0.0
13,CV-charge,30,7969.106043928157,119889.24402927748,4.199999999999999,5.1824284633053885,5.1824284633053885,27053.28096501408,21088.919197923984,5.735732075290601e-09,4.199999999999999,-0.0
13,CV-charge,31,8041.83331665543,119961.97130200476,4.199999999999999,4.991722286769047,4.991722286769047,26976.405244169702,21172.936078471692,5.736193594122615e-09,4.199999999999999,-0.0
13,CV-charge,32,8114.560589382703,120034.69857473203,4.200000000000001,4.810077463408857,4.810077463408857,26902.331064310976,21253.884431237555,5.7366457876861145e-09,4.200000000000001,-0.0
13,CV-charge,33,8187.287862109975,120107.42584745931,4.2,4.63687051295205,4.63687051295205,26830.927895057896,21331.90784853664,5.7370890277502144e-09,4.2,-0.0
13,CV-charge,34,8260.01513483725,120180.15312018659,4.2,4.471534382691688,4.471534382691688,26762.074005542832,21407.14019784178,5.737523664840612e-09,4.2,-0.0
13,CV-charge,35,8332.742407564521,120252.88039291385,4.2,4.313552379881697,4.313552379881697,26695.65568102723,21479.706490828332,5.737950030024239e-09,4.2,-0.0
13,CV-charge,36,8405.469680291793,120325.60766564113,4.199999999999999,4.162452856733769,4.162452856733769,26631.566522394,21549.723660136264,5.73836843650904e-09,4.199999999999999,-0.0
13,CV-charge,37,8478.196953019065,120398.3349383684,4.2,4.017804542435639,4.017804542435639,26569.70681839796,21617.30125514431,5.73877918108072e-09,4.2,-0.0
13,CV-charge,38,8550.92422574634,120471.06221109568,4.200000000000001,3.8792124329920563,3.8792124329920563,26509.982981965455,21682.54206650503,5.739182545395352e-09,4.200000000000001,-0.0
13,CV-charge,39,8623.651498473611,120543.78948382294,4.2,3.746314163293941,3.746314163293941,26452.307043004297,21745.54268784219,5.739578797144244e-09,4.2,-0.0
13,CV-charge,40,8696.378771200885,120616.51675655022,4.2,3.6187767971663636,3.6187767971663636,26396.596191202007,21806.394021898643,5.739968191105334e-09,4.2,-0.0
13,CV-charge,41,8769.106043928157,120689.24402927748,4.200000000000001,3.4962939806551874,3.4962939806551874,26342.77236314574,21865.181737456358,5.740350970093583e-09,4.200000000000001,-0.0
13,CV-charge,42,8841.83331665543,120761.97130200476,4.2,3.3785834117389224,3.3785834117389224,26290.76186882008,21921.986682526313,5.740727365821274e-09,4.2,-0.0
13,CV-charge,43,8914.560589382703,120834.69857473203,4.200000000000001,3.2653845863772526,3.2653845863772526,26240.495053176706,21976.885258632006,5.741097599677807e-09,4.200000000000001,-0.0
13,CV-charge,44,8987.287862109975,120907.42584745931,4.2,3.156456786460098,3.156456786460098,26191.90598900276,22029.949760360763,5.741461883437403e-09,4.2,-0.0
13,CV-charge,45,9060.01513483725,120980.15312018659,4.2,3.051577279988179,3.051577279988179,26144.93219777894,22081.248683884878,5.741820419902201e-09,4.2,-0.0
13,CV-charge,46,9132.742407564521,121052.88039291385,4.199999999999999,2.9505397078876427,2.9505397078876427,26099.514395619113,22130.847007684395,5.742173403487297e-09,4.199999999999999,-0.0
13,CV-charge,47,9205.469680291793,121125.60766564113,4.2,2.853152635310572,2.853152635310572,26055.596261726227,22178.806448316496,5.74252102075359e-09,4.2,-0.0
13,CV-charge,48,9278.196953019065,121198.3349383684,4.200000000000001,2.759238248220324,2.759238248220324,26013.12422710631,22225.185693755757,5.742863450893643e-09,4.200000000000001,-0.0
13,CV-charge,49,9304.317398165422,121224.45538351475,4.2,2.726393661811501,2.726393661811501,25998.24469575823,22241.43382723169,5.742985090979e-09,4.2,-0.0
14,CC-discharge,0,0.0,121224.45538351475,3.854935765660601,-27.263836618115,-27.263836618115,25998.24469575823,22241.43382723169,5.742985090979e-09,3.854935765660601,0.0
14,CC-discharge,1,72.72727272727273,121297.18265624203,3.8308589248460296,-27.263836618115,-27.263836618115,26563.364374677512,21706.93398663476,5.742985090979e-09,3.8308589248460296,0.5507845781437374
14,CC-discharge,2,145.45454545454547,121369.9099289693,3.8145874910780453,-27.263836618115,-27.263836618115,26982.952168043437,21253.453987857207,5.742985090979e-09,3.8145874910780453,1.1015691562874748
14,CC-discharge,3,218.1818181818182,121442.63720169658,3.7994150790804837,-27.263836618115,-27.263836618115,27400.678828734934,20799.998645170504,5.742985090979e-09,3.7994150790804837,1.652353734431212
14,CC-discharge,4,290.90909090909093,121515.36447442384,3.785076146467852,-27.263836618115,-27.263836618115,27818.376362270294,20346.543254340868,5.742985090979e-09,3.785076146467852,2.2031383125749495
14,CC-discharge,5,363.6363636363637,121588.09174715112,3.7714091150034568,-27.263836618115,-27.263836618115,28236.071640808976,19893.087862802342,5.742985090979e-09,3.7714091150034568,2.753922890718687
14,CC-discharge,6,436.3636363636364,121660.81901987839,3.758307583940203,-27.263836618115,-27.263836618115,28653.766743994027,19439.63247125294,5.742985090979e-09,3.758307583940203,3.304707468862424
14,CC-discharge,7,509.0909090909091,121733.54629260566,3.745677529820101,-27.263836618115,-27.263836618115,29071.46183347617,18986.177079704004,5.742985090979e-09,3.745677529820101,3.8554920470061615
14,CC-discharge,8,581.8181818181819,121806.27356533293,3.7334622847477203,-27.263836618115,-27.263836618115,29489.156921881462,18532.721688154616,5.742985090979e-09,3.7334622847477203,4.406276625149899
14,CC-discharge,9,654.5454545454546,121879.00083806021,3.7216144555120536,-27.263836618115,-27.263836618115,29906.852010202027,18079.266296604997,5.742985090979e-09,3.7216144555120536,4.9570612032936365
14,CC-discharge,10,727.2727272727274,121951.72811078747,3.7100977235268524,-27.263836618115,-27.263836618115,30324.547098515355,17625.81090505508,5.742985090979e-09,3.7100977235268524,5.507845781437374
14,CC-discharge,11,800.0000000000001,122024.45538351475,3.6988840025447085,-27.263836618115,-27.263836618115,30742.24218682828,17172.355513506107,5.742985090979e-09,3.6988840025447085,6.0586303595811115
14,CC-discharge,12,872.7272727272727,122097.18265624203,3.687951349364914,-27.263836618115,-27.263836618115,31159.937275140725,16718.900121956965,5.742985090979e-09,3.687951349364914,6.609414937724848
14,CC-discharge,13,945.4545454545455,122169.9099289693,3.6772823944398287,-27.263836618115,-27.263836618115,31577.632363453205,16265.444730407577,5.742985090979e-09,3.6772823944398287,7.160199515868586
14,CC-discharge,14,1018.1818181818182,122242.63720169658,3.6668631350725946,-27.263836618115,-27.263836618115,31995.327451766174,15811.989338858204,5.742985090979e-09,3.6668631350725946,7.710984094012323
14,CC-discharge,15,1090.909090909091,122315.36447442384,3.656681981105821,-27.263836618115,-27.263836618115,32413.022540078684,15358.53394730906,5.742985090979e-09,3.656681981105821,8.26176867215606
14,CC-discharge,16,1163.6363636363637,122388.09174715112,3.646728975080316,-27.263836618115,-27.263836618115,32830.71762839146,14905.078555759714,5.742985090979e-09,3.646728975080316,8.812553250299798
14,CC-discharge,17,1236.3636363636365,122460.81901987839,3.636995128641183,-27.263836618115,-27.263836618115,33248.412716703664,14451.623164210761,5.742985090979e-09,3.636995128641183,9.363337828443536
14,CC-discharge,18,1309.0909090909092,122533.54629260566,3.6274718302383535,-27.263836618115,-27.263836618115,33666.1078050168,13998.167772661187,5.742985090979e-09,3.6274718302383535,9.914122406587273
14,CC-discharge,19,1381.818181818182,122606.27356533293,3.6181502873566473,-27.263836618115,-27.263836618115,34083.80289332981,13544.712381112113,5.742985090979e-09,3.6181502873566473,10.46490698473101
14,CC-discharge,20,1454.5454545454547,122679.00083806021,3.609020971200719,-27.263836618115,-27.263836618115,34501.49798164255,13091.256989562953,5.742985090979e-09,3.609020971200719,11.015691562874748
14,CC-discharge,21,1527.2727272727275,122751.72811078747,3.6000730348226706,-27.263836618115,-27.263836618115,34919.1930699554,12637.80159801406,5.742985090979e-09,3.6000730348226706,11.566476141018486
14,CC-discharge,22,1600.0000000000002,122824.45538351475,3.5912936686928965,-27.263836618115,-27.263836618115,35336.88815826837,12184.34620646535,5.742985090979e-09,3.5912936686928965,12.117260719162223
14,CC-discharge,23,1672.727272727273,122897.18265624203,3.582666825626864,-27.263836618115,-27.263836618115,35754.58324658109,11730.890814916069,5.742985090979e-09,3.582666825626864,12.66804529730596
14,CC-discharge,24,1745.4545454545455,122969.9099289693,3.574174835721948,-27.263836618115,-27.263836618115,36172.27833489388,11277.435423367218,5.742985090979e-09,3.574174835721948,13.218829875449696
14,CC-discharge,25,1818.1818181818182,123042.63720169658,3.565793166599109,-27.263836618115,-27.263836618115,36589.973423206415,10823.980031818206,5.742985090979e-09,3.565793166599109,13.769614453593434
14,CC-discharge,26,1890.909090909091,123115.36447442384,3.557492389420961,-27.263836618115,-27.263836618115,37007.66851151945,10370.52464026894,5.742985090979e-09,3.557492389420961,14.320399031737171
14,CC-discharge,27,1963.6363636363637,123188.09174715112,3.5492357856466343,-27.263836618115,-27.263836618115,37425.36359983231,9917.069248719989,5.742985090979e-09,3.5492357856466343,14.871183609880909
14,CC-discharge,28,2036.3636363636365,123260.81901987839,3.5409774827520017,-27.263836618115,-27.263836618115,37843.058688144854,9463.613857170849,5.742985090979e-09,3.5409774827520017,15.421968188024646
14,CC-discharge,29,2109.0909090909095,123333.54629260566,3.532660089518288,-27.263836618115,-27.263836618115,38260.753776457874,9010.158465621635,5.742985090979e-09,3.532660089518288,15.972752766168385
14,CC-discharge,30,2181.818181818182,123406.27356533293,3.524211906916166,-27.263836618115,-27.263836618115,38678.44886477031,8556.703074072377,5.742985090979e-09,3.524211906916166,16.52353734431212
14,CC-discharge,31,2254.545454545455,123479.00083806021,3.5155441130628247,-27.263836618115,-27.263836618115,39096.14395308327,8103.247682523268,5.742985090979e-09,3.5155441130628247,17.07432192245586
14,CC-discharge,32,2327.2727272727275,123551.72811078747,3.5065434799024966,-27.263836618115,-27.263836618115,39513.83904139581,7649.792290974057,5.742985090979e-09,3.5065434799024966,17.625106500599596
14,CC-discharge,33,2400.0,123624.45538351475,3.497072385732875,-27.263836618115,-27.263836618115,39931.534129708605,7196.336899424908,5.742985090979e-09,3.497072385732875,18.175891078743334
14,CC-discharge,34,2472.727272727273,123697.18265624203,3.4869583906987223,-27.263836618115,-27.263836618115,40349.22921802123,6742.881507875675,5.742985090979e-09,3.4869583906987223,18.726675656887075
14,CC-discharge,35,2545.4545454545455,123769.9099289693,3.4759872144809596,-27.263836618115,-27.263836618115,40766.9243063342,6289.426116326446,5.742985090979e-09,3.4759872144809596,19.277460235030812
14,CC-discharge,36,2618.1818181818185,123842.63720169658,3.4638939676387017,-27.263836618115,-27.263836618115,41184.61939464699,5835.97072477722,5.742985090979e-09,3.4638939676387017,19.82824481317455
14,CC-discharge,37,2690.909090909091,123915.36447442384,3.4503517726423256,-27.263836618115,-27.263836618115,41602.31448295938,5382.515333228173,5.742985090979e-09,3.4503517726423256,20.379029391318287
14,CC-discharge,38,2763.636363636364,123988.09174715112,3.434958778621886,-27.263836618115,-27.263836618115,42020.00957127202,4929.0599416790965,5.742985090979e-09,3.434958778621886,20.929813969462025
14,CC-discharge,39,2836.3636363636365,124060.81901987839,3.417223427367828,-27.263836618115,-27.263836618115,42437.70465958506,4475.604550129969,5.742985090979e-09,3.417223427367828,21.480598547605762
14,CC-discharge,40,2909.0909090909095,124133.54629260566,3.3965485185772732,-27.263836618115,-27.263836618115,42855.3997478978,4022.149158580861,5.742985090979e-09,3.3965485185772732,22.0313831257495
14,CC-discharge,41,2981.818181818182,124206.27356533293,3.3722145853930736,-27.263836618115,-27.263836618115,43273.09483621024,3568.6937670317925,5.742985090979e-09,3.3722145853930736,22.582167703893237
14,CC-discharge,42,3054.545454545455,124279.00083806021,3.343365539218306,-27.263836618115,-27.263836618115,43690.78992452351,3115.2383754826733,5.742985090979e-09,3.343365539218306,23.132952282036975
14,CC-discharge,43,3127.2727272727275,124351.72811078747,3.3089931294669723,-27.263836618115,-27.263836618115,44108.48501283673,2661.7829839336455,5.742985090979e-09,3.3089931294669723,23.683736860180712
14,CC-discharge,44,3200.0000000000005,124424.45538351475,3.2679031805858294,-27.263836618115,-27.263836618115,44526.180101149796,2208.3275923846477,5.742985090979e-09,3.2679031805858294,24.23452143832445
14,CC-discharge,45,3272.727272727273,124497.18265624203,3.2185265277954445,-27.263836618115,-27.263836618115,44943.87518946297,1754.8722008356444,5.742985090979e-09,3.2185265277954445,24.785306016468187
14,CC-discharge,46,3345.454545454546,124569.9099289693,3.1576447282589037,-27.263836618115,-27.263836618115,45361.570277775776,1301.4168092865716,5.742985090979e-09,3.1576447282589037,25.336090594611925
14,CC-discharge,47,3418.1818181818185,124642.63720169658,3.0698046526560328,-27.263836618115,-27.263836618115,45779.26536608852,847.9614177375458,5.742985090979e-09,3.0698046526560328,25.886875172755662
14,CC-discharge,48,3450.058453646283,124674.51383716104,3.0000099999999996,-27.263836618115,-27.263836618115,45962.342684488736,649.2102247702325,5.742985090979e-09,3.0000099999999996,26.128286111988544
14,CC-charge,0,3450.058453646283,124674.51383716104,3.7163752097254044,27.263836618115,27.263836618115,45962.342684488736,649.2102247702325,5.742985090979e-09,3.7163752097254044,0.0
14,CC-charge,1,3522.7857263735555,124747.24110988832,3.8218513664048226,27.263836618115,27.263836618115,45397.2277310017,1183.7073362172507,5.742996674209539e-09,3.8218513664048226,-0.0
14,CC-charge,2,3595.5129991008284,124819.96838261558,3.8681347055433912,27.263836618115,27.263836618115,44977.63878062127,1637.1884615968552,5.743028590306286e-09,3.8681347055433912,-0.0
14,CC-charge,3,3668.240271828101,124892.69565534286,3.905528982670772,27.263836618115,27.263836618115,44559.90640145456,2090.6414989557907,5.743094755548929e-09,3.905528982670772,-0.0
14,CC-charge,4,3740.967544555374,124965.42292807013,3.936781428360938,27.263836618115,27.263836618115,44142.21081661626,2544.0927914026543,5.743214632818426e-09,3.936781428360938,-0.0
14,CC-charge,5,3813.6948172826465,125038.1502007974,3.962820930851777,27.263836618115,27.263836618115,43724.51572322857,2997.5416437216895,5.743408752506549e-09,3.962820930851777,-0.0
14,CC-charge,6,3886.4220900099194,125110.87747352467,3.9844179948705367,27.263836618115,27.263836618115,43306.820634979646,3450.9874911383813,5.7436959310156465e-09,3.9844179948705367,-0.0
14,CC-charge,7,3959.149362737192,125183.60474625195,4.00231294942546,27.263836618115,27.263836618115,42889.12554666757,3904.42997550068,5.744088903432888e-09,4.00231294942546,-0.0
14,CC-charge,8,4031.876635464465,125256.33201897921,4.017188909732859,27.263836618115,27.263836618115,42471.43045835385,4357.8689970242895,5.744592287376665e-09,4.017188909732859,-0.0
14,CC-charge,9,4104.603908191738,125329.0592917065,4.029648923133696,27.263836618115,27.263836618115,42053.73537004026,4811.304686518059,5.745203149299283e-09,4.029648923133696,-0.0
14,CC-charge,10,4177.33118091901,125401.78656443376,4.040209028867217,27.263836618115,27.263836618115,41636.04028172707,5264.737345143886,5.745912738417591e-09,4.040209028867217,-0.0
14,CC-charge,11,4250.058453646283,125474.51383716104,4.049302060863672,27.263836618115,27.263836618115,41218.345193413435,5718.1673726423405,5.746708748181619e-09,4.049302060863672,-0.0
14,CC-charge,12,4322.785726373556,125547.24110988832,4.057285264098072,27.263836618115,27.263836618115,40800.650105100234,6171.5952027233125,5.747577438310748e-09,4.057285264098072,-0.0
14,CC-charge,13,4395.512999100829,125619.96838261558,4.064451032644755,27.263836618115,27.263836618115,40382.955016786545,6625.02125460785,5.74850528338438e-09,4.064451032644755,-0.0
14,CC-charge,14,4468.240271828101,125692.69565534286,4.07103656773402,27.263836618115,27.263836618115,39965.25992847316,7078.445903148432,5.7494800289267946e-09,4.07103656773402,-0.0
14,CC-charge,15,4540.967544555374,125765.42292807013,4.077233162590442,27.263836618115,27.263836618115,39547.56484015979,7531.869463808554,5.750491251974137e-09,4.077233162590442,-0.0
14,CC-charge,16,4613.694817282647,125838.1502007974,4.083194185282386,27.263836618115,27.263836618115,39129.86975184657,7985.292189759905,5.751530508215994e-09,4.083194185282386,-0.0
14,CC-charge,17,4686.422090009919,125910.87747352467,4.0890425554485805,27.263836618115,27.263836618115,38712.17466353327,8438.714273303693,5.752591320697746e-09,4.0890425554485805,-0.0
14,CC-charge,18,4759.149362737192,125983.60474625195,4.094875491118902,27.263836618115,27.263836618115,38294.47957521977,8892.135824654191,5.753669878844955e-09,4.094875491118902,-0.0
14,CC-charge,19,4831.876635464465,126056.33201897921,4.1007704300263645,27.263836618115,27.263836618115,37876.78448690621,9345.55697329304,5.754761785631998e-09,4.1007704300263645,-0.0
14,CC-charge,20,4904.603908191738,126129.0592917065,4.10678830707058,27.263836618115,27.263836618115,37459.08939859307,9798.97777292219,5.755865126223441e-09,4.10678830707058,-0.0
14,CC-charge,21,4977.331180919011,126201.78656443376,4.112976772498451,27.263836618115,27.263836618115,37041.39431027946,10252.398239140733,5.756979235361745e-09,4.112976772498451,-0.0
14,CC-charge,22,5050.058453646283,126274.51383716104,4.119374494576832,27.263836618115,27.263836618115,36623.699221966424,10705.818381079673,5.758103686610163e-09,4.119374494576832,-0.0
14,CC-charge,23,5122.785726373556,126347.24110988832,4.126010085826353,27.263836618115,27.263836618115,36206.00413365323,11159.238179151691,5.7592389997894575e-09,4.126010085826353,-0.0
14,CC-charge,24,5195.512999100829,126419.96838261558,4.1329064658827255,27.263836618115,27.263836618115,35788.309045339876,11612.657596929876,5.7603862524892485e-09,4.1329064658827255,-0.0
14,CC-charge,25,5268.240271828101,126492.69565534286,4.140081575728985,27.263836618115,27.263836618115,35370.61395702695,12066.076586968502,5.761546891634854e-09,4.140081575728985,-0.0
14,CC-charge,26,5340.967544555374,126565.42292807013,4.147549520807944,27.263836618115,27.263836618115,34952.918868713765,12519.495090948192,5.762722722983396e-09,4.147549520807944,-0.0
14,CC-charge,27,5413.694817282647,126638.1502007974,4.1553215322638515,27.263836618115,27.263836618115,34535.22378040083,12972.91304168272,5.76391584438801e-09,4.1553215322638515,-0.0
14,CC-charge,28,5486.422090009919,126710.87747352467,4.163408656044566,27.263836618115,27.263836618115,34117.52869208741,13426.330361300257,5.765128699646854e-09,4.163408656044566,-0.0
14,CC-charge,29,5559.149362737193,126783.60474625195,4.171815480719463,27.263836618115,27.263836618115,33699.833603774045,13879.7470110155,5.766362493610037e-09,4.171815480719463,-0.0
14,CC-charge,30,5631.876635464465,126856.33201897921,4.180550286973414,27.263836618115,27.263836618115,33282.13851546094,14333.162861826755,5.767621303466468e-09,4.180550286973414,-0.0
14,CC-charge,31,5704.603908191738,126929.0592917065,4.189619777373409,27.263836618115,27.263836618115,32864.44342714784,14786.577820838289,5.7689080623586085e-09,4.189619777373409,-0.0
14,CC-charge,32,5777.331180919011,127001.78656443376,4.199031026943456,27.263836618115,27.263836618115,32446.748338834608,15239.991786024717,5.770225991142672e-09,4.199031026943456,-0.0
14,CC-charge,33,5784.593018405511,127009.04840192027,4.19999,27.263836618115,27.263836618115,32405.04137339376,15285.2652389267,5.770359211208236e-09,4.19999,-0.0
14,CV-charge,0,5784.593018405511,127009.04840192027,4.200000000000001,27.288262128087684,27.288262128087684,32405.04137339376,15285.2652389267,5.770359211208236e-09,4.200000000000001,0.0
14,CV-charge,1,5857.320291132784,127081.77567464755,4.2,24.22397659715829,24.22397659715829,31882.876081403432,15780.49504602289,5.77162570619086e-09,4.2,-0.0
14,CV-charge,2,5930.0475638600565,127154.50294737481,4.2,22.286098013137895,22.286098013137895,31536.07533174014,16160.970809113242,5.772813879113062e-09,4.2,-0.0
14,CV-charge,3,6002.774836587329,127227.2302201021,4.2,20.591911220236526,20.591911220236526,31217.644659988393,16511.785686168307,5.773936904982564e-09,4.2,-0.0
14,CV-charge,4,6075.502109314602,127299.95749282936,4.2,19.0938780952936,19.0938780952936,30922.299670538367,16836.973796667502,5.7750030356879214e-09,4.2,-0.0
14,CV-charge,5,6148.229382041875,127372.68476555664,4.199999999999999,17.763363854123803,17.763363854123803,30647.6531351746,17139.174821427594,5.7760175220900424e-09,4.199999999999999,-0.0
14,CV-charge,6,6220.9566547691475,127445.4120382839,4.2,16.575773262798915,16.575773262798915,30391.476500465036,17420.884090989035,5.776985384358257e-09,4.2,-0.0
14,CV-charge,7,6293.68392749642,127518.13931101118,4.200000000000001,15.510734633875925,15.510734633875925,30151.85172524857,17684.247312670002,5.777910956588705e-09,4.200000000000001,-0.0
14,CV-charge,8,6366.411200223693,127590.86658373845,4.2,14.55135353789524,14.55135353789524,29927.12803445982,17931.10908896314,5.778797984362957e-09,4.2,-0.0
14,CV-charge,9,6439.138472950966,127663.59385646573,4.2,13.683521196850633,13.683521196850633,29715.87616305416,18163.064809245818,5.779649727486037e-09,4.2,-0.0
14,CV-charge,10,6511.865745678238,127736.32112919299,4.2,12.895406137176499,12.895406137176499,29516.85330687325,18381.50032123633,5.780469037534203e-09,4.2,-0.0
14,CV-charge,11,6584.593018405511,127809.04840192027,4.200000000000001,12.177038598097687,12.177038598097687,29328.974625329975,18587.624162031967,5.781258420271187e-09,4.200000000000001,-0.0
14,CV-charge,12,6657.320291132784,127881.77567464755,4.200000000000001,11.51952964267829,11.51952964267829,29151.16805882047,18782.627694545637,5.7820204100670875e-09,4.200000000000001,-0.0
14,CV-charge,13,6730.0475638600565,127954.50294737481,4.199999999999999,10.916533465726832,10.916533465726832,28982.822499694026,18967.193790616227,5.782756364485365e-09,4.199999999999999,-0.0
14,CV-charge,14,6802.774836587329,128027.2302201021,4.2,10.361457104260367,10.361457104260367,28823.078132386192,19142.276334007205,5.783468350228522e-09,4.2,-0.0
14,CV-charge,15,6875.502109314602,128099.95749282936,4.2,9.848594812212312,9.848594812212312,28671.14951560216,19308.745580950646,5.784158284765183e-09,4.2,-0.0
14,CV-charge,16,6948.229382041875,128172.68476555664,4.2,9.373813284346603,9.373813284346603,28526.57013561622,19467.1205365128,5.784827248321943e-09,4.2,-0.0
14,CV-charge,17,7020.956654769148,128245.4120382839,4.199999999999999,8.933139227105238,8.933139227105238,28388.809221033986,19617.989699886588,5.785476527903656e-09,4.199999999999999,-0.0
14,CV-charge,18,7093.68392749642,128318.13931101118,4.199999999999999,8.523122677297009,8.523122677297009,28257.390370389352,19761.880843362458,5.786107288895679e-09,4.199999999999999,-0.0
14,CV-charge,19,7166.411200223693,128390.86658373845,4.200000000000001,8.140745502039492,8.140745502039492,28131.88412349293,19899.26943599563,5.7867205915606065e-09,4.200000000000001,-0.0
14,CV-charge,20,7239.138472950966,128463.59385646573,4.200000000000001,7.78336284147992,7.78336284147992,28011.90229984109,20030.584984323537,5.787317403248964e-09,4.200000000000001,-0.0
14,CV-charge,21,7311.865745678238,128536.32112919299,4.199999999999999,7.44864795411669,7.44864795411669,27897.093013921884,20156.216612053526,5.7878986092393454e-09,4.199999999999999,-0.0
14,CV-charge,22,7384.593018405511,128609.04840192027,4.199999999999999,7.134547152093571,7.134547152093571,27787.136398579623,20276.517842795325,5.788465022063291e-09,4.199999999999999,-0.0
14,CV-charge,23,7457.320291132784,128681.77567464755,4.200000000000001,6.839245452019646,6.839245452019646,27681.74216248946,20391.809350080322,5.7890173863665625e-09,4.200000000000001,-0.0
14,CV-charge,24,7530.0475638600565,128754.50294737481,4.200000000000001,6.5611271018065604,6.5611271018065604,27580.643718153613,20502.385476375384,5.78955639278981e-09,4.200000000000001,-0.0
14,CV-charge,25,7602.774836587329,128827.2302201021,4.2,6.2987532767076075,6.2987532767076075,27483.596995949334,20608.51556884678,5.7900826800095675e-09,4.2,-0.0
14,CV-charge,26,7675.502109314602,128899.95749282936,4.200000000000001,6.050838865369406,6.050838865369406,27390.377912959266,20710.446805064286,5.790596840392215e-09,4.200000000000001,-0.0
14,CV-charge,27,7748.229382041875,128972.68476555664,4.200000000000001,5.816233026422281,5.816233026422281,27300.78027979617,20808.4065256804,5.791099424639531e-09,4.200000000000001,-0.0
14,CV-charge,28,7820.956654769148,129045.4120382839,4.2,5.5939025645526925,5.5939025645526925,27214.61396636033,20902.604276963724,5.791590945872547e-09,4.2,-0.0
14,CV-charge,29,7893.68392749642,129118.13931101118,4.2,5.382917670607943,5.382917670607943,27131.70329053457,20993.23360397657,5.792071883232207e-09,4.2,-0.0
14,CV-charge,30,7966.411200223693,129190.86658373845,4.200000000000001,5.182439648960396,5.182439648960396,27051.885598643268,21080.473629414995,5.79254268506281e-09,4.200000000000001,-0.0
14,CV-charge,31,8039.138472950966,129263.59385646573,4.199999999999999,4.991710321393771,4.991710321393771,26975.01001142602,21164.490447585336,5.793003771734017e-09,4.199999999999999,-0.0
14,CV-charge,32,8111.865745678238,129336.32112919299,4.2,4.810042850168684,4.810042850168684,26900.93631329161,21245.43835843138,5.793455538148712e-09,4.2,-0.0
14,CV-charge,33,8184.593018405511,129409.04840192027,4.200000000000001,4.636813766430555,4.636813766430555,26829.53396599549,21323.46096277388,5.793898355976921e-09,4.200000000000001,-0.0
14,CV-charge,34,8257.320291132784,129481.77567464755,4.200000000000001,4.47145602562101,4.47145602562101,26760.68123067447,21398.692136742604,5.794332575650165e-09,4.200000000000001,-0.0
14,CV-charge,35,8330.047563860056,129554.50294737481,4.2,4.313452940631851,4.313452940631851,26694.264384502912,21471.256900776258,5.794758528145669e-09,4.2,-0.0
14,CV-charge,36,8402.77483658733,129627.2302201021,4.199999999999999,4.162332867410627,4.162332867410627,26630.177020217343,21541.272196350463,5.795176526585732e-09,4.199999999999999,-0.0
14,CV-charge,37,8475.502109314602,129699.95749282936,4.199999999999999,4.0176645374598285,4.0176645374598285,26568.319418387673,21608.84758172148,5.795586867674118e-09,4.199999999999999,-0.0
14,CV-charge,38,8548.229382041874,129772.68476555664,4.199999999999999,3.8790529480613194,3.8790529480613194,26508.597983734915,21674.085856449667,5.795989832988318e-09,4.199999999999999,-0.0
14,CV-charge,39,8620.956654769148,129845.4120382839,4.199999999999999,3.7461357346461246,3.7461357346461246,26450.924737951013,21737.083623076716,5.796385690144113e-09,4.199999999999999,-0.0
14,CV-charge,40,8693.68392749642,129918.13931101118,4.2,3.61857996108132,3.61857996108132,26395.216862507055,21797.931793268708,5.796774693846685e-09,4.2,-0.0
14,CV-charge,41,8766.411200223694,129990.86658373845,4.2,3.4960792731376102,3.4960792731376102,26341.396285777362,21856.71604472473,5.797157086840756e-09,4.2,-0.0
14,CV-charge,42,8839.138472950966,130063.59385646573,4.2,3.378351368337003,3.378351368337003,26289.389309540125,21913.517234370185,5.797533100770645e-09,4.2,-0.0
14,CV-charge,43,8911.865745678238,130136.32112919299,4.200000000000001,3.2651357421067875,3.2651357421067875,26239.126270548368,21968.411772630014,5.7979029569598486e-09,4.200000000000001,-0.0
14,CV-charge,44,8984.593018405512,130209.04840192027,4.2,3.156191675800536,3.156191675800536,26190.54123340071,22021.471962986398,5.798266867118554e-09,4.2,-0.0
14,CV-charge,45,9057.320291132784,130281.77567464755,4.2,3.0512964369191247,3.0512964369191247,26143.571711395736,22072.766310499075,5.798625033986543e-09,4.2,-0.0
14,CV-charge,46,9130.047563860058,130354.50294737481,4.200000000000001,2.9502436659576894,2.9502436659576894,26098.15841247165,22122.359802524294,5.798977651918076e-09,4.200000000000001,-0.0
14,CV-charge,47,9202.77483658733,130427.2302201021,4.2,2.852841927715375,2.852841927715375,26054.24500766315,22170.314164490945,5.799324907414589e-09,4.2,-0.0
14,CV-charge,48,9275.502109314602,130499.95749282936,4.2,2.7589134078723236,2.7589134078723236,26011.777919811182,22216.68809324173,5.799666979610411e-09,4.2,-0.0
14,CV-charge,49,9301.357971957004,130525.81335547176,4.200000000000001,2.7263936618115,2.7263936618115,25997.049650704772,22232.771082397074,5.799787265875075e-09,4.200000000000001,-0.0
15,CC-discharge,0,0.0,130525.81335547176,3.854957302160172,-27.263836618115,-27.263836618115,25997.049650704772,22232.771082397074,5.799787265875075e-09,3.854957302160172,0.0
15,CC-discharge,1,72.72727272727273,130598.54062819904,3.83087328578784,-27.263836618115,-27.263836618115,26562.169322711947,21698.271249231166,5.799787265875075e-09,3.83087328578784,0.5507845781437374
15,CC-discharge,2,145.45454545454547,130671.26790092631,3.814597940599661,-27.263836618115,-27.263836618115,26981.757106692843,21244.791243129283,5.799787265875075e-09,3.814597940599661,1.1015691562874748
15,CC-discharge,3,218.1818181818182,130743.99517365359,3.7994224570015827,-27.263836618115,-27.263836618115,27399.483782047242,20791.3359003367,5.799787265875075e-09,3.7994224570015827,1.652353734431212
15,CC-discharge,4,290.90909090909093,130816.72244638085,3.785081113239407,-27.263836618115,-27.263836618115,27817.181317059483,20337.880509506325,5.799787265875075e-09,3.785081113239407,2.2031383125749495
15,CC-discharge,5,363.6363636363637,130889.44971910813,3.7714121439685138,-27.263836618115,-27.263836618115,28234.876595741276,19884.42511796768,5.799787265875075e-09,3.7714121439685138,2.753922890718687
15,CC-discharge,6,436.3636363636364,130962.1769918354,3.7583090588406485,-27.263836618115,-27.263836618115,28652.571698939268,19430.969726418505,5.799787265875075e-09,3.7583090588406485,3.304707468862424
15,CC-discharge,7,509.0909090909091,131034.90426456268,3.7456777136362027,-27.263836618115,-27.263836618115,29070.26678842169,18977.51433486903,5.799787265875075e-09,3.7456777136362027,3.8554920470061615
15,CC-discharge,8,581.8181818181819,131107.63153728994,3.7334614024908714,-27.263836618115,-27.263836618115,29487.96187682736,18524.0589433199,5.799787265875075e-09,3.7334614024908714,4.406276625149899
15,CC-discharge,9,654.5454545454546,131180.3588100172,3.7216126866487684,-27.263836618115,-27.263836618115,29905.656965148097,18070.603551771164,5.799787265875075e-09,3.7216126866487684,4.9570612032936365
15,CC-discharge,10,727.2727272727274,131253.0860827445,3.7100952118922352,-27.263836618115,-27.263836618115,30323.35205346148,17617.148160221837,5.799787265875075e-09,3.7100952118922352,5.507845781437374
15,CC-discharge,11,800.0000000000001,131325.81335547176,3.6988808633046495,-27.263836618115,-27.263836618115,30741.047141774015,17163.69276867239,5.799787265875075e-09,3.6988808633046495,6.0586303595811115
15,CC-discharge,12,872.7272727272727,131398.54062819903,3.687947673823438,-27.263836618115,-27.263836618115,31158.74223008664,16710.23737712321,5.799787265875075e-09,3.687947673823438,6.609414937724848
15,CC-discharge,13,945.4545454545455,131471.26790092632,3.6772782531991055,-27.263836618115,-27.263836618115,31576.43731839917,16256.781985573822,5.799787265875075e-09,3.6772782531991055,7.160199515868586
15,CC-discharge,14,1018.1818181818182,131543.9951736536,3.666858579862915,-27.263836618115,-27.263836618115,31994.132406711695,15803.326594024727,5.799787265875075e-09,3.666858579862915,7.710984094012323
15,CC-discharge,15,1090.909090909091,131616.72244638085,3.656677045464657,-27.263836618115,-27.263836618115,32411.82749502477,15349.871202475615,5.799787265875075e-09,3.656677045464657,8.26176867215606
15,CC-discharge,16,1163.6363636363637,131689.44971910812,3.646723673965002,-27.263836618115,-27.263836618115,32829.522583337995,14896.41581092639,5.799787265875075e-09,3.646723673965002,8.812553250299798
15,CC-discharge,17,1236.3636363636365,131762.1769918354,3.63698945697728,-27.263836618115,-27.263836618115,33247.217671650615,14442.960419376977,5.799787265875075e-09,3.63698945697728,9.363337828443536
15,CC-discharge,18,1309.0909090909092,131834.90426456268,3.6274657603368485,-27.263836618115,-27.263836618115,33664.91275996358,13989.505027827481,5.799787265875075e-09,3.6274657603368485,9.914122406587273
15,CC-discharge,19,1381.818181818182,131907.63153728994,3.618143765066,-27.263836618115,-27.263836618115,34082.60784827619,13536.049636278412,5.799787265875075e-09,3.618143765066,10.46490698473101
15,CC-discharge,20,1454.5454545454547,131980.3588100172,3.609013910590749,-27.263836618115,-27.263836618115,34500.302936588756,13082.594244729618,5.799787265875075e-09,3.609013910590749,11.015691562874748
15,CC-discharge,21,1527.2727272727275,132053.0860827445,3.600065311126949,-27.263836618115,-27.263836618115,34917.998024901666,12629.138853180533,5.799787265875075e-09,3.600065311126949,11.566476141018486
15,CC-discharge,22,1600.0000000000002,132125.81335547176,3.5912851091130134,-27.263836618115,-27.263836618115,35335.69311321467,12175.683461631283,5.799787265875075e-09,3.5912851091130134,12.117260719162223
15,CC-discharge,23,1672.727272727273,132198.54062819903,3.5826572033816317,-27.263836618115,-27.263836618115,35753.38820152782,11722.228070082025,5.799787265875075e-09,3.5826572033816317,12.66804529730596
15,CC-discharge,24,1745.4545454545455,132271.26790092632,3.5741638361863024,-27.263836618115,-27.263836618115,36171.08328984058,11268.772678532716,5.799787265875075e-09,3.5741638361863024,13.218829875449696
15,CC-discharge,25,1818.1818181818182,132343.9951736536,3.5657803885471044,-27.263836618115,-27.263836618115,36588.77837815347,10815.31728698344,5.799787265875075e-09,3.5657803885471044,13.769614453593434
15,CC-discharge,26,1890.909090909091,132416.72244638085,3.557477314813055,-27.263836618115,-27.263836618115,37006.47346646589,10361.861895434105,5.799787265875075e-09,3.557477314813055,14.320399031737171
15,CC-discharge,27,1963.6363636363637,132489.44971910812,3.549217750284622,-27.263836618115,-27.263836618115,37424.168554778,9908.406503884988,5.799787265875075e-09,3.549217750284622,14.871183609880909
15,CC-discharge,28,2036.3636363636365,132562.1769918354,3.54095563811071,-27.263836618115,-27.263836618115,37841.86364309092,9454.9511123359,5.799787265875075e-09,3.54095563811071,15.421968188024646
15,CC-discharge,29,2109.0909090909095,132634.90426456268,3.53263335615054,-27.263836618115,-27.263836618115,38259.55873140366,9001.49572078674,5.799787265875075e-09,3.53263335615054,15.972752766168385
15,CC-discharge,30,2181.818181818182,132707.63153728994,3.5241789178853233,-27.263836618115,-27.263836618115,38677.2538197163,8548.040329237674,5.799787265875075e-09,3.5241789178853233,16.52353734431212
15,CC-discharge,31,2254.545454545455,132780.3588100172,3.5155031365522946,-27.263836618115,-27.263836618115,39094.948908029335,8094.584937688517,5.799787265875075e-09,3.5155031365522946,17.07432192245586
15,CC-discharge,32,2327.2727272727275,132853.0860827445,3.5064923495684623,-27.263836618115,-27.263836618115,39512.64399634231,7641.129546139268,5.799787265875075e-09,3.5064923495684623,17.625106500599596
15,CC-discharge,33,2400.0,132925.81335547176,3.4970083878053364,-27.263836618115,-27.263836618115,39930.339084655025,7187.674154590316,5.799787265875075e-09,3.4970083878053364,18.175891078743334
15,CC-discharge,34,2472.727272727273,132998.54062819903,3.4868781093047816,-27.263836618115,-27.263836618115,40348.03417296782,6734.21876304122,5.799787265875075e-09,3.4868781093047816,18.726675656887075
15,CC-discharge,35,2545.4545454545455,133071.26790092632,3.475886400410702,-27.263836618115,-27.263836618115,40765.72926128058,6280.763371491939,5.799787265875075e-09,3.475886400410702,19.277460235030812
15,CC-discharge,36,2618.1818181818185,133143.9951736536,3.463767340924396,-27.263836618115,-27.263836618115,41183.42434959335,5827.307979942977,5.799787265875075e-09,3.463767340924396,19.82824481317455
15,CC-discharge,37,2690.909090909091,133216.72244638085,3.4501927999960156,-27.263836618115,-27.263836618115,41601.11943790655,5373.852588393912,5.799787265875075e-09,3.4501927999960156,20.379029391318287
15,CC-discharge,38,2763.636363636364,133289.44971910812,3.434759417624916,-27.263836618115,-27.263836618115,42018.81452621954,4920.397196844938,5.799787265875075e-09,3.434759417624916,20.929813969462025
15,CC-discharge,39,2836.3636363636365,133362.1769918354,3.4169738430486922,-27.263836618115,-27.263836618115,42436.50961453262,4466.941805295792,5.799787265875075e-09,3.4169738430486922,21.480598547605762
15,CC-discharge,40,2909.0909090909095,133434.90426456268,3.3962367813305927,-27.263836618115,-27.263836618115,42854.20470284456,4013.4864137466934,5.799787265875075e-09,3.3962367813305927,22.0313831257495
15,CC-discharge,41,2981.818181818182,133507.63153728994,3.3718264124663064,-27.263836618115,-27.263836618115,43271.899791157106,3560.03102219765,5.799787265875075e-09,3.3718264124663064,22.582167703893237
15,CC-discharge,42,3054.545454545455,133580.3588100172,3.3428840147603847,-27.263836618115,-27.263836618115,43689.59487946927,3106.5756306484977,5.799787265875075e-09,3.3428840147603847,23.132952282036975
15,CC-discharge,43,3127.2727272727275,133653.0860827445,3.3083984270051268,-27.263836618115,-27.263836618115,44107.28996778216,2653.1202390993185,5.799787265875075e-09,3.3083984270051268,23.683736860180712
15,CC-discharge,44,3200.0000000000005,133725.81335547176,3.2671713059365364,-27.263836618115,-27.263836618115,44524.985056094854,2199.664847550246,5.799787265875075e-09,3.2671713059365364,24.23452143832445
15,CC-discharge,45,3272.727272727273,133798.54062819903,3.2176212123798025,-27.263836618115,-27.263836618115,44942.68014440752,1746.2094560011722,5.799787265875075e-09,3.2176212123798025,24.785306016468187
15,CC-discharge,46,3345.454545454546,133871.26790092632,3.1564607701523233,-27.263836618115,-27.263836618115,45360.37523272021,1292.7540644520943,5.799787265875075e-09,3.1564607701523233,25.336090594611925
15,CC-discharge,47,3418.1818181818185,133943.9951736536,3.06762722997356,-27.263836618115,-27.263836618115,45778.070321032676,839.2986729030548,5.799787265875075e-09,3.06762722997356,25.886875172755662
15,CC-discharge,48,3448.7214569945545,133974.53481246633,3.0000100000000005,-27.263836618115,-27.263836618115,45953.4688565831,648.8836696136229,5.799787265875075e-09,3.0000100000000005,26.118160651357517
15,CC-charge,0,3448.7214569945545,133974.53481246633,3.716341759778284,27.263836618115,27.263836618115,45953.4688565831,648.8836696136229,5.799787265875075e-09,3.716341759778284,0.0
15,CC-charge,1,3521.448729721827,134047.2620851936,3.8218983784146405,27.263836618115,27.263836618115,45388.35390306901,1183.3807815761136,5.799798838210508e-09,3.8218983784146405,-0.0
15,CC-charge,2,3594.1760024491,134119.9893579209,3.868187612818753,27.263836618115,27.263836618115,44968.76496774262,1636.8619073234602,5.799830735539527e-09,3.868187612818753,-0.0
15,CC-charge,3,3666.9032751763725,134192.71663064815,3.9055849995657477,27.263836618115,27.263836618115,44551.03257379321,2090.314945910933,5.7998968696315e-09,3.9055849995657477,-0.0
15,CC-charge,4,3739.6305479036455,134265.44390337542,3.936840770480425,27.263836618115,27.263836618115,44133.336988715404,2543.7662398960547,5.800016700475636e-09,3.936840770480425,-0.0
15,CC-charge,5,3812.357820630918,134338.17117610268,3.962883915777692,27.263836618115,27.263836618115,43715.64189532374,2997.2150941991054,5.800210759259402e-09,3.962883915777692,-0.0
15,CC-charge,6,3885.085093358191,134410.89844882998,3.984484796115475,27.263836618115,27.263836618115,43297.94680707526,3450.6609439399867,5.800497865210181e-09,3.984484796115475,-0.0
15,CC-charge,7,3957.8123660854635,134483.62572155724,4.002383641020559,27.263836618115,27.263836618115,42880.251718762986,3904.1034307904365,5.800890758799907e-09,4.002383641020559,-0.0
15,CC-charge,8,4030.5396388127365,134556.3529942845,4.017263516981943,27.263836618115,27.263836618115,42462.5566304488,4357.542454785649,5.801394063454927e-09,4.017263516981943,-0.0
15,CC-charge,9,4103.2669115400095,134629.08026701177,4.029727453489247,27.263836618115,27.263836618115,42044.86154213576,4810.978146586663,5.802004850564253e-09,4.029727453489247,-0.0
15,CC-charge,10,4175.9941842672815,134701.80753973906,4.040291488514426,27.263836618115,27.263836618115,41627.16645382202,5264.4108072594745,5.802714372705816e-09,4.040291488514426,-0.0
15,CC-charge,11,4248.7214569945545,134774.53481246633,4.0493884613460835,27.263836618115,27.263836618115,41209.47136550895,5717.840836497695,5.803510325111611e-09,4.0493884613460835,-0.0
15,CC-charge,12,4321.4487297218275,134847.2620851936,4.057375625769398,27.263836618115,27.263836618115,40791.776277195495,6171.268668006475,5.804378967862366e-09,4.057375625769398,-0.0
15,CC-charge,13,4394.1760024490995,134919.9893579209,4.064545383884859,27.263836618115,27.263836618115,40374.081188882155,6624.6947210306,5.805306774931978e-09,4.064545383884859,-0.0
15,CC-charge,14,4466.9032751763725,134992.71663064815,4.071134943877139,27.263836618115,27.263836618115,39956.386100568845,7078.119370460926,5.806281490678987e-09,4.071134943877139,-0.0
15,CC-charge,15,4539.6305479036455,135065.44390337542,4.07733560427197,27.263836618115,27.263836618115,39538.69101225565,7531.542931806357,5.80729269072186e-09,4.07733560427197,-0.0
15,CC-charge,16,4612.3578206309185,135138.17117610268,4.083300736672441,27.263836618115,27.263836618115,39120.9959239424,7984.965658283427,5.8083319293051435e-09,4.083300736672441,-0.0
15,CC-charge,17,4685.085093358191,135210.89844882998,4.0891532631412355,27.263836618115,27.263836618115,38703.30083562907,8438.387742233654,5.809392728165992e-09,4.0891532631412355,-0.0
15,CC-charge,18,4757.8123660854635,135283.62572155724,4.0949904025027415,27.263836618115,27.263836618115,38285.60574731602,8891.809293901237,5.8104712757526505e-09,4.0949904025027415,-0.0
15,CC-charge,19,4830.5396388127365,135356.3529942845,4.100889592505365,27.263836618115,27.263836618115,37867.910659002184,9345.230442806916,5.811563173746134e-09,4.100889592505365,-0.0
15,CC-charge,20,4903.2669115400095,135429.08026701177,4.106911767687804,27.263836618115,27.263836618115,37450.21557068893,9798.651242676162,5.812666506526304e-09,4.106911767687804,-0.0
15,CC-charge,21,4975.9941842672815,135501.80753973906,4.113104577110438,27.263836618115,27.263836618115,37032.52048237542,10252.071709124984,5.813780608272951e-09,4.113104577110438,-0.0
15,CC-charge,22,5048.7214569945545,135574.53481246633,4.119506689650353,27.263836618115,27.263836618115,36614.82539406173,10705.491851302493,5.814905051960241e-09,4.119506689650353,-0.0
15,CC-charge,23,5121.4487297218275,135647.2620851936,4.1261467169797355,27.263836618115,27.263836618115,36197.130305748615,11158.911649638509,5.816040356828464e-09,4.1261467169797355,-0.0
15,CC-charge,24,5194.1760024490995,135719.9893579209,4.133047579234194,27.263836618115,27.263836618115,35779.43521743541,11612.331067705552,5.8171876004769196e-09,4.133047579234194,-0.0
15,CC-charge,25,5266.9032751763725,135792.71663064815,4.140227219147012,27.263836618115,27.263836618115,35361.74012912224,12065.750058071326,5.8183482293885324e-09,4.140227219147012,-0.0
15,CC-charge,26,5339.6305479036455,135865.44390337542,4.147699745314813,27.263836618115,27.263836618115,34944.04504080903,12519.168562423703,5.8195240490904684e-09,4.147699745314813,-0.0
15,CC-charge,27,5412.3578206309185,135938.17117610268,4.15547639400088,27.263836618115,27.263836618115,34526.349952495926,12972.58651358247,5.820717157234216e-09,4.15547639400088,-0.0
15,CC-charge,28,5485.085093358191,136010.89844882998,4.163568218250428,27.263836618115,27.263836618115,34108.65486418255,13426.003833682695,5.82192999739637e-09,4.163568218250428,-0.0
15,CC-charge,29,5557.8123660854635,136083.62572155724,4.17197981845377,27.263836618115,27.263836618115,33690.95977586961,13879.420483940368,5.8231637743748756e-09,4.17197981845377,-0.0
15,CC-charge,30,5630.5396388127365,136156.3529942845,4.180719489412395,27.263836618115,27.263836618115,33273.26468755603,14332.836335362163,5.824422565103933e-09,4.180719489412395,-0.0
15,CC-charge,31,5703.2669115400095,136229.08026701177,4.189793953051522,27.263836618115,27.263836618115,32855.569599242786,14786.251295056063,5.825709302597984e-09,4.189793953051522,-0.0
15,CC-charge,32,5775.9941842672815,136301.80753973906,4.199210309929147,27.263836618115,27.263836618115,32437.874510929254,15239.665261002356,5.827027207545496e-09,4.199210309929147,-0.0
15,CC-charge,33,5781.898295412006,136307.71165088378,4.19999,27.263836618115,27.263836618115,32403.965385321702,15276.474059216123,5.827135464172762e-09,4.19999,-0.0
15,CV-charge,0,5781.898295412006,136307.71165088378,4.2,27.288212280100183,27.288212280100183,32403.965385321702,15276.474059216123,5.827135464172762e-09,4.2,0.0
15,CV-charge,1,5854.625568139279,136380.43892361104,4.2,24.22434813114809,24.22434813114809,31881.795184005197,15771.708338359553,5.8284013045681875e-09,4.2,-0.0
15,CV-charge,2,5927.352840866551,136453.16619633834,4.2,22.286704217271783,22.286704217271783,31534.98544171969,16152.193165502413,5.8295888385481555e-09,4.2,-0.0
15,CV-charge,3,6000.080113593824,136525.8934690656,4.2,20.592670320527464,20.592670320527464,31216.542915290425,16503.020376442946,5.8307112385590185e-09,4.2,-0.0
15,CV-charge,4,6072.807386321097,136598.62074179287,4.2,19.09473453615991,19.09473453615991,30921.18486016412,16828.222361583077,5.831776754134656e-09,4.2,-0.0
15,CV-charge,5,6145.53465904837,136671.34801452013,4.199999999999999,17.76427583719768,17.76427583719768,30646.524286110653,17130.438453458428,5.83279063644437e-09,4.199999999999999,-0.0
15,CV-charge,6,6218.261931775642,136744.07528724743,4.2,16.57671105893816,16.57671105893816,30390.333192393897,17412.163341713782,5.833757904932575e-09,4.2,-0.0
15,CV-charge,7,6290.989204502915,136816.8025599747,4.200000000000001,15.511676724432366,15.511676724432366,30150.693862864,17675.542354672914,5.834682893249441e-09,4.200000000000001,-0.0
15,CV-charge,8,6363.716477230188,136889.52983270196,4.200000000000001,14.552284655447265,14.552284655447265,29925.955771648925,17922.41980448124,5.8355693465319156e-09,4.200000000000001,-0.0
15,CV-charge,9,6436.443749957461,136962.25710542922,4.2,13.684430444325827,13.684430444325827,29714.689823866705,18154.390881573083,5.8364205241991665e-09,4.2,-0.0
15,CV-charge,10,6509.171022684733,137034.9843781565,4.199999999999999,12.896285783362908,12.896285783362908,29515.653315723906,18372.841314785906,5.8372392775161645e-09,4.199999999999999,-0.0
15,CV-charge,11,6581.898295412006,137107.71165088378,4.2,12.177883377670183,12.177883377670183,29327.76151191185,18578.979518533368,5.838028111867188e-09,4.2,-0.0
15,CV-charge,12,6654.625568139279,137180.43892361104,4.2,11.520727858904712,11.520727858904712,29150.05010023957,18773.87865094868,5.83878927435364e-09,4.2,-0.0
15,CV-charge,13,6727.352840866552,137253.16619633834,4.2,10.917659503017527,10.917659503017527,28981.68707654119,18958.463984397902,5.8395247116341964e-09,4.2,-0.0
15,CV-charge,14,6800.080113593824,137325.8934690656,4.2,10.362513144583074,10.362513144583074,28821.92629019736,19133.564579055477,5.840236186698684e-09,4.2,-0.0
15,CV-charge,15,6872.807386321097,137398.62074179287,4.2,9.849583575577446,9.849583575577446,28669.982378347217,19300.050648022792,5.8409256165023106e-09,4.2,-0.0
15,CV-charge,16,6945.53465904837,137471.34801452013,4.199999999999999,9.374737323927151,9.374737323927151,28525.388703262084,19458.441332365463,5.8415940815017144e-09,4.199999999999999,-0.0
15,CV-charge,17,7018.261931775642,137544.07528724743,4.2,8.934001134202097,8.934001134202097,28387.614455293,19609.32517262809,5.8422428685627866e-09,4.2,-0.0
15,CV-charge,18,7090.989204502915,137616.8025599747,4.2,8.523924984962237,8.523924984962237,28256.183192039694,19753.22998561668,5.842873142943576e-09,4.2,-0.0
15,CV-charge,19,7163.716477230188,137689.52983270196,4.199999999999999,8.141490693044226,8.141490693044226,28130.665414664738,19890.63128250216,5.843485964780254e-09,4.199999999999999,-0.0
15,CV-charge,20,7236.443749957461,137762.25710542922,4.200000000000001,7.784053316154933,7.784053316154933,28010.672905313353,20021.958610602793,5.844082301301441e-09,4.200000000000001,-0.0
15,CV-charge,21,7309.1710226847335,137834.9843781565,4.2,7.449286017437824,7.449286017437824,27895.85374261579,20147.60113283251,5.844663037668455e-09,4.2,-0.0
15,CV-charge,22,7381.898295412006,137907.71165088378,4.2,7.135135006814802,7.135135006814802,27785.88802514527,20267.912410304467,5.845228986300215e-09,4.2,-0.0
15,CV-charge,23,7454.625568139279,137980.43892361104,4.2,6.839785168441327,6.839785168441327,27680.48541888609,20383.213163391072,5.845780891761441e-09,4.2,-0.0
15,CV-charge,24,7527.352840866552,138053.16619633834,4.199999999999999,6.561620674737407,6.561620674737407,27579.37931537665,20493.79775737735,5.846319444562981e-09,4.199999999999999,-0.0
15,CV-charge,25,7600.080113593824,138125.8934690656,4.200000000000001,6.299202599669995,6.299202599669995,27482.32561589869,20599.93557140073,5.846845283281781e-09,4.200000000000001,-0.0
15,CV-charge,26,7672.807386321097,138198.62074179287,4.2,6.051245733878878,6.051245733878878,27389.100209812797,20701.873813420047,5.847359000188879e-09,4.2,-0.0
15,CV-charge,27,7745.53465904837,138271.34801452013,4.199999999999999,5.816599142508365,5.816599142508365,27299.49688146026,20799.839852893667,5.847861145894764e-09,4.199999999999999,-0.0
15,CV-charge,28,7818.261931775642,138344.07528724743,4.199999999999999,5.594229541764701,5.594229541764701,27213.32547583665,20894.043263396234,5.848352233433022e-09,4.199999999999999,-0.0
15,CV-charge,29,7890.9892045029155,138416.8025599747,4.2,5.383207039275183,5.383207039275183,27130.41028720568,20984.6776158836,5.848832741860773e-09,4.2,-0.0
15,CV-charge,30,7963.716477230188,138489.52983270196,4.199999999999999,5.182692861534517,5.182692861534517,27050.58863947969,21071.922057623673,5.849303119441895e-09,4.199999999999999,-0.0
15,CV-charge,31,8036.443749957461,138562.25710542922,4.200000000000001,4.991928757738589,4.991928757738589,26973.709632108403,21155.942706254355,5.849763786468828e-09,4.200000000000001,-0.0
15,CV-charge,32,8109.1710226847335,138634.9843781565,4.200000000000001,4.810227822717316,4.810227822717316,26899.633029254575,21236.893883906698,5.850215137770204e-09,4.200000000000001,-0.0
15,CV-charge,33,8181.898295412006,138707.71165088378,4.200000000000001,4.63696652515891,4.63696652515891,26828.22827339564,21314.91921252058,5.850657544944572e-09,4.200000000000001,-0.0
15,CV-charge,34,8254.62556813928,138780.43892361104,4.200000000000001,4.471577762794171,4.471577762794171,26759.373607284735,21390.152588361856,5.851091358354536e-09,4.200000000000001,-0.0
15,CV-charge,35,8327.352840866552,138853.16619633834,4.2,4.313544795303108,4.313544795303108,26692.95529053565,21462.71905109634,5.851516908910773e-09,4.2,-0.0
15,CV-charge,36,8400.080113593824,138925.8934690656,4.2,4.162395929673961,4.162395929673961,26628.866899085206,21532.73556058541,5.851934509671227e-09,4.2,-0.0
15,CV-charge,37,8472.807386321096,138998.62074179287,4.2,4.017699852431892,4.017699852431892,26567.008697399422,21600.31169270998,5.8523444572773024e-09,4.2,-0.0
15,CV-charge,38,8545.53465904837,139071.34801452013,4.200000000000001,3.879061519616264,3.879061519616264,26507.287074736036,21665.550263944086,5.852747033245982e-09,4.200000000000001,-0.0
15,CV-charge,39,8618.261931775642,139144.07528724743,4.200000000000001,3.7461185288922083,3.7461185288922083,26449.61403790808,21728.547893097795,5.853142505134211e-09,4.200000000000001,-0.0
15,CV-charge,40,8690.989204502916,139216.8025599747,4.2,3.61853790959792,3.61853790959792,26393.906754045394,21789.39550751403,5.85353112758987e-09,4.2,-0.0
15,CV-charge,41,8763.716477230188,139289.52983270196,4.199999999999999,3.49601327597158,3.49601327597158,26340.087137668717,21848.17880002785,5.853913143301767e-09,4.199999999999999,-0.0
15,CV-charge,42,8836.44374995746,139362.25710542922,4.200000000000001,3.3782622967738978,3.3782622967738978,26288.081477149448,21904.97864220867,5.854288783859571e-09,4.200000000000001,-0.0
15,CV-charge,43,8909.171022684734,139434.9843781565,4.2,3.2650244412270983,3.2650244412270983,26237.82009624229,21959.871458676258,5.854658270533268e-09,4.2,-0.0
15,CV-charge,44,8981.898295412006,139507.71165088378,4.200000000000002,3.156058966817054,3.156058966817054,26189.237046913902,22012.929566697483,5.855021814980561e-09,4.200000000000002,-0.0
15,CV-charge,45,9054.62556813928,139580.43892361104,4.200000000000001,3.051143119329397,3.051143119329397,26142.269830171295,22064.22148474326,5.855379619889668e-09,4.200000000000001,-0.0
15,CV-charge,46,9127.352840866552,139653.16619633834,4.2,2.9500705194967782,2.9500705194967782,26096.859141967056,22113.812213245805,5.855731879564113e-09,4.2,-0.0
15,CV-charge,47,9200.080113593824,139725.8934690656,4.200000000000001,2.8526497141279394,2.8526497141279394,26052.9486416282,22161.76349039981,5.85607878045533e-09,4.200000000000001,-0.0
15,CV-charge,48,9272.807386321096,139798.62074179287,4.2,2.758702872517914,2.758702872517914,26010.484740544456,22208.13402553029,5.856420501648314e-09,4.2,-0.0
15,CV-charge,49,9298.489299070607,139824.30265454238,4.200000000000001,2.7263936618114997,2.7263936618114997,25995.855910323993,22224.108460090625,5.856539858681104e-09,4.200000000000001,-0.0
16,CC-discharge,0,0.0,139824.30265454238,3.85497879030954,-27.263836618115,-27.263836618115,25995.855910323993,22224.108460090625,5.856539858681104e-09,3.85497879030954,0.0
16,CC-discharge,1,72.72727272727273,139897.02992726964,3.830887603472131,-27.263836618115,-27.263836618115,26560.975575427037,21689.608634354317,5.856539858681104e-09,3.830887603472131,0.5507845781437374
16,CC-discharge,2,145.45454545454547,139969.75719999694,3.814608350522754,-27.263836618115,-27.263836618115,26980.563350008604,21236.128620931508,5.856539858681104e-09,3.814608350522754,1.1015691562874748
16,CC-discharge,3,218.1818181818182,140042.4844727242,3.7994297985006664,-27.263836618115,-27.263836618115,27398.29004003082,20782.67327803228,5.856539858681104e-09,3.7994297985006664,1.652353734431212
16,CC-discharge,4,290.90909090909093,140115.21174545147,3.7850860465020704,-27.263836618115,-27.263836618115,27815.987576521267,20329.217887199917,5.856539858681104e-09,3.7850860465020704,2.2031383125749495
16,CC-discharge,5,363.6363636363637,140187.93901817873,3.77141514202682,-27.263836618115,-27.263836618115,28233.682855345603,19875.762495660965,5.856539858681104e-09,3.77141514202682,2.753922890718687
16,CC-discharge,6,436.3636363636364,140260.66629090603,3.7583105052178047,-27.263836618115,-27.263836618115,28651.377958556837,19422.30710411205,5.856539858681104e-09,3.7583105052178047,3.304707468862424
16,CC-discharge,7,509.0909090909091,140333.3935636333,3.745677871022121,-27.263836618115,-27.263836618115,29069.073048040984,18968.85171256272,5.856539858681104e-09,3.745677871022121,3.8554920470061615
16,CC-discharge,8,581.8181818181819,140406.12083636055,3.7334604956902697,-27.263836618115,-27.263836618115,29486.768136446488,18515.396321013734,5.856539858681104e-09,3.7334604956902697,4.406276625149899
16,CC-discharge,9,654.5454545454546,140478.84810908782,3.721610894940344,-27.263836618115,-27.263836618115,29904.46322476645,18061.94092946442,5.856539858681104e-09,3.721610894940344,4.9570612032936365
16,CC-discharge,10,727.2727272727274,140551.5753818151,3.7100926789347493,-27.263836618115,-27.263836618115,30322.158313079475,17608.485537914876,5.856539858681104e-09,3.7100926789347493,5.507845781437374
16,CC-discharge,11,800.0000000000001,140624.30265454238,3.6988777040917307,-27.263836618115,-27.263836618115,30739.853401391912,17155.030146366156,5.856539858681104e-09,3.6988777040917307,6.0586303595811115
16,CC-discharge,12,872.7272727272727,140697.02992726964,3.6879439794831685,-27.263836618115,-27.263836618115,31157.548489704906,16701.574754817408,5.856539858681104e-09,3.6879439794831685,6.609414937724848
16,CC-discharge,13,945.4545454545455,140769.75719999694,3.677274094145754,-27.263836618115,-27.263836618115,31575.24357801789,16248.119363268235,5.856539858681104e-09,3.677274094145754,7.160199515868586
16,CC-discharge,14,1018.1818181818182,140842.4844727242,3.6668540076175415,-27.263836618115,-27.263836618115,31992.938666330687,15794.66397171865,5.856539858681104e-09,3.6668540076175415,7.710984094012323
16,CC-discharge,15,1090.909090909091,140915.21174545147,3.656672093323482,-27.263836618115,-27.263836618115,32410.633754643546,15341.208580169145,5.856539858681104e-09,3.656672093323482,8.26176867215606
16,CC-discharge,16,1163.6363636363637,140987.93901817873,3.646718356599344,-27.263836618115,-27.263836618115,32828.32884295607,14887.753188619829,5.856539858681104e-09,3.646718356599344,8.812553250299798
16,CC-discharge,17,1236.3636363636365,141060.66629090603,3.6369837689666613,-27.263836618115,-27.263836618115,33246.023931269025,14434.297797070709,5.856539858681104e-09,3.6369837689666613,9.363337828443536
16,CC-discharge,18,1309.0909090909092,141133.3935636333,3.627459673567631,-27.263836618115,-27.263836618115,33663.719019581615,13980.842405521402,5.856539858681104e-09,3.627459673567631,9.914122406587273
16,CC-discharge,19,1381.818181818182,141206.12083636055,3.6181372248605927,-27.263836618115,-27.263836618115,34081.41410789432,13527.387013972064,5.856539858681104e-09,3.6181372248605927,10.46490698473101
16,CC-discharge,20,1454.5454545454547,141278.84810908782,3.6090068303633704,-27.263836618115,-27.263836618115,34499.109196207304,13073.931622423117,5.856539858681104e-09,3.6090068303633704,11.015691562874748
16,CC-discharge,21,1527.2727272727275,141351.5753818151,3.6000575652911744,-27.263836618115,-27.263836618115,34916.80428452008,12620.476230874054,5.856539858681104e-09,3.6000575652911744,11.566476141018486
16,CC-discharge,22,1600.0000000000002,141424.30265454238,3.5912765238426476,-27.263836618115,-27.263836618115,35334.49937283281,12167.020839324929,5.856539858681104e-09,3.5912765238426476,12.117260719162223
16,CC-discharge,23,1672.727272727273,141497.02992726964,3.5826475505843893,-27.263836618115,-27.263836618115,35752.19446114537,11713.565447775689,5.856539858681104e-09,3.5826475505843893,12.66804529730596
16,CC-discharge,24,1745.4545454545455,141569.75719999694,3.574152799631968,-27.263836618115,-27.263836618115,36169.889549457715,11260.110056226325,5.856539858681104e-09,3.574152799631968,13.218829875449696
16,CC-discharge,25,1818.1818181818182,141642.4844727242,3.5657675649884744,-27.263836618115,-27.263836618115,36587.58463777059,10806.654664677024,5.856539858681104e-09,3.5657675649884744,13.769614453593434
16,CC-discharge,26,1890.909090909091,141715.21174545147,3.557462183680765,-27.263836618115,-27.263836618115,37005.27972608324,10353.199273127731,5.856539858681104e-09,3.557462183680765,14.320399031737171
16,CC-discharge,27,1963.6363636363637,141787.93901817873,3.549199644215818,-27.263836618115,-27.263836618115,37422.97481439592,9899.743881578639,5.856539858681104e-09,3.549199644215818,14.871183609880909
16,CC-discharge,28,2036.3636363636365,141860.66629090603,3.540933704576545,-27.263836618115,-27.263836618115,37840.669902708665,9446.288490029525,5.856539858681104e-09,3.540933704576545,15.421968188024646
16,CC-discharge,29,2109.0909090909095,141933.3935636333,3.5326065107370566,-27.263836618115,-27.263836618115,38258.36499102153,8992.833098480287,5.856539858681104e-09,3.5326065107370566,15.972752766168385
16,CC-discharge,30,2181.818181818182,142006.12083636055,3.524145787464926,-27.263836618115,-27.263836618115,38676.060079334355,8539.37770693125,5.856539858681104e-09,3.524145787464926,16.52353734431212
16,CC-discharge,31,2254.545454545455,142078.84810908782,3.515461981518266,-27.263836618115,-27.263836618115,39093.755167647374,8085.92231538211,5.856539858681104e-09,3.515461981518266,17.07432192245586
16,CC-discharge,32,2327.2727272727275,142151.5753818151,3.5064409942528556,-27.263836618115,-27.263836618115,39511.45025596015,7632.466923832799,5.856539858681104e-09,3.5064409942528556,17.625106500599596
16,CC-discharge,33,2400.0,142224.30265454238,3.4969441064014,-27.263836618115,-27.263836618115,39929.14534427272,7179.011532283649,5.856539858681104e-09,3.4969441064014,18.175891078743334
16,CC-discharge,34,2472.727272727273,142297.02992726964,3.4867974714077272,-27.263836618115,-27.263836618115,40346.840432585595,6725.556140734394,5.856539858681104e-09,3.4867974714077272,18.726675656887075
16,CC-discharge,35,2545.4545454545455,142369.75719999694,3.475785138898682,-27.263836618115,-27.263836618115,40764.53552089833,6272.100749185337,5.856539858681104e-09,3.475785138898682,19.277460235030812
16,CC-discharge,36,2618.1818181818185,142442.4844727242,3.463640153972447,-27.263836618115,-27.263836618115,41182.23060921107,5818.645357636115,5.856539858681104e-09,3.463640153972447,19.82824481317455
16,CC-discharge,37,2690.909090909091,142515.21174545147,3.450033127861169,-27.263836618115,-27.263836618115,41599.925697523875,5365.18996608697,5.856539858681104e-09,3.450033127861169,20.379029391318287
16,CC-discharge,38,2763.636363636364,142587.93901817873,3.4345591862281846,-27.263836618115,-27.263836618115,42017.62078583602,4911.734574537885,5.856539858681104e-09,3.4345591862281846,20.929813969462025
16,CC-discharge,39,2836.3636363636365,142660.66629090603,3.416723180127579,-27.263836618115,-27.263836618115,42435.31587414905,4458.279182988872,5.856539858681104e-09,3.416723180127579,21.480598547605762
16,CC-discharge,40,2909.0909090909095,142733.3935636333,3.395923714528464,-27.263836618115,-27.263836618115,42853.01096246202,4004.8237914396905,5.856539858681104e-09,3.395923714528464,22.0313831257495
16,CC-discharge,41,2981.818181818182,142806.12083636055,3.3714366105814992,-27.263836618115,-27.263836618115,43270.70605077427,3551.3683998906545,5.856539858681104e-09,3.3714366105814992,22.582167703893237
16,CC-discharge,42,3054.545454545455,142878.84810908782,3.3424005095889036,-27.263836618115,-27.263836618115,43688.40113908712,3097.9130083416426,5.856539858681104e-09,3.3424005095889036,23.132952282036975
16,CC-discharge,43,3127.2727272727275,142951.5753818151,3.3078013301516958,-27.263836618115,-27.263836618115,44106.096227399714,2644.4576167926266,5.856539858681104e-09,3.3078013301516958,23.683736860180712
16,CC-discharge,44,3200.0000000000005,143024.30265454238,3.2664365082953095,-27.263836618115,-27.263836618115,44523.79131571287,2191.0022252435783,5.856539858681104e-09,3.2664365082953095,24.23452143832445
16,CC-discharge,45,3272.727272727273,143097.02992726964,3.2167119816621,-27.263836618115,-27.263836618115,44941.48640402511,1737.5468336945175,5.856539858681104e-09,3.2167119816621,24.785306016468187
16,CC-discharge,46,3345.454545454546,143169.75719999694,3.1552740438872275,-27.263836618115,-27.263836618115,45359.18149233797,1284.0914421454886,5.856539858681104e-09,3.1552740438872275,25.336090594611925
16,CC-discharge,47,3418.1818181818185,143242.4844727242,3.065405144678308,-27.263836618115,-27.263836618115,45776.87658065076,830.6360505964506,5.856539858681104e-09,3.065405144678308,25.886875172755662
16,CC-discharge,48,3447.3869309118313,143271.6895854542,3.0000100000000005,-27.263836618115,-27.263836618115,45944.610522588824,648.5418329584008,5.856539858681104e-09,3.0000100000000005,26.10805390105697
16,CC-charge,0,3447.3869309118313,143271.6895854542,3.7163020342098227,27.263836618115,27.263836618115,45944.610522588824,648.5418329584008,5.856539858681104e-09,3.7163020342098227,0.0
16,CC-charge,1,3520.114203639104,143344.41685818147,3.821943469637511,27.263836618115,27.263836618115,45379.49556907168,1183.0389454299418,5.856551419616129e-09,3.821943469637511,-0.0
16,CC-charge,2,3592.841476366377,143417.14413090877,3.868239068108618,27.263836618115,27.263836618115,44959.90664950762,1636.5200715917126,5.856583297307059e-09,3.868239068108618,-0.0
16,CC-charge,3,3665.5687490936493,143489.87140363603,3.9056398222322106,27.263836618115,27.263836618115,44542.17424005102,2089.9731114654237,5.856649398801841e-09,3.9056398222322106,-0.0
16,CC-charge,4,3738.2960218209223,143562.5986763633,3.9368991283054826,27.263836618115,27.263836618115,44124.47865472486,2543.42440706038,5.85676918106036e-09,3.9368991283054826,-0.0
16,CC-charge,5,3811.023294548195,143635.32594909056,3.9629460956012186,27.263836618115,27.263836618115,43706.78356132985,2996.873263439715,5.856963176100295e-09,3.9629460956012186,-0.0
16,CC-charge,6,3883.750567275468,143708.05322181786,3.984550942804662,27.263836618115,27.263836618115,43289.08847308131,3450.31911561328,5.857250206104408e-09,3.984550942804662,-0.0
16,CC-charge,7,3956.4778400027403,143780.78049454512,4.002453802004135,27.263836618115,27.263836618115,42871.39338476902,3903.761605068415,5.8576430171804195e-09,4.002453802004135,-0.0
16,CC-charge,8,4029.2051127300133,143853.5077672724,4.017337693881505,27.263836618115,27.263836618115,42453.69829645608,4357.200631650992,5.858146238834701e-09,4.017337693881505,-0.0
16,CC-charge,9,4101.932385457286,143926.23503999965,4.029805633338858,27.263836618115,27.263836618115,42036.00320814249,4810.636325867227,5.858756947624967e-09,4.029805633338858,-0.0
16,CC-charge,10,4174.659658184559,143998.96231272694,4.040373660291797,27.263836618115,27.263836618115,41618.3081198291,5264.068988683107,5.859466399648881e-09,4.040373660291797,-0.0
16,CC-charge,11,4247.386930911832,144071.6895854542,4.049474622283036,27.263836618115,27.263836618115,41200.61303151564,5717.499019742492,5.860262292004929e-09,4.049474622283036,-0.0
16,CC-charge,12,4320.114203639104,144144.41685818147,4.057465784476129,27.263836618115,27.263836618115,40782.91794320203,6170.926852746198,5.861130885152958e-09,4.057465784476129,-0.0
16,CC-charge,13,4392.841476366377,144217.14413090877,4.064639559156116,27.263836618115,27.263836618115,40365.222854888714,6624.352906963157,5.862058652433695e-09,4.064639559156116,-0.0
16,CC-charge,14,4465.56874909365,144289.87140363603,4.071233163272719,27.263836618115,27.263836618115,39947.52776657573,7077.777557324897,5.863033336985534e-09,4.071233163272719,-0.0
16,CC-charge,15,4538.296021820923,144362.5986763633,4.077437902149566,27.263836618115,27.263836618115,39529.83267826185,7531.201119387699,5.864044512943088e-09,4.077437902149566,-0.0
16,CC-charge,16,4611.023294548195,144435.32594909056,4.083407152146792,27.263836618115,27.263836618115,39112.13758994839,7984.623846415349,5.865083733038261e-09,4.083407152146792,-0.0
16,CC-charge,17,4683.750567275468,144508.05322181786,4.089263838765255,27.263836618115,27.263836618115,38694.442501635225,8438.045930791339,5.8661445176385595e-09,4.089263838765255,-0.0
16,CC-charge,18,4756.477840002741,144580.78049454512,4.0951051824312,27.263836618115,27.263836618115,38276.74741332205,8891.467482791033,5.867223054168656e-09,4.0951051824312,-0.0
16,CC-charge,19,4829.205112730013,144653.5077672724,4.101008621554361,27.263836618115,27.263836618115,37859.052325008604,9344.888631975868,5.868314942956251e-09,4.101008621554361,-0.0
16,CC-charge,20,4901.932385457286,144726.23503999965,4.107035090860112,27.263836618115,27.263836618115,37441.357236695665,9798.309432096463,5.869418267559637e-09,4.107035090860112,-0.0
16,CC-charge,21,4974.659658184559,144798.96231272694,4.11323223863877,27.263836618115,27.263836618115,37023.662148382486,10251.729898786585,5.870532361568303e-09,4.11323223863877,-0.0
16,CC-charge,22,5047.386930911832,144871.6895854542,4.119638734752888,27.263836618115,27.263836618115,36605.967060068775,10705.150041213006,5.8716567973404185e-09,4.119638734752888,-0.0
16,CC-charge,23,5120.114203639105,144944.41685818147,4.126283190299816,27.263836618115,27.263836618115,36188.2719717556,11158.569839825295,5.872792093511501e-09,4.126283190299816,-0.0
16,CC-charge,24,5192.841476366377,145017.14413090877,4.133188526143451,27.263836618115,27.263836618115,35770.5768834422,11611.98925819442,5.873939327685084e-09,4.133188526143451,-0.0
16,CC-charge,25,5265.56874909365,145089.87140363603,4.140372686962029,27.263836618115,27.263836618115,35352.8817951289,12065.408248903408,5.87509994588395e-09,4.140372686962029,-0.0
16,CC-charge,26,5338.296021820923,145162.5986763633,4.147849784666659,27.263836618115,27.263836618115,34935.18670681635,12518.826753645466,5.876275753394689e-09,4.147849784666659,-0.0
16,CC-charge,27,5411.023294548195,145235.32594909056,4.1556310607789655,27.263836618115,27.263836618115,34517.491618503096,12972.244705248775,5.87746884765795e-09,4.1556310607789655,-0.0
16,CC-charge,28,5483.750567275468,145308.05322181786,4.163727575545632,27.263836618115,27.263836618115,34099.796530189684,13425.662025853373,5.878681672019538e-09,4.163727575545632,-0.0
16,CC-charge,29,5556.477840002741,145380.78049454512,4.17214394133325,27.263836618115,27.263836618115,33682.10144187636,13879.078676679124,5.879915431223258e-09,4.17214394133325,-0.0
16,CC-charge,30,5629.205112730013,145453.5077672724,4.18088846715264,27.263836618115,27.263836618115,33264.40635356307,14332.49452873972,5.881174201936539e-09,4.18088846715264,-0.0
16,CC-charge,31,5701.932385457287,145526.23503999965,4.18996789440108,27.263836618115,27.263836618115,32846.7112652498,14785.909489148013,5.882460917039401e-09,4.18996789440108,-0.0
16,CC-charge,32,5774.659658184559,145598.96231272694,4.199389349294389,27.263836618115,27.263836618115,32429.01617693633,15239.323455889444,5.883778797045039e-09,4.199389349294389,-0.0
16,CC-charge,33,5779.206643200715,145603.5092977431,4.199990000000001,27.263836618115,27.263836618115,32402.9014439529,15267.671339874529,5.883862149361944e-09,4.199990000000001,-0.0
16,CV-charge,0,5779.206643200715,145603.5092977431,4.2,27.288225675885123,27.288225675885123,32402.9014439529,15267.671339874529,5.883862149361944e-09,4.2,0.0
16,CV-charge,1,5851.933915927988,145676.23657047036,4.2,24.22477214052016,24.22477214052016,31880.725176543445,15762.911189913026,5.885127338415056e-09,4.2,-0.0
16,CV-charge,2,5924.66118865526,145748.96384319765,4.2,22.287356502883874,22.287356502883874,31533.905720502204,16143.405879757143,5.886314236404174e-09,4.2,-0.0
16,CV-charge,3,5997.388461382533,145821.6911159249,4.200000000000001,20.59347014719548,20.59347014719548,31215.45070460023,16494.246129799318,5.887436013278199e-09,4.200000000000001,-0.0
16,CV-charge,4,6070.115734109806,145894.41838865218,4.2,19.095627172084992,19.095627172084992,30920.079020841764,16819.462614695476,5.888500916248197e-09,4.2,-0.0
16,CV-charge,5,6142.843006837079,145967.14566137944,4.199999999999999,17.765220153205565,17.765220153205565,30645.403905225976,17121.694331483643,5.889514196820936e-09,4.199999999999999,-0.0
16,CV-charge,6,6215.570279564351,146039.87293410674,4.199999999999999,16.5776778785526,16.5776778785526,30389.19790152339,17403.43533817335,5.890480873737521e-09,4.199999999999999,-0.0
16,CV-charge,7,6288.297552291624,146112.600206834,4.2,15.512644984337962,15.512644984337962,30149.543611238198,17666.83059238516,5.891405280221379e-09,4.2,-0.0
16,CV-charge,8,6361.024825018897,146185.32747956127,4.2,14.55323946846832,14.55323946846832,29924.790751772798,17913.724122581338,5.8922911609804215e-09,4.2,-0.0
16,CV-charge,9,6433.75209774617,146258.05475228853,4.200000000000001,13.685361231958783,13.685361231958783,29713.51039342042,18145.710925858337,5.8931417750611215e-09,4.200000000000001,-0.0
16,CV-charge,10,6506.479370473442,146330.78202501583,4.199999999999999,12.89718508249833,12.89718508249833,29514.45992847081,18364.17661698043,5.8939599734284526e-09,4.199999999999999,-0.0
16,CV-charge,11,6579.206643200715,146403.5092977431,4.2,12.178746150098187,12.178746150098187,29326.55472339819,18570.329491596516,5.894748261096558e-09,4.2,-0.0
16,CV-charge,12,6651.933915927988,146476.23657047036,4.2,11.521550804610087,11.521550804610087,29148.830517704177,18765.242646496114,5.8955088848596e-09,4.2,-0.0
16,CV-charge,13,6724.66118865526,146548.96384319765,4.2,10.918041818185294,10.918041818185294,28980.342284717226,18949.965312746237,5.896244095489512e-09,4.2,-0.0
16,CV-charge,14,6797.388461382533,146621.6911159249,4.199999999999999,10.362883401202446,10.362883401202446,28820.575645828645,19125.072248329176,5.896955031001754e-09,4.199999999999999,-0.0
16,CV-charge,15,6870.115734109806,146694.41838865218,4.200000000000001,9.849938339071182,9.849938339071182,28668.626253361428,19291.564325562005,5.8976439291263495e-09,4.200000000000001,-0.0
16,CV-charge,16,6942.843006837079,146767.14566137944,4.2,9.375073672252396,9.375073672252396,28524.02737861785,19449.960723874246,5.8983118703480775e-09,4.2,-0.0
16,CV-charge,17,7015.570279564352,146839.87293410674,4.199999999999999,8.934316898383281,8.934316898383281,28386.248246358948,19600.849942443445,5.898960141229696e-09,4.199999999999999,-0.0
16,CV-charge,18,7088.297552291624,146912.600206834,4.199999999999998,8.524218551846232,8.524218551846232,28254.81243829294,19744.759770141034,5.899589906757247e-09,4.199999999999998,-0.0
16,CV-charge,19,7161.024825018897,146985.32747956127,4.2,8.141760915758892,8.141760915758892,28129.290473604055,19882.1656971334,5.9002022268138055e-09,4.2,-0.0
16,CV-charge,20,7233.75209774617,147058.05475228853,4.2,7.784299407452103,7.784299407452103,28009.294146827604,20013.497256159568,5.900798068394398e-09,4.2,-0.0
16,CV-charge,21,7306.479370473442,147130.78202501583,4.199999999999999,7.4495074734184845,7.4495074734184845,27894.47154453687,20139.143600618892,5.901378316444242e-09,4.199999999999999,-0.0
16,CV-charge,22,7379.206643200715,147203.5092977431,4.200000000000001,7.1353315470535295,7.1353315470535295,27784.502769740557,20259.45828610856,5.901943783181899e-09,4.200000000000001,-0.0
16,CV-charge,23,7451.933915927988,147276.23657047036,4.2,6.8399566649944035,6.8399566649944035,27679.09748143656,20374.762040187823,5.9024952130092105e-09,4.2,-0.0
16,CV-charge,24,7524.66118865526,147348.96384319765,4.2,6.56176716345421,6.56176716345421,27577.989079204945,20485.349218763935,5.9030332962413325e-09,4.2,-0.0
16,CV-charge,25,7597.388461382533,147421.6911159249,4.200000000000001,6.2993242267677125,6.2993242267677125,27480.933462391607,20591.48920279763,5.9035586712931e-09,4.200000000000001,-0.0
16,CV-charge,26,7670.115734109806,147494.41838865218,4.200000000000001,6.051342732211492,6.051342732211492,27387.706516937087,20693.42920368959,5.904071930284041e-09,4.200000000000001,-0.0
16,CV-charge,27,7742.843006837079,147567.14566137944,4.200000000000001,5.816671812973404,5.816671812973404,27298.10202269172,20791.396595561324,5.904573623682753e-09,4.200000000000001,-0.0
16,CV-charge,28,7815.570279564352,147639.87293410674,4.2,5.5942782385267,5.5942782385267,27211.92981931906,20885.60095761274,5.9050642643896765e-09,4.2,-0.0
16,CV-charge,29,7888.297552291624,147712.600206834,4.2,5.383232158023554,5.383232158023554,27129.014195092197,20976.235867174877,5.905544331336742e-09,4.2,-0.0
16,CV-charge,30,7961.024825018897,147785.32747956127,4.2,5.18269483017032,5.18269483017032,27049.192467424968,21063.480478472917,5.906014272669883e-09,4.2,-0.0
16,CV-charge,31,8033.75209774617,147858.05475228853,4.200000000000001,4.991908028988579,4.991908028988579,26972.31372887347,21147.500916553105,5.906474508570179e-09,4.200000000000001,-0.0
16,CV-charge,32,8106.479370473442,147930.78202501583,4.2,4.810184868300293,4.810184868300293,26898.23773640539,21228.451511300154,5.90692543376092e-09,4.2,-0.0
16,CV-charge,33,8179.206643200715,148003.5092977431,4.2,4.63690183119415,4.63690183119415,26826.83392507539,21306.475892669117,5.907367419740769e-09,4.2,-0.0
16,CV-charge,34,8251.933915927988,148076.23657047036,4.2,4.471491826202689,4.471491826202689,26757.980530040262,21381.707965140682,5.907800816777427e-09,4.2,-0.0
16,CV-charge,35,8324.66118865526,148148.96384319765,4.2,4.313438121018757,4.313438121018757,26691.563803193483,21454.272776740036,5.908225955691203e-09,4.2,-0.0
16,CV-charge,36,8397.388461382534,148221.6911159249,4.2,4.162269028479537,4.162269028479537,26627.477312654115,21524.287295799764,5.908643149453787e-09,4.2,-0.0
16,CV-charge,37,8470.115734109806,148294.41838865218,4.2,4.017553239324091,4.017553239324091,26565.621315006483,21591.861106745684,5.909052694624091e-09,4.2,-0.0
16,CV-charge,38,8542.84300683708,148367.14566137944,4.2,3.8788957125673758,3.8788957125673758,26505.90219157574,21657.097034654158,5.909454872640003e-09,4.2,-0.0
16,CV-charge,39,8615.570279564352,148439.87293410674,4.2,3.745934047947084,3.745934047947084,26448.231941211707,21720.09170697805,5.909849950982478e-09,4.2,-0.0
16,CV-charge,40,8688.297552291624,148512.600206834,4.2,3.6183352762207366,3.6183352762207366,26392.527723056588,21780.936059727712,5.910238184226211e-09,4.2,-0.0
16,CV-charge,41,8761.024825018896,148585.32747956127,4.199999999999999,3.4957930125944086,3.4957930125944086,26338.71144362937,21839.715794426946,5.910619814989373e-09,4.199999999999999,-0.0
16,CV-charge,42,8833.75209774617,148658.05475228853,4.199999999999999,3.378024926497925,3.378024926497925,26286.709383288053,21896.51179134224,5.9109950747933095e-09,4.199999999999999,-0.0
16,CV-charge,43,8906.479370473442,148730.78202501583,4.200000000000001,3.2647704876357744,3.2647704876357744,26236.45185776536,21951.4004838024,5.911364184841761e-09,4.200000000000001,-0.0
16,CV-charge,44,8979.206643200716,148803.5092977431,4.2,3.155788953879376,3.155788953879376,26187.872911003167,22004.45419778826,5.911727356728083e-09,4.2,-0.0
16,CV-charge,45,9051.933915927988,148876.23657047036,4.2,3.050857571351177,3.050857571351177,26140.910035976005,22055.741460493366,5.912084793077851e-09,4.2,-0.0
16,CV-charge,46,9124.66118865526,148948.96384319765,4.2,2.949769961110174,2.949769961110174,26095.503920598927,22105.32728107231,5.912436688133488e-09,4.2,-0.0
16,CV-charge,47,9197.388461382534,149021.6911159249,4.200000000000001,2.8523346703011283,2.8523346703011283,26051.59821615773,22153.273406452554,5.91278322828672e-09,4.200000000000001,-0.0
16,CV-charge,48,9270.115734109806,149094.41838865218,4.2,2.7583738685595125,2.7583738685595125,26009.139325993634,22199.63855469769,5.913124592564076e-09,4.2,-0.0
16,CV-charge,49,9295.52992792134,149119.8325824637,4.2,2.7263936618115,2.7263936618115,25994.663488362137,22215.445954255403,5.913242586316751e-09,4.2,-0.0
17,CC-discharge,0,0.0,149119.8325824637,3.855000229550047,-27.263836618115,-27.263836618115,25994.663488362137,22215.445954255403,5.913242586316751e-09,3.855000229550047,0.0
17,CC-discharge,1,72.72727272727273,149192.55985519098,3.830901877415429,-27.263836618115,-27.263836618115,26559.783146568778,21680.946135947364,5.913242586316751e-09,3.830901877415429,0.5507845781437374
17,CC-discharge,2,145.45454545454547,149265.28712791827,3.8146187204020565,-27.263836618115,-27.263836618115,26979.37091173629,21227.466115203628,5.913242586316751e-09,3.8146187204020565,1.1015691562874748
17,CC-discharge,3,218.1818181818182,149338.01440064554,3.799437103161592,-27.263836618115,-27.263836618115,27397.097616431998,20774.010772198457,5.913242586316751e-09,3.799437103161592,1.652353734431212
17,CC-discharge,4,290.90909090909093,149410.7416733728,3.7850909458628346,-27.263836618115,-27.263836618115,27814.79515440117,20320.555381365022,5.913242586316751e-09,3.7850909458628346,2.2031383125749495
17,CC-discharge,5,363.6363636363637,149483.46894610007,3.771418108803958,-27.263836618115,-27.263836618115,28232.490433368977,19867.09998982608,5.913242586316751e-09,3.771418108803958,2.753922890718687
17,CC-discharge,6,436.3636363636364,149556.19621882736,3.7583119227126494,-27.263836618115,-27.263836618115,28650.18553659391,19413.64459827707,5.913242586316751e-09,3.7583119227126494,3.304707468862424
17,CC-discharge,7,509.0909090909091,149628.92349155463,3.745678001631747,-27.263836618115,-27.263836618115,29067.88062607969,18960.189206727944,5.913242586316751e-09,3.745678001631747,3.8554920470061615
17,CC-discharge,8,581.8181818181819,149701.6507642819,3.7334595640107593,-27.263836618115,-27.263836618115,29485.575714485254,18506.733815178413,5.913242586316751e-09,3.7334595640107593,4.406276625149899
17,CC-discharge,9,654.5454545454546,149774.37803700916,3.721609080061032,-27.263836618115,-27.263836618115,29903.270802805946,18053.2784236294,5.913242586316751e-09,3.721609080061032,4.9570612032936365
17,CC-discharge,10,727.2727272727274,149847.10530973645,3.7100901243368445,-27.263836618115,-27.263836618115,30320.965891119176,17599.82303207999,5.913242586316751e-09,3.7100901243368445,5.507845781437374
17,CC-discharge,11,800.0000000000001,149919.8325824637,3.6988745245954906,-27.263836618115,-27.263836618115,30738.660979432254,17146.3676405309,5.913242586316751e-09,3.6988745245954906,6.0586303595811115
17,CC-discharge,12,872.7272727272727,149992.55985519098,3.68794026603976,-27.263836618115,-27.263836618115,31156.356067745608,16692.912248981494,5.913242586316751e-09,3.68794026603976,6.609414937724848
17,CC-discharge,13,945.4545454545455,150065.28712791827,3.6772699169805687,-27.263836618115,-27.263836618115,31574.051156058413,16239.45685743192,5.913242586316751e-09,3.6772699169805687,7.160199515868586
17,CC-discharge,14,1018.1818181818182,150138.01440064554,3.6668494180413567,-27.263836618115,-27.263836618115,31991.74624437122,15786.001465882426,5.913242586316751e-09,3.6668494180413567,7.710984094012323
17,CC-discharge,15,1090.909090909091,150210.7416733728,3.6566671243900717,-27.263836618115,-27.263836618115,32409.44133268405,15332.546074332951,5.913242586316751e-09,3.6566671243900717,8.26176867215606
17,CC-discharge,16,1163.6363636363637,150283.46894610007,3.6467130226926483,-27.263836618115,-27.263836618115,32827.13642099646,14879.090682783535,5.913242586316751e-09,3.6467130226926483,8.812553250299798
17,CC-discharge,17,1236.3636363636365,150356.19621882736,3.6369780643185754,-27.263836618115,-27.263836618115,33244.831509309435,14425.635291234557,5.913242586316751e-09,3.6369780643185754,9.363337828443536
17,CC-discharge,18,1309.0909090909092,150428.92349155463,3.6274535696379133,-27.263836618115,-27.263836618115,33662.52659762234,13972.179899685163,5.913242586316751e-09,3.6274535696379133,9.914122406587273
17,CC-discharge,19,1381.818181818182,150501.6507642819,3.6181306664432182,-27.263836618115,-27.263836618115,34080.221685935394,13518.724508135658,5.913242586316751e-09,3.6181306664432182,10.46490698473101
17,CC-discharge,20,1454.5454545454547,150574.37803700916,3.6089997302139656,-27.263836618115,-27.263836618115,34497.91677424791,13065.269116586598,5.913242586316751e-09,3.6089997302139656,11.015691562874748
17,CC-discharge,21,1527.2727272727275,150647.10530973645,3.6000497969995338,-27.263836618115,-27.263836618115,34915.611862560676,12611.813725037338,5.913242586316751e-09,3.6000497969995338,11.566476141018486
17,CC-discharge,22,1600.0000000000002,150719.8325824637,3.591267912550102,-27.263836618115,-27.263836618115,35333.306950873666,12158.35833348804,5.913242586316751e-09,3.591267912550102,12.117260719162223
17,CC-discharge,23,1672.727272727273,150792.55985519098,3.582637866881457,-27.263836618115,-27.263836618115,35751.002039186016,11704.902941938632,5.913242586316751e-09,3.582637866881457,12.66804529730596
17,CC-discharge,24,1745.4545454545455,150865.28712791827,3.574141725676307,-27.263836618115,-27.263836618115,36168.69712749896,11251.447550389517,5.913242586316751e-09,3.574141725676307,13.218829875449696
17,CC-discharge,25,1818.1818181818182,150938.01440064554,3.5657546955026014,-27.263836618115,-27.263836618115,36586.39221581145,10797.992158840427,5.913242586316751e-09,3.5657546955026014,13.769614453593434
17,CC-discharge,26,1890.909090909091,151010.7416733728,3.5574469955542574,-27.263836618115,-27.263836618115,37004.08730412393,10344.536767291018,5.913242586316751e-09,3.5574469955542574,14.320399031737171
17,CC-discharge,27,1963.6363636363637,151083.46894610007,3.549181466906437,-27.263836618115,-27.263836618115,37421.78239243678,9891.081375741745,5.913242586316751e-09,3.549181466906437,14.871183609880909
17,CC-discharge,28,2036.3636363636365,151156.19621882736,3.5409116815344626,-27.263836618115,-27.263836618115,37839.47748074916,9437.625984192437,5.913242586316751e-09,3.5409116815344626,15.421968188024646
17,CC-discharge,29,2109.0909090909095,151228.92349155463,3.5325795525597488,-27.263836618115,-27.263836618115,38257.172569061746,8984.170592643179,5.913242586316751e-09,3.5325795525597488,15.972752766168385
17,CC-discharge,30,2181.818181818182,151301.6507642819,3.524112514806872,-27.263836618115,-27.263836618115,38674.867657374525,8530.715201093833,5.913242586316751e-09,3.524112514806872,16.52353734431212
17,CC-discharge,31,2254.545454545455,151374.37803700916,3.5154206469509686,-27.263836618115,-27.263836618115,39092.562745687275,8077.259809544768,5.913242586316751e-09,3.5154206469509686,17.07432192245586
17,CC-discharge,32,2327.2727272727275,151447.10530973645,3.5063894127445105,-27.263836618115,-27.263836618115,39510.25783400004,7623.804417995649,5.913242586316751e-09,3.5063894127445105,17.625106500599596
17,CC-discharge,33,2400.0,151519.8325824637,3.496879540052015,-27.263836618115,-27.263836618115,39927.95292231308,7170.349026446655,5.913242586316751e-09,3.496879540052015,18.175891078743334
17,CC-discharge,34,2472.727272727273,151592.55985519098,3.4867164752246107,-27.263836618115,-27.263836618115,40345.64801062588,6716.893634897614,5.913242586316751e-09,3.4867164752246107,18.726675656887075
17,CC-discharge,35,2545.4545454545455,151665.28712791827,3.4756834277759365,-27.263836618115,-27.263836618115,40763.34309893869,6263.438243348558,5.913242586316751e-09,3.4756834277759365,19.277460235030812
17,CC-discharge,36,2618.1818181818185,151738.01440064554,3.4635124041427496,-27.263836618115,-27.263836618115,41181.03818725165,5809.982851799371,5.913242586316751e-09,3.4635124041427496,19.82824481317455
17,CC-discharge,37,2690.909090909091,151810.7416733728,3.4498727530282673,-27.263836618115,-27.263836618115,41598.73327556437,5356.527460250262,5.913242586316751e-09,3.4498727530282673,20.379029391318287
17,CC-discharge,38,2763.636363636364,151883.46894610007,3.434358080543169,-27.263836618115,-27.263836618115,42016.428363876665,4903.072068701127,5.913242586316751e-09,3.434358080543169,20.929813969462025
17,CC-discharge,39,2836.3636363636365,151956.19621882736,3.416471433921169,-27.263836618115,-27.263836618115,42434.12345218957,4449.6166771519875,5.913242586316751e-09,3.416471433921169,21.480598547605762
17,CC-discharge,40,2909.0909090909095,152028.92349155463,3.395609312587114,-27.263836618115,-27.263836618115,42851.81854050225,3996.161285602863,5.913242586316751e-09,3.395609312587114,22.0313831257495
17,CC-discharge,41,2981.818181818182,152101.6507642819,3.3710451731433104,-27.263836618115,-27.263836618115,43269.51362881507,3542.7058940537677,5.913242586316751e-09,3.3710451731433104,22.582167703893237
17,CC-discharge,42,3054.545454545455,152174.37803700916,3.341915925689947,-27.263836618115,-27.263836618115,43687.20871712851,3089.2505025047344,5.913242586316751e-09,3.341915925689947,23.132952282036975
17,CC-discharge,43,3127.2727272727275,152247.10530973645,3.3072018297187595,-27.263836618115,-27.263836618115,44104.90380544163,2635.79511095566,5.913242586316751e-09,3.3072018297187595,23.683736860180712
17,CC-discharge,44,3200.0000000000005,152319.8325824637,3.2656987746985164,-27.263836618115,-27.263836618115,44522.598893753646,2182.3397194065856,5.913242586316751e-09,3.2656987746985164,24.23452143832445
17,CC-discharge,45,3272.727272727273,152392.55985519098,3.2157988037482874,-27.263836618115,-27.263836618115,44940.293982066745,1728.8843278575282,5.913242586316751e-09,3.2157988037482874,24.785306016468187
17,CC-discharge,46,3345.454545454546,152465.28712791827,3.154073615320174,-27.263836618115,-27.263836618115,45357.98907037853,1275.4289363084993,5.913242586316751e-09,3.154073615320174,25.336090594611925
17,CC-discharge,47,3418.1818181818185,152538.01440064554,3.0631417543686563,-27.263836618115,-27.263836618115,45775.68415869018,821.9735447594652,5.913242586316751e-09,3.0631417543686563,25.886875172755662
17,CC-discharge,48,3446.051545157011,152565.88412762072,3.00001,-27.263836618115,-27.263836618115,45935.74856965483,648.205472838338,5.913242586316751e-09,3.00001,26.097940640212084
17,CC-charge,0,3446.051545157011,152565.88412762072,3.716264081994258,27.263836618115,27.263836618115,45935.74856965483,648.205472838338,5.913242586316751e-09,3.716264081994258,0.0
17,CC-charge,1,3518.7788178842834,152638.611400348,3.8219890984840554,27.263836618115,27.263836618115,45370.6336161569,1182.702585791967,5.913254136038562e-09,3.8219890984840554,-0.0
17,CC-charge,2,3591.5060906115564,152711.33867307528,3.868290948159376,27.263836618115,27.263836618115,44951.044712111434,1636.1837123792186,5.913285994413901e-09,3.868290948159376,-0.0
17,CC-charge,3,3664.233363338829,152784.06594580255,3.9056950135267545,27.263836618115,27.263836618115,44533.3122873663,2089.6367535188315,5.91335206384492e-09,3.9056950135267545,-0.0
17,CC-charge,4,3736.960636066102,152856.7932185298,3.9369578076026452,27.263836618115,27.263836618115,44115.61670179478,2543.0880506974686,5.9134717983084136e-09,3.9369578076026452,-0.0
17,CC-charge,5,3809.6879087933744,152929.52049125708,3.9630085552142833,27.263836618115,27.263836618115,43697.921608395074,2996.5369091195953,5.91366573063634e-09,3.9630085552142833,-0.0
17,CC-charge,6,3882.4151815206474,153002.24776398437,3.984617333664977,27.263836618115,27.263836618115,43280.226520147175,3449.982763686833,5.9139526859175775e-09,3.984617333664977,-0.0
17,CC-charge,7,3955.14245424792,153074.97503671164,4.002524177777086,27.263836618115,27.263836618115,42862.53143183508,3903.4252557047375,5.914345415804348e-09,4.002524177777086,-0.0
17,CC-charge,8,4027.869726975193,153147.7023094389,4.017412062051724,27.263836618115,27.263836618115,42444.83634352161,4356.864284833177,5.91484855578589e-09,4.017412062051724,-0.0
17,CC-charge,9,4100.596999702466,153220.42958216617,4.0298839861476505,27.263836618115,27.263836618115,42027.14125520865,4810.299981426353,5.915459187506797e-09,4.0298839861476505,-0.0
17,CC-charge,10,4173.324272429738,153293.15685489346,4.040455991168823,27.263836618115,27.263836618115,41609.446166895636,5263.732646351077,5.916168570529393e-09,4.040455991168823,-0.0
17,CC-charge,11,4246.051545157011,153365.88412762072,4.049560932183457,27.263836618115,27.263836618115,41191.75107858231,5717.162679202754,5.916964403789918e-09,4.049560932183457,-0.0
17,CC-charge,12,4318.778817884284,153438.611400348,4.057556085054647,27.263836618115,27.263836618115,40774.055990269284,6170.590513677758,5.9178329481222414e-09,4.057556085054647,-0.0
17,CC-charge,13,4391.506090611556,153511.33867307528,4.064733871671253,27.263836618115,27.263836618115,40356.36090195632,6624.016569068868,5.918760676244565e-09,4.064733871671253,-0.0
17,CC-charge,14,4464.233363338829,153584.06594580255,4.071331517253599,27.263836618115,27.263836618115,39938.665813642685,7077.441220347304,5.919735330095129e-09,4.071331517253599,-0.0
17,CC-charge,15,4536.960636066102,153656.7932185298,4.077540333512212,27.263836618115,27.263836618115,39520.97072532929,7530.864783116418,5.920746482348442e-09,4.077540333512212,-0.0
17,CC-charge,16,4609.687908793375,153729.52049125708,4.0835137012294265,27.263836618115,27.263836618115,39103.27563701566,7984.287510685791,5.921785684247958e-09,4.0835137012294265,-0.0
17,CC-charge,17,4682.415181520648,153802.24776398437,4.089374549067856,27.263836618115,27.263836618115,38685.58054870218,8437.709595480723,5.9228464548134155e-09,4.089374549067856,-0.0
17,CC-charge,18,4755.14245424792,153874.97503671164,4.095220098840453,27.263836618115,27.263836618115,38267.88546038871,8891.131147806687,5.923924980462398e-09,4.095220098840453,-0.0
17,CC-charge,19,4827.869726975193,153947.7023094389,4.101127789450675,27.263836618115,27.263836618115,37850.19037207514,9344.55229726633,5.925016860190478e-09,4.101127789450675,-0.0
17,CC-charge,20,4900.596999702466,154020.42958216617,4.107158555674343,27.263836618115,27.263836618115,37432.49528376217,9797.973097634116,5.9261201767473945e-09,4.107158555674343,-0.0
17,CC-charge,21,4973.324272429738,154093.15685489346,4.113360044936887,27.263836618115,27.263836618115,37014.80019544876,10251.393564561527,5.927234263142124e-09,4.113360044936887,-0.0
17,CC-charge,22,5046.051545157011,154165.88412762072,4.119770928005326,27.263836618115,27.263836618115,36597.105107135416,10704.81370723397,5.928358691126356e-09,4.119770928005326,-0.0
17,CC-charge,23,5118.778817884284,154238.611400348,4.126419815358611,27.263836618115,27.263836618115,36179.410018822105,11158.233506117891,5.929493978739514e-09,4.126419815358611,-0.0
17,CC-charge,24,5191.506090611556,154311.33867307528,4.133329628561963,27.263836618115,27.263836618115,35761.71493050873,11611.652924784641,5.930641203591116e-09,4.133329628561963,-0.0
17,CC-charge,25,5264.233363338829,154384.06594580255,4.1405183142305315,27.263836618115,27.263836618115,35344.01984219542,12065.07191582975,5.931801811250176e-09,4.1405183142305315,-0.0
17,CC-charge,26,5336.960636066102,154456.7932185298,4.14799998759953,27.263836618115,27.263836618115,34926.324753881745,12518.490420956143,5.93297760676648e-09,4.14799998759953,-0.0
17,CC-charge,27,5409.687908793375,154529.52049125708,4.155785895476164,27.263836618115,27.263836618115,34508.62966556851,12971.908372996439,5.934170687373113e-09,4.155785895476164,-0.0
17,CC-charge,28,5482.415181520648,154602.24776398437,4.163887105362333,27.263836618115,27.263836618115,34090.93457725537,13425.325694098901,5.935383496188362e-09,4.163887105362333,-0.0
17,CC-charge,29,5555.14245424792,154674.97503671164,4.172308241651563,27.263836618115,27.263836618115,33673.23948894197,13878.74234548342,5.936617237902549e-09,4.172308241651563,-0.0
17,CC-charge,30,5627.869726975193,154747.7023094389,4.181057627661194,27.263836618115,27.263836618115,33255.54440062882,14332.158198172423,5.9378759889206446e-09,4.181057627661194,-0.0
17,CC-charge,31,5700.596999702466,154820.42958216617,4.190142024377551,27.263836618115,27.263836618115,32837.84931231544,14785.573159283163,5.93916268199061e-09,4.190142024377551,-0.0
17,CC-charge,32,5773.324272429738,154893.15685489346,4.199568583826267,27.263836618115,27.263836618115,32420.154224001788,15238.987126806436,5.940480537453028e-09,4.199568583826267,-0.0
17,CC-charge,33,5776.514014699968,154896.34659716368,4.199990000000001,27.263836618115,27.263836618115,32401.834553412005,15258.873369431534,5.94053898607974e-09,4.199990000000001,-0.0
17,CV-charge,0,5776.514014699968,154896.34659716368,4.2,27.288210081867927,27.288210081867927,32401.834553412005,15258.873369431534,5.94053898607974e-09,4.2,0.0
17,CV-charge,1,5849.241287427241,154969.07386989094,4.2,24.22517231074973,24.22517231074973,31879.65274711583,15754.11828937725,5.941803524144268e-09,4.2,-0.0
17,CV-charge,2,5921.968560154513,155041.80114261823,4.200000000000001,22.287988028879095,22.287988028879095,31532.82390277189,16134.622481016751,5.942989786562047e-09,4.200000000000001,-0.0
17,CV-charge,3,5994.695832881786,155114.5284153455,4.2,20.594251800324734,20.594251800324734,31214.356680945544,16485.475454354724,5.944110940767124e-09,4.2,-0.0
17,CV-charge,4,6067.423105609059,155187.25568807276,4.2,19.096503819010813,19.096503819010813,30918.97161747397,16810.706161999755,5.9451752316405295e-09,4.2,-0.0
17,CV-charge,5,6140.150378336332,155259.98296080003,4.2,17.766150333975695,17.766150333975695,30644.28218035532,17112.953259040154,5.9461879110169045e-09,4.2,-0.0
17,CV-charge,6,6212.877651063604,155332.71023352732,4.2,16.57863214201433,16.57863214201433,30388.06146205558,17394.71016714561,5.947153996928159e-09,4.2,-0.0
17,CV-charge,7,6285.604923790877,155405.4375062546,4.199999999999999,15.513602038492749,15.513602038492749,30148.392385256444,17658.12146926103,5.948077822166184e-09,4.199999999999999,-0.0
17,CV-charge,8,6358.33219651815,155478.16477898185,4.2,14.554184235885588,14.554184235885588,29923.624913630207,17905.03090679114,5.948963131005854e-09,4.2,-0.0
17,CV-charge,9,6431.059469245423,155550.89205170912,4.199999999999999,13.686282975659559,13.686282975659559,29712.330285165408,18137.033280662778,5.949813182117661e-09,4.199999999999999,-0.0
17,CV-charge,10,6503.786741972695,155623.6193244364,4.2,12.898076206615393,12.898076206615393,29513.265990361928,18355.514089175587,5.950630826163845e-09,4.2,-0.0
17,CV-charge,11,6576.514014699968,155696.34659716368,4.200000000000001,12.179601504117725,12.179601504117725,29325.347499157506,18561.681507328693,5.951418567786406e-09,4.200000000000001,-0.0
17,CV-charge,12,6649.241287427241,155769.07386989094,4.2,11.522366993842269,11.522366993842269,29147.61060426904,18756.608568855518,5.952178653470406e-09,4.2,-0.0
17,CV-charge,13,6721.968560154513,155841.80114261823,4.199999999999999,10.919215423995606,10.919215423995606,28979.22337194658,18941.220461327113,5.952913029339506e-09,4.199999999999999,-0.0
17,CV-charge,14,6794.695832881786,155914.5284153455,4.199999999999999,10.36357780784235,10.36357780784235,28819.321316274938,19116.47600804453,5.95362377999304e-09,4.199999999999999,-0.0
17,CV-charge,15,6867.423105609059,155987.25568807276,4.2,9.850999092081736,9.850999092081736,28667.483789168844,19282.845389815935,5.954311823721706e-09,4.2,-0.0
17,CV-charge,16,6940.150378336332,156059.98296080003,4.2,9.376064949407048,9.376064949407048,28522.869674040612,19441.258645454287,5.954979271102257e-09,4.2,-0.0
17,CV-charge,17,7012.877651063605,156132.71023352732,4.2,8.9352413285541,8.9352413285541,28385.076238256333,19592.163605916714,5.955627053981534e-09,4.2,-0.0
17,CV-charge,18,7085.604923790877,156205.4375062546,4.200000000000001,8.525079141944548,8.525079141944548,28253.62711636515,19736.088094362698,5.956256337231389e-09,4.200000000000001,-0.0
17,CV-charge,19,7158.33219651815,156278.16477898185,4.2,8.142560556123982,8.142560556123982,28128.09277942587,19873.507650995718,5.956868180624057e-09,4.2,-0.0
17,CV-charge,20,7231.059469245423,156350.89205170912,4.200000000000001,7.785040857044618,7.785040857044618,28008.084979129308,20004.851855519435,5.957463551046286e-09,4.200000000000001,-0.0
17,CV-charge,21,7303.786741972695,156423.6193244364,4.2,7.450193353620572,7.450193353620572,27893.25176125284,20130.509906029438,5.9580433333380985e-09,4.2,-0.0
17,CV-charge,22,7376.514014699968,156496.34659716368,4.2,7.135964340686653,7.135964340686653,27783.273190169166,20250.835400476033,5.958608339616174e-09,4.2,-0.0
17,CV-charge,23,7449.241287427241,156569.07386989094,4.2,6.840538690612388,6.840538690612388,27677.85887816252,20366.149117723897,5.959159314211247e-09,4.2,-0.0
17,CV-charge,24,7521.968560154513,156641.80114261823,4.200000000000001,6.562300637348034,6.562300637348034,27576.742200557535,20476.745440152234,5.95969694731686e-09,4.200000000000001,-0.0
17,CV-charge,25,7594.695832881786,156714.5284153455,4.2,6.299811240258242,6.299811240258242,27479.67902453078,20582.893784105512,5.9602218772559425e-09,4.2,-0.0
17,CV-charge,26,7667.423105609059,156787.25568807276,4.2,6.051785257931371,6.051785257931371,27386.44520554464,20684.841394427418,5.960734696059594e-09,4.2,-0.0
17,CV-charge,27,7740.150378336332,156859.98296080003,4.199999999999999,5.817071711964924,5.817071711964924,27296.83449470756,20782.815676783845,5.9612359541113444e-09,4.199999999999999,-0.0
17,CV-charge,28,7812.877651063605,156932.71023352732,4.2,5.594637267446765,5.594637267446765,27210.65670455319,20877.02624014298,5.961726164229822e-09,4.2,-0.0
17,CV-charge,29,7885.604923790877,157005.4375062546,4.2,5.383551976307329,5.383551976307329,27127.736097732723,20967.66668994935,5.962205805268237e-09,4.2,-0.0
17,CV-charge,30,7958.33219651815,157078.16477898185,4.199999999999999,5.182977007001154,5.182977007001154,27047.909967433632,21054.916207003585,5.9626753252967425e-09,4.199999999999999,-0.0
17,CV-charge,31,8031.059469245423,157150.89205170912,4.2,4.992154050003012,4.992154050003012,26971.027383279354,21138.940941504192,5.963135144423409e-09,4.2,-0.0
17,CV-charge,32,8103.786741972695,157223.6193244364,4.2,4.810396141979474,4.810396141979474,26896.94808050184,21219.895247168293,5.963585657301125e-09,4.2,-0.0
17,CV-charge,33,8176.514014699968,157296.34659716368,4.199999999999999,4.637079694902747,4.637079694902747,26825.54147352142,21297.922776570296,5.964027235360593e-09,4.199999999999999,-0.0
17,CV-charge,34,8249.241287427241,157369.07386989094,4.2,4.471637551871098,4.471637551871098,26756.68577787506,21373.157455689252,5.964460228803822e-09,4.2,-0.0
17,CV-charge,35,8321.968560154513,157441.80114261823,4.2,4.313552920458054,4.313552920458054,26690.26722676717,21445.724353024987,5.964884968387528e-09,4.2,-0.0
17,CV-charge,36,8394.695832881787,157514.5284153455,4.200000000000001,4.16235405835112,4.16235405835112,26626.179370484937,21515.74045643842,5.965301767021767e-09,4.200000000000001,-0.0
17,CV-charge,37,8467.42310560906,157587.25568807276,4.2,4.0176096057558315,4.0176096057558315,26564.32244856294,21583.31536901965,5.9657109212056005e-09,4.2,-0.0
17,CV-charge,38,8540.150378336333,157659.98296080003,4.2,3.8789244754433896,3.8789244754433896,26504.602825994705,21648.551933717838,5.966112712318721e-09,4.2,-0.0
17,CV-charge,39,8612.877651063605,157732.71023352732,4.199999999999999,3.7459362248793986,3.7459362248793986,26446.932485954632,21711.54679513365,5.9665074077853874e-09,4.199999999999999,-0.0
17,CV-charge,40,8685.604923790877,157805.4375062546,4.199999999999999,3.618311846219623,3.618311846219623,26391.228572507585,21772.390905765114,5.966895262124978e-09,4.199999999999999,-0.0
17,CV-charge,41,8758.33219651815,157878.16477898185,4.2,3.4957449194539802,3.4957449194539802,26337.41297764172,21831.169983017313,5.967276517901597e-09,4.2,-0.0
17,CV-charge,42,8831.059469245423,157950.89205170912,4.199999999999999,3.3779530819116013,3.3779530819116013,26285.41196768232,21887.96492249208,5.9676514065836535e-09,4.199999999999999,-0.0
17,CV-charge,43,8903.786741972695,158023.6193244364,4.2,3.264675774058993,3.264675774058993,26235.15584478423,21942.852172349427,5.968020149322976e-09,4.2,-0.0
17,CV-charge,44,8976.51401469997,158096.34659716368,4.199999999999999,3.1556722271465567,3.1556722271465567,26186.5786397226,21995.90407294628,5.968382957661925e-09,4.199999999999999,-0.0
17,CV-charge,45,9049.241287427241,158169.07386989094,4.199999999999999,3.050719663068786,3.050719663068786,26139.617832681994,22047.189165434742,5.9687400341759135e-09,4.199999999999999,-0.0
17,CV-charge,46,9121.968560154513,158241.80114261823,4.2,2.949611680835124,2.949611680835124,26094.214099131175,22096.77247255348,5.969091573057936e-09,4.2,-0.0
17,CV-charge,47,9194.695832881787,158314.5284153455,4.200000000000001,2.852156807511869,2.852156807511869,26050.311078219725,22144.715754464778,5.969437760650951e-09,4.200000000000001,-0.0
17,CV-charge,48,9267.42310560906,158387.25568807276,4.2,2.7581771944367173,2.7581771944367173,26007.85516143724,22191.07774215582,5.969778775933312e-09,4.2,-0.0
17,CV-charge,49,9292.674478438748,158412.50706090246,4.2,2.7263936618115,2.7263936618115,25993.47236524571,22206.783572101118,5.969895896347052e-09,4.2,-0.0
18,CC-discharge,0,0.0,158412.50706090246,3.855021620717846,-27.263836618115,-27.263836618115,25993.47236524571,22206.783572101118,5.969895896347052e-09,3.855021620717846,0.0
18,CC-discharge,1,72.72727272727273,158485.23433362972,3.8309161083505656,-27.263836618115,-27.263836618115,26558.59201656359,21672.2837612189,5.969895896347052e-09,3.8309161083505656,0.5507845781437374
18,CC-discharge,2,145.45454545454547,158557.961606357,3.8146290509134393,-27.263836618115,-27.263836618115,26978.179772302923,21218.803733158005,5.969895896347052e-09,3.8146290509134393,1.1015691562874748
18,CC-discharge,3,218.1818181818182,158630.68887908428,3.799444371614913,-27.263836618115,-27.263836618115,27395.906491677822,20765.348390047056,5.969895896347052e-09,3.799444371614913,1.652353734431212
18,CC-discharge,4,290.90909090909093,158703.41615181154,3.7850958119155345,-27.263836618115,-27.263836618115,27813.604031126604,20311.892999211334,5.969895896347052e-09,3.7850958119155345,2.2031383125749495
18,CC-discharge,5,363.6363636363637,158776.1434245388,3.7714210448632404,-27.263836618115,-27.263836618115,28231.299310237526,19858.43760767237,5.969895896347052e-09,3.7714210448632404,2.753922890718687
18,CC-discharge,6,436.3636363636364,158848.8706972661,3.7583133118626484,-27.263836618115,-27.263836618115,28648.994413476095,19404.982216123306,5.969895896347052e-09,3.7583133118626484,3.304707468862424
18,CC-discharge,7,509.0909090909091,158921.59796999337,3.7456781059800126,-27.263836618115,-27.263836618115,29066.689502963203,18951.5268245743,5.969895896347052e-09,3.7456781059800126,3.8554920470061615
18,CC-discharge,8,581.8181818181819,158994.32524272063,3.733458607947311,-27.263836618115,-27.263836618115,29484.384591368773,18498.071433025223,5.969895896347052e-09,3.733458607947311,4.406276625149899
18,CC-discharge,9,654.5454545454546,159067.0525154479,3.721607242487807,-27.263836618115,-27.263836618115,29902.07967968921,18044.616041476023,5.969895896347052e-09,3.721607242487807,4.9570612032936365
18,CC-discharge,10,727.2727272727274,159139.7797881752,3.7100875485588505,-27.263836618115,-27.263836618115,30319.774768003223,17591.160649927097,5.969895896347052e-09,3.7100875485588505,5.507845781437374
18,CC-discharge,11,800.0000000000001,159212.50706090246,3.6988713252606615,-27.263836618115,-27.263836618115,30737.469856315838,17137.705258377835,5.969895896347052e-09,3.6988713252606615,6.0586303595811115
18,CC-discharge,12,872.7272727272727,159285.23433362972,3.687936533922944,-27.263836618115,-27.263836618115,31155.164944628443,16684.249866828686,5.969895896347052e-09,3.687936533922944,6.609414937724848
18,CC-discharge,13,945.4545454545455,159357.961606357,3.6772657221185208,-27.263836618115,-27.263836618115,31572.860032941455,16230.794475278772,5.969895896347052e-09,3.6772657221185208,7.160199515868586
18,CC-discharge,14,1018.1818181818182,159430.68887908428,3.66684481153459,-27.263836618115,-27.263836618115,31990.55512125423,15777.33908372924,5.969895896347052e-09,3.66684481153459,7.710984094012323
18,CC-discharge,15,1090.909090909091,159503.41615181154,3.65666213904961,-27.263836618115,-27.263836618115,32408.2502095673,15323.883692179817,5.969895896347052e-09,3.65666213904961,8.26176867215606
18,CC-discharge,16,1163.6363636363637,159576.1434245388,3.6467076726144194,-27.263836618115,-27.263836618115,32825.945297880455,14870.428300630805,5.969895896347052e-09,3.6467076726144194,8.812553250299798
18,CC-discharge,17,1236.3636363636365,159648.8706972661,3.6369723433858714,-27.263836618115,-27.263836618115,33243.64038619282,14416.972909081782,5.969895896347052e-09,3.6369723433858714,9.363337828443536
18,CC-discharge,18,1309.0909090909092,159721.59796999337,3.627447448882509,-27.263836618115,-27.263836618115,33661.335474505475,13963.517517532577,5.969895896347052e-09,3.627447448882509,9.914122406587273
18,CC-discharge,19,1381.818181818182,159794.32524272063,3.6181240901287546,-27.263836618115,-27.263836618115,34079.03056281835,13510.062125983599,5.969895896347052e-09,3.6181240901287546,10.46490698473101
18,CC-discharge,20,1454.5454545454547,159867.0525154479,3.6089926104349614,-27.263836618115,-27.263836618115,34496.72565113135,13056.606734434303,5.969895896347052e-09,3.6089926104349614,11.015691562874748
18,CC-discharge,21,1527.2727272727275,159939.7797881752,3.600042006518843,-27.263836618115,-27.263836618115,34914.420739443674,12603.151342884808,5.969895896347052e-09,3.600042006518843,11.566476141018486
18,CC-discharge,22,1600.0000000000002,160012.50706090246,3.5912592754725194,-27.263836618115,-27.263836618115,35332.11582775669,12149.695951335738,5.969895896347052e-09,3.5912592754725194,12.117260719162223
18,CC-discharge,23,1672.727272727273,160085.23433362972,3.5826281524749017,-27.263836618115,-27.263836618115,35749.81091606967,11696.240559786225,5.969895896347052e-09,3.5826281524749017,12.66804529730596
18,CC-discharge,24,1745.4545454545455,160157.961606357,3.5741306144801968,-27.263836618115,-27.263836618115,36167.50600438249,11242.785168236847,5.969895896347052e-09,3.5741306144801968,13.218829875449696
18,CC-discharge,25,1818.1818181818182,160230.68887908428,3.565741780201042,-27.263836618115,-27.263836618115,36585.201092695694,10789.329776687284,5.969895896347052e-09,3.565741780201042,13.769614453593434
18,CC-discharge,26,1890.909090909091,160303.41615181154,3.5574317504856947,-27.263836618115,-27.263836618115,37002.89618100812,10335.874385138095,5.969895896347052e-09,3.5574317504856947,14.320399031737171
18,CC-discharge,27,1963.6363636363637,160376.1434245388,3.5491632183359494,-27.263836618115,-27.263836618115,37420.59126932062,9882.418993588835,5.969895896347052e-09,3.5491632183359494,14.871183609880909
18,CC-discharge,28,2036.3636363636365,160448.8706972661,3.540889568875685,-27.263836618115,-27.263836618115,37838.2863576337,9428.963602039514,5.969895896347052e-09,3.540889568875685,15.421968188024646
18,CC-discharge,29,2109.0909090909095,160521.59796999337,3.532552481401937,-27.263836618115,-27.263836618115,38255.98144594652,8975.50821049039,5.969895896347052e-09,3.532552481401937,15.972752766168385
18,CC-discharge,30,2181.818181818182,160594.32524272063,3.524079099562268,-27.263836618115,-27.263836618115,38673.676534258986,8522.052818941316,5.969895896347052e-09,3.524079099562268,16.52353734431212
18,CC-discharge,31,2254.545454545455,160667.0525154479,3.515379132340949,-27.263836618115,-27.263836618115,39091.37162257201,8068.597427392242,5.969895896347052e-09,3.515379132340949,17.07432192245586
18,CC-discharge,32,2327.2727272727275,160739.7797881752,3.5063376043376624,-27.263836618115,-27.263836618115,39509.06671088488,7615.142035843271,5.969895896347052e-09,3.5063376043376624,17.625106500599596
18,CC-discharge,33,2400.0,160812.50706090246,3.4968146878034467,-27.263836618115,-27.263836618115,39926.761799197586,7161.686644294227,5.969895896347052e-09,3.4968146878034467,18.175891078743334
18,CC-discharge,34,2472.727272727273,160885.23433362972,3.4866351195038354,-27.263836618115,-27.263836618115,40344.45688751018,6708.231252745098,5.969895896347052e-09,3.4866351195038354,18.726675656887075
18,CC-discharge,35,2545.4545454545455,160957.961606357,3.475581265428371,-27.263836618115,-27.263836618115,40762.15197582286,6254.775861195943,5.969895896347052e-09,3.475581265428371,19.277460235030812
18,CC-discharge,36,2618.1818181818185,161030.68887908428,3.463384089382838,-27.263836618115,-27.263836618115,41179.847064134956,5801.320469646862,5.969895896347052e-09,3.463384089382838,19.82824481317455
18,CC-discharge,37,2690.909090909091,161103.41615181154,3.4497116729195776,-27.263836618115,-27.263836618115,41597.5421524474,5347.865078097697,5.969895896347052e-09,3.4497116729195776,20.379029391318287
18,CC-discharge,38,2763.636363636364,161176.1434245388,3.4341560973712904,-27.263836618115,-27.263836618115,42015.23724075987,4894.409686548617,5.969895896347052e-09,3.4341560973712904,20.929813969462025
18,CC-discharge,39,2836.3636363636365,161248.8706972661,3.416218600511436,-27.263836618115,-27.263836618115,42432.932329073345,4440.954294999491,5.969895896347052e-09,3.416218600511436,21.480598547605762
18,CC-discharge,40,2909.0909090909095,161321.59796999337,3.3952935707843674,-27.263836618115,-27.263836618115,42850.62741738587,3987.4989034504056,5.969895896347052e-09,3.3952935707843674,22.0313831257495
18,CC-discharge,41,2981.818181818182,161394.32524272063,3.3706520945394565,-27.263836618115,-27.263836618115,43268.322505698176,3534.0435119012527,5.969895896347052e-09,3.3706520945394565,22.582167703893237
18,CC-discharge,42,3054.545454545455,161467.0525154479,3.3414284790261757,-27.263836618115,-27.263836618115,43686.01759401124,3080.5881203522677,5.969895896347052e-09,3.3414284790261757,23.132952282036975
18,CC-discharge,43,3127.2727272727275,161539.7797881752,3.306599917823233,-27.263836618115,-27.263836618115,44103.71268232382,2627.132728803226,5.969895896347052e-09,3.306599917823233,23.683736860180712
18,CC-discharge,44,3200.0000000000005,161612.50706090246,3.2649580936180858,-27.263836618115,-27.263836618115,44521.40777063627,2173.677337254173,5.969895896347052e-09,3.2649580936180858,24.23452143832445
18,CC-discharge,45,3272.727272727273,161685.23433362972,3.214881647803272,-27.263836618115,-27.263836618115,44939.10285894929,1720.2219457051488,5.969895896347052e-09,3.214881647803272,24.785306016468187
18,CC-discharge,46,3345.454545454546,161757.961606357,3.152864812424313,-27.263836618115,-27.263836618115,45356.79794726258,1266.7665541561591,5.969895896347052e-09,3.152864812424313,25.336090594611925
18,CC-discharge,47,3418.1818181818185,161830.68887908428,3.0608233229156667,-27.263836618115,-27.263836618115,45774.49303557536,813.3111626071299,5.969895896347052e-09,3.0608233229156667,25.886875172755662
18,CC-discharge,48,3444.7140734546024,161857.22113435707,3.0000099999999996,-27.263836618115,-27.263836618115,45926.87593532825,647.8822423103913,5.969895896347052e-09,3.0000099999999996,26.087811581885468
18,CC-charge,0,3444.7140734546024,161857.22113435707,3.7162308938002226,27.263836618115,27.263836618115,45926.87593532825,647.8822423103913,5.969895896347052e-09,3.7162308938002226,0.0
18,CC-charge,1,3517.441346181875,161929.94840708433,3.8220361731178705,27.263836618115,27.263836618115,45361.76098186858,1182.3793557093868,5.969907435297596e-09,3.8220361731178705,-0.0
18,CC-charge,2,3590.168618909148,162002.67567981163,3.8683439457834803,27.263836618115,27.263836618115,44942.17209274348,1635.860482722415,5.969939275118673e-09,3.8683439457834803,-0.0
18,CC-charge,3,3662.8958916364204,162075.4029525389,3.905751150421954,27.263836618115,27.263836618115,44524.43965327855,2089.3135250787927,5.970005313747964e-09,3.905751150421954,-0.0
18,CC-charge,4,3735.6231643636934,162148.13022526616,3.9370172905254246,27.263836618115,27.263836618115,44106.74406747195,2542.7648237789613,5.97012500229347e-09,3.9370172905254246,-0.0
18,CC-charge,5,3808.350437090966,162220.85749799342,3.963071695309283,27.263836618115,27.263836618115,43689.04897406813,2996.213684163887,5.970318874367201e-09,3.963071695309283,-0.0
18,CC-charge,6,3881.077709818239,162293.5847707207,3.9846843007250405,27.263836618115,27.263836618115,43271.35388581966,3449.6595410309747,5.9706057578488945e-09,3.9846843007250405,-0.0
18,CC-charge,7,3953.8049825455114,162366.31204344798,4.002595043814473,27.263836618115,27.263836618115,42853.658797506854,3903.1020355115734,5.970998409717904e-09,4.002595043814473,-0.0
18,CC-charge,8,4026.5322552727844,162439.03931617524,4.017486630845642,27.263836618115,27.263836618115,42435.96370919321,4356.541067116067,5.971501470265732e-09,4.017486630845642,-0.0
18,CC-charge,9,4099.259528000057,162511.7665889025,4.029962705531148,27.263836618115,27.263836618115,42018.268620879906,4809.976765993608,5.972112027920831e-09,4.029962705531148,-0.0
18,CC-charge,10,4171.98680072733,162584.4938616298,4.040538646547285,27.263836618115,27.263836618115,41600.57353256649,5263.409432945154,5.97282134462882e-09,4.040538646547285,-0.0
18,CC-charge,11,4244.714073454603,162657.22113435707,4.049647534888669,27.263836618115,27.263836618115,41182.87844425283,5716.839467519637,5.973617121093123e-09,4.049647534888669,-0.0
18,CC-charge,12,4317.441346181875,162729.94840708433,4.05764665524144,27.263836618115,27.263836618115,40765.18335593974,6170.267303408576,5.974485618507865e-09,4.05764665524144,-0.0
18,CC-charge,13,4390.168618909148,162802.67567981163,4.064828437507025,27.263836618115,27.263836618115,40347.48826762683,6623.693359928176,5.975413308993632e-09,4.064828437507025,-0.0
18,CC-charge,14,4462.895891636421,162875.4029525389,4.071430113831485,27.263836618115,27.263836618115,39929.793179313194,7077.118012087992,5.976387933335577e-09,4.071430113831485,-0.0
18,CC-charge,15,4535.623164363693,162948.13022526616,4.07764300119752,27.263836618115,27.263836618115,39512.09809100001,7530.541575535604,5.977399062805256e-09,4.07764300119752,-0.0
18,CC-charge,16,4608.350437090966,163020.85749799342,4.083620483900293,27.263836618115,27.263836618115,39094.40300268673,7983.964303625921,5.978438247215582e-09,4.083620483900293,-0.0
18,CC-charge,17,4681.077709818239,163093.5847707207,4.089485493011527,27.263836618115,27.263836618115,38676.70791437316,8437.386388823139,5.9794990042912356e-09,4.089485493011527,-0.0
18,CC-charge,18,4753.804982545512,163166.31204344798,4.095335251138652,27.263836618115,27.263836618115,38259.01282605941,8890.807941463056,5.9805775194823435e-09,4.095335251138652,-0.0
18,CC-charge,19,4826.532255272785,163239.03931617524,4.1012471972110465,27.263836618115,27.263836618115,37841.31773774613,9344.229091186628,5.981669390503358e-09,4.1012471972110465,-0.0
18,CC-charge,20,4899.259528000057,163311.7665889025,4.107282265666567,27.263836618115,27.263836618115,37423.62264943243,9797.649891792285,5.9827726993270315e-09,4.107282265666567,-0.0
18,CC-charge,21,4971.98680072733,163384.4938616298,4.113488102782386,27.263836618115,27.263836618115,37005.92756111918,10251.070358947685,5.983886778405296e-09,4.113488102782386,-0.0
18,CC-charge,22,5044.714073454603,163457.22113435707,4.119903379980773,27.263836618115,27.263836618115,36588.23247280573,10704.490501855786,5.9850111989063545e-09,4.119903379980773,-0.0
18,CC-charge,23,5117.441346181875,163529.94840708433,4.1265567069617815,27.263836618115,27.263836618115,36170.5373844923,11157.910301001368,5.986146478294342e-09,4.1265567069617815,-0.0
18,CC-charge,24,5190.168618909148,163602.67567981163,4.13347100587104,27.263836618115,27.263836618115,35752.842296179515,11611.32971995378,5.987293694189271e-09,4.13347100587104,-0.0
18,CC-charge,25,5262.895891636421,163675.4029525389,4.140664225177924,27.263836618115,27.263836618115,35335.14720786576,12064.748711323038,5.988454291721606e-09,4.140664225177924,-0.0
18,CC-charge,26,5335.623164363693,163748.13022526616,4.148150483395861,27.263836618115,27.263836618115,34917.45211955231,12518.167216818516,5.9896300757134145e-09,4.148150483395861,-0.0
18,CC-charge,27,5408.350437090966,163820.85749799342,4.155941032604009,27.263836618115,27.263836618115,34499.75703123824,12971.585169278362,5.990823143198091e-09,4.155941032604009,-0.0
18,CC-charge,28,5481.077709818239,163893.5847707207,4.164046947594971,27.263836618115,27.263836618115,34082.06194292485,13425.002490858504,5.9920359370742845e-09,4.164046947594971,-0.0
18,CC-charge,29,5553.804982545512,163966.31204344798,4.172472864801792,27.263836618115,27.263836618115,33664.366854611755,13878.419142779889,5.993269661980438e-09,4.172472864801792,-0.0
18,CC-charge,30,5626.532255272785,164039.03931617524,4.181227121947797,27.263836618115,27.263836618115,33246.67176629824,14331.834996073047,5.994528394069497e-09,4.181227121947797,-0.0
18,CC-charge,31,5699.259528000057,164111.7665889025,4.190316499727347,27.263836618115,27.263836618115,32828.976677985054,14785.249957859367,5.9958150659628266e-09,4.190316499727347,-0.0
18,CC-charge,32,5771.98680072733,164184.4938616298,4.199748176139338,27.263836618115,27.263836618115,32411.28158967158,15238.6639261343,5.997132897834901e-09,4.199748176139338,-0.0
18,CC-charge,33,5773.816821362896,164186.32388226537,4.199990000000001,27.263836618115,27.263836618115,32400.771218495494,15250.073072215242,5.997166419689984e-09,4.199990000000001,-0.0
18,CV-charge,0,5773.816821362896,164186.32388226537,4.2,27.288205503842057,27.288205503842057,32400.771218495494,15250.073072215242,5.997166419689984e-09,4.2,0.0
18,CV-charge,1,5846.544094090169,164259.05115499263,4.2,24.225581744857216,24.225581744857216,31878.583670076034,15745.32325502523,5.998430308370742e-09,4.2,-0.0
18,CV-charge,2,5919.271366817441,164331.77842771992,4.199999999999999,22.288627790440707,22.288627790440707,31531.745308884474,16125.837090551859,5.99961593673201e-09,4.199999999999999,-0.0
18,CV-charge,3,5991.998639544714,164404.5057004472,4.200000000000001,20.595040831553643,20.595040831553643,31213.265766292254,16476.702914308345,6.000736469710831e-09,4.200000000000001,-0.0
18,CV-charge,4,6064.725912271987,164477.23297317445,4.2,19.09738711626535,19.09738711626535,30917.86721980615,16801.947959062254,6.001800149867907e-09,4.2,-0.0
18,CV-charge,5,6137.45318499926,164549.96024590172,4.199999999999999,17.767086540077205,17.767086540077205,30643.16336759701,17104.210539841148,6.002812229372931e-09,4.199999999999999,-0.0
18,CV-charge,6,6210.180457726532,164622.687518629,4.200000000000001,16.57959188983879,16.57959188983879,30386.927849646363,17385.983443325644,6.003777725554639e-09,4.200000000000001,-0.0
18,CV-charge,7,6282.907730453805,164695.41479135628,4.200000000000001,15.514564103926544,15.514564103926544,30147.24390861778,17649.41087912821,6.004700970779028e-09,4.200000000000001,-0.0
18,CV-charge,8,6355.635003181078,164768.14206408354,4.200000000000001,14.555133598603271,14.555133598603271,29922.46175358552,17896.33630257675,6.005585708892417e-09,4.200000000000001,-0.0
18,CV-charge,9,6428.362275908351,164840.8693368108,4.2,13.68720894705916,13.68720894705916,29711.152789497934,18128.354319253365,6.0064351981931595e-09,4.2,-0.0
18,CV-charge,10,6501.089548635623,164913.5966095381,4.2,12.898971231894352,12.898971231894352,29512.07460441233,18346.85031172403,6.007252289044115e-09,4.2,-0.0
18,CV-charge,11,6573.816821362896,164986.32388226537,4.199999999999998,12.180460467637584,12.180460467637584,29324.142771166134,18553.032334968084,6.008039485718052e-09,4.199999999999998,-0.0
18,CV-charge,12,6646.544094090169,165059.05115499263,4.2,11.523186531283088,11.523186531283088,29146.393135243005,18747.973360165488,6.008799034393369e-09,4.2,-0.0
18,CV-charge,13,6719.271366817442,165131.77842771992,4.2,10.919595376702139,10.919595376702139,28977.880939686078,18932.722314675197,6.009533184568642e-09,4.2,-0.0
18,CV-charge,14,6791.998639544714,165204.5057004472,4.200000000000001,10.363946267541182,10.363946267541182,28817.973159144138,19107.984058811064,6.010243397009787e-09,4.200000000000001,-0.0
18,CV-charge,15,6864.725912271987,165277.23297317445,4.199999999999999,9.851351993460588,9.851351993460588,28666.130100204027,19274.35950820429,6.010930911129319e-09,4.199999999999999,-0.0
18,CV-charge,16,6937.45318499926,165349.96024590172,4.200000000000001,9.376399610084135,9.376399610084135,28521.51081152584,19432.77844879926,6.0115978364131154e-09,4.200000000000001,-0.0
18,CV-charge,17,7010.180457726532,165422.687518629,4.2,8.935555562108002,8.935555562108002,28383.71251517367,19583.68876128187,6.0122451047752184e-09,4.2,-0.0
18,CV-charge,18,7082.907730453805,165495.41479135628,4.199999999999999,8.52537131618888,8.52537131618888,28252.258870042435,19727.618240543132,6.012873880816118e-09,4.199999999999999,-0.0
18,CV-charge,19,7155.635003181078,165568.14206408354,4.2,8.142829507863171,8.142829507863171,28126.720365470726,19865.04240549272,6.0134852240555444e-09,4.2,-0.0
18,CV-charge,20,7228.362275908351,165640.8693368108,4.2,7.785285785033455,7.785285785033455,28006.708765756815,19996.390821011522,6.01408010114719e-09,4.2,-0.0
18,CV-charge,21,7301.089548635624,165713.5966095381,4.199999999999999,7.450413741935722,7.450413741935722,27891.872124810943,20122.052675471088,6.014659396715471e-09,4.199999999999999,-0.0
18,CV-charge,22,7373.816821362896,165786.32388226537,4.199999999999999,7.136159898548171,7.136159898548171,27781.89051160189,20242.381561123482,6.015223922677163e-09,4.199999999999999,-0.0
18,CV-charge,23,7446.544094090169,165859.05115499263,4.200000000000001,6.8407092811783645,6.8407092811783645,27676.47353158173,20357.698263848557,6.015774423200465e-09,4.200000000000001,-0.0
18,CV-charge,24,7519.271366817442,165931.77842771992,4.2,6.562446288740727,6.562446288740727,27575.354568219936,20468.297156532975,6.01631158828369e-09,4.2,-0.0
18,CV-charge,25,7591.998639544714,166004.5057004472,4.2,6.299932092009952,6.299932092009952,27478.289486861584,20574.44765722833,6.016836056088007e-09,4.2,-0.0
18,CV-charge,26,7664.725912271987,166077.23297317445,4.200000000000001,6.051881537100556,6.051881537100556,27385.054139637185,20676.397014120383,6.017348418493326e-09,4.200000000000001,-0.0
18,CV-charge,27,7737.45318499926,166149.96024590172,4.2,5.817143714431561,5.817143714431561,27295.442273244887,20774.372637449458,6.017849225741588e-09,4.2,-0.0
18,CV-charge,28,7810.180457726532,166222.687518629,4.2,5.594685343023023,5.594685343023023,27209.26369495328,20868.584141733343,6.018338990518547e-09,4.2,-0.0
18,CV-charge,29,7882.907730453806,166295.41479135628,4.200000000000001,5.383576516910501,5.383576516910501,27126.34266148277,20959.22513872697,6.018818191552478e-09,4.200000000000001,-0.0
18,CV-charge,30,7955.635003181078,166368.14206408354,4.2,5.182978437260047,5.182978437260047,27046.51645957195,21046.474816130663,6.019287276795821e-09,4.2,-0.0
18,CV-charge,31,8028.362275908351,166440.8693368108,4.2,4.992132819812706,4.992132819812706,26969.634151995575,21130.499331501072,6.019746666245517e-09,4.2,-0.0
18,CV-charge,32,8101.089548635624,166513.5966095381,4.2,4.810352720607659,4.810352720607659,26895.555466828806,21211.453046266848,6.020196754449303e-09,4.2,-0.0
18,CV-charge,33,8173.816821362896,166586.32388226537,4.2,4.637014566355833,4.637014566355833,26824.149811102645,21289.47962098207,6.020637912738186e-09,4.2,-0.0
18,CV-charge,34,8246.544094090168,166659.05115499263,4.200000000000001,4.471551211250265,4.471551211250265,26755.295392786116,21364.712989805703,6.021070491219449e-09,4.200000000000001,-0.0
18,CV-charge,35,8319.271366817442,166731.77842771992,4.200000000000001,4.313445871134315,4.313445871134315,26688.878437387106,21437.278229572516,6.0214948205596034e-09,4.200000000000001,-0.0
18,CV-charge,36,8391.998639544714,166804.5057004472,4.2,4.162226809773887,4.162226809773887,26624.7924873966,21507.292336588245,6.021911213582608e-09,4.2,-0.0
18,CV-charge,37,8464.725912271988,166877.23297317445,4.2,4.017462671785725,4.017462671785725,26562.937774483828,21574.86492247025,6.022319966705173e-09,4.2,-0.0
18,CV-charge,38,8537.45318499926,166949.96024590172,4.200000000000001,3.878758373098275,3.878758373098275,26503.220655726527,21640.09883875324,6.0227213612280356e-09,4.200000000000001,-0.0
18,CV-charge,39,8610.180457726532,167022.687518629,4.199999999999999,3.74575147340472,3.74575147340472,26445.553106347612,21703.09073866675,6.0231156644995894e-09,4.199999999999999,-0.0
18,CV-charge,40,8682.907730453806,167095.41479135628,4.199999999999999,3.618108966419078,3.618108966419078,26389.852262435266,21763.931583363697,6.023503130966149e-09,4.199999999999999,-0.0
18,CV-charge,41,8755.635003181078,167168.14206408354,4.199999999999999,3.4955244332205138,3.4955244332205138,26336.040007982872,21822.707098927556,6.023884003121298e-09,4.199999999999999,-0.0
18,CV-charge,42,8828.362275908352,167240.8693368108,4.2,3.3777155119170694,3.3777155119170694,26284.042601310186,21879.49818965225,6.024258512365225e-09,4.2,-0.0
18,CV-charge,43,8901.089548635624,167313.5966095381,4.2,3.264421643555303,3.264421643555303,26233.790336556343,21934.381312398356,6.024626879783628e-09,4.2,-0.0
18,CV-charge,44,8973.816821362896,167386.32388226537,4.199999999999999,3.1554020598545147,3.1554020598545147,26185.21723647426,21987.428816232383,6.024989316854617e-09,4.199999999999999,-0.0
18,CV-charge,45,9046.544094090168,167459.05115499263,4.199999999999999,3.050433983121073,3.050433983121073,26138.260773219554,22038.709251024742,6.025346026091064e-09,4.199999999999999,-0.0
18,CV-charge,46,9119.271366817442,167531.77842771992,4.199999999999999,2.949311012756127,2.949311012756127,26092.8616142248,22088.28764823667,6.02569720162495e-09,4.199999999999999,-0.0
18,CV-charge,47,9191.998639544714,167604.5057004472,4.2,2.8518416762180103,2.8518416762180103,26048.96339059918,22136.225776762472,6.026043029739611e-09,4.2,-0.0
18,CV-charge,48,9264.725912271988,167677.23297317445,4.200000000000001,2.75784812523686,2.75784812523686,26006.512485784686,22182.58237632586,6.026383689355027e-09,4.200000000000001,-0.0
18,CV-charge,49,9289.709676071503,167702.21673697396,4.2,2.7263936618114997,2.7263936618114997,25992.28255835641,22198.121305323966,6.026499452084681e-09,4.2,-0.0
19,CC-discharge,0,0.0,167702.21673697396,3.8550429630970022,-27.263836618115,-27.263836618115,25992.28255835641,22198.121305323966,6.026499452084681e-09,3.8550429630970022,0.0
19,CC-discharge,1,72.72727272727273,167774.94400970123,3.830930295656369,-27.263836618115,-27.263836618115,26557.402202793783,21663.62150186569,6.026499452084681e-09,3.830930295656369,0.5507845781437374
19,CC-discharge,2,145.45454545454547,167847.67128242852,3.814639341484402,-27.263836618115,-27.263836618115,26976.989949090646,21210.141466489484,6.026499452084681e-09,3.814639341484402,1.1015691562874748
19,CC-discharge,3,218.1818181818182,167920.39855515579,3.799451603325499,-27.263836618115,-27.263836618115,27394.71668314865,20756.686123270694,6.026499452084681e-09,3.799451603325499,1.652353734431212
19,CC-discharge,4,290.90909090909093,167993.12582788305,3.78510064415464,-27.263836618115,-27.263836618115,27812.41422407834,20303.23073243418,6.026499452084681e-09,3.78510064415464,2.2031383125749495
19,CC-discharge,5,363.6363636363637,168065.85310061031,3.771423949723179,-27.263836618115,-27.263836618115,28230.109503332416,19849.775340895238,6.026499452084681e-09,3.771423949723179,2.753922890718687
19,CC-discharge,6,436.3636363636364,168138.5803733376,3.758314672206275,-27.263836618115,-27.263836618115,28647.80460658396,19396.319949346173,6.026499452084681e-09,3.758314672206275,3.304707468862424
19,CC-discharge,7,509.0909090909091,168211.30764606487,3.7456781836221555,-27.263836618115,-27.263836618115,29065.49969607169,18942.8645577972,6.026499452084681e-09,3.7456781836221555,3.8554920470061615
19,CC-discharge,8,581.8181818181819,168284.03491879214,3.7334576270695297,-27.263836618115,-27.263836618115,29483.194784477204,18489.409166248373,6.026499452084681e-09,3.7334576270695297,4.406276625149899
19,CC-discharge,9,654.5454545454546,168356.7621915194,3.721605381802733,-27.263836618115,-27.263836618115,29900.889872797587,18035.9537746991,6.026499452084681e-09,3.721605381802733,4.9570612032936365
19,CC-discharge,10,727.2727272727274,168429.4894642467,3.710084951193805,-27.263836618115,-27.263836618115,30318.584961111046,17582.49838314963,6.026499452084681e-09,3.710084951193805,5.507845781437374
19,CC-discharge,11,800.0000000000001,168502.21673697396,3.6988681056898542,-27.263836618115,-27.263836618115,30736.280049423796,17129.042991600698,6.026499452084681e-09,3.6988681056898542,6.0586303595811115
19,CC-discharge,12,872.7272727272727,168574.94400970123,3.687932782743712,-27.263836618115,-27.263836618115,31153.97513773643,16675.587600051484,6.026499452084681e-09,3.687932782743712,6.609414937724848
19,CC-discharge,13,945.4545454545455,168647.67128242852,3.6772615091778946,-27.263836618115,-27.263836618115,31571.670226049613,16222.13220850206,6.026499452084681e-09,3.6772615091778946,7.160199515868586
19,CC-discharge,14,1018.1818181818182,168720.39855515579,3.6668401877216588,-27.263836618115,-27.263836618115,31989.36531436226,15768.676816952911,6.026499452084681e-09,3.6668401877216588,7.710984094012323
19,CC-discharge,15,1090.909090909091,168793.12582788305,3.656657136931384,-27.263836618115,-27.263836618115,32407.06040267485,15315.221425403626,6.026499452084681e-09,3.656657136931384,8.26176867215606
19,CC-discharge,16,1163.6363636363637,168865.85310061031,3.646702305997399,-27.263836618115,-27.263836618115,32824.75549098734,14861.766033854099,6.026499452084681e-09,3.646702305997399,8.812553250299798
19,CC-discharge,17,1236.3636363636365,168938.5803733376,3.6369666058029755,-27.263836618115,-27.263836618115,33242.45057930031,14408.31064230486,6.026499452084681e-09,3.6369666058029755,9.363337828443536
19,CC-discharge,18,1309.0909090909092,169011.30764606487,3.6274413109354886,-27.263836618115,-27.263836618115,33660.14566761335,13954.855250755652,6.026499452084681e-09,3.6274413109354886,9.914122406587273
19,CC-discharge,19,1381.818181818182,169084.03491879214,3.6181174955484203,-27.263836618115,-27.263836618115,34077.840755925856,13501.39985920623,6.026499452084681e-09,3.6181174955484203,10.46490698473101
19,CC-discharge,20,1454.5454545454547,169156.7621915194,3.608985470651669,-27.263836618115,-27.263836618115,34495.5358442385,13047.944467656936,6.026499452084681e-09,3.608985470651669,11.015691562874748
19,CC-discharge,21,1527.2727272727275,169229.4894642467,3.600034193464609,-27.263836618115,-27.263836618115,34913.23093255102,12594.48907610769,6.026499452084681e-09,3.600034193464609,11.566476141018486
19,CC-discharge,22,1600.0000000000002,169302.21673697396,3.5912506122108123,-27.263836618115,-27.263836618115,35330.92602086431,12141.033684558817,6.026499452084681e-09,3.5912506122108123,12.117260719162223
19,CC-discharge,23,1672.727272727273,169374.94400970123,3.5826184069448224,-27.263836618115,-27.263836618115,35748.62110917727,11687.578293009496,6.026499452084681e-09,3.5826184069448224,12.66804529730596
19,CC-discharge,24,1745.4545454545455,169447.67128242852,3.574119465595721,-27.263836618115,-27.263836618115,36166.31619748999,11234.122901459903,6.026499452084681e-09,3.574119465595721,13.218829875449696
19,CC-discharge,25,1818.1818181818182,169520.39855515579,3.5657288185986538,-27.263836618115,-27.263836618115,36584.011285802764,10780.667509911073,6.026499452084681e-09,3.5657288185986538,13.769614453593434
19,CC-discharge,26,1890.909090909091,169593.12582788305,3.557416447941117,-27.263836618115,-27.263836618115,37001.70637411585,10327.212118361766,6.026499452084681e-09,3.557416447941117,14.320399031737171
19,CC-discharge,27,1963.6363636363637,169665.85310061031,3.5491448979064764,-27.263836618115,-27.263836618115,37419.4014624284,9873.756726812517,6.026499452084681e-09,3.5491448979064764,14.871183609880909
19,CC-discharge,28,2036.3636363636365,169738.5803733376,3.5408673659207706,-27.263836618115,-27.263836618115,37837.096550741,9420.301335263439,6.026499452084681e-09,3.5408673659207706,15.421968188024646
19,CC-discharge,29,2109.0909090909095,169811.30764606487,3.532525296480264,-27.263836618115,-27.263836618115,38254.79163905364,8966.845943714103,6.026499452084681e-09,3.532525296480264,15.972752766168385
19,CC-discharge,30,2181.818181818182,169884.03491879214,3.5240455408162243,-27.263836618115,-27.263836618115,38672.486727366624,8513.39055216503,6.026499452084681e-09,3.5240455408162243,16.52353734431212
19,CC-discharge,31,2254.545454545455,169956.7621915194,3.515337436609456,-27.263836618115,-27.263836618115,39090.181815679316,8059.935160616262,6.026499452084681e-09,3.515337436609456,17.07432192245586
19,CC-discharge,32,2327.2727272727275,170029.4894642467,3.506285567748936,-27.263836618115,-27.263836618115,39507.87690399218,7606.479769067158,6.026499452084681e-09,3.506285567748936,17.625106500599596
19,CC-discharge,33,2400.0,170102.21673697396,3.4967495481098627,-27.263836618115,-27.263836618115,39925.571992305006,7153.024377518282,6.026499452084681e-09,3.4967495481098627,18.175891078743334
19,CC-discharge,34,2472.727272727273,170174.94400970123,3.4865534023797635,-27.263836618115,-27.263836618115,40343.26708061798,6699.568985969069,6.026499452084681e-09,3.4865534023797635,18.726675656887075
19,CC-discharge,35,2545.4545454545455,170247.67128242852,3.475478649596718,-27.263836618115,-27.263836618115,40760.96216893071,6246.113594419977,6.026499452084681e-09,3.475478649596718,19.277460235030812
19,CC-discharge,36,2618.1818181818185,170320.39855515579,3.4632552069526286,-27.263836618115,-27.263836618115,41178.657257243285,5792.658202870727,6.026499452084681e-09,3.4632552069526286,19.82824481317455
19,CC-discharge,37,2690.909090909091,170393.12582788305,3.449549884213611,-27.263836618115,-27.263836618115,41596.35234555609,5339.2028113216675,6.026499452084681e-09,3.449549884213611,20.379029391318287
19,CC-discharge,38,2763.636363636364,170465.85310061031,3.4339532326973914,-27.263836618115,-27.263836618115,42014.04743386934,4885.74741977262,6.026499452084681e-09,3.4339532326973914,20.929813969462025
19,CC-discharge,39,2836.3636363636365,170538.5803733376,3.4159646750709323,-27.263836618115,-27.263836618115,42431.74252218219,4432.292028223554,6.026499452084681e-09,3.4159646750709323,21.480598547605762
19,CC-discharge,40,2909.0909090909095,170611.30764606487,3.394976483371833,-27.263836618115,-27.263836618115,42849.43761049543,3978.836636674438,6.026499452084681e-09,3.394976483371833,22.0313831257495
19,CC-discharge,41,2981.818181818182,170684.03491879214,3.370257367985846,-27.263836618115,-27.263836618115,43267.1326988079,3525.3812451252543,6.026499452084681e-09,3.370257367985846,22.582167703893237
19,CC-discharge,42,3054.545454545455,170756.7621915194,3.3409390306059494,-27.263836618115,-27.263836618115,43684.827787120325,3071.9258535761605,6.026499452084681e-09,3.3409390306059494,23.132952282036975
19,CC-discharge,43,3127.2727272727275,170829.4894642467,3.3059955849950047,-27.263836618115,-27.263836618115,44102.522875433526,2618.470462027027,6.026499452084681e-09,3.3059955849950047,23.683736860180712
19,CC-discharge,44,3200.0000000000005,170902.21673697396,3.264214451569786,-27.263836618115,-27.263836618115,44520.21796374634,2165.015070478022,6.026499452084681e-09,3.264214451569786,24.23452143832445
19,CC-discharge,45,3272.727272727273,170974.94400970123,3.213960480000078,-27.263836618115,-27.263836618115,44937.91305205907,1711.5596789289746,6.026499452084681e-09,3.213960480000078,24.785306016468187
19,CC-discharge,46,3345.454545454546,171047.67128242852,3.15164744498674,-27.263836618115,-27.263836618115,45355.60814037145,1258.1042873799095,6.026499452084681e-09,3.15164744498674,25.336090594611925
19,CC-discharge,47,3418.1818181818185,171120.39855515579,3.0584496520557694,-27.263836618115,-27.263836618115,45773.30322868461,804.6488958308762,6.026499452084681e-09,3.0584496520557694,25.886875172755662
19,CC-discharge,48,3443.37608618232,171145.59282315627,3.0000099999999996,-27.263836618115,-27.263836618115,45918.001656149514,647.562341742693,6.026499452084681e-09,3.0000099999999996,26.077678618999737
19,CC-charge,0,3443.37608618232,171145.59282315627,3.71619866947059,27.263836618115,27.263836618115,45918.001656149514,647.562341742693,6.026499452084681e-09,3.71619866947059,0.0
19,CC-charge,1,3516.1033589095923,171218.32009588354,3.82208353390566,27.263836618115,27.263836618115,45352.88670274827,1182.0594555649673,6.026510980379026e-09,3.82208353390566,-0.0
19,CC-charge,2,3588.8306316368653,171291.04736861083,3.8683971757349838,27.263836618115,27.263836618115,44933.29782839786,1635.540583015982,6.026542801844087e-09,3.8683971757349838,-0.0
19,CC-charge,3,3661.557904364138,171363.7746413381,3.9058074956583226,27.263836618115,27.263836618115,44515.56537433624,2088.9936265767815,6.026608809999058e-09,3.9058074956583226,-0.0
19,CC-charge,4,3734.285177091411,171436.50191406536,3.937076961030857,27.263836618115,27.263836618115,44097.8697882968,2542.444926782358,6.026728453110658e-09,3.937076961030857,-0.0
19,CC-charge,5,3807.0124498186833,171509.22918679263,3.9631350039982243,27.263836618115,27.263836618115,43680.17469488878,2995.893789109509,6.026922265560483e-09,3.9631350039982243,-0.0
19,CC-charge,6,3879.7397225459563,171581.95645951992,3.984751419891688,27.263836618115,27.263836618115,43262.4796066402,3449.3396482526646,6.027209077988684e-09,3.984751419891688,-0.0
19,CC-charge,7,3952.466995273229,171654.68373224718,4.002666048333777,27.263836618115,27.263836618115,42844.78451832749,3902.7821451707055,6.027601652645943e-09,4.002666048333777,-0.0
19,CC-charge,8,4025.194268000502,171727.41100497445,4.017561548126443,27.263836618115,27.263836618115,42427.089430014545,4356.221179196761,6.028104635514325e-09,4.017561548126443,-0.0
19,CC-charge,9,4097.921540727774,171800.1382777017,4.0300415443716595,27.263836618115,27.263836618115,42009.394341701176,4809.656880335151,6.0287151198621094e-09,4.0300415443716595,-0.0
19,CC-charge,10,4170.648813455047,171872.865550429,4.04062141538155,27.263836618115,27.263836618115,41591.69925338791,5263.089549292691,6.02942437093236e-09,4.04062141538155,-0.0
19,CC-charge,11,4243.37608618232,171945.59282315627,4.049734246916888,27.263836618115,27.263836618115,41174.00416507438,5716.519585572366,6.030220091178533e-09,4.049734246916888,-0.0
19,CC-charge,12,4316.103358909592,172018.32009588354,4.057737332141924,27.263836618115,27.263836618115,40756.30907676076,6169.947422861026,6.031088542152149e-09,4.057737332141924,-0.0
19,CC-charge,13,4388.830631636865,172091.04736861083,4.064923108671558,27.263836618115,27.263836618115,40338.61398844809,6623.373480497533,6.032016195382845e-09,4.064923108671558,-0.0
19,CC-charge,14,4461.557904364138,172163.7746413381,4.071528815320222,27.263836618115,27.263836618115,39920.91890013396,7076.798133529718,6.032990790514897e-09,4.071528815320222,-0.0
19,CC-charge,15,4534.285177091411,172236.50191406536,4.077745774128109,27.263836618115,27.263836618115,39503.22381182058,7530.221697649288,6.034001897431331e-09,4.077745774128109,-0.0
19,CC-charge,16,4607.012449818683,172309.22918679263,4.083727372728559,27.263836618115,27.263836618115,39085.52872350751,7983.64442625518,6.035041064529311e-09,4.083727372728559,-0.0
19,CC-charge,17,4679.739722545956,172381.95645951992,4.089596544458807,27.263836618115,27.263836618115,38667.83363519435,8437.06651185106,6.03610180825164e-09,4.089596544458807,-0.0
19,CC-charge,18,4752.466995273229,172454.68373224718,4.09545051261094,27.263836618115,27.263836618115,38250.13854688084,8890.488064801504,6.037180313091083e-09,4.09545051261094,-0.0
19,CC-charge,19,4825.194268000501,172527.41100497445,4.101366716056454,27.263836618115,27.263836618115,37832.44345856728,9343.90921478638,6.038272175493744e-09,4.101366716056454,-0.0
19,CC-charge,20,4897.921540727774,172600.1382777017,4.107406088829473,27.263836618115,27.263836618115,37414.74837025397,9797.33001562756,6.039375476663287e-09,4.107406088829473,-0.0
19,CC-charge,21,4970.648813455047,172672.865550429,4.113616276016932,27.263836618115,27.263836618115,36997.0532819405,10250.750483008382,6.040489548500493e-09,4.113616276016932,-0.0
19,CC-charge,22,5043.37608618232,172745.59282315627,4.120035949662461,27.263836618115,27.263836618115,36579.358193627566,10704.170626150239,6.041613961595855e-09,4.120035949662461,-0.0
19,CC-charge,23,5116.103358909593,172818.32009588354,4.126693718676503,27.263836618115,27.263836618115,36161.663105314365,11157.590425554115,6.042749232843465e-09,4.126693718676503,-0.0
19,CC-charge,24,5188.830631636865,172891.04736861083,4.133612505784813,27.263836618115,27.263836618115,35743.96801700084,11611.009844789303,6.0438964398749084e-09,4.133612505784813,-0.0
19,CC-charge,25,5261.557904364138,172963.7746413381,4.140810261324081,27.263836618115,27.263836618115,35326.27292868752,12064.428836479017,6.045057027385949e-09,4.140810261324081,-0.0
19,CC-charge,26,5334.285177091411,173036.50191406536,4.148301107111622,27.263836618115,27.263836618115,34908.577840374055,12517.847342339024,6.04623279997323e-09,4.148301107111622,-0.0
19,CC-charge,27,5407.012449818683,173109.22918679263,4.156096300537891,27.263836618115,27.263836618115,34490.88275206091,12971.265295214353,6.047425854472428e-09,4.156096300537891,-0.0
19,CC-charge,28,5479.739722545956,173181.95645951992,4.164206923745923,27.263836618115,27.263836618115,34073.187663747434,13424.682617267226,6.048638633564543e-09,4.164206923745923,-0.0
19,CC-charge,29,5552.466995273229,173254.68373224718,4.172637625270597,27.263836618115,27.263836618115,33655.49257543408,13878.0992697205,6.049872341836551e-09,4.172637625270597,-0.0
19,CC-charge,30,5625.194268000501,173327.41100497445,4.181396757339077,27.263836618115,27.263836618115,33237.79748712076,14331.515123611545,6.051131055191913e-09,4.181396757339077,-0.0
19,CC-charge,31,5697.921540727775,173400.1382777017,4.190491120471958,27.263836618115,27.263836618115,32820.10239880735,14784.930086066724,6.052417706126911e-09,4.190491120471958,-0.0
19,CC-charge,32,5770.648813455047,173472.865550429,4.199927918792376,27.263836618115,27.263836618115,32402.407310493734,15238.344055085714,6.053735514651593e-09,4.199927918792376,-0.0
19,CC-charge,33,5771.118518777168,173473.33525575112,4.19999,27.263836618115,27.263836618115,32399.70964841117,15241.27240283028,6.053744115766648e-09,4.19999,-0.0
19,CV-charge,0,5771.118518777168,173473.33525575112,4.2,27.288200930461105,27.288200930461105,32399.70964841117,15241.27240283028,6.053744115766648e-09,4.2,0.0
19,CV-charge,1,5843.845791504441,173546.0625284784,4.2,24.225991330161094,24.225991330161094,31877.51635570116,15736.527850440556,6.0550073563225775e-09,4.2,-0.0
19,CV-charge,2,5916.573064231713,173618.78980120568,4.2,22.28926780510424,22.28926780510424,31530.668474103564,16117.051333472116,6.056192351839181e-09,4.2,-0.0
19,CV-charge,3,5989.300336958986,173691.51707393295,4.199999999999999,20.595830206094128,20.595830206094128,31212.176605587447,16467.93001282492,6.05731226476463e-09,4.199999999999999,-0.0
19,CV-charge,4,6062.027609686259,173764.2443466602,4.200000000000001,19.098270830688367,19.098270830688367,30916.764569760857,16793.189401296077,6.058375335344334e-09,4.200000000000001,-0.0
19,CV-charge,5,6134.754882413532,173836.97161938748,4.2,17.768023220738392,17.768023220738392,30642.04629522898,17095.467473446683,6.059386816085607e-09,4.2,-0.0
19,CV-charge,6,6207.482155140804,173909.69889211477,4.199999999999999,16.58055215496584,16.58055215496584,30385.79596978698,17377.256380650648,6.06035172361676e-09,4.199999999999999,-0.0
19,CV-charge,7,6280.209427868077,173982.42616484204,4.2,15.515526715688319,15.515526715688319,30146.097156184263,17640.699959071637,6.061274389880645e-09,4.2,-0.0
19,CV-charge,8,6352.93670059535,174055.1534375693,4.200000000000001,14.556083525702679,14.556083525702679,29921.300309090613,17887.641377740983,6.0621585582971865e-09,4.200000000000001,-0.0
19,CV-charge,9,6425.663973322623,174127.88071029657,4.200000000000001,13.688135492329007,13.688135492329007,29709.97700057464,18119.675046716326,6.063007486794488e-09,4.200000000000001,-0.0
19,CV-charge,10,6498.391246049895,174200.60798302386,4.200000000000001,12.899866833745412,12.899866833745412,29510.884916364615,18338.186232699085,6.0638240254376905e-09,4.200000000000001,-0.0
19,CV-charge,11,6571.118518777168,174273.33525575112,4.200000000000001,12.181320004790603,12.181320004790603,29322.93973225245,18544.382870588517,6.064610678131891e-09,4.200000000000001,-0.0
19,CV-charge,12,6643.845791504441,174346.0625284784,4.2,11.524006635356265,11.524006635356265,29145.17734658205,18739.337868903425,6.065369690750093e-09,4.2,-0.0
19,CV-charge,13,6716.573064231714,174418.78980120568,4.2,10.92077195309716,10.92077195309716,28976.765896466015,18923.976329913625,6.066103008884871e-09,4.2,-0.0
19,CV-charge,14,6789.300336958986,174491.51707393295,4.2,10.365049540211091,10.365049540211091,28816.84113543365,19099.25680853749,6.066812715846143e-09,4.2,-0.0
19,CV-charge,15,6862.027609686259,174564.2443466602,4.199999999999999,9.851978650983463,9.851978650983463,28664.86010542651,19265.783570188058,6.067500067100398e-09,4.199999999999999,-0.0
19,CV-charge,16,6934.754882413532,174636.97161938748,4.2,9.376987631369744,9.376987631369744,28520.23162979796,19424.212529332937,6.06816648240454e-09,4.2,-0.0
19,CV-charge,17,7007.482155140804,174709.69889211477,4.2,8.936105283161615,8.936105283161615,28382.42483263777,19575.132202319044,6.068813247673155e-09,4.2,-0.0
19,CV-charge,18,7080.209427868077,174782.42616484204,4.2,8.525882878146698,8.525882878146698,28250.963271324912,19719.07040453789,6.069441527302797e-09,4.2,-0.0
19,CV-charge,19,7152.93670059535,174855.1534375693,4.2,8.143303307666596,8.143303307666596,28125.41743213049,19856.502659937687,6.070052380615816e-09,4.2,-0.0
19,CV-charge,20,7225.663973322623,174927.88071029657,4.200000000000001,7.785722391629178,7.785722391629178,28005.399070487514,19987.85854240907,6.070646774081586e-09,4.200000000000001,-0.0
19,CV-charge,21,7298.391246049896,175000.60798302386,4.200000000000001,7.450813847073874,7.450813847073874,27890.556229608814,20113.527251543394,6.071225592152052e-09,4.200000000000001,-0.0
19,CV-charge,22,7371.118518777168,175073.33525575112,4.199999999999999,7.136524279325244,7.136524279325244,27780.568966416096,20233.86239239432,6.071789646582392e-09,4.199999999999999,-0.0
19,CV-charge,23,7443.845791504441,175146.0625284784,4.2,6.841038746309881,6.841038746309881,27675.1468641771,20349.18477490467,6.07233968141394e-09,4.2,-0.0
19,CV-charge,24,7516.573064231714,175218.78980120568,4.200000000000001,6.562741709144226,6.562741709144226,27574.023302017784,20459.788776330024,6.072876386478627e-09,4.200000000000001,-0.0
19,CV-charge,25,7589.300336958986,175291.51707393295,4.199999999999999,6.300194359118353,6.300194359118353,27476.954131764167,20565.94382940174,6.073400399803179e-09,4.199999999999999,-0.0
19,CV-charge,26,7662.027609686259,175364.2443466602,4.199999999999999,6.052111550571459,6.052111550571459,27383.715191756688,20667.897197244278,6.073912313140863e-09,4.199999999999999,-0.0
19,CV-charge,27,7734.754882413532,175436.97161938748,4.199999999999999,5.817342373349555,5.817342373349555,27294.10021490494,20765.876305067577,6.074412676614141e-09,4.199999999999999,-0.0
19,CV-charge,28,7807.482155140804,175509.69889211477,4.200000000000001,5.594853539506279,5.594853539506279,27207.91899478497,20860.09078227344,6.074902002795876e-09,4.200000000000001,-0.0
19,CV-charge,29,7880.209427868078,175582.42616484204,4.199999999999999,5.383715131579899,5.383715131579899,27124.995774594674,20950.734255332223,6.0753807703074904e-09,4.199999999999999,-0.0
19,CV-charge,30,7952.93670059535,175655.1534375693,4.2,5.183088336133364,5.183088336133364,27045.167827766847,21037.985926431793,6.075849427000127e-09,4.2,-0.0
19,CV-charge,31,8025.663973322623,175727.88071029657,4.199999999999999,4.992214852299695,4.992214852299695,26968.28420402391,21122.011967350816,6.076308392774519e-09,4.199999999999999,-0.0
19,CV-charge,32,8098.391246049896,175800.60798302386,4.199999999999999,4.810407718346645,4.810407718346645,26894.20461866095,21202.966753447763,6.076758062086862e-09,4.199999999999999,-0.0
19,CV-charge,33,8171.118518777168,175873.33525575112,4.200000000000001,4.637043342670356,4.637043342670356,26822.798466206117,21280.993958903302,6.077198806180896e-09,4.200000000000001,-0.0
19,CV-charge,34,8243.845791504442,175946.0625284784,4.2,4.471554561105112,4.471554561105112,26753.94394241219,21356.22753120311,6.077630975080553e-09,4.2,-0.0
19,CV-charge,35,8316.573064231714,176018.78980120568,4.2,4.313424571430477,4.313424571430477,26687.527260843493,21428.792560197886,6.0780548993725645e-09,4.2,-0.0
19,CV-charge,36,8389.300336958986,176091.51707393295,4.200000000000001,4.16218161991601,4.16218161991601,26623.441952320252,21498.806054920162,6.0784708918043825e-09,4.200000000000001,-0.0
19,CV-charge,37,8462.027609686258,176164.2443466602,4.199999999999999,4.017394334430364,4.017394334430364,26561.588237098138,21566.37763943159,6.078879248719185e-09,4.199999999999999,-0.0
19,CV-charge,38,8534.754882413532,176236.97161938748,4.199999999999999,3.8786676150330375,3.8786676150330375,26501.872461087616,21631.610177439743,6.079280251346889e-09,4.199999999999999,-0.0
19,CV-charge,39,8607.482155140804,176309.69889211477,4.199999999999999,3.745639006502479,3.745639006502479,26444.20658857376,21694.600334095143,6.079674166967546e-09,4.199999999999999,-0.0
19,CV-charge,40,8680.209427868078,176382.42616484204,4.2,3.6179754886411475,3.6179754886411475,26388.50774492322,21755.439082234418,6.08006124996137e-09,4.2,-0.0
19,CV-charge,41,8752.93670059535,176455.1534375693,4.2,3.495370629629733,3.495370629629733,26334.697803607705,21814.212159405663,6.080441742757879e-09,4.2,-0.0
19,CV-charge,42,8825.663973322622,176527.88071029657,4.199999999999999,3.3775420556877034,3.3775420556877034,26282.703012610615,21871.00048116099,6.080815876695042e-09,4.199999999999999,-0.0
19,CV-charge,43,8898.391246049896,176600.60798302386,4.2,3.2642291969440493,3.2642291969440493,26232.453655900095,21925.880515436755,6.081183872798007e-09,4.2,-0.0
19,CV-charge,44,8971.118518777168,176673.33525575112,4.2,3.1551912751470392,3.1551912751470392,26183.88374621719,21978.92462220337,6.081545942485843e-09,4.2,-0.0
19,CV-charge,45,9043.845791504442,176746.0625284784,4.200000000000001,3.050205503516298,3.050205503516298,26136.930745844802,22030.20136207522,6.08190228821374e-09,4.200000000000001,-0.0
19,CV-charge,46,9116.573064231714,176818.78980120568,4.199999999999999,2.9490654731899957,2.9490654731899957,26091.535312471133,22079.77577712211,6.082253104057225e-09,4.199999999999999,-0.0
19,CV-charge,47,9189.300336958986,176891.51707393295,4.200000000000001,2.8515797041227002,2.8515797041227002,26047.641067577217,22127.709646712905,6.0825985762442836e-09,4.200000000000001,-0.0
19,CV-charge,48,9262.027609686258,176964.2443466602,4.2,2.7575703412289045,2.7575703412289045,26005.194385084793,22174.061720931182,6.082938883640531e-09,4.2,-0.0
19,CV-charge,49,9286.784463851416,176989.00120082538,4.2,2.7263936618115006,2.7263936618115006,25991.094052658256,22189.45916314102,6.083053480076551e-09,4.2,-0.0
20,CC-discharge,0,0.0,176989.00120082538,3.855064257354345,-27.263836618115,-27.263836618115,25991.094052658256,22189.45916314102,6.083053480076551e-09,3.855064257354345,0.0
20,CC-discharge,1,72.72727272727273,177061.72847355265,3.830944439921021,-27.263836618115,-27.263836618115,26556.213690221597,21654.95936710445,6.083053480076551e-09,3.830944439921021,0.5507845781437374
20,CC-discharge,2,145.45454545454547,177134.45574627994,3.814649592659289,-27.263836618115,-27.263836618115,26975.801427062346,21201.479324415443,6.083053480076551e-09,3.814649592659289,1.1015691562874748
20,CC-discharge,3,218.1818181818182,177207.1830190072,3.799458798802597,-27.263836618115,-27.263836618115,27393.528175809824,20748.02398108889,6.083053480076551e-09,3.799458798802597,1.652353734431212
20,CC-discharge,4,290.90909090909093,177279.91029173447,3.785105443060985,-27.263836618115,-27.263836618115,27811.225718222162,20294.568590250306,6.083053480076551e-09,3.785105443060985,2.2031383125749495
20,CC-discharge,5,363.6363636363637,177352.63756446174,3.7714268238407884,-27.263836618115,-27.263836618115,28228.92099761977,19841.113198711468,6.083053480076551e-09,3.7714268238407884,2.753922890718687
20,CC-discharge,6,436.3636363636364,177425.36483718903,3.7583160041802763,-27.263836618115,-27.263836618115,28646.616100885563,19387.657807162406,6.083053480076551e-09,3.7583160041802763,3.304707468862424
20,CC-discharge,7,509.0909090909091,177498.0921099163,3.745678234977178,-27.263836618115,-27.263836618115,29064.311190374672,18934.20241561351,6.083053480076551e-09,3.745678234977178,3.8554920470061615
20,CC-discharge,8,581.8181818181819,177570.81938264356,3.7334566217806264,-27.263836618115,-27.263836618115,29482.006278780605,18480.747024064454,6.083053480076551e-09,3.7334566217806264,4.406276625149899
20,CC-discharge,9,654.5454545454546,177643.54665537082,3.7216034983946926,-27.263836618115,-27.263836618115,29899.7013671002,18027.291632515447,6.083053480076551e-09,3.7216034983946926,4.9570612032936365
20,CC-discharge,10,727.2727272727274,177716.27392809812,3.7100823326172265,-27.263836618115,-27.263836618115,30317.396455413844,17573.836240966055,6.083053480076551e-09,3.7100823326172265,5.507845781437374
20,CC-discharge,11,800.0000000000001,177789.00120082538,3.6988648662459593,-27.263836618115,-27.263836618115,30735.091543726783,17120.380849416637,6.083053480076551e-09,3.6988648662459593,6.0586303595811115
20,CC-discharge,12,872.7272727272727,177861.72847355265,3.687929012852709,-27.263836618115,-27.263836618115,31152.786632039508,16666.925457867437,6.083053480076551e-09,3.687929012852709,6.609414937724848
20,CC-discharge,13,945.4545454545455,177934.45574627994,3.677257278497206,-27.263836618115,-27.263836618115,31570.48172035248,16213.470066318392,6.083053480076551e-09,3.677257278497206,7.160199515868586
20,CC-discharge,14,1018.1818181818182,178007.1830190072,3.666835546928748,-27.263836618115,-27.263836618115,31988.176808665175,15760.014674769654,6.083053480076551e-09,3.666835546928748,7.710984094012323
20,CC-discharge,15,1090.909090909091,178079.91029173447,3.656652118348807,-27.263836618115,-27.263836618115,32405.871896978544,15306.559283220276,6.083053480076551e-09,3.656652118348807,8.26176867215606
20,CC-discharge,16,1163.6363636363637,178152.63756446174,3.646696923141485,-27.263836618115,-27.263836618115,32823.56698529105,14853.103891670798,6.083053480076551e-09,3.646696923141485,8.812553250299798
20,CC-discharge,17,1236.3636363636365,178225.36483718903,3.6369608518552754,-27.263836618115,-27.263836618115,33241.26207360392,14399.648500121359,6.083053480076551e-09,3.6369608518552754,9.363337828443536
20,CC-discharge,18,1309.0909090909092,178298.0921099163,3.627435156066252,-27.263836618115,-27.263836618115,33658.95716191671,13946.193108572466,6.083053480076551e-09,3.627435156066252,9.914122406587273
20,CC-discharge,19,1381.818181818182,178370.81938264356,3.6181108829536393,-27.263836618115,-27.263836618115,34076.65225022933,13492.737717023083,6.083053480076551e-09,3.6181108829536393,10.46490698473101
20,CC-discharge,20,1454.5454545454547,178443.54665537082,3.608978311094997,-27.263836618115,-27.263836618115,34494.347338541666,13039.282325474036,6.083053480076551e-09,3.608978311094997,11.015691562874748
20,CC-discharge,21,1527.2727272727275,178516.27392809812,3.6000263580440195,-27.263836618115,-27.263836618115,34912.04242685424,12585.826933925178,6.083053480076551e-09,3.6000263580440195,11.566476141018486
20,CC-discharge,22,1600.0000000000002,178589.00120082538,3.591241922944331,-27.263836618115,-27.263836618115,35329.73751516698,12132.371542375915,6.083053480076551e-09,3.591241922944331,12.117260719162223
20,CC-discharge,23,1672.727272727273,178661.72847355265,3.582608630437299,-27.263836618115,-27.263836618115,35747.43260347956,11678.916150826557,6.083053480076551e-09,3.582608630437299,12.66804529730596
20,CC-discharge,24,1745.4545454545455,178734.45574627994,3.5741082791295264,-27.263836618115,-27.263836618115,36165.12769179204,11225.460759277015,6.083053480076551e-09,3.5741082791295264,13.218829875449696
20,CC-discharge,25,1818.1818181818182,178807.1830190072,3.5657158107545057,-27.263836618115,-27.263836618115,36582.82278010499,10772.005367727925,6.083053480076551e-09,3.5657158107545057,13.769614453593434
20,CC-discharge,26,1890.909090909091,178879.91029173447,3.55740108792198,-27.263836618115,-27.263836618115,37000.51786841785,10318.549976178752,6.083053480076551e-09,3.55740108792198,14.320399031737171
20,CC-discharge,27,1963.6363636363637,178952.63756446174,3.5491265055484846,-27.263836618115,-27.263836618115,37418.21295673106,9865.09458462947,6.083053480076551e-09,3.5491265055484846,14.871183609880909
20,CC-discharge,28,2036.3636363636365,179025.36483718903,3.540845072513659,-27.263836618115,-27.263836618115,37835.90804504401,9411.639193080235,6.083053480076551e-09,3.540845072513659,15.421968188024646
20,CC-discharge,29,2109.0909090909095,179098.0921099163,3.5324979975325377,-27.263836618115,-27.263836618115,38253.603133356715,8958.18380153104,6.083053480076551e-09,3.5324979975325377,15.972752766168385
20,CC-discharge,30,2181.818181818182,179170.81938264356,3.5240118381761603,-27.263836618115,-27.263836618115,38671.29822166954,8504.728409981792,6.083053480076551e-09,3.5240118381761603,16.52353734431212
20,CC-discharge,31,2254.545454545455,179243.54665537082,3.515295559205295,-27.263836618115,-27.263836618115,39088.993309982296,8051.273018432659,6.083053480076551e-09,3.515295559205295,17.07432192245586
20,CC-discharge,32,2327.2727272727275,179316.27392809812,3.5062333022328875,-27.263836618115,-27.263836618115,39506.688398295046,7597.817626883514,6.083053480076551e-09,3.5062333022328875,17.625106500599596
20,CC-discharge,33,2400.0,179389.00120082538,3.49668411997994,-27.263836618115,-27.263836618115,39924.38348660725,7144.362235334089,6.083053480076551e-09,3.49668411997994,18.175891078743334
20,CC-discharge,34,2472.727272727273,179461.72847355265,3.486471322565755,-27.263836618115,-27.263836618115,40342.07857492033,6690.906843785038,6.083053480076551e-09,3.486471322565755,18.726675656887075
20,CC-discharge,35,2545.4545454545455,179534.45574627994,3.4753755786347975,-27.263836618115,-27.263836618115,40759.77366323306,6237.451452235984,6.083053480076551e-09,3.4753755786347975,19.277460235030812
20,CC-discharge,36,2618.1818181818185,179607.1830190072,3.463125754771162,-27.263836618115,-27.263836618115,41177.468751546076,5783.996060686874,6.083053480076551e-09,3.463125754771162,19.82824481317455
20,CC-discharge,37,2690.909090909091,179679.91029173447,3.449387384308721,-27.263836618115,-27.263836618115,41595.16383985858,5330.540669137746,6.083053480076551e-09,3.449387384308721,20.379029391318287
20,CC-discharge,38,2763.636363636364,179752.63756446174,3.433749483304985,-27.263836618115,-27.263836618115,42012.85892817153,4877.085277588734,6.083053480076551e-09,3.433749483304985,20.929813969462025
20,CC-discharge,39,2836.3636363636365,179825.36483718903,3.415709653671798,-27.263836618115,-27.263836618115,42430.55401648426,4423.629886039634,6.083053480076551e-09,3.415709653671798,21.480598547605762
20,CC-discharge,40,2909.0909090909095,179898.0921099163,3.3946580456288253,-27.263836618115,-27.263836618115,42848.249104796596,3970.1744944905126,6.083053480076551e-09,3.3946580456288253,22.0313831257495
20,CC-discharge,41,2981.818181818182,179970.81938264356,3.3698609878864114,-27.263836618115,-27.263836618115,43265.9441931096,3516.719102941439,6.083053480076551e-09,3.3698609878864114,22.582167703893237
20,CC-discharge,42,3054.545454545455,180043.54665537082,3.340447573902996,-27.263836618115,-27.263836618115,43683.63928142293,3063.2637113923774,6.083053480076551e-09,3.340447573902996,23.132952282036975
20,CC-discharge,43,3127.2727272727275,180116.27392809812,3.3053888233773008,-27.263836618115,-27.263836618115,44101.334369736396,2609.808319843354,6.083053480076551e-09,3.3053888233773008,23.683736860180712
20,CC-discharge,44,3200.0000000000005,180189.00120082538,3.2634678368758427,-27.263836618115,-27.263836618115,44519.029458048986,2156.352928294274,6.083053480076551e-09,3.2634678368758427,24.23452143832445
20,CC-discharge,45,3272.727272727273,180261.72847355265,3.2130352679785603,-27.263836618115,-27.263836618115,44936.724546362064,1702.8975367452265,6.083053480076551e-09,3.2130352679785603,24.785306016468187
20,CC-discharge,46,3345.454545454546,180334.45574627994,3.1504213181952525,-27.263836618115,-27.263836618115,45354.41963467389,1249.4421451961498,6.083053480076551e-09,3.1504213181952525,25.336090594611925
20,CC-discharge,47,3418.1818181818185,180407.1830190072,3.05602702509348,-27.263836618115,-27.263836618115,45772.114722987215,795.9867536471113,6.083053480076551e-09,3.05602702509348,25.886875172755662
20,CC-discharge,48,3442.03926487092,180431.0404656963,3.0000100000000005,-27.263836618115,-27.263836618115,45909.135374635596,647.235295987829,6.083053480076551e-09,3.0000100000000005,26.067554486271508
20,CC-charge,0,3442.03926487092,180431.0404656963,3.7161633243080057,27.263836618115,27.263836618115,45909.135374635596,647.235295987829,6.083053480076551e-09,3.7161633243080057,0.0
20,CC-charge,1,3514.7665375981924,180503.76773842357,3.822129940299745,27.263836618115,27.263836618115,45344.02042131558,1181.732410224503,6.083064997480894e-09,3.822129940299745,-0.0
20,CC-charge,2,3587.4938103254653,180576.49501115087,3.868449691567164,27.263836618115,27.263836618115,44924.43156207639,1635.2135381405035,6.0830968001872506e-09,3.868449691567164,-0.0
20,CC-charge,3,3660.221083052738,180649.22228387813,3.9058632610070316,27.263836618115,27.263836618115,44506.69909306402,2088.6665829330022,6.083162777197603e-09,3.9058632610070316,-0.0
20,CC-charge,4,3732.948355780011,180721.9495566054,3.937136160435233,27.263836618115,27.263836618115,44089.00350678815,2542.117884677385,6.083282373871845e-09,3.937136160435233,-0.0
20,CC-charge,5,3805.6756285072834,180794.67682933266,3.96319793391609,27.263836618115,27.263836618115,43671.30841337585,2995.5667489898788,6.083476125375862e-09,3.96319793391609,-0.0
20,CC-charge,6,3878.4029012345563,180867.40410205995,3.9848182376428936,27.263836618115,27.263836618115,43253.61332512719,3449.0126104598107,6.083762865170127e-09,3.9848182376428936,-0.0
20,CC-charge,7,3951.130173961829,180940.13137478722,4.002736815110987,27.263836618115,27.263836618115,42835.918236815276,3902.4551098694737,6.084155360893465e-09,4.002736815110987,-0.0
20,CC-charge,8,4023.857446689102,181012.85864751448,4.017636279279452,27.263836618115,27.263836618115,42418.22314850126,4355.894146371192,6.084658264345868e-09,4.017636279279452,-0.0
20,CC-charge,9,4096.584719416374,181085.58592024175,4.030120238338314,27.263836618115,27.263836618115,42000.52806018744,4809.329849820976,6.0852686737444635e-09,4.030120238338314,-0.0
20,CC-charge,10,4169.311992143647,181158.31319296904,4.0407040719053215,27.263836618115,27.263836618115,41582.83297187395,5262.762520829776,6.0859778577046425e-09,4.0407040719053215,-0.0
20,CC-charge,11,4242.03926487092,181231.0404656963,4.04982087197124,27.263836618115,27.263836618115,41165.13788356079,5716.1925588529875,6.086773520470027e-09,4.04982087197124,-0.0
20,CC-charge,12,4314.766537598192,181303.76773842357,4.057827941470513,27.263836618115,27.263836618115,40747.44279524752,6169.620397572737,6.087641923958394e-09,4.057827941470513,-0.0
20,CC-charge,13,4387.493810325465,181376.49501115087,4.065017726813716,27.263836618115,27.263836618115,40329.74770693411,6623.046456351312,6.0885695390957404e-09,4.065017726813716,-0.0
20,CC-charge,14,4460.221083052738,181449.22228387813,4.07162747438886,27.263836618115,27.263836618115,39912.05261862046,7076.471110275449,6.089544104360278e-09,4.07162747438886,-0.0
20,CC-charge,15,4532.94835578001,181521.9495566054,4.077848512041184,27.263836618115,27.263836618115,39494.357530307454,7529.894675082199,6.0905551882155774e-09,4.077848512041184,-0.0
20,CC-charge,16,4605.675628507283,181594.67682933266,4.083834231353097,27.263836618115,27.263836618115,39076.66244199408,7983.317404215002,6.091594337611379e-09,4.083834231353097,-0.0
20,CC-charge,17,4678.402901234556,181667.40410205995,4.089707568434861,27.263836618115,27.263836618115,38658.96735368061,8436.739490218546,6.092655067679876e-09,4.089707568434861,-0.0
20,CC-charge,18,4751.130173961829,181740.13137478722,4.095565747669151,27.263836618115,27.263836618115,38241.27226536721,8890.161043486718,6.093733561934748e-09,4.095565747669151,-0.0
20,CC-charge,19,4823.857446689102,181812.85864751448,4.101486208196235,27.263836618115,27.263836618115,37823.577177053834,9343.582193738903,6.094825415525696e-09,4.101486208196235,-0.0
20,CC-charge,20,4896.584719416374,181885.58592024175,4.1075298839257774,27.263836618115,27.263836618115,37405.88208874026,9797.002994820436,6.095928708869925e-09,4.1075298839257774,-0.0
20,CC-charge,21,4969.311992143647,181958.31319296904,4.113744418970325,27.263836618115,27.263836618115,36988.18700042662,10250.423462432092,6.097042773304116e-09,4.113744418970325,-0.0
20,CC-charge,22,5042.03926487092,182031.0404656963,4.120168486191252,27.263836618115,27.263836618115,36570.49191211322,10703.84360581236,6.098167178828405e-09,4.120168486191252,-0.0
20,CC-charge,23,5114.766537598192,182103.76773842357,4.126830693858704,27.263836618115,27.263836618115,36152.79682379976,11157.263405480704,6.099302441755466e-09,4.126830693858704,-0.0
20,CC-charge,24,5187.493810325465,182176.49501115087,4.1337539654070055,27.263836618115,27.263836618115,35735.10173548596,11610.682825005204,6.100449639725834e-09,4.1337539654070055,-0.0
20,CC-charge,25,5260.221083052738,182249.22228387813,4.1409562531557,27.263836618115,27.263836618115,35317.40664717277,12064.10181702222,6.101610216992283e-09,4.1409562531557,-0.0
20,CC-charge,26,5332.94835578001,182321.9495566054,4.1484516823278215,27.263836618115,27.263836618115,34899.71155885924,12517.520323255703,6.1027859779210445e-09,4.1484516823278215,-0.0
20,CC-charge,27,5405.675628507283,182394.67682933266,4.156251515721112,27.263836618115,27.263836618115,34482.01647054552,12970.93827655561,6.103979019145774e-09,4.156251515721112,-0.0
20,CC-charge,28,5478.402901234556,182467.40410205995,4.164366842914104,27.263836618115,27.263836618115,34064.32138223222,13424.355599091277,6.1051917831255e-09,4.164366842914104,-0.0
20,CC-charge,29,5551.130173961829,182540.13137478722,4.172802324658789,27.263836618115,27.263836618115,33646.62629391878,13877.772252087138,6.106425474394732e-09,4.172802324658789,-0.0
20,CC-charge,30,5623.857446689102,182612.85864751448,4.181566327781968,27.263836618115,27.263836618115,33228.93120560534,14331.188106589318,6.107684168601947e-09,4.181566327781968,-0.0
20,CC-charge,31,5696.584719416374,182685.58592024175,4.190665672747166,27.263836618115,27.263836618115,32811.236117292196,14784.603069727369,6.1089707981152955e-09,4.190665672747166,-0.0
20,CC-charge,32,5768.420136020286,182757.42133684567,4.199990000000001,27.263836618115,27.263836618115,32398.663232908817,15232.45677467188,6.110273683174143e-09,4.199990000000001,-0.0
20,CV-charge,0,5768.420136020286,182757.42133684567,4.2,27.288278647512648,27.288278647512648,32398.663232908817,15232.45677467188,6.110273683174143e-09,4.2,0.0
20,CV-charge,1,5841.147408747559,182830.14860957293,4.2,24.226469170596946,24.226469170596946,31876.462691097222,15727.718916574084,6.111536279437688e-09,4.2,-0.0
20,CV-charge,2,5913.874681474831,182902.87588230023,4.199999999999999,22.289967735344888,22.289967735344888,31529.604351378428,16108.253085678396,6.112720645574568e-09,4.199999999999999,-0.0
20,CV-charge,3,5986.601954202104,182975.6031550275,4.199999999999999,20.596672508093896,20.596672508093896,31211.09933191914,16459.14553729441,6.113839941624689e-09,4.199999999999999,-0.0
20,CV-charge,4,6059.329226929377,183048.33042775476,4.2,19.09920155867865,19.09920155867865,30915.67307549452,16784.420081578304,6.1149024055580805e-09,4.2,-0.0
20,CV-charge,5,6132.05649965665,183121.05770048202,4.200000000000001,17.76900187490257,17.76900187490257,30640.939725793083,17086.71436934642,6.115913290256704e-09,4.200000000000001,-0.0
20,CV-charge,6,6204.783772383922,183193.78497320932,4.2,16.58155007577483,16.58155007577483,30384.67400770246,17368.51992878161,6.11687761167571e-09,4.2,-0.0
20,CV-charge,7,6277.511045111195,183266.51224593658,4.200000000000001,15.51652326096652,15.51652326096652,30144.959794463586,17631.98023341153,6.117799701359014e-09,4.200000000000001,-0.0
20,CV-charge,8,6350.238317838468,183339.23951866385,4.2,14.557064161577962,14.557064161577962,29920.147778590235,17878.938174695802,6.118683302319772e-09,4.2,-0.0
20,CV-charge,9,6422.965590565741,183411.9667913911,4.2,13.689089938312717,13.689089938312717,29708.80969274397,18110.98797450544,6.119531672132378e-09,4.2,-0.0
20,CV-charge,10,6495.692863293013,183484.6940641184,4.2,12.90078787886935,12.90078787886935,29509.703314723833,18329.514789965764,6.1203476605784526e-09,4.2,-0.0
20,CV-charge,11,6568.420136020286,183557.42133684567,4.199999999999999,12.182202824805614,12.182202824805614,29321.744418712533,18535.72644101355,6.1211337712070815e-09,4.199999999999999,-0.0
20,CV-charge,12,6641.147408747559,183630.14860957293,4.2,11.524848114998424,11.524848114998424,29143.968951950817,18730.695777947883,6.121892249596008e-09,4.2,-0.0
20,CV-charge,13,6713.874681474832,183702.87588230023,4.199999999999999,10.921570180769027,10.921570180769027,28975.54508364097,18915.347864126798,6.1226250410814686e-09,4.199999999999999,-0.0
20,CV-charge,14,6786.601954202104,183775.6031550275,4.199999999999999,10.366208556889838,10.366208556889838,28815.72675206391,19090.511648587806,6.1233339073914024e-09,4.199999999999999,-0.0
20,CV-charge,15,6859.329226929377,183848.33042775476,4.2,9.853467997233425,9.853467997233425,28663.85086846692,19256.923281372106,6.124020426788895e-09,4.2,-0.0
20,CV-charge,16,6932.05649965665,183921.05770048202,4.199999999999999,9.378376283782464,9.378376283782464,28519.201001466427,19415.375869579057,6.12468636844638e-09,4.199999999999999,-0.0
20,CV-charge,17,7004.783772383922,183993.78497320932,4.2,8.937399087215846,8.937399087215846,28381.37418651771,19566.31757284086,6.125332664811616e-09,4.2,-0.0
20,CV-charge,18,7077.511045111195,184066.51224593658,4.2,8.527087626487953,8.527087626487953,28249.893988974174,19710.27629024281,6.1259604802665936e-09,4.2,-0.0
20,CV-charge,19,7150.238317838468,184139.23951866385,4.199999999999998,8.144424330328983,8.144424330328983,28124.330808929317,19847.72763815596,6.126570874110033e-09,4.199999999999998,-0.0
20,CV-charge,20,7222.965590565741,184211.9667913911,4.200000000000001,7.786764591030094,7.786764591030094,28004.2963255242,19979.101274659213,6.1271648127799666e-09,4.200000000000001,-0.0
20,CV-charge,21,7295.692863293014,184284.6940641184,4.199999999999999,7.451781734174569,7.451781734174569,27889.438511709937,20104.786476810783,6.1277431806912425e-09,4.199999999999999,-0.0
20,CV-charge,22,7368.420136020286,184357.42133684567,4.200000000000001,7.137422008114171,7.137422008114171,27779.437359725354,20225.136920965364,6.128306789557638e-09,4.200000000000001,-0.0
20,CV-charge,23,7441.147408747559,184430.14860957293,4.2,6.841870115374898,6.841870115374898,27674.00238210387,20340.473495043054,6.128856383405638e-09,4.2,-0.0
20,CV-charge,24,7513.874681474832,184502.87588230023,4.200000000000001,6.563510254192035,6.563510254192035,27572.86691415832,20451.090624485965,6.129392651991213e-09,4.200000000000001,-0.0
20,CV-charge,25,7586.601954202104,184575.6031550275,4.2,6.3009033487873545,6.3009033487873545,27475.78675724017,20557.257797720762,6.129916233292326e-09,4.2,-0.0
20,CV-charge,26,7659.329226929377,184648.33042775476,4.200000000000001,6.052764010828176,6.052764010828176,27382.537702833964,20659.222329477387,6.130427719012588e-09,4.200000000000001,-0.0
20,CV-charge,27,7732.05649965665,184721.05770048202,4.199999999999999,5.817941110061781,5.817941110061781,27292.91344041833,20757.211692785637,6.130927659224345e-09,4.199999999999999,-0.0
20,CV-charge,28,7804.783772383922,184793.78497320932,4.200000000000001,5.595401158919312,5.595401158919312,27206.723723239033,20851.43556144099,6.131416566450201e-09,4.200000000000001,-0.0
20,CV-charge,29,7877.511045111196,184866.51224593658,4.2,5.3842140588677685,5.3842140588677685,27123.792756972693,20942.087603199863,6.131894919261444e-09,4.2,-0.0
20,CV-charge,30,7950.238317838468,184939.23951866385,4.200000000000001,5.183540832207818,5.183540832207818,27043.957780084387,21029.34705871431,6.132363165459374e-09,4.200000000000001,-0.0
20,CV-charge,31,8022.965590565741,185011.9667913911,4.2,4.992623029017017,4.992623029017017,26967.06780964116,21113.38013566968,6.13282172489531e-09,4.2,-0.0
20,CV-charge,32,8095.692863293014,185084.6940641184,4.2,4.810773552270265,4.810773552270265,26892.982530382305,21194.34124300719,6.1332709919765554e-09,4.2,-0.0
20,CV-charge,33,8168.420136020286,185157.42133684567,4.199999999999999,4.6373686875343,4.6373686875343,26821.571308189483,21272.37408638676,6.133711337898537e-09,4.199999999999999,-0.0
20,CV-charge,34,8241.147408747558,185230.14860957293,4.2,4.471841159093206,4.471841159093206,26752.71231189736,21347.61264285273,6.134143112637478e-09,4.2,-0.0
20,CV-charge,35,8313.874681474832,185302.87588230023,4.199999999999999,4.313674063399077,4.313674063399077,26686.29172972803,21420.18203008082,6.134566646733016e-09,4.199999999999999,-0.0
20,CV-charge,36,8386.601954202104,185375.6031550275,4.200000000000001,4.162395554660965,4.162395554660965,26622.203068587754,21490.19928334511,6.13498225288612e-09,4.200000000000001,-0.0
20,CV-charge,37,8459.329226929378,185448.33042775476,4.2,4.017574177086919,4.017574177086919,26560.346526116813,21557.77405151514,6.135390227394079e-09,4.2,-0.0
20,CV-charge,38,8532.05649965665,185521.05770048202,4.200000000000001,3.8788147546991096,3.8788147546991096,26500.62842679045,21623.00922180302,6.1357908514414894e-09,4.200000000000001,-0.0
20,CV-charge,39,8604.783772383922,185593.78497320932,4.2,3.7457547631599297,3.7457547631599297,26442.960714531335,21686.00148167422,6.136184392263607e-09,4.2,-0.0
20,CV-charge,40,8677.511045111196,185666.51224593658,4.200000000000001,3.618061119438567,3.618061119438567,26387.260495319828,21746.841825207423,6.136571104196342e-09,4.200000000000001,-0.0
20,CV-charge,41,8750.238317838468,185739.23951866385,4.2,3.495427334587488,3.495427334587488,26333.449624126726,21805.616010208014,6.136951229625369e-09,4.2,-0.0
20,CV-charge,42,8822.965590565742,185811.9667913911,4.199999999999999,3.377570982874893,3.377570982874893,26281.454331240086,21862.404971597432,6.137324999845219e-09,4.199999999999999,-0.0
20,CV-charge,43,8895.692863293014,185884.6940641184,4.2,3.264231447190543,3.264231447190543,26231.204883670096,21917.285195868528,6.1376926358379695e-09,4.2,-0.0
20,CV-charge,44,8968.420136020286,185957.42133684567,4.199999999999999,3.1551679062988907,3.1551679062988907,26182.63527786272,21970.329060813747,6.1380543489799515e-09,4.199999999999999,-0.0
20,CV-charge,45,9041.147408747558,186030.14860957293,4.2,3.050157534302537,3.050157534302537,26135.6829604135,22021.60514419952,6.1384103416838944e-09,4.2,-0.0
20,CV-charge,46,9113.874681474832,186102.87588230023,4.199999999999999,2.948993886729363,2.948993886729363,26090.288573878788,22071.17850463127,6.138760807983124e-09,4.199999999999999,-0.0
20,CV-charge,47,9186.601954202104,186175.6031550275,4.2,2.8514854510757695,2.8514854510757695,26046.395725108137,22119.11093746152,6.1391059340636254e-09,4.2,-0.0
20,CV-charge,48,9259.329226929378,186248.33042775476,4.200000000000001,2.7574543426522324,2.7574543426522324,26003.95077385275,22165.461208250457,6.139445898749198e-09,4.200000000000001,-0.0
20,CV-charge,49,9283.987366165156,186272.98856699053,4.199999999999998,2.7263936618115,2.7263936618115,25989.9068305951,22180.79710356939,6.139559924671423e-09,4.199999999999998,-0.0
21,CC-discharge,0,0.0,186272.98856699053,3.8550855039806113,-27.263836618115,-27.263836618115,25989.9068305951,22180.79710356939,6.139559924671423e-09,3.8550855039806113,0.0
21,CC-discharge,1,72.72727272727273,186345.7158397178,3.8309585415383456,-27.263836618115,-27.263836618115,26555.02646129209,21646.297314953583,6.139559924671423e-09,3.8309585415383456,0.5507845781437374
21,CC-discharge,2,145.45454545454547,186418.4431124451,3.81465980477806,-27.263836618115,-27.263836618115,26974.61418866269,21192.817264952417,6.139559924671423e-09,3.81465980477806,1.1015691562874748
21,CC-discharge,3,218.1818181818182,186491.17038517236,3.799465958343233,-27.263836618115,-27.263836618115,27392.340952105038,20739.361921518037,6.139559924671423e-09,3.799465958343233,1.652353734431212
21,CC-discharge,4,290.90909090909093,186563.89765789962,3.785110208897117,-27.263836618115,-27.263836618115,27810.038496000136,20285.906530678305,6.139559924671423e-09,3.785110208897117,2.2031383125749495
21,CC-discharge,5,363.6363636363637,186636.6249306269,3.771429667450149,-27.263836618115,-27.263836618115,28227.733775541295,19832.451139139896,6.139559924671423e-09,3.771429667450149,2.753922890718687
21,CC-discharge,6,436.3636363636364,186709.35220335418,3.758317307995087,-27.263836618115,-27.263836618115,28645.428878819544,19378.995747590936,6.139559924671423e-09,3.758317307995087,3.304707468862424
21,CC-discharge,7,509.0909090909091,186782.07947608145,3.74567826023498,-27.263836618115,-27.263836618115,29063.123968310596,18925.54035604131,6.139559924671423e-09,3.74567826023498,3.8554920470061615
21,CC-discharge,8,581.8181818181819,186854.8067488087,3.7334555922526707,-27.263836618115,-27.263836618115,29480.8190567165,18472.084964492005,6.139559924671423e-09,3.7334555922526707,4.406276625149899
21,CC-discharge,9,654.5454545454546,186927.53402153598,3.7216015924198635,-27.263836618115,-27.263836618115,29898.514145036428,18018.629572942576,6.139559924671423e-09,3.7216015924198635,4.9570612032936365
21,CC-discharge,10,727.2727272727274,187000.26129426327,3.7100796929709707,-27.263836618115,-27.263836618115,30316.209233349637,17565.174181393388,6.139559924671423e-09,3.7100796929709707,5.507845781437374
21,CC-discharge,11,800.0000000000001,187072.98856699053,3.6988616070575504,-27.263836618115,-27.263836618115,30733.90432166248,17111.718789843715,6.139559924671423e-09,3.6988616070575504,6.0586303595811115
21,CC-discharge,12,872.7272727272727,187145.7158397178,3.687925224365915,-27.263836618115,-27.263836618115,31151.599409975337,16658.263398294293,6.139559924671423e-09,3.687925224365915,6.609414937724848
21,CC-discharge,13,945.4545454545455,187218.4431124451,3.677253030180169,-27.263836618115,-27.263836618115,31569.294498287843,16204.80800674488,6.139559924671423e-09,3.677253030180169,7.160199515868586
21,CC-discharge,14,1018.1818181818182,187291.17038517236,3.666830889247322,-27.263836618115,-27.263836618115,31986.989586600524,15751.352615194888,6.139559924671423e-09,3.666830889247322,7.710984094012323
21,CC-discharge,15,1090.909090909091,187363.89765789962,3.6566470833807583,-27.263836618115,-27.263836618115,32404.68467491337,15297.8972236458,6.139559924671423e-09,3.6566470833807583,8.26176867215606
21,CC-discharge,16,1163.6363636363637,187436.6249306269,3.646691524112186,-27.263836618115,-27.263836618115,32822.37976322644,14844.441832096478,6.139559924671423e-09,3.646691524112186,8.812553250299798
21,CC-discharge,17,1236.3636363636365,187509.35220335418,3.636955081593686,-27.263836618115,-27.263836618115,33240.07485153885,14390.98644054775,6.139559924671423e-09,3.636955081593686,9.363337828443536
21,CC-discharge,18,1309.0909090909092,187582.07947608145,3.6274289843093657,-27.263836618115,-27.263836618115,33657.7699398518,13937.5310489989,6.139559924671423e-09,3.6274289843093657,9.914122406587273
21,CC-discharge,19,1381.818181818182,187654.8067488087,3.6181042523603195,-27.263836618115,-27.263836618115,34075.4650281644,13484.075657449665,6.139559924671423e-09,3.6181042523603195,10.46490698473101
21,CC-discharge,20,1454.5454545454547,187727.53402153598,3.6089711317590476,-27.263836618115,-27.263836618115,34493.16011647711,13030.620265900123,6.139559924671423e-09,3.6089711317590476,11.015691562874748
21,CC-discharge,21,1527.2727272727275,187800.26129426327,3.600018500225316,-27.263836618115,-27.263836618115,34910.85520478972,12577.164874350628,6.139559924671423e-09,3.600018500225316,11.566476141018486
21,CC-discharge,22,1600.0000000000002,187872.98856699053,3.591233207610214,-27.263836618115,-27.263836618115,35328.55029310265,12123.709482801662,6.139559924671423e-09,3.591233207610214,12.117260719162223
21,CC-discharge,23,1672.727272727273,187945.7158397178,3.582598822851481,-27.263836618115,-27.263836618115,35746.2453814155,11670.254091252644,6.139559924671423e-09,3.582598822851481,12.66804529730596
21,CC-discharge,24,1745.4545454545455,188018.4431124451,3.5740970549346134,-27.263836618115,-27.263836618115,36163.94046972797,11216.798699703808,6.139559924671423e-09,3.5740970549346134,13.218829875449696
21,CC-discharge,25,1818.1818181818182,188091.17038517236,3.565702756464848,-27.263836618115,-27.263836618115,36581.63555804127,10763.34330815507,6.139559924671423e-09,3.565702756464848,13.769614453593434
21,CC-discharge,26,1890.909090909091,188163.89765789962,3.557385670154402,-27.263836618115,-27.263836618115,36999.330646354414,10309.887916605709,6.139559924671423e-09,3.557385670154402,14.320399031737171
21,CC-discharge,27,1963.6363636363637,188236.6249306269,3.5491080409005122,-27.263836618115,-27.263836618115,37417.02573466706,9856.432525056342,6.139559924671423e-09,3.5491080409005122,14.871183609880909
21,CC-discharge,28,2036.3636363636365,188309.35220335418,3.5408226881845044,-27.263836618115,-27.263836618115,37834.720822980125,9402.977133507098,6.139559924671423e-09,3.5408226881845044,15.421968188024646
21,CC-discharge,29,2109.0909090909095,188382.07947608145,3.532470583954165,-27.263836618115,-27.263836618115,38252.415911292876,8949.521741957999,6.139559924671423e-09,3.532470583954165,15.972752766168385
21,CC-discharge,30,2181.818181818182,188454.8067488087,3.5239779908699753,-27.263836618115,-27.263836618115,38670.11099960579,8496.06635040898,6.139559924671423e-09,3.5239779908699753,16.52353734431212
21,CC-discharge,31,2254.545454545455,188527.53402153598,3.515253499150023,-27.263836618115,-27.263836618115,39087.806087918165,8042.610958859755,6.139559924671423e-09,3.515253499150023,17.07432192245586
21,CC-discharge,32,2327.2727272727275,188600.26129426327,3.506180806555634,-27.263836618115,-27.263836618115,39505.50117623092,7589.155567310499,6.139559924671423e-09,3.506180806555634,17.625106500599596
21,CC-discharge,33,2400.0,188672.98856699053,3.496618401855905,-27.263836618115,-27.263836618115,39923.196264543585,7135.700175761373,6.139559924671423e-09,3.496618401855905,18.175891078743334
21,CC-discharge,34,2472.727272727273,188745.7158397178,3.4863888781097176,-27.263836618115,-27.263836618115,40340.89135285625,6682.24478421233,6.139559924671423e-09,3.4863888781097176,18.726675656887075
21,CC-discharge,35,2545.4545454545455,188818.4431124451,3.475272050105906,-27.263836618115,-27.263836618115,40758.5864411691,6228.7893926634,6.139559924671423e-09,3.475272050105906,19.277460235030812
21,CC-discharge,36,2618.1818181818185,188891.17038517236,3.4629957298095304,-27.263836618115,-27.263836618115,41176.28152948218,5775.334001114411,6.139559924671423e-09,3.4629957298095304,19.82824481317455
21,CC-discharge,37,2690.909090909091,188963.89765789962,3.449224169457923,-27.263836618115,-27.263836618115,41593.976617794724,5321.878609565261,6.139559924671423e-09,3.449224169457923,20.379029391318287
21,CC-discharge,38,2763.636363636364,189036.6249306269,3.4335448445858368,-27.263836618115,-27.263836618115,42011.67170610714,4868.423218016165,6.139559924671423e-09,3.4335448445858368,20.929813969462025
21,CC-discharge,39,2836.3636363636365,189109.35220335418,3.41545353068844,-27.263836618115,-27.263836618115,42429.36679442004,4414.9678264671065,6.139559924671423e-09,3.41545353068844,21.480598547605762
21,CC-discharge,40,2909.0909090909095,189182.07947608145,3.394338250758813,-27.263836618115,-27.263836618115,42847.0618827335,3961.5124349180273,6.139559924671423e-09,3.394338250758813,22.0313831257495
21,CC-discharge,41,2981.818181818182,189254.8067488087,3.3694629461049797,-27.263836618115,-27.263836618115,43264.7569710465,3508.0570433689413,6.139559924671423e-09,3.3694629461049797,22.582167703893237
21,CC-discharge,42,3054.545454545455,189327.53402153598,3.3399540992835433,-27.263836618115,-27.263836618115,43682.45205935963,3054.601651819897,6.139559924671423e-09,3.3399540992835433,23.132952282036975
21,CC-discharge,43,3127.2727272727275,189400.26129426327,3.3047796213039913,-27.263836618115,-27.263836618115,44100.147147671974,2601.146260270792,6.139559924671423e-09,3.3047796213039913,23.683736860180712
21,CC-discharge,44,3200.0000000000005,189472.98856699053,3.262718233108505,-27.263836618115,-27.263836618115,44517.84223598441,2147.6908687217433,6.139559924671423e-09,3.262718233108505,24.23452143832445
21,CC-discharge,45,3272.727272727273,189545.7158397178,3.2121059728158947,-27.263836618115,-27.263836618115,44935.53732429693,1694.2354771727046,6.139559924671423e-09,3.2121059728158947,24.785306016468187
21,CC-discharge,46,3345.454545454546,189618.4431124451,3.1491862218643676,-27.263836618115,-27.263836618115,45353.23241260975,1240.7800856236947,6.139559924671423e-09,3.1491862218643676,25.336090594611925
21,CC-discharge,47,3418.1818181818185,189691.17038517236,3.053548115125219,-27.263836618115,-27.263836618115,45770.92750092296,787.3246940746507,6.139559924671423e-09,3.053548115125219,25.886875172755662
21,CC-discharge,48,3440.703041394559,189713.6916083851,3.0000100000000005,-27.263836618115,-27.263836618115,45900.27381030567,646.9046053358236,6.139559924671423e-09,3.0000100000000005,26.057434881120177
21,CC-charge,0,3440.703041394559,189713.6916083851,3.7161262171150957,27.263836618115,27.263836618115,45900.27381030567,646.9046053358236,6.139559924671423e-09,3.7161262171150957,0.0
21,CC-charge,1,3513.4303141218315,189786.41888111236,3.8221758081738324,27.263836618115,27.263836618115,45335.15885708937,1181.401719972405,6.1395714310687265e-09,3.8221758081738324,-0.0
21,CC-charge,2,3586.1575868491045,189859.14615383965,3.868501810900755,27.263836618115,27.263836618115,44915.57001313663,1634.88284837675,6.139603214814812e-09,3.868501810900755,-0.0
21,CC-charge,3,3658.884859576377,189931.87342656692,3.905918711037177,27.263836618115,27.263836618115,44497.837528977245,2088.335894414939,6.139669160344111e-09,3.905918711037177,-0.0
21,CC-charge,4,3731.61213230365,190004.60069929418,3.9371951098684197,27.263836618115,27.263836618115,44080.14194246135,2541.787197714787,6.139788710075094e-09,3.9371951098684197,-0.0
21,CC-charge,5,3804.3394050309225,190077.32797202145,3.9632606688854093,27.263836618115,27.263836618115,43662.44684904575,2995.236064034389,6.139982399964168e-09,3.9632606688854093,-0.0
21,CC-charge,6,3877.0666777581955,190150.05524474874,3.984884906365508,27.263836618115,27.263836618115,43244.751760798055,3448.681927856761,6.1402690663217505e-09,3.984884906365508,-0.0
21,CC-charge,7,3949.793950485468,190222.782517476,4.002807470648992,27.263836618115,27.263836618115,42827.05667248582,3902.1244297858434,6.140661482233946e-09,4.002807470648992,-0.0
21,CC-charge,8,4022.521223212741,190295.50979020327,4.017710929913206,27.263836618115,27.263836618115,42409.361584171784,4355.563468790817,6.141164305383724e-09,4.017710929913206,-0.0
21,CC-charge,9,4095.2484959400135,190368.23706293054,4.030198876481632,27.263836618115,27.263836618115,41991.66649585829,4808.999174578094,6.141774638993131e-09,4.030198876481632,-0.0
21,CC-charge,10,4167.9757686672865,190440.96433565783,4.04078669226684,27.263836618115,27.263836618115,41573.97140754489,5262.431847661094,6.14248375508876e-09,4.04078669226684,-0.0
21,CC-charge,11,4240.7030413945595,190513.6916083851,4.049907476344276,27.263836618115,27.263836618115,41156.276319231394,5715.861887447219,6.143279359725479e-09,4.049907476344276,-0.0
21,CC-charge,12,4313.4303141218315,190586.41888111236,4.057918542162078,27.263836618115,27.263836618115,40738.581230918055,6169.289727614273,6.14414771519224e-09,4.057918542162078,-0.0
21,CC-charge,13,4386.1575868491045,190659.14615383965,4.065112345546005,27.263836618115,27.263836618115,40320.88614260458,6622.715787548028,6.145075291805277e-09,4.065112345546005,-0.0
21,CC-charge,14,4458.8848595763775,190731.87342656692,4.071726140973588,27.263836618115,27.263836618115,39903.19105429096,7076.140442374228,6.146049826863983e-09,4.071726140973588,-0.0
21,CC-charge,15,4531.61213230365,190804.60069929418,4.077951262520491,27.263836618115,27.263836618115,39485.49596597788,7529.564007875614,6.147060887396754e-09,4.077951262520491,-0.0
21,CC-charge,16,4604.3394050309225,190877.32797202145,4.08394110606607,27.263836618115,27.263836618115,39067.80087766474,7982.986737541604,6.1481000188897565e-09,4.08394110606607,-0.0
21,CC-charge,17,4677.0666777581955,190950.05524474874,4.089818610783214,27.263836618115,27.263836618115,38650.10578935152,8436.408823957196,6.149160735149823e-09,4.089818610783214,-0.0
21,CC-charge,18,4749.7939504854685,191022.782517476,4.09568100237851,27.263836618115,27.263836618115,38232.410701038316,8889.830377546401,6.150239218700576e-09,4.09568100237851,-0.0
21,CC-charge,19,4822.5212232127415,191095.50979020327,4.101605720450289,27.263836618115,27.263836618115,37814.71561272468,9343.251528068884,6.151331063380659e-09,4.101605720450289,-0.0
21,CC-charge,20,4895.2484959400135,191168.23706293054,4.107653698947522,27.263836618115,27.263836618115,37397.020524411324,9796.672329393561,6.152434348812017e-09,4.107653698947522,-0.0
21,CC-charge,21,4967.9757686672865,191240.96433565783,4.113872581137954,27.263836618115,27.263836618115,36979.32543609794,10250.09279723862,6.153548405760547e-09,4.113872581137954,-0.0
21,CC-charge,22,5040.7030413945595,191313.6916083851,4.120301040820111,27.263836618115,27.263836618115,36561.63034778481,10703.512940860344,6.1546728036295505e-09,4.120301040820111,-0.0
21,CC-charge,23,5113.4303141218315,191386.41888111236,4.12696768571965,27.263836618115,27.263836618115,36143.93525947132,11156.932740796035,6.155808058144481e-09,4.12696768571965,-0.0
21,CC-charge,24,5186.1575868491045,191459.14615383965,4.133895440064851,27.263836618115,27.263836618115,35726.24017115822,11610.352160613149,6.156955246953384e-09,4.133895440064851,-0.0
21,CC-charge,25,5258.8848595763775,191531.87342656692,4.1411022582395445,27.263836618115,27.263836618115,35308.54508284457,12063.771152961937,6.158115813861828e-09,4.1411022582395445,-0.0
21,CC-charge,26,5331.61213230365,191604.60069929418,4.148602268948929,27.263836618115,27.263836618115,34890.84999453122,12517.189659572205,6.1592915630030875e-09,4.148602268948929,-0.0
21,CC-charge,27,5404.3394050309225,191677.32797202145,4.1564067404752745,27.263836618115,27.263836618115,34473.154906217314,12970.60761330172,6.160484590806592e-09,4.1564067404752745,-0.0
21,CC-charge,28,5477.0666777581955,191750.05524474874,4.164526769909476,27.263836618115,27.263836618115,34055.45981790378,13424.02493632658,6.161697339507169e-09,4.164526769909476,-0.0
21,CC-charge,29,5549.7939504854685,191822.782517476,4.172967030318491,27.263836618115,27.263836618115,33637.76472959104,13877.441589871525,6.162931013586341e-09,4.172967030318491,-0.0
21,CC-charge,30,5622.5212232127415,191895.50979020327,4.181735903225748,27.263836618115,27.263836618115,33220.06964127778,14330.857444991774,6.164189688434764e-09,4.181735903225748,-0.0
21,CC-charge,31,5695.2484959400135,191968.23706293054,4.190840229155492,27.263836618115,27.263836618115,32802.37455296452,14784.272408820189,6.165476296290861e-09,4.190840229155492,-0.0
21,CC-charge,32,5765.717623800871,192038.70619079142,4.19999,27.263836618115,27.263836618115,32397.64868491815,15223.608074507103,6.166754148434835e-09,4.19999,-0.0
21,CV-charge,0,5765.717623800871,192038.70619079142,4.2,27.288541290099744,27.288541290099744,32397.64868491815,15223.608074507103,6.166754148434835e-09,4.2,0.0
21,CV-charge,1,5838.4448965281435,192111.43346351868,4.199999999999999,24.227100215021203,24.227100215021203,31875.437514905774,15718.880120820442,6.168016107455388e-09,4.199999999999999,-0.0
21,CV-charge,2,5911.172169255416,192184.16073624598,4.199999999999999,22.29080200228399,22.29080200228399,31528.566614120293,16099.427305519901,6.1691998504943675e-09,4.199999999999999,-0.0
21,CV-charge,3,5983.899441982689,192256.88800897324,4.2,20.597633330314622,20.597633330314622,31210.046596016713,16450.3355830344,6.170318535354469e-09,4.2,-0.0
21,CV-charge,4,6056.626714709962,192329.6152817005,4.2,19.10023742439868,19.10023742439868,30914.604483459025,16775.62709998784,6.1713803978138336e-09,4.2,-0.0
21,CV-charge,5,6129.3539874372345,192402.34255442777,4.2,17.77007426831017,17.77007426831017,30639.854600400904,17077.939221523786,6.172390691209126e-09,4.2,-0.0
21,CV-charge,6,6202.081260164507,192475.06982715506,4.2,16.582631978581404,16.582631978581404,30383.572184360186,17359.762880250484,6.173354430880215e-09,4.2,-0.0
21,CV-charge,7,6274.80853289178,192547.79709988233,4.2,15.517595386657268,15.517595386657268,30143.84139737802,17623.24121150601,6.174275948023055e-09,4.2,-0.0
21,CV-charge,8,6347.535805619053,192620.5243726096,4.199999999999999,14.55811310784164,14.55811310784164,29919.013152152118,17870.216849058328,6.175158985285477e-09,4.199999999999999,-0.0
21,CV-charge,9,6420.2630783463255,192693.25164533686,4.2,13.690106371781676,13.690106371781676,29707.659327067973,18102.283843309135,6.176006799923029e-09,4.2,-0.0
21,CV-charge,10,6492.990351073598,192765.97891806415,4.2,12.901765385036501,12.901765385036501,29508.537779263705,18320.82725610111,6.1768222414636475e-09,4.2,-0.0
21,CV-charge,11,6565.717623800871,192838.70619079142,4.2,12.183137254032744,12.183137254032744,29320.564370990647,18527.054803988714,6.177607813124669e-09,4.2,-0.0
21,CV-charge,12,6638.4448965281435,192911.43346351868,4.200000000000001,11.525736925987253,11.525736925987253,29142.77508936297,18722.039289165892,6.178365760209811e-09,4.200000000000001,-0.0
21,CV-charge,13,6711.1721692554165,192984.16073624598,4.2,10.922411952464802,10.922411952464802,28974.338128067673,18906.705744593233,6.179098027816943e-09,4.2,-0.0
21,CV-charge,14,6783.899441982689,193056.88800897324,4.2,10.366598356034704,10.366598356034704,28814.389468385012,19082.012469898797,6.179806697997446e-09,4.2,-0.0
21,CV-charge,15,6856.626714709962,193129.6152817005,4.2,9.853840857364583,9.853840857364583,28662.507657546943,19248.430522572264,6.180492691314137e-09,4.2,-0.0
21,CV-charge,16,6929.3539874372345,193202.34255442777,4.199999999999999,9.378729510436285,9.378729510436285,28517.852327763656,19406.889111675104,6.181158114310163e-09,4.199999999999999,-0.0
21,CV-charge,17,7002.081260164507,193275.06982715506,4.2,8.937730635711949,8.937730635711949,28380.02038450531,19557.83646140121,6.1818038995094305e-09,4.2,-0.0
21,CV-charge,18,7074.80853289178,193347.79709988233,4.2,8.527395983890466,8.527395983890466,28248.535413502366,19701.800444604254,6.182431211028804e-09,4.2,-0.0
21,CV-charge,19,7147.535805619053,193420.5243726096,4.200000000000001,8.144708438531856,8.144708438531856,28122.967831553153,19839.256658189493,6.183041107919914e-09,4.200000000000001,-0.0
21,CV-charge,20,7220.2630783463255,193493.25164533686,4.2,7.787023741630351,7.787023741630351,28002.9293289568,19970.634747021464,6.1836345563925505e-09,4.2,-0.0
21,CV-charge,21,7292.9903510735985,193565.97891806415,4.199999999999999,7.452015493557308,7.452015493557308,27888.067885513763,20096.32397985881,6.184212440650236e-09,4.199999999999999,-0.0
21,CV-charge,22,7365.717623800871,193638.70619079142,4.2,7.137630158712009,7.137630158712009,27778.06349692064,20216.678028624345,6.184775572210669e-09,4.2,-0.0
21,CV-charge,23,7438.4448965281435,193711.43346351868,4.199999999999999,6.842052585582483,6.842052585582483,27672.625667832624,20332.017789412457,6.185324694941247e-09,4.199999999999999,-0.0
21,CV-charge,24,7511.1721692554165,193784.16073624598,4.2,6.563667130587833,6.563667130587833,27571.487740823995,20442.637679151478,6.185860498405757e-09,4.2,-0.0
21,CV-charge,25,7583.899441982689,193856.88800897324,4.2,6.30103482336733,6.30103482336733,27474.405514598184,20548.80718888165,6.186383620423173e-09,4.2,-0.0
21,CV-charge,26,7656.626714709962,193929.6152817005,4.2,6.052870357871219,6.052870357871219,27381.15477657507,20650.773637485196,6.186894652548414e-09,4.2,-0.0
21,CV-charge,27,7729.3539874372345,194002.34255442777,4.2,5.818022668057094,5.818022668057094,27291.529211160418,20748.76450330078,6.187394144714493e-09,4.2,-0.0
21,CV-charge,28,7802.081260164507,194075.06982715506,4.200000000000001,5.59545831622597,5.59545831622597,27205.33856573577,20842.989466335806,6.1878826093131954e-09,4.200000000000001,-0.0
21,CV-charge,29,7874.8085328917805,194147.79709988233,4.2,5.3842472423647045,5.3842472423647045,27122.407039505768,20933.642201255036,6.188360524792735e-09,4.2,-0.0
21,CV-charge,30,7947.535805619053,194220.5243726096,4.199999999999999,5.183550498303012,5.183550498303012,27042.571863991747,21020.901956156948,6.188828338838399e-09,4.199999999999999,-0.0
21,CV-charge,31,8020.2630783463255,194293.25164533686,4.2,4.9926096565613705,4.9926096565613705,26965.682048964012,21104.93494658097,6.189286471191918e-09,4.2,-0.0
21,CV-charge,32,8092.9903510735985,194365.97891806415,4.200000000000001,4.810737636973671,4.810737636973671,26891.59727159539,21185.89558963312,6.18973531615687e-09,4.200000000000001,-0.0
21,CV-charge,33,8165.717623800871,194438.70619079142,4.2,4.637310737595565,4.637310737595565,26820.186890001547,21263.92759936485,6.190175244830291e-09,4.2,-0.0
21,CV-charge,34,8238.444896528144,194511.43346351868,4.2,4.471761691800289,4.471761691800289,26751.32906510711,21339.164961382005,6.1906066070948656e-09,4.2,-0.0
21,CV-charge,35,8311.172169255417,194584.16073624598,4.2,4.3135736025040545,4.3135736025040545,26684.909977120275,21411.732802042756,6.1910297334011315e-09,4.2,-0.0
21,CV-charge,36,8383.899441982689,194656.88800897324,4.199999999999999,4.162274628375722,4.162274628375722,26620.823124861417,21481.748165387606,6.191444936364975e-09,4.199999999999999,-0.0
21,CV-charge,37,8456.62671470996,194729.6152817005,4.2,4.0174333165758505,4.0174333165758505,26558.968697837397,21549.320709109554,6.191852512202275e-09,4.2,-0.0
21,CV-charge,38,8529.353987437235,194802.34255442777,4.2,3.878654492964594,3.878654492964594,26499.253012359204,21614.553329276525,6.192252742019541e-09,4.2,-0.0
21,CV-charge,39,8602.081260164507,194875.06982715506,4.2,3.745575634241034,3.745575634241034,26441.588004169196,21677.54272223687,6.192645892976972e-09,4.2,-0.0
21,CV-charge,40,8674.80853289178,194947.79709988233,4.199999999999999,3.617863657854241,3.617863657854241,26385.89077105857,21738.379890957127,6.193032219338171e-09,4.199999999999999,-0.0
21,CV-charge,41,8747.535805619053,195020.5243726096,4.2,3.4952120749679003,3.4952120749679003,26332.083159807786,21797.15060213814,6.193411963418991e-09,4.2,-0.0
21,CV-charge,42,8820.263078346325,195093.25164533686,4.2,3.3773384597378078,3.3773384597378078,26280.091392515675,21853.93579959358,6.1937853564464e-09,4.2,-0.0
21,CV-charge,43,8892.990351073599,195165.97891806415,4.2,3.263982194819098,3.263982194819098,26229.84572800547,21908.811978707967,6.1941526193369596e-09,4.2,-0.0
21,CV-charge,44,8965.71762380087,195238.70619079142,4.200000000000001,3.1549024587027095,3.1549024587027095,26181.280154540884,21961.85152615723,6.194513963403326e-09,4.200000000000001,-0.0
21,CV-charge,45,9038.444896528144,195311.43346351868,4.199999999999999,3.049876425227579,3.049876425227579,26134.33211054068,22013.123028585527,6.194869590996229e-09,4.199999999999999,-0.0
21,CV-charge,46,9111.172169255417,195384.16073624598,4.2,2.9486976496891,2.9486976496891,26088.942230385946,22062.691553478508,6.1952196960884944e-09,4.2,-0.0
21,CV-charge,47,9183.899441982689,195456.88800897324,4.200000000000001,2.851174619407512,2.851174619407512,26045.054112756523,22110.618905062944,6.195564464806975e-09,4.200000000000001,-0.0
21,CV-charge,48,9256.62671470996,195529.6152817005,4.200000000000001,2.757129449557366,2.757129449557366,26002.61410923217,22156.963857767154,6.195904075917553e-09,4.200000000000001,-0.0
21,CV-charge,49,9281.020792359275,195554.00935934982,4.2,2.7263936618114997,2.7263936618114997,25988.720925835052,22172.135153375966,6.1960167678710395e-09,4.2,-0.0
22,CC-discharge,0,0.0,195554.00935934982,3.8551067018007106,-27.263836618115,-27.263836618115,25988.720925835052,22172.135153375966,6.1960167678710395e-09,3.8551067018007106,0.0
22,CC-discharge,1,72.72727272727273,195626.73663207708,3.830972599519466,-27.263836618115,-27.263836618115,26553.840549672568,21637.63537217957,6.1960167678710395e-09,3.830972599519466,0.5507845781437374
22,CC-discharge,2,145.45454545454547,195699.46390480438,3.8146699769495607,-27.263836618115,-27.263836618115,26973.428267559408,21184.15531486922,6.1960167678710395e-09,3.8146699769495607,1.1015691562874748
22,CC-discharge,3,218.1818181818182,195772.19117753164,3.799473081131984,-27.263836618115,-27.263836618115,27391.15504570235,20730.69997132751,6.1960167678710395e-09,3.799473081131984,1.652353734431212
22,CC-discharge,4,290.90909090909093,195844.9184502589,3.7851149409077953,-27.263836618115,-27.263836618115,27808.852591081857,20277.244580486826,6.1960167678710395e-09,3.7851149409077953,2.2031383125749495
22,CC-discharge,5,363.6363636363637,195917.64572298617,3.771432479844972,-27.263836618115,-27.263836618115,28226.547870767143,19823.789188947936,6.1960167678710395e-09,3.771432479844972,2.753922890718687
22,CC-discharge,6,436.3636363636364,195990.37299571346,3.7583185829848196,-27.263836618115,-27.263836618115,28644.242974059398,19370.333797398995,6.1960167678710395e-09,3.7583185829848196,3.304707468862424
22,CC-discharge,7,509.0909090909091,196063.10026844073,3.745678258763978,-27.263836618115,-27.263836618115,29061.938063551417,18916.878405849835,6.1960167678710395e-09,3.745678258763978,3.8554920470061615
22,CC-discharge,8,581.8181818181819,196135.827541168,3.733454537883379,-27.263836618115,-27.263836618115,29479.63315195806,18463.42301430038,6.1960167678710395e-09,3.733454537883379,4.406276625149899
22,CC-discharge,9,654.5454545454546,196208.55481389526,3.721599663301488,-27.263836618115,-27.263836618115,29897.328240278468,18009.96762275126,6.1960167678710395e-09,3.721599663301488,4.9570612032936365
22,CC-discharge,10,727.2727272727274,196281.28208662255,3.7100770317006684,-27.263836618115,-27.263836618115,30315.02332859176,17556.512231201887,6.1960167678710395e-09,3.7100770317006684,5.507845781437374
22,CC-discharge,11,800.0000000000001,196354.00935934982,3.698858327590142,-27.263836618115,-27.263836618115,30732.718416904605,17103.056839652727,6.1960167678710395e-09,3.698858327590142,6.0586303595811115
22,CC-discharge,12,872.7272727272727,196426.73663207708,3.68792141676659,-27.263836618115,-27.263836618115,31150.41350521758,16649.60144810346,6.1960167678710395e-09,3.68792141676659,6.609414937724848
22,CC-discharge,13,945.4545454545455,196499.46390480438,3.677248763725866,-27.263836618115,-27.263836618115,31568.10859353031,16196.146056554362,6.1960167678710395e-09,3.677248763725866,7.160199515868586
22,CC-discharge,14,1018.1818181818182,196572.19117753164,3.6668262141905594,-27.263836618115,-27.263836618115,31985.803681843143,15742.690665005679,6.1960167678710395e-09,3.6668262141905594,7.710984094012323
22,CC-discharge,15,1090.909090909091,196644.9184502589,3.656642031552758,-27.263836618115,-27.263836618115,32403.498770156184,15289.235273456032,6.1960167678710395e-09,3.656642031552758,8.26176867215606
22,CC-discharge,16,1163.6363636363637,196717.64572298617,3.646686108445669,-27.263836618115,-27.263836618115,32821.193858468905,14835.779881907203,6.1960167678710395e-09,3.646686108445669,8.812553250299798
22,CC-discharge,17,1236.3636363636365,196790.37299571346,3.6369492945630686,-27.263836618115,-27.263836618115,33238.88894678206,14382.324490358142,6.1960167678710395e-09,3.6369492945630686,9.363337828443536
22,CC-discharge,18,1309.0909090909092,196863.10026844073,3.6274227952163365,-27.263836618115,-27.263836618115,33656.58403509468,13928.869098809513,6.1960167678710395e-09,3.6274227952163365,9.914122406587273
22,CC-discharge,19,1381.818181818182,196935.827541168,3.6180976033241055,-27.263836618115,-27.263836618115,34074.279123407374,13475.413707260073,6.1960167678710395e-09,3.6180976033241055,10.46490698473101
22,CC-discharge,20,1454.5454545454547,197008.55481389526,3.6089639322007145,-27.263836618115,-27.263836618115,34491.974211720466,13021.958315711507,6.1960167678710395e-09,3.6089639322007145,11.015691562874748
22,CC-discharge,21,1527.2727272727275,197081.28208662255,3.6000106195631187,-27.263836618115,-27.263836618115,34909.66930003284,12568.502924162232,6.1960167678710395e-09,3.6000106195631187,11.566476141018486
22,CC-discharge,22,1600.0000000000002,197154.00935934982,3.591224465756552,-27.263836618115,-27.263836618115,35327.36438834506,12115.047532612763,6.1960167678710395e-09,3.591224465756552,12.117260719162223
22,CC-discharge,23,1672.727272727273,197226.73663207708,3.582588983716653,-27.263836618115,-27.263836618115,35745.059476658156,11661.592141063604,6.1960167678710395e-09,3.582588983716653,12.66804529730596
22,CC-discharge,24,1745.4545454545455,197299.46390480438,3.5740857925289187,-27.263836618115,-27.263836618115,36162.754564971154,11208.136749514464,6.1960167678710395e-09,3.5740857925289187,13.218829875449696
22,CC-discharge,25,1818.1818181818182,197372.19117753164,3.565689655221661,-27.263836618115,-27.263836618115,36580.44965328364,10754.681357965197,6.1960167678710395e-09,3.565689655221661,13.769614453593434
22,CC-discharge,26,1890.909090909091,197444.9184502589,3.557370194094731,-27.263836618115,-27.263836618115,36998.14474159615,10301.225966416176,6.1960167678710395e-09,3.557370194094731,14.320399031737171
22,CC-discharge,27,1963.6363636363637,197517.64572298617,3.549089503370514,-27.263836618115,-27.263836618115,37415.839829908575,9847.770574867101,6.1960167678710395e-09,3.549089503370514,14.871183609880909
22,CC-discharge,28,2036.3636363636365,197590.37299571346,3.540800212278346,-27.263836618115,-27.263836618115,37833.53491822116,9394.315183317969,6.1960167678710395e-09,3.540800212278346,15.421968188024646
22,CC-discharge,29,2109.0909090909095,197663.10026844073,3.5324430550089323,-27.263836618115,-27.263836618115,38251.23000653345,8940.85979176879,6.1960167678710395e-09,3.5324430550089323,15.972752766168385
22,CC-discharge,30,2181.818181818182,197735.827541168,3.5239439980577094,-27.263836618115,-27.263836618115,38668.92509484578,8487.404400219524,6.1960167678710395e-09,3.5239439980577094,16.52353734431212
22,CC-discharge,31,2254.545454545455,197808.55481389526,3.515211255474189,-27.263836618115,-27.263836618115,39086.62018315856,8033.949008670169,6.1960167678710395e-09,3.515211255474189,17.07432192245586
22,CC-discharge,32,2327.2727272727275,197881.28208662255,3.506128079585649,-27.263836618115,-27.263836618115,39504.31527147139,7580.4936171208365,6.1960167678710395e-09,3.506128079585649,17.625106500599596
22,CC-discharge,33,2400.0,197954.00935934982,3.496552392396412,-27.263836618115,-27.263836618115,39922.010359783824,7127.038225571607,6.1960167678710395e-09,3.496552392396412,18.175891078743334
22,CC-discharge,34,2472.727272727273,198026.73663207708,3.4863060674164132,-27.263836618115,-27.263836618115,40339.70544809611,6673.582834022299,6.1960167678710395e-09,3.4863060674164132,18.726675656887075
22,CC-discharge,35,2545.4545454545455,198099.46390480438,3.4751680621034513,-27.263836618115,-27.263836618115,40757.40053640903,6220.12744247318,6.1960167678710395e-09,3.4751680621034513,19.277460235030812
22,CC-discharge,36,2618.1818181818185,198172.19117753164,3.4628651297831716,-27.263836618115,-27.263836618115,41175.09562472181,5766.672050923959,6.1960167678710395e-09,3.4628651297831716,19.82824481317455
22,CC-discharge,37,2690.909090909091,198244.9184502589,3.4490602369237373,-27.263836618115,-27.263836618115,41592.79071303398,5313.216659374882,6.1960167678710395e-09,3.4490602369237373,20.379029391318287
22,CC-discharge,38,2763.636363636364,198317.64572298617,3.433339313269272,-27.263836618115,-27.263836618115,42010.48580134705,4859.761267825767,6.1960167678710395e-09,3.433339313269272,20.929813969462025
22,CC-discharge,39,2836.3636363636365,198390.37299571346,3.4151963022380256,-27.263836618115,-27.263836618115,42428.18088965977,4406.305876276745,6.1960167678710395e-09,3.4151963022380256,21.480598547605762
22,CC-discharge,40,2909.0909090909095,198463.10026844073,3.3940170942072054,-27.263836618115,-27.263836618115,42845.875977972755,3952.8504847276486,6.1960167678710395e-09,3.3940170942072054,22.0313831257495
22,CC-discharge,41,2981.818181818182,198535.827541168,3.369063237358561,-27.263836618115,-27.263836618115,43263.571066285105,3499.395093178539,6.1960167678710395e-09,3.369063237358561,22.582167703893237
22,CC-discharge,42,3054.545454545455,198608.55481389526,3.3394586007090408,-27.263836618115,-27.263836618115,43681.26615459845,3045.9397016294115,6.1960167678710395e-09,3.3394586007090408,23.132952282036975
22,CC-discharge,43,3127.2727272727275,198681.28208662255,3.3041679715874035,-27.263836618115,-27.263836618115,44098.96124291013,2592.484310080368,6.1960167678710395e-09,3.3041679715874035,23.683736860180712
22,CC-discharge,44,3200.0000000000005,198754.00935934982,3.2619656292949673,-27.263836618115,-27.263836618115,44516.65633122285,2139.028918531325,6.1960167678710395e-09,3.2619656292949673,24.23452143832445
22,CC-discharge,45,3272.727272727273,198826.73663207708,3.2111725616561615,-27.263836618115,-27.263836618115,44934.35141953597,1685.5735269822733,6.1960167678710395e-09,3.2111725616561615,24.785306016468187
22,CC-discharge,46,3345.454545454546,198899.46390480438,3.147941946893649,-27.263836618115,-27.263836618115,45352.046507848674,1232.118135433239,6.1960167678710395e-09,3.147941946893649,25.336090594611925
22,CC-discharge,47,3418.1818181818185,198972.19117753164,3.0510101755548895,-27.263836618115,-27.263836618115,45769.741596161264,778.662743884198,6.1960167678710395e-09,3.0510101755548895,25.886875172755662
22,CC-discharge,48,3439.365961725635,198993.37532107547,3.0000099999999996,-27.263836618115,-27.263836618115,45891.40864590118,646.5793624364269,6.1960167678710395e-09,3.0000099999999996,26.047308791776025
22,CC-charge,0,3439.365961725635,198993.37532107547,3.716090902901552,27.263836618115,27.263836618115,45891.40864590118,646.5793624364269,6.1960167678710395e-09,3.716090902901552,0.0
22,CC-charge,1,3512.0932344529074,199066.10259380273,3.822222215638735,27.263836618115,27.263836618115,45326.29369280918,1181.0764774472884,6.196028263446879e-09,3.822222215638735,-0.0
22,CC-charge,2,3584.8205071801804,199138.82986653002,3.8685543559519973,27.263836618115,27.263836618115,44906.70486389832,1634.5576063498474,6.1960600285524e-09,3.8685543559519973,-0.0
22,CC-charge,3,3657.547779907453,199211.5571392573,3.905974530375979,27.263836618115,27.263836618115,44488.972364811816,2088.0106536133703,6.196125943129708e-09,3.905974530375979,-0.0
22,CC-charge,4,3730.275052634726,199284.28441198455,3.9372543813344687,27.263836618115,27.263836618115,44071.27677806049,2541.4619584427533,6.196245446702202e-09,3.9372543813344687,-0.0
22,CC-charge,5,3803.0023253619984,199357.01168471182,3.9633236841439894,27.263836618115,27.263836618115,43653.581684641285,2994.9108267361894,6.1964390760012735e-09,3.9633236841439894,-0.0
22,CC-charge,6,3875.7295980892713,199429.7389574391,3.984951819724558,27.263836618115,27.263836618115,43235.886596392855,3448.356692872,6.196725670138567e-09,3.984951819724558,-0.0
22,CC-charge,7,3948.456870816544,199502.46623016638,4.002878341419868,27.263836618115,27.263836618115,42818.1915080795,3901.7991972789323,6.197118007556754e-09,4.002878341419868,-0.0
22,CC-charge,8,4021.184143543817,199575.19350289364,4.017785772238985,27.263836618115,27.263836618115,42400.496419766336,4355.238238746066,6.197620751725167e-09,4.017785772238985,-0.0
22,CC-charge,9,4093.9114162710894,199647.9207756209,4.030277687995127,27.263836618115,27.263836618115,41982.801331453076,4808.673946832285,6.198231010789228e-09,4.030277687995127,-0.0
22,CC-charge,10,4166.638688998362,199720.6480483482,4.040869472122278,27.263836618115,27.263836618115,41565.10624314023,5262.106621955611,6.198940060131729e-09,4.040869472122278,-0.0
22,CC-charge,11,4239.365961725635,199793.37532107547,4.049994230056395,27.263836618115,27.263836618115,41147.411154827205,5715.536663476155,6.199735607590072e-09,4.049994230056395,-0.0
22,CC-charge,12,4312.093234452907,199866.10259380273,4.0580092850804,27.263836618115,27.263836618115,40729.716066513865,6168.964505067166,6.200603915819148e-09,4.0580092850804,-0.0
22,CC-charge,13,4384.82050718018,199938.82986653002,4.065207101854611,27.263836618115,27.263836618115,40312.0209782007,6622.390566137276,6.2015314545360064e-09,4.065207101854611,-0.0
22,CC-charge,14,4457.547779907453,200011.5571392573,4.071824942451958,27.263836618115,27.263836618115,39894.32588988729,7075.815221850829,6.202505959880924e-09,4.071824942451958,-0.0
22,CC-charge,15,4530.275052634726,200084.28441198455,4.07805414676799,27.263836618115,27.263836618115,39476.63080157396,7529.2387880356455,6.203516997470871e-09,4.07805414676799,-0.0
22,CC-charge,16,4603.002325361998,200157.01168471182,4.084048114644607,27.263836618115,27.263836618115,39058.935713260784,7982.661518226007,6.204556111352441e-09,4.084048114644607,-0.0
22,CC-charge,17,4675.729598089271,200229.7389574391,4.089929788041321,27.263836618115,27.263836618115,38641.24062494735,8436.083605047044,6.20561681402895e-09,4.089929788041321,-0.0
22,CC-charge,18,4748.456870816544,200302.46623016638,4.095796393773976,27.263836618115,27.263836618115,38223.5455366339,8889.50515895237,6.206695287050318e-09,4.095796393773976,-0.0
22,CC-charge,19,4821.184143543816,200375.19350289364,4.101725371731765,27.263836618115,27.263836618115,37805.85044832071,9342.926309740615,6.207787122965294e-09,4.101725371731765,-0.0
22,CC-charge,20,4893.911416271089,200447.9207756209,4.107777655767254,27.263836618115,27.263836618115,37388.1553600073,9796.347111304756,6.208890400613507e-09,4.107777655767254,-0.0
22,CC-charge,21,4966.638688998362,200520.6480483482,4.114000888209036,27.263836618115,27.263836618115,36970.460271694,10249.767579379122,6.210004450199777e-09,4.114000888209036,-0.0
22,CC-charge,22,5039.365961725635,200593.37532107547,4.120433743712356,27.263836618115,27.263836618115,36552.76518338058,10703.18772323833,6.211128840540071e-09,4.120433743712356,-0.0
22,CC-charge,23,5112.093234452908,200666.10259380273,4.127104829415329,27.263836618115,27.263836618115,36135.070095067706,11156.607523436547,6.2122640867812074e-09,4.127104829415329,-0.0
22,CC-charge,24,5184.82050718018,200738.82986653002,4.134037070314059,27.263836618115,27.263836618115,35717.37500675392,11610.026943540875,6.213411266580616e-09,4.134037070314059,-0.0
22,CC-charge,25,5257.547779907453,200811.5571392573,4.141248422849305,27.263836618115,27.263836618115,35299.67991844046,12063.445936215812,6.21457182330295e-09,4.141248422849305,-0.0
22,CC-charge,26,5330.275052634726,200884.28441198455,4.148753019219082,27.263836618115,27.263836618115,34881.9848301268,12516.86444319705,6.215747560852268e-09,4.148753019219082,-0.0
22,CC-charge,27,5403.002325361998,200957.01168471182,4.156562133218629,27.263836618115,27.263836618115,34464.28974181376,12970.282397348808,6.216940575457042e-09,4.156562133218629,-0.0
22,CC-charge,28,5475.729598089271,201029.7389574391,4.164686869506489,27.263836618115,27.263836618115,34046.59465350033,13423.699720853418,6.218153309131157e-09,4.164686869506489,-0.0
22,CC-charge,29,5548.456870816544,201102.46623016638,4.173131913517142,27.263836618115,27.263836618115,33628.89956518718,13877.11637493865,6.21938696630381e-09,4.173131913517142,-0.0
22,CC-charge,30,5621.184143543816,201175.19350289364,4.181905661570135,27.263836618115,27.263836618115,33211.20447687376,14330.532230666182,6.220645622112114e-09,4.181905661570135,-0.0
22,CC-charge,31,5693.91141627109,201247.9207756209,4.19101497437048,27.263836618115,27.263836618115,32793.509388560204,14783.94719517409,6.2219322086671274e-09,4.19101497437048,-0.0
22,CC-charge,32,5763.014248958059,201317.02360830788,4.19999,27.263836618115,27.263836618115,32396.630573783976,15214.764781469066,6.2231850290901455e-09,4.19999,-0.0
22,CV-charge,0,5763.014248958059,201317.02360830788,4.199999999999999,27.288771118131482,27.288771118131482,32396.630573783976,15214.764781469066,6.2231850290901455e-09,4.199999999999999,0.0
22,CV-charge,1,5835.741521685332,201389.75088103514,4.2,24.22770426737208,24.22770426737208,31874.4093724423,15710.046165014826,6.2244463510933525e-09,4.2,-0.0
22,CV-charge,2,5908.468794412604,201462.47815376244,4.199999999999999,22.29161275598528,22.29161275598528,31527.526279176902,16090.605956589638,6.225629471340863e-09,4.199999999999999,-0.0
22,CV-charge,3,5981.196067139877,201535.2054264897,4.199999999999999,20.59857355906569,20.59857355906569,31208.99158371428,16441.52970221472,6.226747545377321e-09,4.199999999999999,-0.0
22,CV-charge,4,6053.92333986715,201607.93269921697,4.199999999999999,19.10125516257953,19.10125516257953,30913.533897220266,16766.837877832768,6.2278088067800825e-09,4.199999999999999,-0.0
22,CV-charge,5,6126.650612594423,201680.65997194423,4.2,17.771130626766613,17.771130626766613,30638.7677304258,17069.16755564801,6.228818509329334e-09,4.2,-0.0
22,CV-charge,6,6199.377885321695,201753.38724467152,4.199999999999999,16.583699629269056,16.583699629269056,30382.46883819622,17351.009067390114,6.229781667742612e-09,4.199999999999999,-0.0
22,CV-charge,7,6272.105158048968,201826.1145173988,4.2,15.51865478542921,15.51865478542921,30142.72167535235,17614.50520572069,6.230702612862136e-09,4.2,-0.0
22,CV-charge,8,6344.832430776241,201898.84179012605,4.199999999999999,14.559150638063274,14.559150638063274,29917.877378148034,17861.498342918374,6.231585086965603e-09,4.199999999999999,-0.0
22,CV-charge,9,6417.559703503514,201971.56906285332,4.2,13.691112521557784,13.691112521557784,29706.507973528525,18093.58235472769,6.232432346985747e-09,4.2,-0.0
22,CV-charge,10,6490.286976230786,202044.2963355806,4.2,12.902733590295803,12.902733590295803,29507.371400367607,18312.1422050145,6.233247242193496e-09,4.2,-0.0
22,CV-charge,11,6563.014248958059,202117.02360830788,4.2,12.184063238622114,12.184063238622114,29319.383610881312,18518.38550482226,6.234032275471977e-09,4.2,-0.0
22,CV-charge,12,6635.741521685332,202189.75088103514,4.2,11.52622910179177,11.52622910179177,29141.47372068387,18713.50228995671,6.234789976005712e-09,4.2,-0.0
22,CV-charge,13,6708.468794412605,202262.47815376244,4.199999999999999,10.922889079480322,10.922889079480322,28973.029285020664,18898.17687337835,6.235521705034129e-09,4.199999999999999,-0.0
22,CV-charge,14,6781.196067139877,202335.2054264897,4.199999999999999,10.367056686832044,10.367056686832044,28813.073568895845,19073.491327803844,6.236229844485973e-09,4.199999999999999,-0.0
22,CV-charge,15,6853.92333986715,202407.93269921697,4.200000000000001,9.854276947896055,9.854276947896055,28661.18493627093,19239.916866902604,6.236915315378028e-09,4.200000000000001,-0.0
22,CV-charge,16,6926.650612594423,202480.65997194423,4.199999999999999,9.379141378642256,9.379141378642256,28516.523238105234,19398.38245609836,6.237580223185107e-09,4.199999999999999,-0.0
22,CV-charge,17,6999.377885321695,202553.38724467152,4.2,8.938116701449019,8.938116701449019,28378.68532309102,19549.336380364566,6.2382255005225805e-09,4.2,-0.0
22,CV-charge,18,7072.105158048968,202626.1145173988,4.2,8.527755144053272,8.527755144053272,28247.19479297395,19693.306493521428,6.2388523112571015e-09,4.2,-0.0
22,CV-charge,19,7144.832430776241,202698.84179012605,4.2,8.14503999382094,8.14503999382094,28121.622075589963,19830.76837924379,6.239461714206379e-09,4.2,-0.0
22,CV-charge,20,7217.559703503514,202771.56906285332,4.2,7.787327298950542,7.787327298950542,28001.578867479493,19962.151674656638,6.240054675363571e-09,4.2,-0.0
22,CV-charge,21,7290.286976230787,202844.2963355806,4.2,7.452290897316549,7.452290897316549,27886.713150958036,20087.84564504104,6.2406320787311595e-09,4.2,-0.0
22,CV-charge,22,7363.014248958059,202917.02360830788,4.2,7.137877437280486,7.137877437280486,27776.704921344503,20208.203962147163,6.241194735639897e-09,4.2,-0.0
22,CV-charge,23,7435.741521685332,202989.75088103514,4.2,6.84227188522294,6.84227188522294,27671.263671883422,20323.547534167596,6.241743389806581e-09,4.2,-0.0
22,CV-charge,24,7508.468794412605,203062.47815376244,4.2,6.563858732146494,6.563858732146494,27570.12274952825,20434.1707727166,6.242278730609749e-09,4.2,-0.0
22,CV-charge,25,7581.196067139877,203135.2054264897,4.2,6.301199092229639,6.301199092229639,27473.037947637353,20540.343174438854,6.242801395715908e-09,4.2,-0.0
22,CV-charge,26,7653.92333986715,203207.93269921697,4.2,6.053007723491897,6.053007723491897,27379.78504715462,20642.31206504438,6.2433119765371545e-09,4.2,-0.0
22,CV-charge,27,7726.650612594423,203280.65997194423,4.2,5.818133608153441,5.818133608153441,27290.1577252471,20740.30493058036,6.243811022872459e-09,4.2,-0.0
22,CV-charge,28,7799.377885321695,203353.38724467152,4.2,5.59554334439368,5.59554334439368,27203.965721488443,20834.531459420028,6.244299046987569e-09,4.2,-0.0
22,CV-charge,29,7872.105158048969,203426.1145173988,4.200000000000001,5.384306898389516,5.384306898389516,27121.033226854062,20925.18533507917,6.244776527211957e-09,4.200000000000001,-0.0
22,CV-charge,30,7944.832430776241,203498.84179012605,4.2,5.183585340627362,5.183585340627362,27041.19746434079,21012.445814857063,6.245243911118827e-09,4.2,-0.0
22,CV-charge,31,8017.559703503514,203571.56906285332,4.2,4.992620256434565,4.992620256434565,26964.307434984636,21096.479123733257,6.245701618343902e-09,4.2,-0.0
22,CV-charge,32,8090.286976230787,203644.2963355806,4.2,4.810724573955963,4.810724573955963,26890.222807090337,21177.43968841725,6.246150043090298e-09,4.2,-0.0
22,CV-charge,33,8163.014248958059,203717.02360830788,4.2,4.6372745961347075,4.6372745961347075,26818.81292982612,21255.47123266125,6.2465895563596345e-09,4.2,-0.0
22,CV-charge,34,8235.741521685333,203789.75088103514,4.2,4.4717030586494815,4.4717030586494815,26749.95595512766,21330.707751822152,6.247020507943798e-09,4.2,-0.0
22,CV-charge,35,8308.468794412605,203862.47815376244,4.199999999999999,4.313493064819839,4.313493064819839,26683.53805420611,21403.274382025742,6.247443228206721e-09,4.199999999999999,-0.0
22,CV-charge,36,8381.196067139877,203935.2054264897,4.2,4.162172772339841,4.162172772339841,26619.452716895576,21473.288177073897,6.247858029681516e-09,4.2,-0.0
22,CV-charge,37,8453.92333986715,204007.93269921697,4.200000000000001,4.01731072645482,4.01731072645482,26557.60012374817,21540.858804385978,6.248265208504767e-09,4.200000000000001,-0.0
22,CV-charge,38,8526.650612594423,204080.65997194423,4.199999999999999,3.8785117504754223,3.8785117504754223,26497.886582155286,21606.089169726612,6.248665045706859e-09,4.199999999999999,-0.0
22,CV-charge,39,8599.377885321695,204153.38724467152,4.2,3.7454133181907294,3.7454133181907294,26440.22401898624,21669.075979086272,6.249057808374743e-09,4.2,-0.0
22,CV-charge,40,8672.10515804897,204226.1145173988,4.2,3.6176823439565307,3.6176823439565307,26384.52952320286,21729.910245025923,6.249443750701389e-09,4.2,-0.0
22,CV-charge,41,8744.832430776241,204298.84179012605,4.200000000000001,3.495012335824253,3.495012335824253,26330.724932807727,21788.67774378955,6.249823114934384e-09,4.200000000000001,-0.0
22,CV-charge,42,8817.559703503513,204371.56906285332,4.2,3.3771208649105886,3.3771208649105886,26278.736461166056,21845.45942868098,6.250196132234581e-09,4.2,-0.0
22,CV-charge,43,8890.286976230787,204444.2963355806,4.200000000000001,3.2637473109869295,3.2637473109869295,26228.494358413518,21900.33180452751,6.250563023454371e-09,4.200000000000001,-0.0
22,CV-charge,44,8963.01424895806,204517.02360830788,4.199999999999999,3.154650849860612,3.154650849860612,26179.93260416851,21953.36726740122,6.250923999843997e-09,4.199999999999999,-0.0
22,CV-charge,45,9035.741521685333,204589.75088103514,4.2,3.049608652908518,3.049608652908518,26132.988628241295,22004.634413303636,6.251279263693362e-09,4.2,-0.0
22,CV-charge,46,9108.468794412605,204662.47815376244,4.199999999999999,2.9484142732003424,2.9484142732003424,26087.603056440716,22054.198319032017,6.2516290089158965e-09,4.199999999999999,-0.0
22,CV-charge,47,9181.196067139877,204735.2054264897,4.2,2.850876196047546,2.850876196047546,26043.719478902905,22102.120798095497,6.251973421580351e-09,4.2,-0.0
22,CV-charge,48,9253.92333986715,204807.93269921697,4.199999999999999,2.756816534827206,2.756816534827206,26001.284238694792,22148.460634173727,6.252312680395668e-09,4.199999999999999,-0.0
22,CV-charge,49,9278.063386348971,204832.0727456988,4.2,2.7263936618115,2.7263936618115,25987.536303420646,22163.47334811839,6.252424086566858e-09,4.2,-0.0
23,CC-discharge,0,0.0,204832.0727456988,3.855127852417133,-27.263836618115,-27.263836618115,25987.536303420646,22163.47334811839,6.252424086566858e-09,3.855127852417133,0.0
23,CC-discharge,1,72.72727272727273,204904.80001842606,3.8309866152822685,-27.263836618115,-27.263836618115,26552.655920405246,21628.97357433963,6.252424086566858e-09,3.8309866152822685,0.5507845781437374
23,CC-discharge,2,145.45454545454547,204977.52729115335,3.814680110491633,-27.263836618115,-27.263836618115,26972.243628794557,21175.493509721215,6.252424086566858e-09,3.814680110491633,1.1015691562874748
23,CC-discharge,3,218.1818181818182,205050.25456388062,3.799480168407704,-27.263836618115,-27.263836618115,27389.970421643993,20722.03816607103,6.252424086566858e-09,3.799480168407704,1.652353734431212
23,CC-discharge,4,290.90909090909093,205122.98183660788,3.785119640268053,-27.263836618115,-27.263836618115,27807.667968508395,20268.582775228653,6.252424086566858e-09,3.785119640268053,2.2031383125749495
23,CC-discharge,5,363.6363636363637,205195.70910933515,3.771435262147332,-27.263836618115,-27.263836618115,28225.36324833736,19815.12738369,6.252424086566858e-09,3.771435262147332,2.753922890718687
23,CC-discharge,6,436.3636363636364,205268.43638206244,3.758319830226768,-27.263836618115,-27.263836618115,28643.058351643595,19361.67199214089,6.252424086566858e-09,3.758319830226768,3.304707468862424
23,CC-discharge,7,509.0909090909091,205341.1636547897,3.745678231602457,-27.263836618115,-27.263836618115,29060.753441136723,18908.2166005913,6.252424086566858e-09,3.745678231602457,3.8554920470061615
23,CC-discharge,8,581.8181818181819,205413.89092751697,3.733453459676642,-27.263836618115,-27.263836618115,29478.448529542824,18454.761209041597,6.252424086566858e-09,3.733453459676642,4.406276625149899
23,CC-discharge,9,654.5454545454546,205486.61820024424,3.72159771201239,-27.263836618115,-27.263836618115,29896.143617863367,18001.30581749275,6.252424086566858e-09,3.72159771201239,4.9570612032936365
23,CC-discharge,10,727.2727272727274,205559.34547297153,3.7100743497506166,-27.263836618115,-27.263836618115,30313.838706176837,17547.850425943696,6.252424086566858e-09,3.7100743497506166,5.507845781437374
23,CC-discharge,11,800.0000000000001,205632.0727456988,3.698855028761332,-27.263836618115,-27.263836618115,30731.53379448987,17094.39503439477,6.252424086566858e-09,3.698855028761332,6.0586303595811115
23,CC-discharge,12,872.7272727272727,205704.80001842606,3.687917590946937,-27.263836618115,-27.263836618115,31149.228882802592,16640.939642845693,6.252424086566858e-09,3.687917590946937,6.609414937724848
23,CC-discharge,13,945.4545454545455,205777.52729115335,3.6772444800019635,-27.263836618115,-27.263836618115,31566.923971115128,16187.484251295777,6.252424086566858e-09,3.6772444800019635,7.160199515868586
23,CC-discharge,14,1018.1818181818182,205850.25456388062,3.6668215226019925,-27.263836618115,-27.263836618115,31984.619059427965,15734.028859746331,6.252424086566858e-09,3.6668215226019925,7.710984094012323
23,CC-discharge,15,1090.909090909091,205922.98183660788,3.6566369636843135,-27.263836618115,-27.263836618115,32402.31414774119,15280.573468196877,6.252424086566858e-09,3.6566369636843135,8.26176867215606
23,CC-discharge,16,1163.6363636363637,205995.70910933515,3.6466806769370685,-27.263836618115,-27.263836618115,32820.009236054015,14827.118076648047,6.252424086566858e-09,3.6466806769370685,8.812553250299798
23,CC-discharge,17,1236.3636363636365,206068.43638206244,3.6369434915336134,-27.263836618115,-27.263836618115,33237.70432436703,14373.662685098836,6.252424086566858e-09,3.6369434915336134,9.363337828443536
23,CC-discharge,18,1309.0909090909092,206141.1636547897,3.6274165895312738,-27.263836618115,-27.263836618115,33655.39941267979,13920.207293549478,6.252424086566858e-09,3.6274165895312738,9.914122406587273
23,CC-discharge,19,1381.818181818182,206213.89092751697,3.618090936561571,-27.263836618115,-27.263836618115,34073.09450099272,13466.751902000333,6.252424086566858e-09,3.618090936561571,10.46490698473101
23,CC-discharge,20,1454.5454545454547,206286.61820024424,3.6089567139464793,-27.263836618115,-27.263836618115,34490.7895893057,13013.296510451439,6.252424086566858e-09,3.6089567139464793,11.015691562874748
23,CC-discharge,21,1527.2727272727275,206359.34547297153,3.6000027167122686,-27.263836618115,-27.263836618115,34908.4846776184,12559.84111890248,6.252424086566858e-09,3.6000027167122686,11.566476141018486
23,CC-discharge,22,1600.0000000000002,206432.0727456988,3.5912156980025993,-27.263836618115,-27.263836618115,35326.17976593165,12106.385727352948,6.252424086566858e-09,3.5912156980025993,12.117260719162223
23,CC-discharge,23,1672.727272727273,206504.80001842606,3.582579113625643,-27.263836618115,-27.263836618115,35743.87485424472,11652.930335803481,6.252424086566858e-09,3.582579113625643,12.66804529730596
23,CC-discharge,24,1745.4545454545455,206577.52729115335,3.5740744924465715,-27.263836618115,-27.263836618115,36161.56994255809,11199.474944254542,6.252424086566858e-09,3.5740744924465715,13.218829875449696
23,CC-discharge,25,1818.1818181818182,206650.25456388062,3.565676507507276,-27.263836618115,-27.263836618115,36579.265030870825,10746.019552705262,6.252424086566858e-09,3.565676507507276,13.769614453593434
23,CC-discharge,26,1890.909090909091,206722.98183660788,3.5573546601652053,-27.263836618115,-27.263836618115,36996.96011918368,10292.564161156173,6.252424086566858e-09,3.5573546601652053,14.320399031737171
23,CC-discharge,27,1963.6363636363637,206795.70910933515,3.5490708933095343,-27.263836618115,-27.263836618115,37414.655207496195,9839.108769607123,6.252424086566858e-09,3.5490708933095343,14.871183609880909
23,CC-discharge,28,2036.3636363636365,206868.43638206244,3.540777645062343,-27.263836618115,-27.263836618115,37832.3502958081,9385.653378057752,6.252424086566858e-09,3.540777645062343,15.421968188024646
23,CC-discharge,29,2109.0909090909095,206941.1636547897,3.5324154108640085,-27.263836618115,-27.263836618115,38250.04538412112,8932.197986508545,6.252424086566858e-09,3.5324154108640085,15.972752766168385
23,CC-discharge,30,2181.818181818182,207013.89092751697,3.5239098597867047,-27.263836618115,-27.263836618115,38667.74047243405,8478.742594959569,6.252424086566858e-09,3.5239098597867047,16.52353734431212
23,CC-discharge,31,2254.545454545455,207086.61820024424,3.5151688280828433,-27.263836618115,-27.263836618115,39085.435560746955,8025.287203410429,6.252424086566858e-09,3.5151688280828433,17.07432192245586
23,CC-discharge,32,2327.2727272727275,207159.34547297153,3.5060751210568557,-27.263836618115,-27.263836618115,39503.13064905975,7571.8318118611405,6.252424086566858e-09,3.5060751210568557,17.625106500599596
23,CC-discharge,33,2400.0,207232.0727456988,3.4964860911210316,-27.263836618115,-27.263836618115,39920.82573737222,7118.376420312074,6.252424086566858e-09,3.4964860911210316,18.175891078743334
23,CC-discharge,34,2472.727272727273,207304.80001842606,3.4862228897526064,-27.263836618115,-27.263836618115,40338.52082568545,6664.921028762791,6.252424086566858e-09,3.4862228897526064,18.726675656887075
23,CC-discharge,35,2545.4545454545455,207377.52729115335,3.475063613590741,-27.263836618115,-27.263836618115,40756.21591399793,6211.465637213542,6.252424086566858e-09,3.475063613590741,19.277460235030812
23,CC-discharge,36,2618.1818181818185,207450.25456388062,3.4627339532935038,-27.263836618115,-27.263836618115,41173.91100231078,5758.010245664366,6.252424086566858e-09,3.4627339532935038,19.82824481317455
23,CC-discharge,37,2690.909090909091,207522.98183660788,3.4488955848807175,-27.263836618115,-27.263836618115,41591.60609062375,5304.554854115242,6.252424086566858e-09,3.4488955848807175,20.379029391318287
23,CC-discharge,38,2763.636363636364,207595.70910933515,3.433132887034904,-27.263836618115,-27.263836618115,42009.30117893622,4851.099462566091,6.252424086566858e-09,3.433132887034904,20.929813969462025
23,CC-discharge,39,2836.3636363636365,207668.43638206244,3.41493839769418,-27.263836618115,-27.263836618115,42426.996267250055,4397.644071016986,6.252424086566858e-09,3.41493839769418,21.480598547605762
23,CC-discharge,40,2909.0909090909095,207741.1636547897,3.393694572493652,-27.263836618115,-27.263836618115,42844.69135556297,3944.1886794679717,6.252424086566858e-09,3.393694572493652,22.0313831257495
23,CC-discharge,41,2981.818181818182,207813.89092751697,3.3686618575307112,-27.263836618115,-27.263836618115,43262.38644387508,3490.7332879188766,6.252424086566858e-09,3.3686618575307112,22.582167703893237
23,CC-discharge,42,3054.545454545455,207886.61820024424,3.338959894031272,-27.263836618115,-27.263836618115,43680.08153218821,3037.277896369847,6.252424086566858e-09,3.338959894031272,23.132952282036975
23,CC-discharge,43,3127.2727272727275,207959.34547297153,3.303553868452327,-27.263836618115,-27.263836618115,44097.776620500576,2583.8225048208405,6.252424086566858e-09,3.303553868452327,23.683736860180712
23,CC-discharge,44,3200.0000000000005,208032.0727456988,3.261210015942206,-27.263836618115,-27.263836618115,44515.47170881325,2130.367113271733,6.252424086566858e-09,3.261210015942206,24.23452143832445
23,CC-discharge,45,3272.727272727273,208104.80001842606,3.210235002559497,-27.263836618115,-27.263836618115,44933.166797126396,1676.9117217226988,6.252424086566858e-09,3.210235002559497,24.785306016468187
23,CC-discharge,46,3345.454545454546,208177.52729115335,3.146688277863864,-27.263836618115,-27.263836618115,45350.86188543946,1223.4563301736148,6.252424086566858e-09,3.146688277863864,25.336090594611925
23,CC-discharge,47,3418.1818181818185,208250.25456388062,3.048410296456861,-27.263836618115,-27.263836618115,45768.556973752115,770.0009386245817,6.252424086566858e-09,3.048410296456861,25.886875172755662
23,CC-discharge,48,3438.027130487299,208270.09987618608,3.00001,-27.263836618115,-27.263836618115,45882.53470404732,646.2651855235297,6.252424086566858e-09,3.00001,26.037169437292352
23,CC-charge,0,3438.027130487299,208270.09987618608,3.716059594471623,27.263836618115,27.263836618115,45882.53470404732,646.2651855235297,6.252424086566858e-09,3.716059594471623,0.0
23,CC-charge,1,3510.7544032145715,208342.82714891335,3.8222698303461877,27.263836618115,27.263836618115,45317.41975109626,1180.7623008777512,6.252435571693425e-09,3.8222698303461877,-0.0
23,CC-charge,2,3583.4816759418445,208415.55442164064,3.8686078356421887,27.263836618115,27.263836618115,44897.830936721286,1634.2434302788397,6.252467318799523e-09,3.8686078356421887,-0.0
23,CC-charge,3,3656.208948669117,208488.2816943679,3.906031142855258,27.263836618115,27.263836618115,44480.0984231888,2087.696478726345,6.252533203487781e-09,3.906031142855258,-0.0
23,CC-charge,4,3728.93622139639,208561.00896709517,3.937314329057611,27.263836618115,27.263836618115,44062.40283621001,2541.1477850329493,6.252652662483021e-09,3.937314329057611,-0.0
23,CC-charge,5,3801.6634941236625,208633.73623982244,3.9633872741114384,27.263836618115,27.263836618115,43644.70774278659,2994.596655232799,6.252846233262923e-09,3.9633872741114384,-0.0
23,CC-charge,6,3874.3907668509355,208706.46351254973,3.985019221724312,27.263836618115,27.263836618115,43227.01265453831,3448.0425236033866,6.2531327576433366e-09,3.985019221724312,-0.0
23,CC-charge,7,3947.118039578208,208779.190785277,4.002949629900652,27.263836618115,27.263836618115,42809.317566226004,3901.485030403777,6.25352501924039e-09,4.002949629900652,-0.0
23,CC-charge,8,4019.845312305481,208851.91805800426,4.017860975201159,27.263836618115,27.263836618115,42391.6224779133,4354.924074249349,6.254027687113097e-09,4.017860975201159,-0.0
23,CC-charge,9,4092.5725850327535,208924.64533073152,4.030356815241481,27.263836618115,27.263836618115,41973.927389599434,4808.359784556591,6.254637874163597e-09,4.030356815241481,-0.0
23,CC-charge,10,4165.2998577600265,208997.37260345882,4.0409525331143135,27.263836618115,27.263836618115,41556.23230128553,5261.792461650799,6.255346859017864e-09,4.0409525331143135,-0.0
23,CC-charge,11,4238.0271304872995,209070.09987618608,4.050081238915911,27.263836618115,27.263836618115,41138.537212971954,5715.2225048468645,6.256142351236217e-09,4.050081238915911,-0.0
23,CC-charge,12,4310.7544032145715,209142.82714891335,4.058100264205746,27.263836618115,27.263836618115,40720.842124658564,6168.65034781314,6.257010613827885e-09,4.058100264205746,-0.0
23,CC-charge,13,4383.4816759418445,209215.55442164064,4.065302081156036,27.263836618115,27.263836618115,40303.147036345035,6622.076409981035,6.257938115931644e-09,4.065302081156036,-0.0
23,CC-charge,14,4456.2089486691175,209288.2816943679,4.071923958316471,27.263836618115,27.263836618115,39885.451948031456,7075.501066551677,6.258912592568421e-09,4.071923958316471,-0.0
23,CC-charge,15,4528.9362213963905,209361.00896709517,4.07815724047509,27.263836618115,27.263836618115,39467.7568597182,7528.92463339683,6.259923607991747e-09,4.07815724047509,-0.0
23,CC-charge,16,4601.6634941236625,209433.73623982244,4.084155330680006,27.263836618115,27.263836618115,39050.0617714052,7982.347364093753,6.260962704857565e-09,4.084155330680006,-0.0
23,CC-charge,17,4674.3907668509355,209506.46351254973,4.090041173051639,27.263836618115,27.263836618115,38632.36668309191,8435.769451306442,6.262023394410072e-09,4.090041173051639,-0.0
23,CC-charge,18,4747.1180395782085,209579.190785277,4.09591199502349,27.263836618115,27.263836618115,38214.671594778585,8889.191005517041,6.263101857258867e-09,4.09591199502349,-0.0
23,CC-charge,19,4819.845312305481,209651.91805800426,4.101845236388005,27.263836618115,27.263836618115,37796.97650646524,9342.612156561861,6.264193684705836e-09,4.101845236388005,-0.0
23,CC-charge,20,4892.5725850327535,209724.64533073152,4.107901830580407,27.263836618115,27.263836618115,37379.28141815203,9796.032958356962,6.265296954834904e-09,4.107901830580407,-0.0
23,CC-charge,21,4965.2998577600265,209797.37260345882,4.11412941875744,27.263836618115,27.263836618115,36961.58632983835,10249.45342665308,6.266410997309631e-09,4.11412941875744,-0.0
23,CC-charge,22,5038.0271304872995,209870.09987618608,4.120566676227079,27.263836618115,27.263836618115,36543.891241524936,10702.873570741314,6.267535380378013e-09,4.120566676227079,-0.0
23,CC-charge,23,5110.754403214572,209942.82714891335,4.127242209411142,27.263836618115,27.263836618115,36126.196153211546,11156.293371193451,6.268670618625799e-09,4.127242209411142,-0.0
23,CC-charge,24,5183.4816759418445,210015.55442164064,4.134178943978472,27.263836618115,27.263836618115,35708.50106489835,11609.712791575104,6.2698177897235555e-09,4.134178943978472,-0.0
23,CC-charge,25,5256.2089486691175,210088.2816943679,4.141394838364772,27.263836618115,27.263836618115,35290.80597658508,12063.13178456425,6.270978336607865e-09,4.141394838364772,-0.0
23,CC-charge,26,5328.9362213963905,210161.00896709517,4.1489040282309295,27.263836618115,27.263836618115,34873.11088827178,12516.550291903739,6.272154062961253e-09,4.1489040282309295,-0.0
23,CC-charge,27,5401.6634941236625,210233.73623982244,4.156717792883816,27.263836618115,27.263836618115,34455.41579995819,12969.968246463151,6.273347064817847e-09,4.156717792883816,-0.0
23,CC-charge,28,5474.3907668509355,210306.46351254973,4.164847244591703,27.263836618115,27.263836618115,34037.720711645175,13423.385570432045,6.274559783977237e-09,4.164847244591703,-0.0
23,CC-charge,29,5547.1180395782085,210379.190785277,4.17329708118154,27.263836618115,27.263836618115,33620.02562333175,13876.802225038904,6.275793424817696e-09,4.17329708118154,-0.0
23,CC-charge,30,5619.845312305481,210451.91805800426,4.182075713870619,27.263836618115,27.263836618115,33202.33053501821,14330.218081353909,6.277052062231451e-09,4.182075713870619,-0.0
23,CC-charge,31,5692.572585032754,210524.64533073152,4.191190023666755,27.263836618115,27.263836618115,32784.635446704946,14783.633046518094,6.27833862820695e-09,4.191190023666755,-0.0
23,CC-charge,32,5760.308212587712,210592.3809582865,4.19999,27.263836618115,27.263836618115,32395.60891136917,15205.926880291667,6.279566401919681e-09,4.19999,-0.0
23,CV-charge,0,5760.308212587712,210592.3809582865,4.2,27.28896822446792,27.28896822446792,32395.60891136917,15205.926880291667,6.279566401919681e-09,4.2,0.0
23,CV-charge,1,5833.035485314985,210665.10823101376,4.2,24.228281400662333,24.228281400662333,31873.37827392885,15701.217035451456,6.28082708713238e-09,4.2,-0.0
23,CV-charge,2,5905.762758042257,210737.83550374105,4.2,22.292400058218558,22.292400058218558,31526.483355800254,16081.78902626479,6.282009584895739e-09,4.2,-0.0
23,CV-charge,3,5978.49003076953,210810.56277646832,4.2,20.599493247232015,20.599493247232015,31207.93430343717,16432.727883137897,6.283127048475587e-09,4.2,-0.0
23,CV-charge,4,6051.217303496803,210883.29004919558,4.200000000000001,19.10225481897194,19.10225481897194,30912.461324489803,16758.052404212944,6.284187709239622e-09,4.200000000000001,-0.0
23,CV-charge,5,6123.944576224076,210956.01732192285,4.2,17.77217099023469,17.77217099023469,30637.679122957452,17060.399361510084,6.285196821400395e-09,4.2,-0.0
23,CV-charge,6,6196.671848951348,211028.74459465014,4.2,16.58475306304155,16.58475306304155,30381.363975752276,17342.258480600663,6.286159399046094e-09,4.2,-0.0
23,CV-charge,7,6269.399121678621,211101.4718673774,4.2,15.519701488540285,15.519701488540285,30141.600634441995,17605.77220699403,6.287079772659443e-09,4.2,-0.0
23,CV-charge,8,6342.126394405894,211174.19914010467,4.200000000000002,14.560176780196178,14.560176780196178,29916.74046219902,17852.782647696775,6.287961684143215e-09,4.200000000000002,-0.0
23,CV-charge,9,6414.853667133167,211246.92641283193,4.2,13.692108412795575,13.692108412795575,29705.35563735472,18084.883500614782,6.288808390103373e-09,4.2,-0.0
23,CV-charge,10,6487.580939860439,211319.65368555923,4.200000000000001,12.903692517417719,12.903692517417719,29506.20418291022,18303.45962895088,6.289622739550528e-09,4.200000000000001,-0.0
23,CV-charge,11,6560.308212587712,211392.3809582865,4.2,12.18498079930276,12.18498079930276,29318.20214293768,18509.718536114084,6.290407235031143e-09,4.2,-0.0
23,CV-charge,12,6633.035485314985,211465.10823101376,4.2,11.52749148169354,11.52749148169354,29140.38558943419,18704.7329223247,6.291164121294059e-09,4.2,-0.0
23,CV-charge,13,6705.762758042258,211537.83550374105,4.200000000000001,10.924074404708636,10.924074404708636,28971.922769244644,18889.42775505084,6.291895342954893e-09,4.200000000000001,-0.0
23,CV-charge,14,6778.49003076953,211610.56277646832,4.199999999999999,10.368571687291503,10.368571687291503,28812.067651114714,19064.63194221645,6.292602661048105e-09,4.199999999999999,-0.0
23,CV-charge,15,6851.217303496803,211683.29004919558,4.200000000000001,9.855285277727637,9.855285277727637,28660.035571243123,19231.214914570468,6.293287987774585e-09,4.200000000000001,-0.0
23,CV-charge,16,6923.944576224076,211756.01732192285,4.2,9.380083334156906,9.380083334156906,28515.3592059011,19389.69655363268,6.293952404726567e-09,4.2,-0.0
23,CV-charge,17,6996.671848951348,211828.74459465014,4.2,8.938995446307601,8.938995446307601,28377.5077001268,19540.665439673823,6.294597197104298e-09,4.2,-0.0
23,CV-charge,18,7069.399121678621,211901.4718673774,4.200000000000001,8.528573294895489,8.528573294895489,28246.00451246041,19684.649490981228,6.295223528659965e-09,4.200000000000001,-0.0
23,CV-charge,19,7142.126394405894,211974.19914010467,4.2,8.145800116006246,8.145800116006246,28120.420033909566,19822.124333936288,6.295832458092185e-09,4.2,-0.0
23,CV-charge,20,7214.853667133167,212046.92641283193,4.2,7.788031866803653,7.788031866803653,28000.36592241639,19953.519647761354,6.29642495127887e-09,4.2,-0.0
23,CV-charge,21,7287.58093986044,212119.65368555923,4.2,7.4529422825223985,7.4529422825223985,27885.49012340185,20079.22473809131,6.297001892111181e-09,4.2,-0.0
23,CV-charge,22,7360.308212587712,212192.3809582865,4.200000000000001,7.13847790289887,7.13847790289887,27775.47259697778,20199.59331521724,6.297564091812592e-09,4.200000000000001,-0.0
23,CV-charge,23,7433.035485314985,212265.10823101376,4.2,6.842823556179791,6.842823556179791,27670.02279284939,20314.946335105848,6.298112294023516e-09,4.2,-0.0
23,CV-charge,24,7505.762758042258,212337.83550374105,4.2,6.564363652881831,6.564363652881831,27568.874036223584,20425.57823306048,6.298647187997184e-09,4.2,-0.0
23,CV-charge,25,7578.49003076953,212410.56277646832,4.199999999999999,6.301659201462179,6.301659201462179,27471.782090656863,20531.758538475566,6.299169411304428e-09,4.199999999999999,-0.0
23,CV-charge,26,7651.217303496803,212483.29004919558,4.2,6.0534248580071255,6.0534248580071255,27378.522708730074,20633.734608158622,6.299679555265554e-09,4.2,-0.0
23,CV-charge,27,7723.944576224076,212556.01732192285,4.200000000000001,5.8185095077561435,5.8185095077561435,27288.889540753862,20731.733957606488,6.300178169591457e-09,4.200000000000001,-0.0
23,CV-charge,28,7796.671848951348,212628.74459465014,4.199999999999999,5.595879657286282,5.595879657286282,27202.692300859497,20825.966303092475,6.300665766463363e-09,4.199999999999999,-0.0
23,CV-charge,29,7869.399121678622,212701.4718673774,4.2,5.38460518676543,5.38460518676543,27119.755155911014,20916.62535456939,6.301142824129593e-09,4.2,-0.0
23,CV-charge,30,7942.126394405894,212774.19914010467,4.199999999999999,5.183847086294901,5.183847086294901,27039.915306036735,21003.890394408434,6.301609790085376e-09,4.199999999999999,-0.0
23,CV-charge,31,8014.853667133167,212846.92641283193,4.2,4.992846866363762,4.992846866363762,26963.021730562967,21087.927671385703,6.302067083891449e-09,4.2,-0.0
23,CV-charge,32,8087.58093986044,212919.65368555923,4.2,4.810917385665193,4.810917385665193,26888.934077161925,21168.89163482509,6.302515099678729e-09,4.2,-0.0
23,CV-charge,33,8160.308212587712,212992.3809582865,4.200000000000001,4.637434882852418,4.637434882852418,26817.52167536162,21246.926029994054,6.302954208379247e-09,4.200000000000001,-0.0
23,CV-charge,34,8233.035485314984,213065.10823101376,4.199999999999999,4.471832034241297,4.471832034241297,26748.662658380115,21322.164872754915,6.303384759717712e-09,4.199999999999999,-0.0
23,CV-charge,35,8305.762758042258,213137.83550374105,4.2,4.313591888448122,4.313591888448122,26682.243179558318,21394.733318799954,6.303807083993124e-09,4.2,-0.0
23,CV-charge,36,8378.49003076953,213210.56277646832,4.2,4.162242552846481,4.162242552846481,26618.15671163985,21464.74844063737,6.304221493675728e-09,4.2,-0.0
23,CV-charge,37,8451.217303496804,213283.29004919558,4.2,4.017352526470768,4.017352526470768,26556.30341880227,21532.31992360822,6.304628284841137e-09,4.2,-0.0
23,CV-charge,38,8523.944576224076,213356.01732192285,4.2,3.878526590264627,3.878526590264627,26496.58959272038,21597.550690669515,6.3050277384605085e-09,4.2,-0.0
23,CV-charge,39,8596.671848951348,213428.74459465014,4.199999999999999,3.7454021792232477,3.7454021792232477,26438.927145147005,21660.53746433922,6.305420121563165e-09,4.199999999999999,-0.0
23,CV-charge,40,8669.399121678622,213501.4718673774,4.200000000000001,3.6176461722354873,3.6176461722354873,26383.233150479893,21721.37127310252,6.3058056882858954e-09,4.200000000000001,-0.0
23,CV-charge,41,8742.126394405894,213574.19914010467,4.2,3.4949520449596454,3.4949520449596454,26329.429432658544,21780.13790856865,6.306184680821429e-09,4.2,-0.0
23,CV-charge,42,8814.853667133168,213646.92641283193,4.2,3.377037338961742,3.377037338961742,26277.442191444687,21836.918338902073,6.306557330276959e-09,4.2,-0.0
23,CV-charge,43,8887.58093986044,213719.65368555923,4.2,3.2636414070762236,3.2636414070762236,26227.20166378759,21891.789083328862,6.306923857452295e-09,4.2,-0.0
23,CV-charge,44,8960.308212587712,213792.3809582865,4.2,3.1545234005776552,3.1545234005776552,26178.641816500585,21944.822551898822,6.307284473546075e-09,4.2,-0.0
23,CV-charge,45,9033.035485314984,213865.10823101376,4.200000000000001,3.0494604685029647,3.0494604685029647,26131.700066934845,21996.087354207342,6.3076393807974746e-09,4.200000000000001,-0.0
23,CV-charge,46,9105.762758042258,213937.83550374105,4.199999999999999,2.948246143584168,2.948246143584168,26086.317028756293,22045.648580299854,6.30798877306998e-09,4.199999999999999,-0.0
23,CV-charge,47,9178.49003076953,214010.56277646832,4.2,2.8506888926103935,2.8506888926103935,26042.436280245704,22093.568056611304,6.308332836383096e-09,4.2,-0.0
23,CV-charge,48,9251.217303496804,214083.29004919558,4.199999999999999,2.7566108120721426,2.7566108120721426,26000.004152876605,22139.904579460886,6.3086717493971475e-09,4.199999999999999,-0.0
23,CV-charge,49,9275.188569666487,214107.26131536526,4.2,2.7263936618115,2.7263936618115,25986.352958162784,22154.811681376465,6.308782265189695e-09,4.2,-0.0
24,CC-discharge,0,0.0,214107.26131536526,3.85514895602149,-27.263836618115,-27.263836618115,25986.352958162784,22154.811681376465,6.308782265189695e-09,3.85514895602149,0.0
24,CC-discharge,1,72.72727272727273,214179.98858809253,3.831000588991228,-27.263836618115,-27.263836618115,26551.472568300767,21620.311915014783,6.308782265189695e-09,3.831000588991228,0.5507845781437374
24,CC-discharge,2,145.45454545454547,214252.71586081982,3.8146902055523855,-27.263836618115,-27.263836618115,26971.060267179375,21166.83184308944,6.308782265189695e-09,3.8146902055523855,1.1015691562874748
24,CC-discharge,3,218.1818181818182,214325.4431335471,3.799487220304952,-27.263836618115,-27.263836618115,27388.78707474057,20713.376499330818,6.308782265189695e-09,3.799487220304952,1.652353734431212
24,CC-discharge,4,290.90909090909093,214398.17040627435,3.785124307101283,-27.263836618115,-27.263836618115,27806.484623091867,20259.921108486404,6.308782265189695e-09,3.785124307101283,2.2031383125749495
24,CC-discharge,5,363.6363636363637,214470.89767900162,3.771438014471094,-27.263836618115,-27.263836618115,28224.179903065567,19806.46571694761,6.308782265189695e-09,3.771438014471094,2.753922890718687
24,CC-discharge,6,436.3636363636364,214543.6249517289,3.7583210498266797,-27.263836618115,-27.263836618115,28641.875006385377,19353.010325398845,6.308782265189695e-09,3.7583210498266797,3.304707468862424
24,CC-discharge,7,509.0909090909091,214616.35222445618,3.74567817884889,-27.263836618115,-27.263836618115,29059.570095879666,18899.55493384976,6.308782265189695e-09,3.74567817884889,3.8554920470061615
24,CC-discharge,8,581.8181818181819,214689.07949718344,3.733452357724283,-27.263836618115,-27.263836618115,29477.26518428624,18446.099542300246,6.308782265189695e-09,3.733452357724283,4.406276625149899
24,CC-discharge,9,654.5454545454546,214761.8067699107,3.721595738638303,-27.263836618115,-27.263836618115,29894.960272606433,17992.64415075152,6.308782265189695e-09,3.721595738638303,4.9570612032936365
24,CC-discharge,10,727.2727272727274,214834.534042638,3.7100716472007447,-27.263836618115,-27.263836618115,30312.65536091958,17539.18875920182,6.308782265189695e-09,3.7100716472007447,5.507845781437374
24,CC-discharge,11,800.0000000000001,214907.26131536526,3.6988517106453553,-27.263836618115,-27.263836618115,30730.35044923289,17085.733367652556,6.308782265189695e-09,3.6988517106453553,6.0586303595811115
24,CC-discharge,12,872.7272727272727,214979.98858809253,3.687913746975406,-27.263836618115,-27.263836618115,31148.045537545862,16632.277976103225,6.308782265189695e-09,3.687913746975406,6.609414937724848
24,CC-discharge,13,945.4545454545455,215052.71586081982,3.677240179070894,-27.263836618115,-27.263836618115,31565.740625858143,16178.822584553818,6.308782265189695e-09,3.677240179070894,7.160199515868586
24,CC-discharge,14,1018.1818181818182,215125.4431335471,3.666816814537583,-27.263836618115,-27.263836618115,31983.43571417103,15725.367193004417,6.308782265189695e-09,3.666816814537583,7.710984094012323
24,CC-discharge,15,1090.909090909091,215198.17040627435,3.6566318798242063,-27.263836618115,-27.263836618115,32401.130802483713,15271.911801455259,6.308782265189695e-09,3.6566318798242063,8.26176867215606
24,CC-discharge,16,1163.6363636363637,215270.89767900162,3.646675229627011,-27.263836618115,-27.263836618115,32818.8258907969,14818.45640990589,6.308782265189695e-09,3.646675229627011,8.812553250299798
24,CC-discharge,17,1236.3636363636365,215343.6249517289,3.636937672536451,-27.263836618115,-27.263836618115,33236.52097910931,14365.001018356355,6.308782265189695e-09,3.636937672536451,9.363337828443536
24,CC-discharge,18,1309.0909090909092,215416.35222445618,3.627410367274111,-27.263836618115,-27.263836618115,33654.2160674219,13911.545626807347,6.308782265189695e-09,3.627410367274111,9.914122406587273
24,CC-discharge,19,1381.818181818182,215489.07949718344,3.6180842520791936,-27.263836618115,-27.263836618115,34071.91115573486,13458.090235258136,6.308782265189695e-09,3.6180842520791936,10.46490698473101
24,CC-discharge,20,1454.5454545454547,215561.8067699107,3.6089494753129774,-27.263836618115,-27.263836618115,34489.60624404766,13004.63484370924,6.308782265189695e-09,3.6089494753129774,11.015691562874748
24,CC-discharge,21,1527.2727272727275,215634.534042638,3.5999947916429194,-27.263836618115,-27.263836618115,34907.30133235978,12551.179452160246,6.308782265189695e-09,3.5999947916429194,11.566476141018486
24,CC-discharge,22,1600.0000000000002,215707.26131536526,3.591206904293946,-27.263836618115,-27.263836618115,35324.9964206725,12097.724060611257,6.308782265189695e-09,3.591206904293946,12.117260719162223
24,CC-discharge,23,1672.727272727273,215779.98858809253,3.582569212486498,-27.263836618115,-27.263836618115,35742.69150898578,11644.268669062449,6.308782265189695e-09,3.582569212486498,12.66804529730596
24,CC-discharge,24,1745.4545454545455,215852.71586081982,3.5740631545648043,-27.263836618115,-27.263836618115,36160.38659729854,11190.813277513376,6.308782265189695e-09,3.5740631545648043,13.218829875449696
24,CC-discharge,25,1818.1818181818182,215925.4431335471,3.5656633131521853,-27.263836618115,-27.263836618115,36578.0816856109,10737.35788596432,6.308782265189695e-09,3.5656633131521853,13.769614453593434
24,CC-discharge,26,1890.909090909091,215998.17040627435,3.55733906813818,-27.263836618115,-27.263836618115,36995.77677392393,10283.902494415272,6.308782265189695e-09,3.55733906813818,14.320399031737171
24,CC-discharge,27,1963.6363636363637,216070.89767900162,3.549052210416815,-27.263836618115,-27.263836618115,37413.47186223654,9830.447102866307,6.308782265189695e-09,3.549052210416815,14.871183609880909
24,CC-discharge,28,2036.3636363636365,216143.6249517289,3.54075498614512,-27.263836618115,-27.263836618115,37831.16695054934,9376.991711317078,6.308782265189695e-09,3.54075498614512,15.421968188024646
24,CC-discharge,29,2109.0909090909095,216216.35222445618,3.5323876510153287,-27.263836618115,-27.263836618115,38248.86203886185,8923.536319767903,6.308782265189695e-09,3.5323876510153287,15.972752766168385
24,CC-discharge,30,2181.818181818182,216289.07949718344,3.523875575412789,-27.263836618115,-27.263836618115,38666.55712717466,8470.080928218666,6.308782265189695e-09,3.523875575412789,16.52353734431212
24,CC-discharge,31,2254.545454545455,216361.8067699107,3.5151262161597763,-27.263836618115,-27.263836618115,39084.252215488064,8016.625536669523,6.308782265189695e-09,3.5151262161597763,17.07432192245586
24,CC-discharge,32,2327.2727272727275,216434.534042638,3.5060219299404607,-27.263836618115,-27.263836618115,39501.94730380068,7563.170145120344,6.308782265189695e-09,3.5060219299404607,17.625106500599596
24,CC-discharge,33,2400.0,216507.26131536526,3.4964194967304967,-27.263836618115,-27.263836618115,39919.64239211293,7109.7147535713,6.308782265189695e-09,3.4964194967304967,18.175891078743334
24,CC-discharge,34,2472.727272727273,216579.98858809253,3.4861393434920207,-27.263836618115,-27.263836618115,40337.33748042576,6656.259362022188,6.308782265189695e-09,3.4861393434920207,18.726675656887075
24,CC-discharge,35,2545.4545454545455,216652.71586081982,3.4749587025412194,-27.263836618115,-27.263836618115,40755.03256873847,6202.803970473013,6.308782265189695e-09,3.4749587025412194,19.277460235030812
24,CC-discharge,36,2618.1818181818185,216725.4431335471,3.4626023506896937,-27.263836618115,-27.263836618115,41172.72765705102,5749.348578923969,6.308782265189695e-09,3.4626023506896937,19.82824481317455
24,CC-discharge,37,2690.909090909091,216798.17040627435,3.4487302102302455,-27.263836618115,-27.263836618115,41590.422745363845,5295.893187374805,6.308782265189695e-09,3.4487302102302455,20.379029391318287
24,CC-discharge,38,2763.636363636364,216870.89767900162,3.432925562088548,-27.263836618115,-27.263836618115,42008.11783367605,4842.437795825764,6.308782265189695e-09,3.432925562088548,20.929813969462025
24,CC-discharge,39,2836.3636363636365,216943.6249517289,3.414678938959921,-27.263836618115,-27.263836618115,42425.81292198925,4388.982404276619,6.308782265189695e-09,3.414678938959921,21.480598547605762
24,CC-discharge,40,2909.0909090909095,217016.35222445618,3.3933706801002517,-27.263836618115,-27.263836618115,42843.50801030136,3935.527012727581,6.308782265189695e-09,3.3933706801002517,22.0313831257495
24,CC-discharge,41,2981.818181818182,217089.07949718344,3.368258800081606,-27.263836618115,-27.263836618115,43261.20309861493,3482.0716211785266,6.308782265189695e-09,3.368258800081606,22.582167703893237
24,CC-discharge,42,3054.545454545455,217161.8067699107,3.3384602811234383,-27.263836618115,-27.263836618115,43678.898186927414,3028.616229629476,6.308782265189695e-09,3.3384602811234383,23.132952282036975
24,CC-discharge,43,3127.2727272727275,217234.534042638,3.302937302634288,-27.263836618115,-27.263836618115,44096.59327524028,2575.16083808043,6.308782265189695e-09,3.302937302634288,23.683736860180712
24,CC-discharge,44,3200.0000000000005,217307.26131536526,3.2604513792484116,-27.263836618115,-27.263836618115,44514.288363552434,2121.7054465314004,6.308782265189695e-09,3.2604513792484116,24.23452143832445
24,CC-discharge,45,3272.727272727273,217379.98858809253,3.20929325754289,-27.263836618115,-27.263836618115,44931.98345186515,1668.2500549823562,6.308782265189695e-09,3.20929325754289,24.785306016468187
24,CC-discharge,46,3345.454545454546,217452.71586081982,3.1454249837557606,-27.263836618115,-27.263836618115,45349.67854017784,1214.7946634332752,6.308782265189695e-09,3.1454249837557606,25.336090594611925
24,CC-discharge,47,3418.1818181818185,217525.4431335471,3.0457453756230928,-27.263836618115,-27.263836618115,45767.37362849063,761.3392718842398,6.308782265189695e-09,3.0457453756230928,25.886875172755662
24,CC-discharge,48,3436.68776803714,217543.9490834024,3.0000099999999996,-27.263836618115,-27.263836618115,45873.6589884287,645.9544592418076,6.308782265189695e-09,3.0000099999999996,26.027026059788582
24,CC-charge,0,3436.68776803714,217543.9490834024,3.7160293198575083,27.263836618115,27.263836618115,45873.6589884287,645.9544592418076,6.308782265189695e-09,3.7160293198575083,0.0
24,CC-charge,1,3509.4150407644124,217616.67635612967,3.822317833121212,27.263836618115,27.263836618115,45308.54261998542,1180.4522873652654,6.308793739992393e-09,3.822317833121212,-0.0
24,CC-charge,2,3582.1423134916854,217689.40362885696,3.868661562127676,27.263836618115,27.263836618115,44888.95520987116,1633.9327034775952,6.308825469302998e-09,3.868661562127676,-0.0
24,CC-charge,3,3654.869586218958,217762.13090158423,3.9060879755973823,27.263836618115,27.263836618115,44471.22270745518,2087.3857544571106,6.308891324439989e-09,3.9060879755973823,-0.0
24,CC-charge,4,3727.596858946231,217834.8581743115,3.937374474306239,27.263836618115,27.263836618115,44053.52712059199,2540.8370622144307,6.309010739357958e-09,3.937374474306239,-0.0
24,CC-charge,5,3800.3241316735034,217907.58544703876,3.963451040962682,27.263836618115,27.263836618115,43635.83202716829,2994.28593429948,6.309204252270432e-09,3.963451040962682,-0.0
24,CC-charge,6,3873.0514044007764,217980.31271976605,3.9850867935716803,27.263836618115,27.263836618115,43218.13693892174,3447.7318015626693,6.309490815865882e-09,3.9850867935716803,-0.0
24,CC-charge,7,3945.778677128049,218053.03999249332,4.003021062571974,27.263836618115,27.263836618115,42800.44185060821,3901.17431066064,6.309883002475895e-09,4.003021062571974,-0.0
24,CC-charge,8,4018.505949855322,218125.76726522058,4.0179363106695005,27.263836618115,27.263836618115,42382.74676229457,4354.613356859192,6.310385594888583e-09,4.0179363106695005,-0.0
24,CC-charge,9,4091.2332225825944,218198.49453794784,4.030436066070615,27.263836618115,27.263836618115,41965.051673980866,4808.049069363313,6.310995710711411e-09,4.030436066070615,-0.0
24,CC-charge,10,4163.960495309867,218271.22181067514,4.041035711138306,27.263836618115,27.263836618115,41547.35658566743,5261.481748407152,6.311704631779066e-09,4.041035711138306,-0.0
24,CC-charge,11,4236.68776803714,218343.9490834024,4.050168360249841,27.263836618115,27.263836618115,41129.66149735392,5714.911793260689,6.312500069356919e-09,4.050168360249841,-0.0
24,CC-charge,12,4309.415040764413,218416.67635612967,4.058191352873328,27.263836618115,27.263836618115,40711.96640904091,6168.339637587866,6.313368286805419e-09,4.058191352873328,-0.0
24,CC-charge,13,4382.142313491686,218489.40362885696,4.065397168374681,27.263836618115,27.263836618115,40294.27132072768,6621.765700841402,6.314295752691904e-09,4.065397168374681,-0.0
24,CC-charge,14,4454.869586218958,218562.13090158423,4.072023081507152,27.263836618115,27.263836618115,39876.576232413834,7075.190358260177,6.315270200930501e-09,4.072023081507152,-0.0
24,CC-charge,15,4527.596858946231,218634.8581743115,4.0782604417236366,27.263836618115,27.263836618115,39458.881144100575,7528.613925758641,6.3162811944263425e-09,4.0782604417236366,-0.0
24,CC-charge,16,4600.324131673504,218707.58544703876,4.084262655093338,27.263836618115,27.263836618115,39041.186055787344,7982.036656956991,6.317320274459955e-09,4.084262655093338,-0.0
24,CC-charge,17,4673.051404400776,218780.31271976605,4.090152667745421,27.263836618115,27.263836618115,38623.490967474034,8435.458744557201,6.318380951030087e-09,4.090152667745421,-0.0
24,CC-charge,18,4745.778677128049,218853.03999249332,4.096027707614493,27.263836618115,27.263836618115,38205.795879160585,8888.880299069815,6.31945940381645e-09,4.096027707614493,-0.0
24,CC-charge,19,4818.505949855322,218925.76726522058,4.1019652143071745,27.263836618115,27.263836618115,37788.10079084698,9342.301450368841,6.3205512228873936e-09,4.1019652143071745,-0.0
24,CC-charge,20,4891.233222582595,218998.49453794784,4.108026120771289,27.263836618115,27.263836618115,37370.40570253381,9795.72225239257,6.321654485579283e-09,4.108026120771289,-0.0
24,CC-charge,21,4963.960495309868,219071.22181067514,4.1142580669465705,27.263836618115,27.263836618115,36952.710614220545,10249.142720907956,6.32276852102054e-09,4.1142580669465705,-0.0
24,CC-charge,22,5036.68776803714,219143.9490834024,4.120699728757234,27.263836618115,27.263836618115,36535.015525907394,10702.562865222913,6.323892896897178e-09,4.120699728757234,-0.0
24,CC-charge,23,5109.415040764413,219216.67635612967,4.127379711896392,27.263836618115,27.263836618115,36117.32043759401,11155.982665926234,6.325028127239293e-09,4.127379711896392,-0.0
24,CC-charge,24,5182.142313491686,219289.40362885696,4.134320942704259,27.263836618115,27.263836618115,35699.62534928064,11609.40208658277,6.326175289731762e-09,4.134320942704259,-0.0
24,CC-charge,25,5254.869586218958,219362.13090158423,4.141541381623916,27.263836618115,27.263836618115,35281.93026096698,12062.821079882891,6.327335826887066e-09,4.141541381623916,-0.0
24,CC-charge,26,5327.596858946231,219434.8581743115,4.149055167804648,27.263836618115,27.263836618115,34864.23517265351,12516.239587576665,6.328511542168558e-09,4.149055167804648,-0.0
24,CC-charge,27,5400.324131673504,219507.58544703876,4.156873586104729,27.263836618115,27.263836618115,34446.540084339445,12969.657542539724,6.329704531418089e-09,4.156873586104729,-0.0
24,CC-charge,28,5473.051404400776,219580.31271976605,4.165007756462931,27.263836618115,27.263836618115,34028.84499602649,13423.074866967747,6.330917236223009e-09,4.165007756462931,-0.0
24,CC-charge,29,5545.77867712805,219653.03999249332,4.173462389162065,27.263836618115,27.263836618115,33611.14990771292,13876.491522090559,6.332150860911032e-09,4.173462389162065,-0.0
24,CC-charge,30,5618.505949855322,219725.76726522058,4.182245910417393,27.263836618115,27.263836618115,33193.45481939962,14329.90737898672,6.333409480132297e-09,4.182245910417393,-0.0
24,CC-charge,31,5691.233222582595,219798.49453794784,4.191365221660626,27.263836618115,27.263836618115,32775.7597310866,14783.322344800163,6.334696025754065e-09,4.191365221660626,-0.0
24,CC-charge,32,5757.601961552666,219864.86327691792,4.199990000000001,27.263836618115,27.263836618115,32394.583657162813,15197.094399509871,6.335898759668257e-09,4.199990000000001,-0.0
24,CV-charge,0,5757.601961552666,219864.86327691792,4.2,27.289132381525892,27.289132381525892,32394.583657162813,15197.094399509871,6.335898759668257e-09,4.2,0.0
24,CV-charge,1,5830.329234279939,219937.5905496452,4.199999999999999,24.22883142416406,24.22883142416406,31872.344183045065,15692.392756684889,6.337158808307527e-09,4.199999999999999,-0.0
24,CV-charge,2,5903.056507007211,220010.31782237248,4.2,22.293163740596565,22.293163740596565,31525.437810302366,16072.976536185703,6.338340683885292e-09,4.2,-0.0
24,CV-charge,3,5975.783779734484,220083.04509509975,4.2,20.600392245579908,20.600392245579908,31206.874723824585,16423.930144860336,6.33945753736757e-09,4.2,-0.0
24,CV-charge,4,6048.511052461757,220155.772367827,4.2,19.10323626082569,19.10323626082569,30911.38673597264,16749.270695892752,6.3405175979034135e-09,4.2,-0.0
24,CV-charge,5,6121.23832518903,220228.49964055428,4.2,17.77319524018642,17.77319524018642,30636.588750544484,17051.634653830304,6.341526120126482e-09,4.2,-0.0
24,CV-charge,6,6193.965597916302,220301.22691328157,4.2,16.585792173671795,16.585792173671795,30380.25757122788,17333.511132772117,6.342488117488516e-09,4.2,-0.0
24,CV-charge,7,6266.692870643575,220373.95418600884,4.2,15.520735400441787,15.520735400441787,30140.478250330903,17597.042226573216,6.3434079201069255e-09,4.2,-0.0
24,CV-charge,8,6339.420143370848,220446.6814587361,4.2,14.561191447982546,14.561191447982546,29915.60238132802,17844.069773158015,6.344289269504699e-09,4.2,-0.0
24,CV-charge,9,6412.147416098121,220519.40873146337,4.2,13.693093967359095,13.693093967359095,29704.20229678374,18076.18728939397,6.3451354219570354e-09,4.2,-0.0
24,CV-charge,10,6484.874688825393,220592.13600419066,4.200000000000001,12.904642095388857,12.904642095388857,29505.03610623246,18294.779535115344,6.34594922621088e-09,4.200000000000001,-0.0
24,CV-charge,11,6557.601961552666,220664.86327691792,4.2,12.18588987132499,12.18588987132499,29317.01994750558,18501.0539039599,6.346733184473555e-09,4.2,-0.0
24,CV-charge,12,6630.329234279939,220737.5905496452,4.199999999999999,11.528357186149222,11.528357186149222,29139.189937616055,18696.083042270962,6.347489541213026e-09,4.199999999999999,-0.0
24,CV-charge,13,6703.056507007212,220810.31782237248,4.200000000000001,10.924895048352314,10.924895048352314,28970.71435208997,18880.79188241715,6.348220240801002e-09,4.200000000000001,-0.0
24,CV-charge,14,6775.783779734484,220883.04509509975,4.199999999999999,10.369346464924234,10.369346464924234,28810.84717225764,19056.00931589474,6.34892704403764e-09,4.199999999999999,-0.0
24,CV-charge,15,6848.511052461757,220955.772367827,4.199999999999999,9.856014258939418,9.856014258939418,28658.80381969315,19222.604677898944,6.349611862539957e-09,4.199999999999999,-0.0
24,CV-charge,16,6921.23832518903,221028.49964055428,4.2,9.380766776571477,9.380766776571477,28514.116883092207,19381.09794453559,6.350275778048287e-09,4.2,-0.0
24,CV-charge,17,6993.965597916302,221101.22691328157,4.200000000000001,8.939637130373328,8.939637130373328,28376.25579142262,19532.07738296406,6.3509200748635845e-09,4.200000000000001,-0.0
24,CV-charge,18,7066.692870643575,221173.95418600884,4.2,8.529168526327435,8.529168526327435,28244.74339701353,19676.071577459657,6.351545917990666e-09,4.2,-0.0
24,CV-charge,19,7139.420143370848,221246.6814587361,4.2,8.146352119833967,8.146352119833967,28119.150374858316,19813.555839763416,6.352154365214623e-09,4.2,-0.0
24,CV-charge,20,7212.147416098121,221319.40873146337,4.2,7.788541720311417,7.788541720311417,27999.088369440226,19944.95986431242,6.352746382249471e-09,4.2,-0.0
24,CV-charge,21,7284.874688825394,221392.13600419066,4.2,7.453411126280419,7.453411126280419,27884.205308464345,20070.672975763922,6.353322852832023e-09,4.2,-0.0
24,CV-charge,22,7357.601961552666,221464.86327691792,4.199999999999999,7.138906911617384,7.138906911617384,27774.181133800703,20191.048904091196,6.353884588040276e-09,4.199999999999999,-0.0
24,CV-charge,23,7430.329234279939,221537.5905496452,4.2,6.843213891344649,6.843213891344649,27668.725267265385,20306.40863565415,6.354432331402617e-09,4.2,-0.0
24,CV-charge,24,7503.056507007212,221610.31782237248,4.200000000000001,6.564716500376962,6.564716500376962,27567.57102502883,20417.046615337847,6.354966772018324e-09,4.200000000000001,-0.0
24,CV-charge,25,7575.783779734484,221683.04509509975,4.2,6.3019757342406555,6.3019757342406555,27470.474152748546,20523.232392072765,6.35548854733534e-09,4.2,-0.0
24,CV-charge,26,7648.511052461757,221755.772367827,4.2,6.053706228034489,6.053706228034489,27377.210385293034,20625.21334195232,6.3559982485577356e-09,4.2,-0.0
24,CV-charge,27,7721.23832518903,221828.49964055428,4.2,5.81875684083084,5.81875684083084,27287.573355660355,20723.21699934586,6.356496425286322e-09,4.2,-0.0
24,CV-charge,28,7793.965597916302,221901.22691328157,4.2,5.596094049750157,5.596094049750157,27201.372761117385,20817.4530989248,6.356983589597927e-09,4.2,-0.0
24,CV-charge,29,7866.692870643576,221973.95418600884,4.2,5.384787703635577,5.384787703635577,27118.432752139128,20908.115368528008,6.357460219641726e-09,4.2,-0.0
24,CV-charge,30,7939.420143370848,222046.6814587361,4.2,5.183998760475922,5.183998760475922,27038.590512960513,20995.38310788062,6.35792676281865e-09,4.2,-0.0
24,CV-charge,31,8012.147416098121,222119.40873146337,4.200000000000001,4.992968698627632,4.992968698627632,26961.695007504728,21079.4225825777,6.358383638599605e-09,4.200000000000001,-0.0
24,CV-charge,32,8084.874688825394,222192.13600419066,4.199999999999999,4.811010345217379,4.811010345217379,26887.60586852723,21160.388258233746,6.358831241029788e-09,4.199999999999999,-0.0
24,CV-charge,33,8157.601961552666,222264.86327691792,4.2,4.637499908312444,4.637499908312444,26816.19241111223,21238.423895891297,6.359269940959289e-09,4.2,-0.0
24,CV-charge,34,8230.32923427994,222337.5905496452,4.2,4.4718700349022,4.4718700349022,26747.33275448447,21313.66352669346,6.35970008803435e-09,4.2,-0.0
24,CV-charge,35,8303.056507007212,222410.31782237248,4.200000000000001,4.313603745734613,4.313603745734613,26680.9130384229,21386.232321143583,6.360122012478676e-09,4.200000000000001,-0.0
24,CV-charge,36,8375.783779734484,222483.04509509975,4.2,4.16222912189659,4.16222912189659,26616.826722515827,21456.2473661133,6.360536026690125e-09,4.2,-0.0
24,CV-charge,37,8448.511052461756,222555.772367827,4.199999999999999,4.017314637772675,4.017314637772675,26554.97395816505,21523.818360889338,6.360942426674589e-09,4.199999999999999,-0.0
24,CV-charge,38,8521.23832518903,222628.49964055428,4.199999999999999,3.8784650513281447,3.8784650513281447,26495.261024627955,21589.04824198059,6.361341493335929e-09,4.199999999999999,-0.0
24,CV-charge,39,8593.965597916302,222701.22691328157,4.2,3.745317776228446,3.745317776228446,26437.599821567812,21652.03374509526,6.361733493638375e-09,4.2,-0.0
24,CV-charge,40,8666.692870643576,222773.95418600884,4.2,3.617539671654057,3.617539671654057,26381.90741160027,21712.86591157236,6.362118681655638e-09,4.2,-0.0
24,CV-charge,41,8739.420143370848,222846.6814587361,4.2,3.4948241951159864,3.4948241951159864,26328.10560716215,21771.63054556389,6.3624972995191896e-09,4.2,-0.0
24,CV-charge,42,8812.14741609812,222919.40873146337,4.200000000000001,3.3768888715311367,3.3768888715311367,26276.120596772813,21828.408627493533,6.36286957827662e-09,4.200000000000001,-0.0
24,CV-charge,43,8884.874688825394,222992.13600419066,4.2,3.263473038496861,3.263473038496861,26225.882606373754,21883.276688585578,6.3632357386696335e-09,4.2,-0.0
24,CV-charge,44,8957.601961552666,223064.86327691792,4.2,3.154335833379967,3.154335833379967,26177.325591986973,21936.30715064726,6.363595991840112e-09,4.2,-0.0
24,CV-charge,45,9030.32923427994,223137.5905496452,4.199999999999999,3.0492543925477684,3.0492543925477684,26130.386960369466,21987.568634815685,6.363950539971684e-09,4.199999999999999,-0.0
24,CV-charge,46,9103.056507007212,223210.31782237248,4.2,2.9480222371968416,2.9480222371968416,26085.007314771537,22037.126242482092,6.364299576873397e-09,4.2,-0.0
24,CV-charge,47,9175.783779734484,223283.04509509975,4.2,2.8504478236219293,2.8504478236219293,26041.130223221207,22085.041811245686,6.364643288511293e-09,4.2,-0.0
24,CV-charge,48,9248.511052461756,223355.772367827,4.199999999999999,2.75635323875683,2.75635323875683,25998.70200708696,22131.374148426545,6.364981853493117e-09,4.199999999999999,-0.0
24,CV-charge,49,9272.272744990927,223379.53406035618,4.2,2.7263936618115,2.7263936618115,25985.170905735446,22146.150136502893,6.365091292320883e-09,4.2,-0.0
25,CC-discharge,0,0.0,223379.53406035618,3.8551700119188816,-27.263836618115,-27.263836618115,25985.170905735446,22146.150136502893,6.365091292320883e-09,3.8551700119188816,0.0
25,CC-discharge,1,72.72727272727273,223452.26133308344,3.831014520036786,-27.263836618115,-27.263836618115,26550.290509033108,21611.650377557657,6.365091292320883e-09,3.831014520036786,0.5507845781437374
25,CC-discharge,2,145.45454545454547,223524.98860581074,3.814700261565792,-27.263836618115,-27.263836618115,26969.87819838772,21158.17029832658,6.365091292320883e-09,3.814700261565792,1.1015691562874748
25,CC-discharge,3,218.1818181818182,223597.715878538,3.799494236290988,-27.263836618115,-27.263836618115,27387.605020666117,20704.714954458566,6.365091292320883e-09,3.799494236290988,1.652353734431212
25,CC-discharge,4,290.90909090909093,223670.44315126527,3.7851289409012283,-27.263836618115,-27.263836618115,27805.30257050528,20251.259563613487,6.365091292320883e-09,3.7851289409012283,2.2031383125749495
25,CC-discharge,5,363.6363636363637,223743.17042399253,3.771440736331529,-27.263836618115,-27.263836618115,28222.99785062224,19797.804172074637,6.365091292320883e-09,3.771440736331529,2.753922890718687
25,CC-discharge,6,436.3636363636364,223815.89769671983,3.7583222413176287,-27.263836618115,-27.263836618115,28640.692953955913,19344.348780525335,6.365091292320883e-09,3.7583222413176287,3.304707468862424
25,CC-discharge,7,509.0909090909091,223888.6249694471,3.7456781000513364,-27.263836618115,-27.263836618115,29058.38804345125,18890.89338897616,6.365091292320883e-09,3.7456781000513364,3.8554920470061615
25,CC-discharge,8,581.8181818181819,223961.35224217435,3.733451231587258,-27.263836618115,-27.263836618115,29476.08313185824,18437.437997426645,6.365091292320883e-09,3.733451231587258,4.406276625149899
25,CC-discharge,9,654.5454545454546,224034.07951490162,3.721593742751336,-27.263836618115,-27.263836618115,29893.778220178883,17983.982605877238,6.365091292320883e-09,3.721593742751336,4.9570612032936365
25,CC-discharge,10,727.2727272727274,224106.8067876289,3.7100689236329645,-27.263836618115,-27.263836618115,30311.473308492274,17530.527214328176,6.365091292320883e-09,3.7100689236329645,5.507845781437374
25,CC-discharge,11,800.0000000000001,224179.53406035618,3.6988483728327566,-27.263836618115,-27.263836618115,30729.1683968053,17077.07182277885,6.365091292320883e-09,3.6988483728327566,6.0586303595811115
25,CC-discharge,12,872.7272727272727,224252.26133308344,3.6879098844501,-27.263836618115,-27.263836618115,31146.863485118134,16623.616431229166,6.365091292320883e-09,3.6879098844501,6.609414937724848
25,CC-discharge,13,945.4545454545455,224324.98860581074,3.6772358605372077,-27.263836618115,-27.263836618115,31564.558573430695,16170.161039680068,6.365091292320883e-09,3.6772358605372077,7.160199515868586
25,CC-discharge,14,1018.1818181818182,224397.715878538,3.6668120896072174,-27.263836618115,-27.263836618115,31982.25366174375,15716.705648130546,6.365091292320883e-09,3.6668120896072174,7.710984094012323
25,CC-discharge,15,1090.909090909091,224470.44315126527,3.6566267795863885,-27.263836618115,-27.263836618115,32399.948750056323,15263.250256581408,6.365091292320883e-09,3.6566267795863885,8.26176867215606
25,CC-discharge,16,1163.6363636363637,224543.17042399253,3.646669766132109,-27.263836618115,-27.263836618115,32817.64383836939,14809.794865031685,6.365091292320883e-09,3.646669766132109,8.812553250299798
25,CC-discharge,17,1236.3636363636365,224615.89769671983,3.636931837189067,-27.263836618115,-27.263836618115,33235.33892668224,14356.339473482372,6.365091292320883e-09,3.636931837189067,9.363337828443536
25,CC-discharge,18,1309.0909090909092,224688.6249694471,3.6274041280611162,-27.263836618115,-27.263836618115,33653.0340149946,13902.884081933009,6.365091292320883e-09,3.6274041280611162,9.914122406587273
25,CC-discharge,19,1381.818181818182,224761.35224217435,3.6180775494894055,-27.263836618115,-27.263836618115,34070.729103307254,13449.428690383747,6.365091292320883e-09,3.6180775494894055,10.46490698473101
25,CC-discharge,20,1454.5454545454547,224834.07951490162,3.6089422167396124,-27.263836618115,-27.263836618115,34488.42419162025,12995.973298834779,6.365091292320883e-09,3.6089422167396124,11.015691562874748
25,CC-discharge,21,1527.2727272727275,224906.8067876289,3.599986843949205,-27.263836618115,-27.263836618115,34906.11927993308,12542.517907285506,6.365091292320883e-09,3.599986843949205,11.566476141018486
25,CC-discharge,22,1600.0000000000002,224979.53406035618,3.591198084208434,-27.263836618115,-27.263836618115,35323.814368246,12089.062515736607,6.365091292320883e-09,3.591198084208434,12.117260719162223
25,CC-discharge,23,1672.727272727273,225052.26133308344,3.5825592798542165,-27.263836618115,-27.263836618115,35741.50945655872,11635.6071241874,6.365091292320883e-09,3.5825592798542165,12.66804529730596
25,CC-discharge,24,1745.4545454545455,225124.98860581074,3.5740517784080734,-27.263836618115,-27.263836618115,36159.20454487135,11182.151732638189,6.365091292320883e-09,3.5740517784080734,13.218829875449696
25,CC-discharge,25,1818.1818181818182,225197.715878538,3.5656500716404014,-27.263836618115,-27.263836618115,36576.89963318403,10728.696341088933,6.365091292320883e-09,3.5656500716404014,13.769614453593434
25,CC-discharge,26,1890.909090909091,225270.44315126527,3.5573234174449357,-27.263836618115,-27.263836618115,36994.59472149696,10275.24094953975,6.365091292320883e-09,3.5573234174449357,14.320399031737171
25,CC-discharge,27,1963.6363636363637,225343.17042399253,3.5490334540547264,-27.263836618115,-27.263836618115,37412.289809809714,9821.785557990583,6.365091292320883e-09,3.5490334540547264,14.871183609880909
25,CC-discharge,28,2036.3636363636365,225415.89769671983,3.5407322348012453,-27.263836618115,-27.263836618115,37829.98489812288,9368.330166441443,6.365091292320883e-09,3.5407322348012453,15.421968188024646
25,CC-discharge,29,2109.0909090909095,225488.6249694471,3.53235977462567,-27.263836618115,-27.263836618115,38247.67998643557,8914.874774892047,6.365091292320883e-09,3.53235977462567,15.972752766168385
25,CC-discharge,30,2181.818181818182,225561.35224217435,3.5238411439573722,-27.263836618115,-27.263836618115,38665.37507474885,8461.419383342833,6.365091292320883e-09,3.5238411439573722,16.52353734431212
25,CC-discharge,31,2254.545454545455,225634.07951490162,3.5150834185504585,-27.263836618115,-27.263836618115,39083.070163061355,8007.963991793718,6.365091292320883e-09,3.5150834185504585,17.07432192245586
25,CC-discharge,32,2327.2727272727275,225706.8067876289,3.5059685048620177,-27.263836618115,-27.263836618115,39500.76525137418,7554.508600244441,6.365091292320883e-09,3.5059685048620177,17.625106500599596
25,CC-discharge,33,2400.0,225779.53406035618,3.4963526075683107,-27.263836618115,-27.263836618115,39918.46033968734,7101.053208695081,6.365091292320883e-09,3.4963526075683107,18.175891078743334
25,CC-discharge,34,2472.727272727273,225852.26133308344,3.4860554266344805,-27.263836618115,-27.263836618115,40336.1554280002,6647.597817145949,6.365091292320883e-09,3.4860554266344805,18.726675656887075
25,CC-discharge,35,2545.4545454545455,225924.98860581074,3.474853326531607,-27.263836618115,-27.263836618115,40753.850516312836,6194.142425596784,6.365091292320883e-09,3.474853326531607,19.277460235030812
25,CC-discharge,36,2618.1818181818185,225997.715878538,3.462470011001261,-27.263836618115,-27.263836618115,41171.5456046256,5740.687034047538,6.365091292320883e-09,3.462470011001261,19.82824481317455
25,CC-discharge,37,2690.909090909091,226070.44315126527,3.4485641094065818,-27.263836618115,-27.263836618115,41589.240692938336,5287.23164249859,6.365091292320883e-09,3.4485641094065818,20.379029391318287
25,CC-discharge,38,2763.636363636364,226143.17042399253,3.4327173341178465,-27.263836618115,-27.263836618115,42006.93578125056,4833.776250949482,6.365091292320883e-09,3.4327173341178465,20.929813969462025
25,CC-discharge,39,2836.3636363636365,226215.89769671983,3.414418362054768,-27.263836618115,-27.263836618115,42424.63086956342,4380.320859400367,6.365091292320883e-09,3.414418362054768,21.480598547605762
25,CC-discharge,40,2909.0909090909095,226288.6249694471,3.3930454108457226,-27.263836618115,-27.263836618115,42842.32595787578,3926.865467851297,6.365091292320883e-09,3.3930454108457226,22.0313831257495
25,CC-discharge,41,2981.818181818182,226361.35224217435,3.367854057708346,-27.263836618115,-27.263836618115,43260.02104618878,3473.4100763021747,6.365091292320883e-09,3.367854057708346,22.582167703893237
25,CC-discharge,42,3054.545454545455,226434.07951490162,3.337958622036624,-27.263836618115,-27.263836618115,43677.71613450237,3019.9546847531647,6.365091292320883e-09,3.337958622036624,23.132952282036975
25,CC-discharge,43,3127.2727272727275,226506.8067876289,3.3023182638140325,-27.263836618115,-27.263836618115,44095.41122281514,2566.499293204098,6.365091292320883e-09,3.3023182638140325,23.683736860180712
25,CC-discharge,44,3200.0000000000005,226579.53406035618,3.259689704049195,-27.263836618115,-27.263836618115,44513.10631112886,2113.0439016550463,6.365091292320883e-09,3.259689704049195,24.23452143832445
25,CC-discharge,45,3272.727272727273,226652.26133308344,3.208347286151236,-27.263836618115,-27.263836618115,44930.801399441305,1659.5885101060528,6.365091292320883e-09,3.208347286151236,24.785306016468187
25,CC-discharge,46,3345.454545454546,226724.98860581074,3.1441518222271947,-27.263836618115,-27.263836618115,45348.496487754106,1206.1331185570316,6.365091292320883e-09,3.1441518222271947,25.336090594611925
25,CC-discharge,47,3418.1818181818185,226797.715878538,3.0430121147051894,-27.263836618115,-27.263836618115,45766.19157606644,752.6777270080062,6.365091292320883e-09,3.0430121147051894,25.886875172755662
25,CC-discharge,48,3435.3486891914395,226814.88274954763,3.0000100000000005,-27.263836618115,-27.263836618115,45864.786194474706,645.6420865470847,6.365091292320883e-09,3.0000100000000005,26.01688483010304
25,CC-charge,0,3435.3486891914395,226814.88274954763,3.7159980811423705,27.263836618115,27.263836618115,45864.786194474706,645.6420865470847,6.365091292320883e-09,3.7159980811423705,0.0
25,CC-charge,1,3508.075961918712,226887.6100222749,3.822365456578934,27.263836618115,27.263836618115,45299.66981362988,1180.1399227662307,6.365102756742072e-09,3.822365456578934,-0.0
25,CC-charge,2,3580.803234645985,226960.3372950022,3.868715074929998,27.263836618115,27.263836618115,44880.0824303487,1633.620331608234,6.365134468170052e-09,3.868715074929998,-0.0
25,CC-charge,3,3653.5305073732575,227033.06456772945,3.9061446451092707,27.263836618115,27.263836618115,44462.34991372578,2087.073383775322,6.365200293608727e-09,3.9061446451092707,-0.0
25,CC-charge,4,3726.2577801005305,227105.79184045672,3.9374344965636627,27.263836618115,27.263836618115,44044.65432664039,2540.5246930005496,6.365319664226312e-09,3.9374344965636627,-0.0
25,CC-charge,5,3798.985052827803,227178.51911318398,3.96351471829867,27.263836618115,27.263836618115,43626.95923321255,2993.9735669805987,6.365513118973784e-09,3.96351471829867,-0.0
25,CC-charge,6,3871.712325555076,227251.24638591128,3.9851542927212855,27.263836618115,27.263836618115,43209.26414496571,3447.419436462199,6.365799613322735e-09,3.9851542927212855,-0.0
25,CC-charge,7,3944.4395982823485,227323.97365863854,4.003092456422596,27.263836618115,27.263836618115,42791.569056652406,3900.861947939891,6.366191724551382e-09,4.003092456422596,-0.0
25,CC-charge,8,4017.1668710096214,227396.7009313658,4.01801162594199,27.263836618115,27.263836618115,42373.873968338914,4354.300996503469,6.366694241103624e-09,4.01801162594199,-0.0
25,CC-charge,9,4089.894143736894,227469.42820409307,4.030515311805362,27.263836618115,27.263836618115,41956.17888002566,4807.736711216013,6.367304285317947e-09,4.030515311805362,-0.0
25,CC-charge,10,4162.621416464167,227542.15547682036,4.041118896241653,27.263836618115,27.263836618115,41538.48379171207,5261.169392219903,6.368013142255847e-09,4.041118896241653,-0.0
25,CC-charge,11,4235.34868919144,227614.88274954763,4.050255498411927,27.263836618115,27.263836618115,41120.78870339831,5714.599438739548,6.368808524897754e-09,4.050255498411927,-0.0
25,CC-charge,12,4308.075961918712,227687.6100222749,4.058282466120065,27.263836618115,27.263836618115,40703.09361508502,6168.027284434444,6.36967669695798e-09,4.058282466120065,-0.0
25,CC-charge,13,4380.803234645985,227760.3372950022,4.065492286278427,27.263836618115,27.263836618115,40285.39852677166,6621.4533487801455,6.37060412642991e-09,4.065492286278427,-0.0
25,CC-charge,14,4453.530507373258,227833.06456772945,4.072122240135411,27.263836618115,27.263836618115,39867.70343845832,7074.878007051837,6.371578546115262e-09,4.072122240135411,-0.0
25,CC-charge,15,4526.25778010053,227905.79184045672,4.078363682048628,27.263836618115,27.263836618115,39450.008350145006,7528.301575206922,6.372589517563734e-09,4.078363682048628,-0.0
25,CC-charge,16,4598.985052827803,227978.51911318398,4.084370021304939,27.263836618115,27.263836618115,39032.31326183129,7981.724306909096,6.3736285806730735e-09,4.084370021304939,-0.0
25,CC-charge,17,4671.712325555076,228051.24638591128,4.0902642062064345,27.263836618115,27.263836618115,38614.61817351849,8435.146394899024,6.374689244189972e-09,4.0902642062064345,-0.0
25,CC-charge,18,4744.439598282349,228123.97365863854,4.0961434653228945,27.263836618115,27.263836618115,38196.92308520532,8888.567949715143,6.375767686859281e-09,4.0961434653228945,-0.0
25,CC-charge,19,4817.166871009622,228196.7009313658,4.102085238185507,27.263836618115,27.263836618115,37779.227996891736,9341.98910126944,6.376859497509046e-09,4.102085238185507,-0.0
25,CC-charge,20,4889.894143736894,228269.42820409307,4.1081504573522665,27.263836618115,27.263836618115,37361.532908578505,9795.409903523047,6.3779627527240735e-09,4.1081504573522665,-0.0
25,CC-charge,21,4962.621416464167,228342.15547682036,4.114386761626052,27.263836618115,27.263836618115,36943.83782026546,10248.830372258442,6.379076781094582e-09,4.114386761626052,-0.0
25,CC-charge,22,5035.34868919144,228414.88274954763,4.120832827622698,27.263836618115,27.263836618115,36526.142731952226,10702.250516801585,6.380201149741649e-09,4.120832827622698,-0.0
25,CC-charge,23,5108.075961918712,228487.6100222749,4.127517260371956,27.263836618115,27.263836618115,36108.447643639185,11155.670317757307,6.381336372137084e-09,4.127517260371956,-0.0
25,CC-charge,24,5180.803234645985,228560.3372950022,4.134462986946566,27.263836618115,27.263836618115,35690.75255532567,11609.089738689769,6.382483525979372e-09,4.134462986946566,-0.0
25,CC-charge,25,5253.530507373258,228633.06456772945,4.141687969859212,27.263836618115,27.263836618115,35273.05746701182,12062.508732302866,6.3836440533549976e-09,4.141687969859212,-0.0
25,CC-charge,26,5326.25778010053,228705.79184045672,4.149206351810098,27.263836618115,27.263836618115,34855.36237869889,12515.927240352465,6.384819757506979e-09,4.149206351810098,-0.0
25,CC-charge,27,5398.985052827803,228778.51911318398,4.157029423276161,27.263836618115,27.263836618115,34437.667290385674,12969.345195721091,6.386012734083881e-09,4.157029423276161,-0.0
25,CC-charge,28,5471.712325555076,228851.24638591128,4.165168311939787,27.263836618115,27.263836618115,34019.972202072786,13422.762520610282,6.387225424459806e-09,4.165168311939787,-0.0
25,CC-charge,29,5544.439598282349,228923.97365863854,4.173627740628765,27.263836618115,27.263836618115,33602.27711375944,13876.179176252102,6.388459032911656e-09,4.173627740628765,-0.0
25,CC-charge,30,5617.166871009622,228996.7009313658,4.182416150655506,27.263836618115,27.263836618115,33184.58202544614,14329.595033731497,6.389717633846238e-09,4.182416150655506,-0.0
25,CC-charge,31,5689.894143736894,229069.42820409307,4.191540463996028,27.263836618115,27.263836618115,32766.886937133026,14783.010000197117,6.391004159008865e-09,4.191540463996028,-0.0
25,CC-charge,32,5754.897130892266,229134.43119124847,4.199990000000001,27.263836618115,27.263836618115,32393.55479580111,15188.267362939452,6.392181874705583e-09,4.199990000000001,-0.0
25,CV-charge,0,5754.897130892266,229134.43119124847,4.2,27.28926351438426,27.28926351438426,32393.55479580111,15188.267362939452,6.392181874705583e-09,4.2,0.0
25,CV-charge,1,5827.624403619539,229207.15846397573,4.2,24.229354270889793,24.229354270889793,31871.30708586965,15683.57335116475,6.3934412869850854e-09,4.2,-0.0
25,CV-charge,2,5900.3516763468115,229279.88573670303,4.200000000000001,22.295047186381943,22.295047186381943,31524.59871018585,16063.93179902955,6.3946220299995435e-09,4.200000000000001,-0.0
25,CV-charge,3,5973.078949074084,229352.6130094303,4.200000000000001,20.602300645308933,20.602300645308933,31206.01150617347,16414.91756227482,6.395738312797433e-09,4.200000000000001,-0.0
25,CV-charge,4,6045.806221801357,229425.34028215756,4.199999999999999,19.105112758212844,19.105112758212844,30910.49469162167,16740.289615467584,6.396797808706257e-09,4.199999999999999,-0.0
25,CV-charge,5,6118.53349452863,229498.06755488482,4.2,17.77501678094169,17.77501678094169,30635.6685189687,17042.684341083983,6.397805773136789e-09,4.2,-0.0
25,CV-charge,6,6191.2607672559025,229570.79482761212,4.199999999999999,16.587544925647244,16.587544925647244,30379.31021422452,17324.590480476825,6.398767219371634e-09,4.199999999999999,-0.0
25,CV-charge,7,6263.988039983175,229643.52210033938,4.2,15.52241097802791,15.52241097802791,30139.504944722026,17588.14998542407,6.399686477577713e-09,4.2,-0.0
25,CV-charge,8,6336.715312710448,229716.24937306665,4.2,14.562785547983543,14.562785547983543,29914.604382032372,17835.204596091586,6.400567289236061e-09,4.2,-0.0
25,CV-charge,9,6409.442585437721,229788.9766457939,4.2,13.694604871373826,13.694604871373826,29703.180884799858,18067.347792393066,6.401412910574766e-09,4.2,-0.0
25,CV-charge,10,6482.1698581649935,229861.7039185212,4.200000000000001,12.906069791869035,12.906069791869035,29503.992539532333,18285.964353813302,6.40222619031938e-09,4.200000000000001,-0.0
25,CV-charge,11,6554.897130892266,229934.43119124847,4.199999999999999,12.187235634194694,12.187235634194694,29315.955489263062,18492.261663577316,6.4030096305336874e-09,4.199999999999999,-0.0
25,CV-charge,12,6627.624403619539,230007.15846397573,4.2,11.529235222298153,11.529235222298153,29137.999201417686,18687.429359563776,6.403765758678098e-09,4.2,-0.0
25,CV-charge,13,6700.351676346812,230079.88573670303,4.2,10.925726979535726,10.925726979535726,28969.51064350461,18872.152391559164,6.404495937577764e-09,4.2,-0.0
25,CV-charge,14,6773.078949074084,230152.6130094303,4.2,10.370131680391241,10.370131680391241,28809.631239611987,19047.383249413833,6.405202227294739e-09,4.2,-0.0
25,CV-charge,15,6845.806221801357,230225.34028215756,4.200000000000001,9.856752919343812,9.856752919343812,28657.576464525227,19213.99116598566,6.405886538868094e-09,4.200000000000001,-0.0
25,CV-charge,16,6918.53349452863,230298.06755488482,4.2,9.381459217073939,9.381459217073939,28512.878817437664,19372.496213384784,6.406549954189612e-09,4.2,-0.0
25,CV-charge,17,6991.2607672559025,230370.79482761212,4.199999999999999,8.940284004045594,8.940284004045594,28375.007718118046,19523.486667641657,6.407193757364242e-09,4.199999999999999,-0.0
25,CV-charge,18,7063.988039983175,230443.52210033938,4.200000000000001,8.529770719142915,8.529770719142915,28243.486006103463,19667.491126194265,6.407819113212423e-09,4.200000000000001,-0.0
25,CV-charge,19,7136.715312710448,230516.24937306665,4.2,8.14691064056493,8.14691064056493,28117.884339626362,19804.98491850761,6.408427079349839e-09,4.2,-0.0
25,CV-charge,20,7209.442585437721,230588.9766457939,4.2,7.789057686679556,7.789057686679556,27997.814345821895,19936.397757525978,6.409018621328556e-09,4.2,-0.0
25,CV-charge,21,7282.169858164994,230661.7039185212,4.2,7.453885714721327,7.453885714721327,27882.92393413873,20062.11898752969,6.409594622732759e-09,4.2,-0.0
25,CV-charge,22,7354.897130892266,230734.43119124847,4.200000000000001,7.139341328701369,7.139341328701369,27772.893027705784,20182.502358727907,6.410155894496513e-09,4.200000000000001,-0.0
25,CV-charge,23,7427.624403619539,230807.15846397573,4.200000000000001,6.843609326915127,6.843609326915127,27667.431019996446,20297.868888379984,6.410703180037562e-09,4.200000000000001,-0.0
25,CV-charge,24,7500.351676346812,230879.88573670303,4.199999999999999,6.565074165704861,6.565074165704861,27566.271217761176,20408.513031374085,6.411237168302442e-09,4.199999999999999,-0.0
25,CV-charge,25,7573.078949074084,230952.6130094303,4.199999999999999,6.302296825036815,6.302296825036815,27469.169348406253,20514.70435657078,6.411758496617326e-09,4.199999999999999,-0.0
25,CV-charge,26,7645.806221801357,231025.34028215756,4.200000000000001,6.0539919167202,6.0539919167202,27375.901128768128,20616.690259702504,6.412267756071043e-09,4.200000000000001,-0.0
25,CV-charge,27,7718.53349452863,231098.06755488482,4.199999999999999,5.819008271643753,5.819008271643753,27286.260174247698,20714.698294327547,6.4127654961552254e-09,4.199999999999999,-0.0
25,CV-charge,28,7791.2607672559025,231170.79482761212,4.200000000000001,5.596312335688503,5.596312335688503,27200.056164986832,20808.938213801583,6.4132522288431165e-09,4.200000000000001,-0.0
25,CV-charge,29,7863.988039983176,231243.52210033938,4.2,5.3849739248088175,5.3849739248088175,27117.113234839937,20899.603764108182,6.413728432185496e-09,4.2,-0.0
25,CV-charge,30,7936.715312710448,231316.24937306665,4.200000000000001,5.184153963481022,5.184153963481022,27037.2685519326,20986.874262560083,6.414194553489671e-09,4.200000000000001,-0.0
25,CV-charge,31,8009.442585437721,231388.9766457939,4.200000000000001,4.993093896699379,4.993093896699379,26960.371064593575,21070.91599178801,6.414651012137339e-09,4.200000000000001,-0.0
25,CV-charge,32,8082.169858164994,231461.7039185212,4.200000000000001,4.81110651892439,4.81110651892439,26886.28039048491,21151.883433889434,6.4150982020885415e-09,4.200000000000001,-0.0
25,CV-charge,33,8154.897130892266,231534.43119124847,4.2,4.637568006654632,4.637568006654632,26814.865830085637,21229.920365861497,6.415536494111948e-09,4.2,-0.0
25,CV-charge,34,8227.624403619538,231607.15846397573,4.2,4.471910976676515,4.471910976676515,26746.005488480456,21305.160834290993,6.415966237775801e-09,4.2,-0.0
25,CV-charge,35,8300.351676346812,231679.88573670303,4.2,4.313618421084075,4.313618421084075,26679.58549175027,21377.730024639557,6.416387763228951e-09,4.2,-0.0
25,CV-charge,36,8373.078949074084,231752.6130094303,4.2,4.162218393970123,4.162218393970123,26615.499286204056,21447.745038280096,6.41680138279728e-09,4.2,-0.0
25,CV-charge,37,8445.806221801358,231825.34028215756,4.200000000000002,4.0172793444381165,4.0172793444381165,26553.647010355482,21515.315588568552,6.417207392417328e-09,4.200000000000002,-0.0
25,CV-charge,38,8518.53349452863,231898.06755488482,4.200000000000001,3.8784060068956014,3.8784060068956014,26493.93493093587,21580.54462568384,6.417606072926002e-09,4.200000000000001,-0.0
25,CV-charge,39,8591.260767255902,231970.79482761212,4.2,3.7452357731647115,3.7452357731647115,26436.274935424743,21643.528898633067,6.417997691222766e-09,4.2,-0.0
25,CV-charge,40,8663.988039983176,232043.52210033938,4.200000000000001,3.6174354822468158,3.6174354822468158,26380.584074563816,21704.35946170664,6.418382501318543e-09,4.200000000000001,-0.0
25,CV-charge,41,8736.715312710448,232116.24937306665,4.200000000000001,3.4946985730816995,3.4946985730816995,26326.784149205516,21763.122131692486,6.418760745283833e-09,4.200000000000001,-0.0
25,CV-charge,42,8809.442585437722,232188.9766457939,4.200000000000001,3.376742553545734,3.376742553545734,26274.8013365466,21819.897901357657,6.419132654106883e-09,4.200000000000001,-0.0
25,CV-charge,43,8882.169858164994,232261.7039185212,4.199999999999999,3.2633067456527907,3.2633067456527907,26224.565851451356,21874.763314002586,6.419498448471532e-09,4.199999999999999,-0.0
25,CV-charge,44,8954.897130892266,232334.43119124847,4.2,3.154150272538348,3.154150272538348,26176.01163908234,21927.790803268537,6.419858339463132e-09,4.2,-0.0
25,CV-charge,45,9027.624403619538,232407.15846397573,4.2,3.0490502576055523,3.0490502576055523,26129.07609554064,21979.04900190315,6.4202125292099896e-09,4.2,-0.0
25,CV-charge,46,9100.351676346812,232479.88573670303,4.2,2.9478002102467884,2.9478002102467884,26083.699813601,22028.603022705578,6.420561211466905e-09,4.2,-0.0
25,CV-charge,47,9173.078949074084,232552.6130094303,4.2,2.8502085760173337,2.8502085760173337,26039.82635098516,22076.514714498844,6.420904572146654e-09,4.2,-0.0
25,CV-charge,48,9245.806221801358,232625.34028215756,4.2,2.7560974320689655,2.7560974320689655,25997.40201890585,22122.842895659007,6.421242789804582e-09,4.2,-0.0
25,CV-charge,49,9269.359808408937,232648.89386876515,4.200000000000001,2.7263936618115,2.7263936618115,25983.990146997865,22137.48871279705,6.421351160620771e-09,4.200000000000001,-0.0
26,CC-discharge,0,0.0,232648.89386876515,3.8551910200900914,-27.263836618115,-27.263836618115,25983.990146997865,22137.48871279705,6.421351160620771e-09,3.8551910200900914,0.0
26,CC-discharge,1,72.72727272727273,232721.62114149242,3.831028408406144,-27.263836618115,-27.263836618115,26549.109743461442,21602.988961265077,6.421351160620771e-09,3.831028408406144,0.5507845781437374
26,CC-discharge,2,145.45454545454547,232794.3484142197,3.814710278520657,-27.263836618115,-27.263836618115,26968.697423279067,21149.508874730724,6.421351160620771e-09,3.814710278520657,1.1015691562874748
26,CC-discharge,3,218.1818181818182,232867.07568694698,3.799501216355114,-27.263836618115,-27.263836618115,27386.4242602803,20696.053530754216,6.421351160620771e-09,3.799501216355114,1.652353734431212
26,CC-discharge,4,290.90909090909093,232939.80295967424,3.785133541657269,-27.263836618115,-27.263836618115,27804.121811608005,20242.598139907168,6.421351160620771e-09,3.785133541657269,2.2031383125749495
26,CC-discharge,5,363.6363636363637,233012.5302324015,3.77144342771761,-27.263836618115,-27.263836618115,28221.817091869536,19789.14274836833,6.421351160620771e-09,3.77144342771761,2.753922890718687
26,CC-discharge,6,436.3636363636364,233085.2575051288,3.7583234046881384,-27.263836618115,-27.263836618115,28639.512195216284,19335.687356818897,6.421351160620771e-09,3.7583234046881384,3.304707468862424
26,CC-discharge,7,509.0909090909091,233157.98477785607,3.745677995197522,-27.263836618115,-27.263836618115,29057.20728471294,18882.231965269482,6.421351160620771e-09,3.745677995197522,3.8554920470061615
26,CC-discharge,8,581.8181818181819,233230.71205058333,3.7334500812523443,-27.263836618115,-27.263836618115,29474.902373119567,18428.776573720035,6.421351160620771e-09,3.7334500812523443,4.406276625149899
26,CC-discharge,9,654.5454545454546,233303.4393233106,3.721591724337138,-27.263836618115,-27.263836618115,29892.59746143969,17975.32118217042,6.421351160620771e-09,3.721591724337138,4.9570612032936365
26,CC-discharge,10,727.2727272727274,233376.1665960379,3.7100661790315095,-27.263836618115,-27.263836618115,30310.292549753252,17521.86579062111,6.421351160620771e-09,3.7100661790315095,5.507845781437374
26,CC-discharge,11,800.0000000000001,233448.89386876515,3.698845015306056,-27.263836618115,-27.263836618115,30727.987638065297,17068.410399072123,6.421351160620771e-09,3.698845015306056,6.0586303595811115
26,CC-discharge,12,872.7272727272727,233521.62114149242,3.6879060033514177,-27.263836618115,-27.263836618115,31145.68272637764,16614.95500752299,6.421351160620771e-09,3.6879060033514177,6.609414937724848
26,CC-discharge,13,945.4545454545455,233594.3484142197,3.677231524378658,-27.263836618115,-27.263836618115,31563.377814690226,16161.499615973937,6.421351160620771e-09,3.677231524378658,7.160199515868586
26,CC-discharge,14,1018.1818181818182,233667.07568694698,3.6668073477853254,-27.263836618115,-27.263836618115,31981.07290300338,15708.044224424453,6.421351160620771e-09,3.6668073477853254,7.710984094012323
26,CC-discharge,15,1090.909090909091,233739.80295967424,3.6566216629411157,-27.263836618115,-27.263836618115,32398.767991315857,15254.5888328753,6.421351160620771e-09,3.6566216629411157,8.26176867215606
26,CC-discharge,16,1163.6363636363637,233812.5302324015,3.6466642864172987,-27.263836618115,-27.263836618115,32816.46307962852,14801.1334413263,6.421351160620771e-09,3.6466642864172987,8.812553250299798
26,CC-discharge,17,1236.3636363636365,233885.2575051288,3.6369259854497047,-27.263836618115,-27.263836618115,33234.15816794115,14347.67804977701,6.421351160620771e-09,3.6369259854497047,9.363337828443536
26,CC-discharge,18,1309.0909090909092,233957.98477785607,3.627397871841965,-27.263836618115,-27.263836618115,33651.853256254006,13894.222658227982,6.421351160620771e-09,3.627397871841965,9.914122406587273
26,CC-discharge,19,1381.818181818182,234030.71205058333,3.61807082873102,-27.263836618115,-27.263836618115,34069.548344567185,13440.767266678737,6.421351160620771e-09,3.61807082873102,10.46490698473101
26,CC-discharge,20,1454.5454545454547,234103.4393233106,3.6089349381514393,-27.263836618115,-27.263836618115,34487.24343288058,12987.3118751291,6.421351160620771e-09,3.6089349381514393,11.015691562874748
26,CC-discharge,21,1527.2727272727275,234176.1665960379,3.5999788735388125,-27.263836618115,-27.263836618115,34904.9385211934,12533.856483580204,6.421351160620771e-09,3.5999788735388125,11.566476141018486
26,CC-discharge,22,1600.0000000000002,234248.89386876515,3.591189237631726,-27.263836618115,-27.263836618115,35322.633609505916,12080.401092031223,6.421351160620771e-09,3.591189237631726,12.117260719162223
26,CC-discharge,23,1672.727272727273,234321.62114149242,3.582549315586413,-27.263836618115,-27.263836618115,35740.32869781824,11626.945700481667,6.421351160620771e-09,3.582549315586413,12.66804529730596
26,CC-discharge,24,1745.4545454545455,234394.3484142197,3.574040363799062,-27.263836618115,-27.263836618115,36158.023786130696,11173.490308932518,6.421351160620771e-09,3.574040363799062,13.218829875449696
26,CC-discharge,25,1818.1818181818182,234467.07568694698,3.5656367827507056,-27.263836618115,-27.263836618115,36575.7188744431,10720.034917382949,6.421351160620771e-09,3.5656367827507056,13.769614453593434
26,CC-discharge,26,1890.909090909091,234539.80295967424,3.557307707809132,-27.263836618115,-27.263836618115,36993.41396275592,10266.579525834022,6.421351160620771e-09,3.557307707809132,14.320399031737171
26,CC-discharge,27,1963.6363636363637,234612.5302324015,3.549014623877084,-27.263836618115,-27.263836618115,37411.10905106849,9813.124134284919,6.421351160620771e-09,3.549014623877084,14.871183609880909
26,CC-discharge,28,2036.3636363636365,234685.2575051288,3.540709390597565,-27.263836618115,-27.263836618115,37828.8041393812,9359.6687427357,6.421351160620771e-09,3.540709390597565,15.421968188024646
26,CC-discharge,29,2109.0909090909095,234757.98477785607,3.5323317811532307,-27.263836618115,-27.263836618115,38246.49922769372,8906.213351186618,6.421351160620771e-09,3.5323317811532307,15.972752766168385
26,CC-discharge,30,2181.818181818182,234830.71205058333,3.5238065647432073,-27.263836618115,-27.263836618115,38664.19431600644,8452.757959637613,6.421351160620771e-09,3.5238065647432073,16.52353734431212
26,CC-discharge,31,2254.545454545455,234903.4393233106,3.5150404344110693,-27.263836618115,-27.263836618115,39081.88940431984,7999.302568088662,6.421351160620771e-09,3.5150404344110693,17.07432192245586
26,CC-discharge,32,2327.2727272727275,234976.1665960379,3.505914844771587,-27.263836618115,-27.263836618115,39499.58449263243,7545.847176539541,6.421351160620771e-09,3.505914844771587,17.625106500599596
26,CC-discharge,33,2400.0,235048.89386876515,3.496285422321667,-27.263836618115,-27.263836618115,39917.27958094466,7092.391784990422,6.421351160620771e-09,3.496285422321667,18.175891078743334
26,CC-discharge,34,2472.727272727273,235121.62114149242,3.485971137549474,-27.263836618115,-27.263836618115,40334.97466925765,6638.936393441287,6.421351160620771e-09,3.485971137549474,18.726675656887075
26,CC-discharge,35,2545.4545454545455,235194.3484142197,3.474747483542628,-27.263836618115,-27.263836618115,40752.669757570264,6185.481001892284,6.421351160620771e-09,3.474747483542628,19.277460235030812
26,CC-discharge,36,2618.1818181818185,235267.07568694698,3.4623370868869086,-27.263836618115,-27.263836618115,41170.36484588261,5732.025610343208,6.421351160620771e-09,3.4623370868869086,19.82824481317455
26,CC-discharge,37,2690.909090909091,235339.80295967424,3.4483972793505435,-27.263836618115,-27.263836618115,41588.059934195306,5278.570218794114,6.421351160620771e-09,3.4483972793505435,20.379029391318287
26,CC-discharge,38,2763.636363636364,235412.5302324015,3.4325081993906625,-27.263836618115,-27.263836618115,42005.75502250806,4825.114827245102,6.421351160620771e-09,3.4325081993906625,20.929813969462025
26,CC-discharge,39,2836.3636363636365,235485.2575051288,3.4141566624691024,-27.263836618115,-27.263836618115,42423.45011082056,4371.659435695966,6.421351160620771e-09,3.4141566624691024,21.480598547605762
26,CC-discharge,40,2909.0909090909095,235557.98477785607,3.3927187593397683,-27.263836618115,-27.263836618115,42841.14519913308,3918.2040441468803,6.421351160620771e-09,3.3927187593397683,22.0313831257495
26,CC-discharge,41,2981.818181818182,235630.71205058333,3.3674476240447886,-27.263836618115,-27.263836618115,43258.84028744581,3464.7486525977415,6.421351160620771e-09,3.3674476240447886,22.582167703893237
26,CC-discharge,42,3054.545454545455,235703.4393233106,3.337454909328266,-27.263836618115,-27.263836618115,43676.53537575887,3011.29326104865,6.421351160620771e-09,3.337454909328266,23.132952282036975
26,CC-discharge,43,3127.2727272727275,235776.1665960379,3.301696742986999,-27.263836618115,-27.263836618115,44094.230464071865,2557.8378694996527,6.421351160620771e-09,3.301696742986999,23.683736860180712
26,CC-discharge,44,3200.0000000000005,235848.89386876515,3.2589249766325628,-27.263836618115,-27.263836618115,44511.92555238488,2104.382477950619,6.421351160620771e-09,3.2589249766325628,24.23452143832445
26,CC-discharge,45,3272.727272727273,235921.62114149242,3.207397048819667,-27.263836618115,-27.263836618115,44929.62064069646,1650.9270864015725,6.421351160620771e-09,3.207397048819667,24.785306016468187
26,CC-discharge,46,3345.454545454546,235994.3484142197,3.1428685435865216,-27.263836618115,-27.263836618115,45347.31572900797,1197.4716948525345,6.421351160620771e-09,3.1428685435865216,25.336090594611925
26,CC-discharge,47,3418.1818181818185,236067.07568694698,3.040208457440933,-27.263836618115,-27.263836618115,45765.01081732094,744.0163033034976,6.421351160620771e-09,3.040208457440933,25.886875172755662
26,CC-discharge,48,3434.011703100839,236082.905571866,3.0000100000000005,-27.263836618115,-27.263836618115,45855.926713535395,645.3167866716955,6.421351160620771e-09,3.0000100000000005,26.006759449454478
26,CC-charge,0,3434.011703100839,236082.905571866,3.715961435044515,27.263836618115,27.263836618115,45855.926713535395,645.3167866716955,6.421351160620771e-09,3.715961435044515,0.0
26,CC-charge,1,3506.7389758281115,236155.63284459326,3.8224114434915335,27.263836618115,27.263836618115,45290.810319595206,1179.8146314213336,6.421362614234956e-09,3.8224114434915335,-0.0
26,CC-charge,2,3579.4662485553845,236228.36011732055,3.86876735405318,27.263836618115,27.263836618115,44871.222964464374,1633.2950325913177,6.421394307047406e-09,3.86876735405318,-0.0
26,CC-charge,3,3652.193521282657,236301.08739004782,3.9062003018193385,27.263836618115,27.263836618115,44453.490433022365,2086.748085995416,6.421460101568897e-09,3.9062003018193385,-0.0
26,CC-charge,4,3724.92079400993,236373.81466277508,3.9374936857115888,27.263836618115,27.263836618115,44035.79484570608,2540.1993967490503,6.421579426063902e-09,3.9374936857115888,-0.0
26,CC-charge,5,3797.6480667372025,236446.54193550235,3.963577715847243,27.263836618115,27.263836618115,43618.099752274306,2993.64827270222,6.421772820248935e-09,3.963577715847243,-0.0
26,CC-charge,6,3870.3753394644755,236519.26920822964,3.985221240894244,27.263836618115,27.263836618115,43200.40466402863,3447.0941444938817,6.422059242492212e-09,3.985221240894244,-0.0
26,CC-charge,7,3943.102612191748,236591.9964809569,4.00316340538126,27.263836618115,27.263836618115,42782.70957571517,3900.53665844962,6.422451275222357e-09,4.00316340538126,-0.0
26,CC-charge,8,4015.829884919021,236664.72375368417,4.018086582185567,27.263836618115,27.263836618115,42365.01448740224,4353.97570947604,6.422953712773353e-09,4.018086582185567,-0.0
26,CC-charge,9,4088.5571576462935,236737.45102641144,4.030594266912073,27.263836618115,27.263836618115,41947.319399089116,4807.411426488548,6.42356368241139e-09,4.030594266912073,-0.0
26,CC-charge,10,4161.2844303735665,236810.17829913873,4.041201844433948,27.263836618115,27.263836618115,41529.62431077598,5260.844109533876,6.424272472559552e-09,4.041201844433948,-0.0
26,CC-charge,11,4234.011703100839,236882.905571866,4.050342441155413,27.263836618115,27.263836618115,41111.92922246256,5714.274157789012,6.425067797985329e-09,4.050342441155413,-0.0
26,CC-charge,12,4306.7389758281115,236955.63284459326,4.05837341540656,27.263836618115,27.263836618115,40694.23413414921,6167.702004908696,6.425935922772387e-09,4.05837341540656,-0.0
26,CC-charge,13,4379.4662485553845,237028.36011732055,4.065587263487214,27.263836618115,27.263836618115,40276.53904583603,6621.128070391588,6.426863314316899e-09,4.065587263487214,-0.0
26,CC-charge,14,4452.1935212826575,237101.08739004782,4.072221274685293,27.263836618115,27.263836618115,39858.84395752291,7074.552729551509,6.427837704262397e-09,4.072221274685293,-0.0
26,CC-charge,15,4524.9207940099295,237173.81466277508,4.078466809539868,27.263836618115,27.263836618115,39441.148869209654,7527.976298390753,6.428848652747156e-09,4.078466809539868,-0.0
26,CC-charge,16,4597.6480667372025,237246.54193550235,4.084477281598529,27.263836618115,27.263836618115,39023.45378089629,7981.399030617751,6.429887698228946e-09,4.084477281598529,-0.0
26,CC-charge,17,4670.3753394644755,237319.26920822964,4.090375642202218,27.263836618115,27.263836618115,38605.75869258302,8434.821119013386,6.430948348150384e-09,4.090375642202218,-0.0
26,CC-charge,18,4743.102612191748,237391.9964809569,4.096259121245751,27.263836618115,27.263836618115,38188.063604269366,8888.242674145953,6.432026780282265e-09,4.096259121245751,-0.0
26,CC-charge,19,4815.829884919021,237464.72375368417,4.102205158737592,27.263836618115,27.263836618115,37770.36851595613,9341.663825965967,6.4331185821616145e-09,4.102205158737592,-0.0
26,CC-charge,20,4888.5571576462935,237537.45102641144,4.108274687315147,27.263836618115,27.263836618115,37352.673427642956,9795.084628458853,6.434221829590369e-09,4.108274687315147,-0.0
26,CC-charge,21,4961.2844303735665,237610.17829913873,4.114515345002426,27.263836618115,27.263836618115,36934.97833932979,10248.505097424075,6.435335850597136e-09,4.114515345002426,-0.0
26,CC-charge,22,5034.011703100839,237682.905571866,4.120965809430299,27.263836618115,27.263836618115,36517.283251016706,10701.92524220406,6.436460211715261e-09,4.120965809430299,-0.0
26,CC-charge,23,5106.7389758281115,237755.63284459326,4.127654685202841,27.263836618115,27.263836618115,36099.58816270358,11155.34504342269,6.43759542583772e-09,4.127654685202841,-0.0
26,CC-charge,24,5179.4662485553845,237828.36011732055,4.134604900324797,27.263836618115,27.263836618115,35681.89307439089,11608.764464642456,6.438742570671888e-09,4.134604900324797,-0.0
26,CC-charge,25,5252.1935212826575,237901.08739004782,4.141834419550876,27.263836618115,27.263836618115,35264.1979860774,12062.18345858042,6.439903087863274e-09,4.141834419550876,-0.0
26,CC-charge,26,5324.9207940099295,237973.81466277508,4.149357389276522,27.263836618115,27.263836618115,34846.50289776417,12515.601967001207,6.441078780425558e-09,4.149357389276522,-0.0
26,CC-charge,27,5397.6480667372025,238046.54193550235,4.157185105725014,27.263836618115,27.263836618115,34428.80780945062,12969.019922791644,6.4422717438062516e-09,4.157185105725014,-0.0
26,CC-charge,28,5470.3753394644755,238119.26920822964,4.16532870442237,27.263836618115,27.263836618115,34011.112721137135,13422.437248160684,6.443484419158382e-09,4.16532870442237,-0.0
26,CC-charge,29,5543.102612191748,238191.9964809569,4.173792920886771,27.263836618115,27.263836618115,33593.41763282375,13875.853904342517,6.444718010706304e-09,4.173792920886771,-0.0
26,CC-charge,30,5615.829884919021,238264.72375368417,4.182586211623873,27.263836618115,27.263836618115,33175.7225445102,14329.269762429276,6.445976592603337e-09,4.182586211623873,-0.0
26,CC-charge,31,5688.5571576462935,238337.45102641144,4.191715519271819,27.263836618115,27.263836618115,32758.02745619671,14782.6847295745,6.4472630964675336e-09,4.191715519271819,-0.0
26,CC-charge,32,5752.1973412479765,238401.09121001314,4.19999,27.263836618115,27.263836618115,32392.52231468714,15179.445781091947,6.448415847977432e-09,4.19999,-0.0
26,CV-charge,0,5752.1973412479765,238401.09121001314,4.200000000000001,27.289361566156476,27.289361566156476,32392.52231468714,15179.445781091947,6.448415847977432e-09,4.200000000000001,0.0
26,CV-charge,1,5824.9246139752495,238473.8184827404,4.2,24.229849889923276,24.229849889923276,31870.266970898712,15674.758828365513,6.4496746241072884e-09,4.2,-0.0
26,CV-charge,2,5897.651886702522,238546.5457554677,4.2,22.295761772608316,22.295761772608316,31523.54759403851,16055.128509963177,6.450854746132221e-09,4.2,-0.0
26,CV-charge,3,5970.3791594297945,238619.27302819496,4.2,20.603156829638063,20.603156829638063,31204.94706986975,16406.12828046272,6.451970419486239e-09,4.2,-0.0
26,CV-charge,4,6043.1064321570675,238692.00030092223,4.200000000000001,19.10605652051576,19.10605652051576,30909.41583366548,16731.515710914548,6.453029315931909e-09,4.200000000000001,-0.0
26,CV-charge,5,6115.8337048843405,238764.7275736495,4.200000000000001,17.776007704260493,17.776007704260493,30634.574395927328,17033.926860432046,6.454036691275201e-09,4.200000000000001,-0.0
26,CV-charge,6,6188.5609776116125,238837.4548463768,4.200000000000001,16.58855441716135,16.58855441716135,30378.2005199434,17315.849847850706,6.4549975581473475e-09,4.200000000000001,-0.0
26,CV-charge,7,6261.2882503388855,238910.18211910405,4.199999999999999,15.523418441892385,15.523418441892385,30138.379682077102,17579.426263948502,6.455916246337742e-09,4.199999999999999,-0.0
26,CV-charge,8,6334.0155230661585,238982.90939183132,4.2,14.563776492767609,14.563776492767609,29913.46379121763,17826.49757190904,6.4567964969374705e-09,4.2,-0.0
26,CV-charge,9,6406.7427957934315,239055.63666455858,4.2,13.695569056584477,13.695569056584477,29702.02536614341,18058.657063970062,6.4576415658354535e-09,4.2,-0.0
26,CV-charge,10,6479.4700685207035,239128.36393728587,4.2,12.907000043102252,12.907000043102252,29502.822584880458,18277.28941064526,6.458454301486538e-09,4.2,-0.0
26,CV-charge,11,6552.1973412479765,239201.09121001314,4.2,12.188127159067358,12.188127159067358,29314.771688163437,18483.60188096155,6.459237205610133e-09,4.2,-0.0
26,CV-charge,12,6624.9246139752495,239273.8184827404,4.2,11.530472801308985,11.530472801308985,29136.90880883541,18678.667096687466,6.4599925222794635e-09,4.2,-0.0
26,CV-charge,13,6697.6518867025225,239346.5457554677,4.200000000000001,10.926889628724355,10.926889628724355,28968.402217423278,18863.409989799286,6.460722195519505e-09,4.200000000000001,-0.0
26,CV-charge,14,6770.3791594297945,239419.27302819496,4.200000000000001,10.37122185465503,10.37122185465503,28808.505866324012,19038.659479458187,6.461427985784457e-09,4.200000000000001,-0.0
26,CV-charge,15,6843.1064321570675,239492.00030092223,4.2,9.858177386262854,9.858177386262854,28656.55663751136,19205.15173708135,6.462111470093308e-09,4.2,-0.0
26,CV-charge,16,6915.8337048843405,239564.7275736495,4.200000000000001,9.38318917458583,9.38318917458583,28511.962650689933,19363.543353395016,6.4627740681760834e-09,4.200000000000001,-0.0
26,CV-charge,17,6988.5609776116125,239637.4548463768,4.200000000000001,8.941896345604507,8.941896345604507,28374.066693351073,19514.56124853044,6.463417421687124e-09,4.200000000000001,-0.0
26,CV-charge,18,7061.2882503388855,239710.18211910405,4.2,8.531272357878565,8.531272357878565,28242.52175099208,19658.59127279721,6.464042331709801e-09,4.2,-0.0
26,CV-charge,19,7134.0155230661585,239782.90939183132,4.2,8.148308987206878,8.148308987206878,28116.898456389452,19796.108871107725,6.464649855911544e-09,4.2,-0.0
26,CV-charge,20,7206.7427957934315,239855.63666455858,4.2,7.790359477807477,7.790359477807477,27996.808328776315,19927.54387317474,6.465240959880718e-09,4.2,-0.0
26,CV-charge,21,7279.470068520704,239928.36393728587,4.200000000000001,7.455097079357495,7.455097079357495,27881.899182207948,20053.285728763793,6.465816527224188e-09,4.200000000000001,-0.0
26,CV-charge,22,7352.1973412479765,240001.09121001314,4.2,7.140467852629939,7.140467852629939,27771.85085281474,20173.68828418626,6.466377368887727e-09,4.2,-0.0
26,CV-charge,23,7424.9246139752495,240073.8184827404,4.2,6.844656077461615,6.844656077461615,27666.372642764516,20289.072657513585,6.466924228323475e-09,4.2,-0.0
26,CV-charge,24,7497.6518867025225,240146.5457554677,4.2,6.566045810143514,6.566045810143514,27565.197798191395,20399.733370476217,6.467457794442317e-09,4.2,-0.0
26,CV-charge,25,7570.3791594297945,240219.27302819496,4.199999999999999,6.303197642213145,6.303197642213145,27468.081980320945,20505.940065056242,6.467978704559585e-09,4.199999999999999,-0.0
26,CV-charge,26,7643.1064321570675,240292.00030092223,4.200000000000001,6.0548258368674315,6.0548258368674315,27374.800845073485,20607.940204181177,6.468487549748552e-09,4.200000000000001,-0.0
26,CV-charge,27,7715.8337048843405,240364.7275736495,4.2,5.819778912142929,5.819778912142929,27285.147951804927,20705.961403207642,6.468984879481455e-09,4.2,-0.0
26,CV-charge,28,7788.5609776116125,240437.4548463768,4.199999999999999,5.597023032843255,5.597023032843255,27198.932928980532,20800.213472449886,6.4694712057090546e-09,4.199999999999999,-0.0
26,CV-charge,29,7861.288250338886,240510.18211910405,4.2,5.385627762124905,5.385627762124905,27115.9798627095,20890.89021049803,6.469947006457138e-09,4.2,-0.0
26,CV-charge,30,7934.0155230661585,240582.90939183132,4.199999999999999,5.18475379684823,5.18475379684823,27036.12587690607,20978.17098335572,6.470412729006009e-09,4.199999999999999,-0.0
26,CV-charge,31,8006.7427957934315,240655.63666455858,4.2,4.993642376863656,4.993642376863656,26959.219878878634,21062.22211881351,6.470868792708726e-09,4.2,-0.0
26,CV-charge,32,8079.470068520704,240728.36393728587,4.2,4.811606111546848,4.811606111546848,26885.12144814216,21143.19814094612,6.471315591495384e-09,4.2,-0.0
26,CV-charge,33,8152.1973412479765,240801.09121001314,4.2,4.638021010252753,4.638021010252753,26813.699849625154,21221.24286585607,6.471753496103649e-09,4.2,-0.0
26,CV-charge,34,8224.92461397525,240873.8184827404,4.2,4.472319538694029,4.472319538694029,26744.833155208315,21296.490376638052,6.472182856069908e-09,4.2,-0.0
26,CV-charge,35,8297.651886702522,240946.5457554677,4.199999999999999,4.313984552306974,4.313984552306974,26678.407459893744,21369.06589291266,6.47260400151046e-09,4.199999999999999,-0.0
26,CV-charge,36,8370.379159429795,241019.27302819496,4.200000000000001,4.16254398145952,4.16254398145952,26614.316180828355,21439.08654808472,6.473017244718079e-09,4.200000000000001,-0.0
26,CV-charge,37,8443.106432157067,241092.00030092223,4.2,4.017566163171913,4.017566163171913,26552.459429107235,21506.66208562307,6.47342288159573e-09,4.2,-0.0
26,CV-charge,38,8515.83370488434,241164.7275736495,4.2,3.8786557302498657,3.8786557302498657,26492.743445621978,21571.89548406827,6.473821192946364e-09,4.2,-0.0
26,CV-charge,39,8588.560977611613,241237.4548463768,4.199999999999999,3.7454499823468286,3.7454499823468286,26435.08009343863,21634.883519213116,6.474212445635159e-09,4.199999999999999,-0.0
26,CV-charge,40,8661.288250338886,241310.18211910405,4.200000000000001,3.6176156748225696,3.6176156748225696,26379.386400187952,21695.717270692967,6.474596893638485e-09,4.200000000000001,-0.0
26,CV-charge,41,8734.015523066158,241382.90939183132,4.2,3.494846170666281,3.494846170666281,26325.584144789278,21754.482579337106,6.474974778992029e-09,4.2,-0.0
26,CV-charge,42,8806.74279579343,241455.63666455858,4.2,3.3768589087503917,3.3768589087503917,26273.599483577607,21811.26046077342,6.475346332649006e-09,4.2,-0.0
26,CV-charge,43,8879.470068520704,241528.36393728587,4.200000000000001,3.263393148363659,3.263393148363659,26223.362611528417,21866.127480085695,6.475711775258017e-09,4.200000000000001,-0.0
26,CV-charge,44,8952.197341247977,241601.09121001314,4.199999999999999,3.154207955595658,3.154207955595658,26174.807454802438,21919.156091718687,6.476071317868986e-09,4.199999999999999,-0.0
26,CV-charge,45,9024.92461397525,241673.8184827404,4.2,3.0490804019245243,3.0490804019245243,26127.87139130151,21970.414948334022,6.476425162574601e-09,4.2,-0.0
26,CV-charge,46,9097.651886702522,241746.5457554677,4.2,2.947803949456088,2.947803949456088,26082.494996338653,22019.969181835888,6.476773503093865e-09,4.2,-0.0
26,CV-charge,47,9170.379159429795,241819.27302819496,4.2,2.8501870006372614,2.8501870006372614,26038.621810841072,22067.880659410755,6.477116525303568e-09,4.2,-0.0
26,CV-charge,48,9243.106432157067,241892.00030092223,4.2,2.7560515932752585,2.7560515932752585,25996.1981298373,22114.208217124495,6.477454407722896e-09,4.2,-0.0
26,CV-charge,49,9266.6174218458,241915.51129061097,4.200000000000001,2.7263936618114997,2.7263936618114997,25982.810685563487,22128.827387336707,6.477562475352911e-09,4.200000000000001,-0.0
27,CC-discharge,0,0.0,241915.51129061097,3.85521198028541,-27.263836618115,-27.263836618115,25982.810685563487,22128.827387336707,6.477562475352911e-09,3.85521198028541,0.0
27,CC-discharge,1,72.72727272727273,241988.23856333824,3.831042253869365,-27.263836618115,-27.263836618115,26547.930275197694,21594.327643218512,6.477562475352911e-09,3.831042253869365,0.5507845781437374
27,CC-discharge,2,145.45454545454547,242060.96583606553,3.814720256195479,-27.263836618115,-27.263836618115,26967.517945465188,21140.847549381346,6.477562475352911e-09,3.814720256195479,1.1015691562874748
27,CC-discharge,3,218.1818181818182,242133.6931087928,3.79950816028164,-27.263836618115,-27.263836618115,27385.244797196054,20687.39220529512,6.477562475352911e-09,3.79950816028164,1.652353734431212
27,CC-discharge,4,290.90909090909093,242206.42038152006,3.7851381091582086,-27.263836618115,-27.263836618115,27802.942350013043,20233.93681444602,6.477562475352911e-09,3.7851381091582086,2.2031383125749495
27,CC-discharge,5,363.6363636363637,242279.14765424732,3.771446088421653,-27.263836618115,-27.263836618115,28220.637630418652,19780.481422907305,6.477562475352911e-09,3.771446088421653,2.753922890718687
27,CC-discharge,6,436.3636363636364,242351.87492697462,3.758324539733287,-27.263836618115,-27.263836618115,28638.33273377937,19327.026031357625,6.477562475352911e-09,3.758324539733287,3.304707468862424
27,CC-discharge,7,509.0909090909091,242424.60219970188,3.7456778640846853,-27.263836618115,-27.263836618115,29056.027823277786,18873.57063980885,6.477562475352911e-09,3.7456778640846853,3.8554920470061615
27,CC-discharge,8,581.8181818181819,242497.32947242915,3.73344890651847,-27.263836618115,-27.263836618115,29473.722911684494,18420.11524825963,6.477562475352911e-09,3.73344890651847,4.406276625149899
27,CC-discharge,9,654.5454545454546,242570.0567451564,3.721589683195986,-27.263836618115,-27.263836618115,29891.41800000439,17966.659856710136,6.477562475352911e-09,3.721589683195986,4.9570612032936365
27,CC-discharge,10,727.2727272727274,242642.7840178837,3.7100634131976657,-27.263836618115,-27.263836618115,30309.113088317998,17513.20446516072,6.477562475352911e-09,3.7100634131976657,5.507845781437374
27,CC-discharge,11,800.0000000000001,242715.51129061097,3.6988416378670754,-27.263836618115,-27.263836618115,30726.808176631464,17059.749073611878,6.477562475352911e-09,3.6988416378670754,6.0586303595811115
27,CC-discharge,12,872.7272727272727,242788.23856333824,3.687902103481295,-27.263836618115,-27.263836618115,31144.50326494388,16606.29368206251,6.477562475352911e-09,3.687902103481295,6.609414937724848
27,CC-discharge,13,945.4545454545455,242860.96583606553,3.6772271703967396,-27.263836618115,-27.263836618115,31562.198353257336,16152.838290513173,6.477562475352911e-09,3.6772271703967396,7.160199515868586
27,CC-discharge,14,1018.1818181818182,242933.6931087928,3.666802588872246,-27.263836618115,-27.263836618115,31979.89344157007,15699.382898963753,6.477562475352911e-09,3.666802588872246,7.710984094012323
27,CC-discharge,15,1090.909090909091,243006.42038152006,3.6566165296865885,-27.263836618115,-27.263836618115,32397.588529883044,15245.927507414297,6.477562475352911e-09,3.6566165296865885,8.26176867215606
27,CC-discharge,16,1163.6363636363637,243079.14765424732,3.646658790277437,-27.263836618115,-27.263836618115,32815.283618195885,14792.472115865248,6.477562475352911e-09,3.646658790277437,8.812553250299798
27,CC-discharge,17,1236.3636363636365,243151.87492697462,3.6369201171083008,-27.263836618115,-27.263836618115,33232.97870650843,14339.016724315949,6.477562475352911e-09,3.6369201171083008,9.363337828443536
27,CC-discharge,18,1309.0909090909092,243224.60219970188,3.62739159839974,-27.263836618115,-27.263836618115,33650.673794821,13885.561332767074,6.477562475352911e-09,3.62739159839974,9.914122406587273
27,CC-discharge,19,1381.818181818182,243297.32947242915,3.6180640895777234,-27.263836618115,-27.263836618115,34068.36888313315,13432.105941217507,6.477562475352911e-09,3.6180640895777234,10.46490698473101
27,CC-discharge,20,1454.5454545454547,243370.0567451564,3.6089276393095053,-27.263836618115,-27.263836618115,34486.06397144628,12978.650549668551,6.477562475352911e-09,3.6089276393095053,11.015691562874748
27,CC-discharge,21,1527.2727272727275,243442.7840178837,3.59997088015601,-27.263836618115,-27.263836618115,34903.759059758835,12525.195158119375,6.477562475352911e-09,3.59997088015601,11.566476141018486
27,CC-discharge,22,1600.0000000000002,243515.51129061097,3.5911803642861746,-27.263836618115,-27.263836618115,35321.45414807148,12071.73976656994,6.477562475352911e-09,3.5911803642861746,12.117260719162223
27,CC-discharge,23,1672.727272727273,243588.23856333824,3.582539319376801,-27.263836618115,-27.263836618115,35739.149236383935,11618.284375020728,6.477562475352911e-09,3.582539319376801,12.66804529730596
27,CC-discharge,24,1745.4545454545455,243660.96583606553,3.574028910394966,-27.263836618115,-27.263836618115,36156.84432469696,11164.828983471627,6.477562475352911e-09,3.574028910394966,13.218829875449696
27,CC-discharge,25,1818.1818181818182,243733.6931087928,3.5656234460936003,-27.263836618115,-27.263836618115,36574.539413009974,10711.373591922564,6.477562475352911e-09,3.5656234460936003,13.769614453593434
27,CC-discharge,26,1890.909090909091,243806.42038152006,3.5572919387818893,-27.263836618115,-27.263836618115,36992.23450132248,10257.918200373386,6.477562475352911e-09,3.5572919387818893,14.320399031737171
27,CC-discharge,27,1963.6363636363637,243879.14765424732,3.5489957193589206,-27.263836618115,-27.263836618115,37409.929589635045,9804.462808824188,6.477562475352911e-09,3.5489957193589206,14.871183609880909
27,CC-discharge,28,2036.3636363636365,243951.87492697462,3.5406864529134157,-27.263836618115,-27.263836618115,37827.62467794784,9351.00741727495,6.477562475352911e-09,3.5406864529134157,15.421968188024646
27,CC-discharge,29,2109.0909090909095,244024.60219970188,3.532303669856862,-27.263836618115,-27.263836618115,38245.31976626084,8897.552025725825,6.477562475352911e-09,3.532303669856862,15.972752766168385
27,CC-discharge,30,2181.818181818182,244097.32947242915,3.523771836877923,-27.263836618115,-27.263836618115,38663.01485457383,8444.09663417674,6.477562475352911e-09,3.523771836877923,16.52353734431212
27,CC-discharge,31,2254.545454545455,244170.0567451564,3.514997262662129,-27.263836618115,-27.263836618115,39080.709942886686,7990.641242627425,6.477562475352911e-09,3.514997262662129,17.07432192245586
27,CC-discharge,32,2327.2727272727275,244242.7840178837,3.5058609483567262,-27.263836618115,-27.263836618115,39498.40503119921,7537.185851078401,6.477562475352911e-09,3.5058609483567262,17.625106500599596
27,CC-discharge,33,2400.0,244315.51129061097,3.4962179393805646,-27.263836618115,-27.263836618115,39916.100119511815,7083.730459529224,6.477562475352911e-09,3.4962179393805646,18.175891078743334
27,CC-discharge,34,2472.727272727273,244388.23856333824,3.4858864742651696,-27.263836618115,-27.263836618115,40333.79520782463,6630.27506798023,6.477562475352911e-09,3.4858864742651696,18.726675656887075
27,CC-discharge,35,2545.4545454545455,244460.96583606553,3.474641171157611,-27.263836618115,-27.263836618115,40751.49029613731,6176.819676431159,6.477562475352911e-09,3.474641171157611,19.277460235030812
27,CC-discharge,36,2618.1818181818185,244533.6931087928,3.4622035753877305,-27.263836618115,-27.263836618115,41169.18538444972,5723.364284882118,6.477562475352911e-09,3.4622035753877305,19.82824481317455
27,CC-discharge,37,2690.909090909091,244606.42038152006,3.448229716445799,-27.263836618115,-27.263836618115,41586.88047276318,5269.908893332829,6.477562475352911e-09,3.448229716445799,20.379029391318287
27,CC-discharge,38,2763.636363636364,244679.14765424732,3.4322981535067316,-27.263836618115,-27.263836618115,42004.575561075246,4816.453501783692,6.477562475352911e-09,3.4322981535067316,20.929813969462025
27,CC-discharge,39,2836.3636363636365,244751.87492697462,3.4138938348873644,-27.263836618115,-27.263836618115,42422.2706493877,4362.998110234613,6.477562475352911e-09,3.4138938348873644,21.480598547605762
27,CC-discharge,40,2909.0909090909095,244824.60219970188,3.392390719216212,-27.263836618115,-27.263836618115,42839.96573770018,3909.542718685472,6.477562475352911e-09,3.392390719216212,22.0313831257495
27,CC-discharge,41,2981.818181818182,244897.32947242915,3.3670394915404738,-27.263836618115,-27.263836618115,43257.66082601312,3456.0873271363826,6.477562475352911e-09,3.3670394915404738,22.582167703893237
27,CC-discharge,42,3054.545454545455,244970.0567451564,3.3369491341154043,-27.263836618115,-27.263836618115,43675.3559143253,3002.6319355873466,6.477562475352911e-09,3.3369491341154043,23.132952282036975
27,CC-discharge,43,3127.2727272727275,245042.7840178837,3.3010727293813122,-27.263836618115,-27.263836618115,44093.051002637505,2549.1765440382887,6.477562475352911e-09,3.3010727293813122,23.683736860180712
27,CC-discharge,44,3200.0000000000005,245115.51129061097,3.2581571810105157,-27.263836618115,-27.263836618115,44510.74609094981,2095.721152489237,6.477562475352911e-09,3.2581571810105157,24.23452143832445
27,CC-discharge,45,3272.727272727273,245188.23856333824,3.206442502279039,-27.263836618115,-27.263836618115,44928.44117926188,1642.2657609401658,6.477562475352911e-09,3.206442502279039,24.785306016468187
27,CC-discharge,46,3345.454545454546,245260.96583606553,3.1415748842968014,-27.263836618115,-27.263836618115,45346.13626757439,1188.8103693911062,6.477562475352911e-09,3.1415748842968014,25.336090594611925
27,CC-discharge,47,3418.1818181818185,245333.6931087928,3.037327341821495,-27.263836618115,-27.263836618115,45763.83135588647,735.3549778420763,6.477562475352911e-09,3.037327341821495,25.886875172755662
27,CC-discharge,48,3432.673960097245,245348.18525070822,3.000010000000001,-27.263836618115,-27.263836618115,45847.06418272312,644.9963044007227,6.477562475352911e-09,3.000010000000001,25.996628336485863
27,CC-charge,0,3432.673960097245,245348.18525070822,3.7159263578547863,27.263836618115,27.263836618115,45847.06418272312,644.9963044007227,6.477562475352911e-09,3.7159263578547863,0.0
27,CC-charge,1,3505.4012328245176,245420.9125234355,3.8224579003615626,27.263836618115,27.263836618115,45281.94777569481,1179.494157655646,6.47757391832426e-09,3.8224579003615626,-0.0
27,CC-charge,2,3578.1285055517906,245493.63979616278,3.868820005515846,27.263836618115,27.263836618115,44862.36044850678,1632.974551164952,6.477605592803988e-09,3.868820005515846,-0.0
27,CC-charge,3,3650.855778279063,245566.36706889005,3.906256283302547,27.263836618115,27.263836618115,44444.62790244067,2086.4276057882093,6.477671356876299e-09,3.906256283302547,-0.0
27,CC-charge,4,3723.583051006336,245639.0943416173,3.9375531596808284,27.263836618115,27.263836618115,44026.93231489787,2539.8789180471676,6.477790635942864e-09,3.9375531596808284,-0.0
27,CC-charge,5,3796.3103237336086,245711.82161434458,3.963640962811048,27.263836618115,27.263836618115,43609.23722146288,2993.327795943675,6.477983970471992e-09,3.963640962811048,-0.0
27,CC-charge,6,3869.0375964608816,245784.54888707187,3.985288408195929,27.263836618115,27.263836618115,43191.54213321627,3446.7736700110354,6.47827032168394e-09,3.985288408195929,-0.0
27,CC-charge,7,3941.764869188154,245857.27615979913,4.003234548490063,27.263836618115,27.263836618115,42773.84704490272,3900.216186408154,6.478662277080443e-09,4.003234548490063,-0.0
27,CC-charge,8,4014.492141915427,245930.0034325264,4.018161712616969,27.263836618115,27.263836618115,42356.151956589405,4353.655239861,6.479164636798619e-09,4.018161712616969,-0.0
27,CC-charge,9,4087.2194146426996,246002.73070525366,4.030673380721013,27.263836618115,27.263836618115,41938.45686827583,4807.090959139754,6.4797745329602705e-09,4.030673380721013,-0.0
27,CC-charge,10,4159.946687369972,246075.45797798096,4.041284939660583,27.263836618115,27.263836618115,41520.76177996184,5260.523644196464,6.4804832573014796e-09,4.041284939660583,-0.0
27,CC-charge,11,4232.673960097245,246148.18525070822,4.050429522462198,27.263836618115,27.263836618115,41103.06669164857,5713.953694161797,6.481278526351395e-09,4.050429522462198,-0.0
27,CC-charge,12,4305.401232824518,246220.9125234355,4.058464497397215,27.263836618115,27.263836618115,40685.37160333547,6167.3815426855845,6.482146604558401e-09,4.058464497397215,-0.0
27,CC-charge,13,4378.128505551791,246293.63979616278,4.065682369651825,27.263836618115,27.263836618115,40267.67651502226,6620.8076092890315,6.48307395873088e-09,4.065682369651825,-0.0
27,CC-charge,14,4450.855778279063,246366.36706889005,4.0723204361265415,27.263836618115,27.263836618115,39849.98142670899,7074.232269324093,6.484048319371609e-09,4.0723204361265415,-0.0
27,CC-charge,15,4523.583051006336,246439.0943416173,4.078570063187136,27.263836618115,27.263836618115,39432.286338395694,7527.655838837385,6.485059245228366e-09,4.078570063187136,-0.0
27,CC-charge,16,4596.310323733609,246511.82161434458,4.084584668353099,27.263836618115,27.263836618115,39014.591250082325,7981.078571581739,6.486098273340242e-09,4.084584668353099,-0.0
27,CC-charge,17,4669.037596460881,246584.54888707187,4.090487205766148,27.263836618115,27.263836618115,38596.896161769124,8434.500660377065,6.487158909865046e-09,4.090487205766148,-0.0
27,CC-charge,18,4741.764869188154,246657.27615979913,4.09637490646158,27.263836618115,27.263836618115,38179.201073455915,8887.922215821169,6.4882373316140434e-09,4.09637490646158,-0.0
27,CC-charge,19,4814.492141915427,246730.0034325264,4.102325210782038,27.263836618115,27.263836618115,37761.505985142176,9341.343367903424,6.489329124851831e-09,4.102325210782038,-0.0
27,CC-charge,20,4887.2194146427,246802.73070525366,4.1083990513288535,27.263836618115,27.263836618115,37343.81089682874,9794.764170632085,6.490432364609e-09,4.1083990513288535,-0.0
27,CC-charge,21,4959.946687369973,246875.45797798096,4.114644065268136,27.263836618115,27.263836618115,36926.11580851535,10248.184639823407,6.49154637836115e-09,4.114644065268136,-0.0
27,CC-charge,22,5032.673960097245,246948.18525070822,4.121098931179139,27.263836618115,27.263836618115,36508.420720202026,10701.60478483761,6.4926707320622715e-09,4.121098931179139,-0.0
27,CC-charge,23,5105.401232824518,247020.9125234355,4.127792253206958,27.263836618115,27.263836618115,36090.72563188855,11155.024586314978,6.493805938034127e-09,4.127792253206958,-0.0
27,CC-charge,24,5178.128505551791,247093.63979616278,4.1347469602702835,27.263836618115,27.263836618115,35673.03054357533,11608.444007817914,6.494953073994583e-09,4.1347469602702835,-0.0
27,CC-charge,25,5250.855778279063,247166.36706889005,4.141981019365141,27.263836618115,27.263836618115,35255.33545526236,12061.863002077856,6.496113581153752e-09,4.141981019365141,-0.0
27,CC-charge,26,5323.583051006336,247239.0943416173,4.149508580598155,27.263836618115,27.263836618115,34837.64036694917,12515.281510863944,6.497289262299304e-09,4.149508580598155,-0.0
27,CC-charge,27,5396.310323733609,247311.82161434458,4.157340945971853,27.263836618115,27.263836618115,34419.94527863654,12968.699467070035,6.498482212680559e-09,4.157340945971853,-0.0
27,CC-charge,28,5469.037596460881,247384.54888707187,4.1654892589140315,27.263836618115,27.263836618115,34002.2501903234,13422.11679291267,6.49969487323237e-09,4.1654892589140315,-0.0
27,CC-charge,29,5541.764869188155,247457.27615979913,4.173958267690672,27.263836618115,27.263836618115,33584.555102010425,13875.533449626464,6.500928448127152e-09,4.173958267690672,-0.0
27,CC-charge,30,5614.492141915427,247530.0034325264,4.18275644410238,27.263836618115,27.263836618115,33166.86001369723,14328.949308311912,6.502187011268495e-09,4.18275644410238,-0.0
27,CC-charge,31,5687.2194146427,247602.73070525366,4.191890751572292,27.263836618115,27.263836618115,32749.164925383957,14782.364276126322,6.503473494149179e-09,4.191890751572292,-0.0
27,CC-charge,32,5749.496886263623,247665.0081768746,4.199990000000001,27.263836618115,27.263836618115,32391.48625776552,15170.629587287245,6.504601284364172e-09,4.199990000000001,-0.0
27,CV-charge,0,5749.496886263623,247665.0081768746,4.2,27.289426828406754,27.289426828406754,32391.48625776552,15170.629587287245,6.504601284364172e-09,4.2,0.0
27,CV-charge,1,5822.224158990896,247737.73544960187,4.2,24.230318520601024,24.230318520601024,31869.223876781052,15665.949126639056,6.505859424560768e-09,4.2,-0.0
27,CV-charge,2,5894.951431718168,247810.46272232916,4.2,22.29645283977791,22.29645283977791,31522.49386758476,16046.329632918401,6.507038925892586e-09,4.2,-0.0
27,CV-charge,3,5967.678704445441,247883.18999505643,4.2,20.60399240897252,20.60399240897252,31203.88034479743,16397.343052718206,6.508153990160426e-09,4.2,-0.0
27,CV-charge,4,6040.405977172714,247955.9172677837,4.2,19.10827546253394,19.10827546253394,30908.5957519085,16722.45819814475,6.509211658785714e-09,4.2,-0.0
27,CV-charge,5,6113.133249899987,248028.64454051096,4.199999999999999,17.778133158325648,17.778133158325648,30633.72171483291,17024.90532048291,6.5102184902909835e-09,4.199999999999999,-0.0
27,CV-charge,6,6185.860522627259,248101.37181323825,4.2,16.590579400703863,16.590579400703863,30377.316482162434,17306.86266005879,6.511178818825303e-09,4.2,-0.0
27,CV-charge,7,6258.587795354532,248174.0990859655,4.200000000000001,15.525338969161606,15.525338969161606,30137.465890408374,17570.471702151972,6.512096974373105e-09,4.200000000000001,-0.0
27,CV-charge,8,6331.315068081805,248246.82635869278,4.2,14.565591935104745,14.565591935104745,29912.52186926417,17817.57387740556,6.51297669811536e-09,4.2,-0.0
27,CV-charge,9,6404.042340809078,248319.55363142004,4.199999999999999,13.697280772354416,13.697280772354416,29701.05691527055,18049.76249541525,6.513821246004703e-09,4.199999999999999,-0.0
27,CV-charge,10,6476.76961353635,248392.28090414734,4.2,12.908610608845128,12.908610608845128,29501.829142052833,18268.42229279528,6.514633466569374e-09,4.2,-0.0
27,CV-charge,11,6549.496886263623,248465.0081768746,4.2,12.189640041503798,12.189640041503798,29313.754762020995,18474.76056576995,6.515415861462142e-09,4.2,-0.0
27,CV-charge,12,6622.224158990896,248537.73544960187,4.2,11.53189193688512,11.53189193688512,29135.86984591687,18669.85000230635,6.516170674714531e-09,4.2,-0.0
27,CV-charge,13,6694.951431718169,248610.46272232916,4.199999999999999,10.928219131437302,10.928219131437302,28967.342602968503,18854.61560001175,6.51689985030956e-09,4.199999999999999,-0.0
27,CV-charge,14,6767.678704445441,248683.18999505643,4.199999999999999,10.372465903997288,10.372465903997288,28807.426920087033,19029.88634894586,6.517605148642674e-09,4.199999999999999,-0.0
27,CV-charge,15,6840.405977172714,248755.9172677837,4.200000000000001,9.858936527558065,9.858936527558065,28655.338365238113,19196.53142041239,6.5182884798201954e-09,4.200000000000001,-0.0
27,CV-charge,16,6913.133249899987,248828.64454051096,4.200000000000001,9.383498946730576,9.383498946730576,28510.609162582237,19355.071187781818,6.518950926264322e-09,4.200000000000001,-0.0
27,CV-charge,17,6985.860522627259,248901.37181323825,4.2,8.942186432180582,8.942186432180582,28372.708631329024,19506.09403655011,6.519593771873193e-09,4.2,-0.0
27,CV-charge,18,7058.587795354532,248974.0990859655,4.200000000000001,8.53154221623204,8.53154221623204,28241.159513708215,19650.1286704187,6.5202181812606714e-09,4.200000000000001,-0.0
27,CV-charge,19,7131.315068081805,249046.82635869278,4.2,8.148557246387265,8.148557246387265,28115.532371455276,19787.650524438395,6.520825211846699e-09,4.2,-0.0
27,CV-charge,20,7204.042340809078,249119.55363142004,4.2,7.790585171744071,7.790585171744071,27995.438741848888,19919.089409959804,6.521415828985292e-09,4.2,-0.0
27,CV-charge,21,7276.769613536351,249192.28090414734,4.199999999999999,7.455299548090532,7.455299548090532,27880.526449228048,20044.834764553732,6.521990916066758e-09,4.199999999999999,-0.0
27,CV-charge,22,7349.496886263623,249265.0081768746,4.200000000000001,7.140646679351474,7.140646679351474,27770.475336290932,20165.24042664013,6.522551283836183e-09,4.200000000000001,-0.0
27,CV-charge,23,7422.224158990896,249337.73544960187,4.199999999999999,6.844811015004674,6.844811015004674,27664.9947002076,20280.627519262925,6.523097675582097e-09,4.199999999999999,-0.0
27,CV-charge,24,7494.951431718169,249410.46272232916,4.2,6.5661767892546905,6.5661767892546905,27563.81779664724,20391.290553113988,6.523630780020096e-09,4.2,-0.0
27,CV-charge,25,7567.678704445441,249483.18999505643,4.2,6.303304716514991,6.303304716514991,27466.700286335985,20497.49917040121,6.524151234303327e-09,4.2,-0.0
27,CV-charge,26,7640.405977172714,249555.9172677837,4.200000000000001,6.054909157461402,6.054909157461402,27373.417823046544,20599.50083607639,6.5246596293535185e-09,4.200000000000001,-0.0
27,CV-charge,27,7713.133249899987,249628.64454051096,4.199999999999999,5.81983870759795,5.81983870759795,27283.763962771198,20697.523168908287,6.5251565145010344e-09,4.199999999999999,-0.0
27,CV-charge,28,7785.860522627259,249701.37181323825,4.2,5.597059593202291,5.597059593202291,27197.548329641148,20791.775983727664,6.525642401563532e-09,4.2,-0.0
27,CV-charge,29,7858.587795354533,249774.0990859655,4.200000000000001,5.385641426129078,5.385641426129078,27114.59500466148,20882.453084514626,6.5261177684416786e-09,4.200000000000001,-0.0
27,CV-charge,30,7931.315068081805,249846.82635869278,4.199999999999999,5.184744941736966,5.184744941736966,27034.741106036894,20969.733843355843,6.526583062297919e-09,4.199999999999999,-0.0
27,CV-charge,31,8004.042340809078,249919.55363142004,4.199999999999999,4.99361141022294,4.99361141022294,26957.835534883387,21053.784594669443,6.527038702374062e-09,4.199999999999999,-0.0
27,CV-charge,32,8076.769613536351,249992.28090414734,4.2,4.81155346482212,4.81155346482212,26883.737864148756,21134.759869587797,6.5274850824949725e-09,4.2,-0.0
27,CV-charge,33,8149.496886263623,250065.0081768746,4.2,4.6379471335847136,4.6379471335847136,26812.31735189731,21212.803491609953,6.5279225732985585e-09,4.2,-0.0
27,CV-charge,34,8222.224158990895,250137.73544960187,4.2,4.472224896834594,4.472224896834594,26743.45206291664,21288.04955148759,6.52835152422644e-09,4.2,-0.0
27,CV-charge,35,8294.95143171817,250210.46272232916,4.2,4.313869621382796,4.313869621382796,26677.028084931615,21360.62327670774,6.528772265304688e-09,4.2,-0.0
27,CV-charge,36,8367.678704445441,250283.18999505643,4.2,4.162409246453749,4.162409246453749,26612.93882767662,21430.641808700977,6.52918510873997e-09,4.2,-0.0
27,CV-charge,37,8440.405977172715,250355.9172677837,4.2,4.01741211594926,4.01741211594926,26551.084394721936,21498.214899079452,6.529590350352906e-09,4.2,-0.0
27,CV-charge,38,8513.133249899987,250428.64454051096,4.199999999999999,3.8784828680341725,3.8784828680341725,26491.37101935016,21563.445534633018,6.529988270867513e-09,4.199999999999999,-0.0
27,CV-charge,39,8585.86052262726,250501.37181323825,4.200000000000001,3.745258806567788,3.745258806567788,26433.71055695424,21626.430499472557,6.530379137073132e-09,4.200000000000001,-0.0
27,CV-charge,40,8658.587795354533,250574.0990859655,4.2,3.6174066902351156,3.6174066902351156,26378.02002743718,21687.260881615093,6.530763202873111e-09,4.2,-0.0
27,CV-charge,41,8731.315068081805,250646.82635869278,4.2,3.494619884701919,3.494619884701919,26324.221201949036,21746.022530318547,6.531140710232667e-09,4.2,-0.0
27,CV-charge,42,8804.04234080908,250719.55363142004,4.200000000000001,3.3766158310445222,3.3766158310445222,26272.240229021565,21802.79646967752,6.531511890036857e-09,4.200000000000001,-0.0
27,CV-charge,43,8876.769613536351,250792.28090414734,4.199999999999998,3.2631337904100035,3.2631337904100035,26222.007295796615,21857.659273275807,6.531876962868218e-09,4.199999999999998,-0.0
27,CV-charge,44,8949.496886263623,250865.0081768746,4.200000000000001,3.1539328305082095,3.1539328305082095,26173.456320576937,21910.683404086074,6.532236139712496e-09,4.200000000000001,-0.0
27,CV-charge,45,9022.224158990895,250937.73544960187,4.2,3.0487900242679458,3.0487900242679458,26126.52467338488,21961.937523323544,6.53258962259992e-09,4.2,-0.0
27,CV-charge,46,9094.95143171817,251010.46272232916,4.199999999999999,2.9474988351197173,2.9474988351197173,26081.15292163196,22011.486771464442,6.532937605188575e-09,4.199999999999999,-0.0
27,CV-charge,47,9167.678704445441,251083.18999505643,4.200000000000002,2.8498676667404332,2.8498676667404332,26037.284598324964,22059.39302429525,6.533280273295728e-09,4.200000000000002,-0.0
27,CV-charge,48,9240.405977172715,251155.9172677837,4.199999999999999,2.755718558085877,2.755718558085877,25994.865990554867,22105.715126494983,6.533617805382296e-09,4.199999999999999,-0.0
27,CV-charge,49,9263.648520787216,251179.1598113982,4.200000000000001,2.7263936618115,2.7263936618115,25981.632491373068,22120.1662149435,6.533724530058792e-09,4.200000000000001,-0.0
28,CC-discharge,0,0.0,251179.1598113982,3.855232894018938,-27.263836618115,-27.263836618115,25981.632491373068,22120.1662149435,6.533724530058792e-09,3.855232894018938,0.0
28,CC-discharge,1,72.72727272727273,251251.88708412545,3.8310560577832242,-27.263836618115,-27.263836618115,26546.75207418426,21585.666478238596,6.533724530058792e-09,3.8310560577832242,0.5507845781437374
28,CC-discharge,2,145.45454545454547,251324.61435685275,3.81473019586183,-27.263836618115,-27.263836618115,26966.339734889592,21132.186377099184,6.533724530058792e-09,3.81473019586183,1.1015691562874748
28,CC-discharge,3,218.1818181818182,251397.34162958,3.7995150692748196,-27.263836618115,-27.263836618115,27384.066601355422,20678.73103290348,6.533724530058792e-09,3.7995150692748196,1.652353734431212
28,CC-discharge,4,290.90909090909093,251470.06890230728,3.7851426445536624,-27.263836618115,-27.263836618115,27801.7641556634,20225.275642053413,6.533724530058792e-09,3.7851426445536624,2.2031383125749495
28,CC-discharge,5,363.6363636363637,251542.79617503454,3.7714487195477235,-27.263836618115,-27.263836618115,28219.459436214373,19771.820250514094,6.533724530058792e-09,3.7714487195477235,2.753922890718687
28,CC-discharge,6,436.3636363636364,251615.52344776184,3.758325647518438,-27.263836618115,-27.263836618115,28637.154539588948,19318.36485896425,6.533724530058792e-09,3.758325647518438,3.304707468862424
28,CC-discharge,7,509.0909090909091,251688.2507204891,3.7456777077444188,-27.263836618115,-27.263836618115,29054.84962908801,18864.909467414785,6.533724530058792e-09,3.7456777077444188,3.8554920470061615
28,CC-discharge,8,581.8181818181819,251760.97799321637,3.7334477083871516,-27.263836618115,-27.263836618115,29472.54471749504,18411.454075865815,6.533724530058792e-09,3.7334477083871516,4.406276625149899
28,CC-discharge,9,654.5454545454546,251833.70526594363,3.7215876203020346,-27.263836618115,-27.263836618115,29890.239805815363,17957.998684316728,6.533724530058792e-09,3.7215876203020346,4.9570612032936365
28,CC-discharge,10,727.2727272727274,251906.43253867092,3.7100606270803014,-27.263836618115,-27.263836618115,30307.934894128768,17504.543292767252,6.533724530058792e-09,3.7100606270803014,5.507845781437374
28,CC-discharge,11,800.0000000000001,251979.1598113982,3.6988382414409204,-27.263836618115,-27.263836618115,30725.629982441955,17051.087901218667,6.533724530058792e-09,3.6988382414409204,6.0586303595811115
28,CC-discharge,12,872.7272727272727,252051.88708412545,3.6878981857419606,-27.263836618115,-27.263836618115,31143.325070755254,16597.632509669733,6.533724530058792e-09,3.6878981857419606,6.609414937724848
28,CC-discharge,13,945.4545454545455,252124.61435685275,3.677222799471443,-27.263836618115,-27.263836618115,31561.020159068063,16144.177118120497,6.533724530058792e-09,3.677222799471443,7.160199515868586
28,CC-discharge,14,1018.1818181818182,252197.34162958,3.6667978137258985,-27.263836618115,-27.263836618115,31978.7152473805,15690.721726571279,6.533724530058792e-09,3.6667978137258985,7.710984094012323
28,CC-discharge,15,1090.909090909091,252270.06890230728,3.6566113806586404,-27.263836618115,-27.263836618115,32396.410335693436,15237.266335022483,6.533724530058792e-09,3.6566113806586404,8.26176867215606
28,CC-discharge,16,1163.6363636363637,252342.79617503454,3.6466532785258634,-27.263836618115,-27.263836618115,32814.10542400604,14783.810943472707,6.533724530058792e-09,3.6466532785258634,8.812553250299798
28,CC-discharge,17,1236.3636363636365,252415.52344776184,3.636914232955001,-27.263836618115,-27.263836618115,33231.80051231871,14330.355551922914,6.533724530058792e-09,3.636914232955001,9.363337828443536
28,CC-discharge,18,1309.0909090909092,252488.2507204891,3.6273853085003167,-27.263836618115,-27.263836618115,33649.49560063117,13876.900160373649,6.533724530058792e-09,3.6273853085003167,9.914122406587273
28,CC-discharge,19,1381.818181818182,252560.97799321637,3.6180573327696695,-27.263836618115,-27.263836618115,34067.19068894414,13423.444768824182,6.533724530058792e-09,3.6180573327696695,10.46490698473101
28,CC-discharge,20,1454.5454545454547,252633.70526594363,3.6089203209264014,-27.263836618115,-27.263836618115,34484.885777256946,12969.989377274866,6.533724530058792e-09,3.6089203209264014,11.015691562874748
28,CC-discharge,21,1527.2727272727275,252706.43253867092,3.5999628644834214,-27.263836618115,-27.263836618115,34902.58086556984,12516.533985725751,6.533724530058792e-09,3.5999628644834214,11.566476141018486
28,CC-discharge,22,1600.0000000000002,252779.1598113982,3.5911714648213935,-27.263836618115,-27.263836618115,35320.27595388259,12063.078594176628,6.533724530058792e-09,3.5911714648213935,12.117260719162223
28,CC-discharge,23,1672.727272727273,252851.88708412545,3.5825292918378877,-27.263836618115,-27.263836618115,35737.97104219505,11609.623202627554,6.533724530058792e-09,3.5825292918378877,12.66804529730596
28,CC-discharge,24,1745.4545454545455,252924.61435685275,3.57401741876679,-27.263836618115,-27.263836618115,36155.66613050767,11156.167811078332,6.533724530058792e-09,3.57401741876679,13.218829875449696
28,CC-discharge,25,1818.1818181818182,252997.34162958,3.5656100621926883,-27.263836618115,-27.263836618115,36573.36121882021,10702.712419528896,6.533724530058792e-09,3.5656100621926883,13.769614453593434
28,CC-discharge,26,1890.909090909091,253070.06890230728,3.5572761108320856,-27.263836618115,-27.263836618115,36991.05630713311,10249.257027979947,6.533724530058792e-09,3.5572761108320856,14.320399031737171
28,CC-discharge,27,1963.6363636363637,253142.79617503454,3.5489767409045254,-27.263836618115,-27.263836618115,37408.75139544588,9795.801636430731,6.533724530058792e-09,3.5489767409045254,14.871183609880909
28,CC-discharge,28,2036.3636363636365,253215.52344776184,3.540663422077565,-27.263836618115,-27.263836618115,37826.44648375905,9342.346244881537,6.533724530058792e-09,3.540663422077565,15.421968188024646
28,CC-discharge,29,2109.0909090909095,253288.2507204891,3.5322754409758907,-27.263836618115,-27.263836618115,38244.141572071385,8888.890853332476,6.533724530058792e-09,3.5322754409758907,15.972752766168385
28,CC-discharge,30,2181.818181818182,253360.97799321637,3.523736960494329,-27.263836618115,-27.263836618115,38661.836660383706,8435.435461783385,6.533724530058792e-09,3.523736960494329,16.52353734431212
28,CC-discharge,31,2254.545454545455,253433.70526594363,3.514953903311144,-27.263836618115,-27.263836618115,39079.53174869659,7981.980070234358,6.533724530058792e-09,3.514953903311144,17.07432192245586
28,CC-discharge,32,2327.2727272727275,253506.43253867092,3.5058068154751876,-27.263836618115,-27.263836618115,39497.22683700999,7528.52467868527,6.533724530058792e-09,3.5058068154751876,17.625106500599596
28,CC-discharge,33,2400.0,253579.1598113982,3.4961501584150554,-27.263836618115,-27.263836618115,39914.92192532249,7075.0692871360325,6.533724530058792e-09,3.4961501584150554,18.175891078743334
28,CC-discharge,34,2472.727272727273,253651.88708412545,3.485801436232963,-27.263836618115,-27.263836618115,40332.61701363517,6621.613895586811,6.533724530058792e-09,3.485801436232963,18.726675656887075
28,CC-discharge,35,2545.4545454545455,253724.61435685275,3.474534388567746,-27.263836618115,-27.263836618115,40750.312101947864,6168.158504037737,6.533724530058792e-09,3.474534388567746,19.277460235030812
28,CC-discharge,36,2618.1818181818185,253797.34162958,3.4620694753886214,-27.263836618115,-27.263836618115,41168.00719026064,5714.703112488568,6.533724530058792e-09,3.4620694753886214,19.82824481317455
28,CC-discharge,37,2690.909090909091,253870.06890230728,3.4480614192190844,-27.263836618115,-27.263836618115,41585.702278573124,5261.247720939513,6.533724530058792e-09,3.4480614192190844,20.379029391318287
28,CC-discharge,38,2763.636363636364,253942.79617503454,3.432087194585855,-27.263836618115,-27.263836618115,42003.397366885896,4807.792329390446,6.533724530058792e-09,3.432087194585855,20.929813969462025
28,CC-discharge,39,2836.3636363636365,254015.52344776184,3.4136298769863376,-27.263836618115,-27.263836618115,42421.092455198945,4354.336937841255,6.533724530058792e-09,3.4136298769863376,21.480598547605762
28,CC-discharge,40,2909.0909090909095,254088.2507204891,3.3920612876884033,-27.263836618115,-27.263836618115,42838.78754351145,3900.88154629218,6.533724530058792e-09,3.3920612876884033,22.0313831257495
28,CC-discharge,41,2981.818181818182,254160.97799321637,3.3666296569490943,-27.263836618115,-27.263836618115,43256.482631824336,3447.4261547431147,6.533724530058792e-09,3.3666296569490943,22.582167703893237
28,CC-discharge,42,3054.545454545455,254233.70526594363,3.336441292703796,-27.263836618115,-27.263836618115,43674.17772013636,2993.970763194055,6.533724530058792e-09,3.336441292703796,23.132952282036975
28,CC-discharge,43,3127.2727272727275,254306.43253867092,3.3004462184705368,-27.263836618115,-27.263836618115,44091.87280844949,2540.5153716450154,6.533724530058792e-09,3.3004462184705368,23.683736860180712
28,CC-discharge,44,3200.0000000000005,254379.1598113982,3.2573863086138353,-27.263836618115,-27.263836618115,44509.567896762805,2087.059980096001,6.533724530058792e-09,3.2573863086138353,24.23452143832445
28,CC-discharge,45,3272.727272727273,254451.88708412545,3.205483611407961,-27.263836618115,-27.263836618115,44927.262985075715,1633.6045885469766,6.533724530058792e-09,3.205483611407961,24.785306016468187
28,CC-discharge,46,3345.454545454546,254524.61435685275,3.140269388175322,-27.263836618115,-27.263836618115,45344.958073388385,1180.1491969979418,6.533724530058792e-09,3.140269388175322,25.336090594611925
28,CC-discharge,47,3418.1818181818185,254597.34162958,3.034366730102387,-27.263836618115,-27.263836618115,45762.653161701004,726.6938054489011,6.533724530058792e-09,3.034366730102387,25.886875172755662
28,CC-discharge,48,3431.335779721404,254610.4955911196,3.0000100000000005,-27.263836618115,-27.263836618115,45838.20040719632,644.6787022190387,6.533724530058792e-09,3.0000100000000005,25.98649391117128
28,CC-charge,0,3431.335779721404,254610.4955911196,3.7158920928969708,27.263836618115,27.263836618115,45838.20040719632,644.6787022190387,6.533724530058792e-09,3.7158920928969708,0.0
28,CC-charge,1,3504.0630524486764,254683.22286384687,3.822504598032065,27.263836618115,27.263836618115,45273.08398701488,1179.1765640035371,6.533735962486985e-09,3.822504598032065,-0.0
28,CC-charge,2,3576.7903251759494,254755.95013657416,3.8688728544743314,27.263836618115,27.263836618115,44853.49668772498,1632.656949819185,6.533767618805721e-09,3.8688728544743314,-0.0
28,CC-charge,3,3649.517597903222,254828.67740930142,3.906312443880344,27.263836618115,27.263836618115,44435.764127142385,2086.1100056509335,6.5338333527124044e-09,3.906312443880344,-0.0
28,CC-charge,4,3722.244870630495,254901.4046820287,3.9376127966736774,27.263836618115,27.263836618115,44018.06853937411,2539.561319401379,6.533952586769638e-09,3.9376127966736774,-0.0
28,CC-charge,5,3794.9721433577674,254974.13195475595,3.9637043579192723,27.263836618115,27.263836618115,43600.3734459351,2993.0101992236673,6.534145862188393e-09,3.9637043579192723,-0.0
28,CC-charge,6,3867.6994160850404,255046.85922748325,3.985355710661914,27.263836618115,27.263836618115,43182.67835768962,3446.456075546115,6.534432143013697e-09,3.985355710661914,-0.0
28,CC-charge,7,3940.426688812313,255119.5865002105,4.00330581604146,27.263836618115,27.263836618115,42764.98326937553,3899.8985943625676,6.534824021773803e-09,4.00330581604146,-0.0
28,CC-charge,8,4013.153961539586,255192.31377293778,4.018236959038698,27.263836618115,27.263836618115,42347.28818106168,4353.337650220166,6.535326304357123e-09,4.018236959038698,-0.0
28,CC-charge,9,4085.8812342668584,255265.04104566504,4.0307526041561585,27.263836618115,27.263836618115,41929.59309274844,4806.7733717447545,6.535936127698267e-09,4.0307526041561585,-0.0
28,CC-charge,10,4158.608506994131,255337.76831839234,4.041368139952278,27.263836618115,27.263836618115,41511.89800443456,5260.206058794956,6.536644786817715e-09,4.041368139952278,-0.0
28,CC-charge,11,4231.335779721404,255410.4955911196,4.050516705790168,27.263836618115,27.263836618115,41094.20291612115,5713.636110455113,6.537439999991506e-09,4.050516705790168,-0.0
28,CC-charge,12,4304.063052448677,255483.22286384687,4.058555679599639,27.263836618115,27.263836618115,40676.50782780786,6167.063960370372,6.5383080320302905e-09,4.058555679599639,-0.0
28,CC-charge,13,4376.790325175949,255555.95013657416,4.065777575207212,27.263836618115,27.263836618115,40258.812739494315,6620.490028084301,6.539235349160449e-09,4.065777575207212,-0.0
28,CC-charge,14,4449.517597903222,255628.67740930142,4.072419696913756,27.263836618115,27.263836618115,39841.11765118083,7073.914688986783,6.540209680754532e-09,4.072419696913756,-0.0
28,CC-charge,15,4522.244870630495,255701.4046820287,4.0786734167346905,27.263836618115,27.263836618115,39423.42256286744,7527.338259168113,6.541220584182408e-09,4.0786734167346905,-0.0
28,CC-charge,16,4594.972143357768,255774.13195475595,4.084692156017734,27.263836618115,27.263836618115,39005.7274745541,7980.760992424961,6.542259595077158e-09,4.084692156017734,-0.0
28,CC-charge,17,4667.699416085041,255846.85922748325,4.090598871587605,27.263836618115,27.263836618115,38588.03238624084,8434.183081616846,6.543320218323279e-09,4.090598871587605,-0.0
28,CC-charge,18,4740.426688812313,255919.5865002105,4.096490795530862,27.263836618115,27.263836618115,38170.33729792752,8887.604637369725,6.544398629781195e-09,4.096490795530862,-0.0
28,CC-charge,19,4813.153961539586,255992.31377293778,4.102445368457006,27.263836618115,27.263836618115,37752.64220961443,9341.025789711795,6.545490414454091e-09,4.102445368457006,-0.0
28,CC-charge,20,4885.881234266859,256065.04104566504,4.108523522879659,27.263836618115,27.263836618115,37334.947121301084,9794.44659267399,6.546593646608097e-09,4.108523522879659,-0.0
28,CC-charge,21,4958.608506994131,256137.76831839234,4.114772895075669,27.263836618115,27.263836618115,36917.25203298789,10247.867062089368,6.547707653170851e-09,4.114772895075669,-0.0
28,CC-charge,22,5031.335779721404,256210.4955911196,4.121232164548612,27.263836618115,27.263836618115,36499.55694467456,10701.2872073351,6.548831999521989e-09,4.121232164548612,-0.0
28,CC-charge,23,5104.063052448677,256283.22286384687,4.127929934980933,27.263836618115,27.263836618115,36081.86185636138,11154.707009069263,6.549967197416597e-09,4.127929934980933,-0.0
28,CC-charge,24,5176.790325175949,256355.95013657416,4.134889136211058,27.263836618115,27.263836618115,35664.16676804775,11608.126430853037,6.55111432458397e-09,4.134889136211058,-0.0
28,CC-charge,25,5249.517597903222,256428.67740930142,4.142127737494658,27.263836618115,27.263836618115,35246.47167973461,12061.545425430962,6.552274821802147e-09,4.142127737494658,-0.0
28,CC-charge,26,5322.244870630495,256501.4046820287,4.149659892679645,27.263836618115,27.263836618115,34828.77659142135,12514.963934579268,6.553450491634765e-09,4.149659892679645,-0.0
28,CC-charge,27,5394.972143357768,256574.13195475595,4.157496909591315,27.263836618115,27.263836618115,34411.08150310793,12968.381891197685,6.554643429134681e-09,4.157496909591315,-0.0
28,CC-charge,28,5467.699416085041,256646.85922748325,4.165649939622193,27.263836618115,27.263836618115,33993.386414794666,13421.799217508778,6.555856075020272e-09,4.165649939622193,-0.0
28,CC-charge,29,5540.426688812313,256719.5865002105,4.17412374385346,27.263836618115,27.263836618115,33575.69132648164,13875.215874749665,6.557089633412319e-09,4.17412374385346,-0.0
28,CC-charge,30,5613.153961539586,256792.31377293778,4.182926809482241,27.263836618115,27.263836618115,33157.99623816854,14328.631734028342,6.55834817796702e-09,4.182926809482241,-0.0
28,CC-charge,31,5685.881234266859,256865.04104566504,4.1920661208396375,27.263836618115,27.263836618115,32740.30114985505,14782.046702505475,6.559634640053102e-09,4.1920661208396375,-0.0
28,CC-charge,32,5746.796401029787,256925.956212428,4.199990000000001,27.263836618115,27.263836618115,32390.446617896083,15161.818811455165,6.560737477503076e-09,4.199990000000001,-0.0
28,CV-charge,0,5746.796401029787,256925.956212428,4.2,27.289459275648547,27.289459275648547,32390.446617896083,15161.818811455165,6.560737477503076e-09,4.2,0.0
28,CV-charge,1,5819.52367375706,256998.68348515526,4.199999999999999,24.230760135111495,24.230760135111495,31868.177796940796,15657.144275382438,6.5619949819819825e-09,4.199999999999999,-0.0
28,CV-charge,2,5892.250946484332,257071.41075788255,4.2,22.29712035955966,22.29712035955966,31521.437524687542,16037.535196819777,6.56317386291634e-09,4.2,-0.0
28,CV-charge,3,5964.978219211605,257144.1380306098,4.199999999999999,20.60480735535254,20.60480735535254,31202.81132525261,16388.56190749487,6.5642883184549985e-09,4.199999999999999,-0.0
28,CV-charge,4,6037.705491938878,257216.86530333708,4.199999999999999,19.109181879905137,19.109181879905137,30907.512690009575,16713.692007094032,6.565345388950564e-09,4.199999999999999,-0.0
28,CV-charge,5,6110.432764666151,257289.59257606434,4.2,17.779091039128655,17.779091039128655,30632.623901346054,17016.154981739608,6.566351632222266e-09,4.2,-0.0
28,CV-charge,6,6183.160037393423,257362.31984879164,4.2,16.59155953109974,16.59155953109974,30376.203554292042,17298.128661938837,6.5673113823170475e-09,4.2,-0.0
28,CV-charge,7,6255.887310120696,257435.0471215189,4.2,15.526320220126738,15.526320220126738,30136.337801749694,17561.754162954832,6.5682289688298e-09,4.2,-0.0
28,CV-charge,8,6328.614582847969,257507.77439424617,4.2,14.566559371919473,14.566559371919473,29911.37881769119,17808.8726305937,6.569108132541471e-09,4.2,-0.0
28,CV-charge,9,6401.341855575242,257580.50166697343,4.2,13.698223785502039,13.698223785502039,29699.89926465538,18041.077180179233,6.569952129057219e-09,4.2,-0.0
28,CV-charge,10,6474.069128302514,257653.22893970073,4.2,12.909521714929406,12.909521714929406,29500.657352740713,18259.752433785583,6.570763806627626e-09,4.2,-0.0
28,CV-charge,11,6546.796401029787,257725.956212428,4.2,12.19051418685764,12.19051418685764,29312.5693959718,18466.10556904559,6.571545666555917e-09,4.2,-0.0
28,CV-charge,12,6619.52367375706,257798.68348515526,4.199999999999999,11.532725817757816,11.532725817757816,29134.671517203504,18661.209212084417,6.572299952583128e-09,4.199999999999999,-0.0
28,CV-charge,13,6692.250946484333,257871.41075788255,4.199999999999999,10.929010678999624,10.929010678999624,28966.13196013654,18845.988318917287,6.573028608440569e-09,4.199999999999999,-0.0
28,CV-charge,14,6764.978219211605,257944.1380306098,4.2,10.373213992695478,10.373213992695478,28806.204629294072,19021.27185754687,6.573733394282726e-09,4.2,-0.0
28,CV-charge,15,6837.705491938878,258016.86530333708,4.199999999999999,9.859640952374427,9.859640952374427,28654.105182114927,19187.92889913008,6.574416219628869e-09,4.199999999999999,-0.0
28,CV-charge,16,6910.432764666151,258089.59257606434,4.200000000000001,9.384560545545984,9.384560545545984,28509.4897193524,19346.344051180113,6.575077821767606e-09,4.200000000000001,-0.0
28,CV-charge,17,6983.160037393423,258162.31984879164,4.2,8.943177636046741,8.943177636046741,28371.573937338246,19497.38376515372,6.575720191619813e-09,4.2,-0.0
28,CV-charge,18,7055.887310120696,258235.0471215189,4.199999999999999,8.532465246517166,8.532465246517166,28240.01053775992,19641.434121333634,6.5763441306874066e-09,4.199999999999999,-0.0
28,CV-charge,19,7128.614582847969,258307.77439424617,4.199999999999999,8.149415389119003,8.149415389119003,28114.370119107058,19778.97059824097,6.576950696298435e-09,4.199999999999999,-0.0
28,CV-charge,20,7201.341855575242,258380.50166697343,4.2,7.791381539654151,7.791381539654151,27994.264167379573,19910.4230610593,6.577540853716774e-09,4.2,-0.0
28,CV-charge,21,7274.069128302515,258453.22893970073,4.2,7.456037076739501,7.456037076739501,27879.34046132165,20036.180997455784,6.578115486243553e-09,4.2,-0.0
28,CV-charge,22,7346.796401029787,258525.956212428,4.2,7.141328131244724,7.141328131244724,27769.27880063862,20156.59829303908,6.5786754045362705e-09,4.2,-0.0
28,CV-charge,23,7419.52367375706,258598.68348515526,4.2,6.845438958089868,6.845438958089868,27663.788431792913,20271.996126581256,6.579221351825217e-09,4.2,-0.0
28,CV-charge,24,7492.250946484333,258671.41075788255,4.200000000000001,6.56675366344092,6.56675366344092,27562.60258281667,20382.669039004795,6.5797540167158075e-09,4.200000000000001,-0.0
28,CV-charge,25,7564.978219211605,258744.1380306098,4.200000000000001,6.303832813913005,6.303832813913005,27465.476879137997,20488.886711362415,6.580274036279608e-09,4.200000000000001,-0.0
28,CV-charge,26,7637.705491938878,258816.86530333708,4.2,6.055390631498211,6.055390631498211,27372.18694124388,20590.896645160097,6.580782001359238e-09,4.2,-0.0
28,CV-charge,27,7710.432764666151,258889.59257606434,4.2,5.820275582518423,5.820275582518423,27282.526293849045,20688.926493514566,6.581278461208433e-09,4.2,-0.0
28,CV-charge,28,7783.160037393423,258962.31984879164,4.2,5.597453773354775,5.597453773354775,27196.304531663398,20783.186103563363,6.581763927570679e-09,4.2,-0.0
28,CV-charge,29,7855.887310120697,259035.0471215189,4.2,5.385994704914512,5.385994704914512,27113.345707988465,20873.869309699094,6.5822388782748745e-09,4.2,-0.0
28,CV-charge,30,7928.614582847969,259107.77439424617,4.2,5.185059010133916,5.185059010133916,27033.486914912206,20961.155512674104,6.582703760414008e-09,4.2,-0.0
28,CV-charge,31,8001.341855575242,259180.50166697343,4.199999999999999,4.9938878648503,4.9938878648503,26956.577028898224,21045.211073959003,6.583158993162663e-09,4.199999999999999,-0.0
28,CV-charge,32,8074.069128302515,259253.22893970073,4.199999999999999,4.811793815498845,4.811793815498845,26882.47559958581,21126.190550255807,6.583604970280589e-09,4.199999999999999,-0.0
28,CV-charge,33,8146.796401029787,259325.956212428,4.2,4.638152810399935,4.638152810399935,26811.051862967026,21204.23778926901,6.584042062342578e-09,4.2,-0.0
28,CV-charge,34,8219.52367375706,259398.68348515526,4.2,4.472397256729988,4.472397256729988,26742.183862891317,21279.486904703677,6.584470618729013e-09,4.2,-0.0
28,CV-charge,35,8292.250946484333,259471.41075788255,4.199999999999999,4.314009954266702,4.314009954266702,26675.757667186506,21352.06314585482,6.584890969406478e-09,4.199999999999999,-0.0
28,CV-charge,36,8364.978219211605,259544.1380306098,4.2,4.16251878085755,4.16251878085755,26611.666666639892,21422.083674908346,6.585303426523789e-09,4.2,-0.0
28,CV-charge,37,8437.70549193888,259616.86530333708,4.2,4.017492024264388,4.017492024264388,26549.810946746242,21489.658263275083,6.58570828584522e-09,4.2,-0.0
28,CV-charge,38,8510.432764666151,259689.59257606434,4.199999999999999,3.878534271344589,3.878534271344589,26490.09672350836,21554.889916660173,6.586105828039832e-09,4.199999999999999,-0.0
28,CV-charge,39,8583.160037393423,259762.31984879164,4.2,3.7452827791067054,3.7452827791067054,26432.435835767257,21617.87543728668,6.5864963198432916e-09,4.2,-0.0
28,CV-charge,40,8655.887310120697,259835.0471215189,4.2,3.617404263479842,3.617404263479842,26376.7452875357,21678.705930553664,6.586880015106434e-09,4.2,-0.0
28,CV-charge,41,8728.61458284797,259907.77439424617,4.2,3.4945920511445103,3.4945920511445103,26322.946834679413,21737.467262432336,6.587257155743023e-09,4.2,-0.0
28,CV-charge,42,8801.341855575243,259980.50166697343,4.199999999999999,3.376563547647115,3.376563547647115,26270.966610997515,21794.240473123882,6.587627972587628e-09,4.199999999999999,-0.0
28,CV-charge,43,8874.069128302515,260053.22893970073,4.200000000000001,3.263057981771749,3.263057981771749,26220.734789400896,21849.10215175724,6.5879926861731675e-09,4.200000000000001,-0.0
28,CV-charge,44,8946.796401029787,260125.956212428,4.199999999999999,3.153834391753151,3.153834391753151,26172.18527441871,21902.124776351222,6.588351507436554e-09,4.199999999999999,-0.0
28,CV-charge,45,9019.52367375706,260198.68348515526,4.200000000000001,3.048669823685184,3.048669823685184,26125.255422717197,21953.37702270357,6.588704638359878e-09,4.200000000000001,-0.0
28,CV-charge,46,9092.250946484333,260271.41075788255,4.2,2.9473577165552096,2.9473577165552096,26079.88578872971,22002.924045456002,6.58905227255371e-09,4.2,-0.0
28,CV-charge,47,9164.978219211605,260344.1380306098,4.2,2.84970645176718,2.84970645176718,26036.019892831406,22050.827734175684,6.589394595788364e-09,4.2,-0.0
28,CV-charge,48,9237.70549193888,260416.86530333708,4.2,2.7555380479593086,2.7555380479593086,25993.60400979668,22097.14694697925,6.589731786478297e-09,4.2,-0.0
28,CV-charge,49,9260.79966474738,260439.9594761456,4.200000000000001,2.7263936618115,2.7263936618115,25980.455595635565,22111.50514922743,6.589837723387823e-09,4.200000000000001,-0.0
29,CC-discharge,0,0.0,260439.9594761456,3.855253759813493,-27.263836618115,-27.263836618115,25980.455595635565,22111.50514922743,6.589837723387823e-09,3.855253759813493,0.0
29,CC-discharge,1,72.72727272727273,260512.68674887286,3.831069818838516,-27.263836618115,-27.263836618115,26545.57517162952,21577.005419935474,6.589837723387823e-09,3.831069818838516,0.5507845781437374
29,CC-discharge,2,145.45454545454547,260585.41402160015,3.8147400962978515,-27.263836618115,-27.263836618115,26965.162822759758,21123.525311494508,6.589837723387823e-09,3.8147400962978515,1.1015691562874748
29,CC-discharge,3,218.1818181818182,260658.14129432742,3.7995219421803004,-27.263836618115,-27.263836618115,27382.88970396644,20670.06996718842,6.589837723387823e-09,3.7995219421803004,1.652353734431212
29,CC-discharge,4,290.90909090909093,260730.86856705468,3.785147146743341,-27.263836618115,-27.263836618115,27800.58725976643,20216.614576337375,6.589837723387823e-09,3.785147146743341,2.2031383125749495
29,CC-discharge,5,363.6363636363637,260803.59583978195,3.771451320039821,-27.263836618115,-27.263836618115,28218.282540461874,19763.159184798456,6.589837723387823e-09,3.771451320039821,2.753922890718687
29,CC-discharge,6,436.3636363636364,260876.32311250924,3.7583267270247456,-27.263836618115,-27.263836618115,28635.977643849394,19309.703793248435,6.589837723387823e-09,3.7583267270247456,3.304707468862424
29,CC-discharge,7,509.0909090909091,260949.0503852365,3.745677525189455,-27.263836618115,-27.263836618115,29053.67273335029,18856.248401698926,6.589837723387823e-09,3.745677525189455,3.8554920470061615
29,CC-discharge,8,581.8181818181819,261021.77765796377,3.7334464858986895,-27.263836618115,-27.263836618115,29471.36782175773,18402.7930101497,6.589837723387823e-09,3.7334464858986895,4.406276625149899
29,CC-discharge,9,654.5454545454546,261094.50493069104,3.721585534720011,-27.263836618115,-27.263836618115,29889.062910078173,17949.3376186006,6.589837723387823e-09,3.721585534720011,4.9570612032936365
29,CC-discharge,10,727.2727272727274,261167.23220341833,3.7100578197659755,-27.263836618115,-27.263836618115,30306.757998391495,17495.88222705107,6.589837723387823e-09,3.7100578197659755,5.507845781437374
29,CC-discharge,11,800.0000000000001,261239.9594761456,3.6988348251339014,-27.263836618115,-27.263836618115,30724.453086704354,17042.42683550203,6.589837723387823e-09,3.6988348251339014,6.0586303595811115
29,CC-discharge,12,872.7272727272727,261312.68674887286,3.6878942492577447,-27.263836618115,-27.263836618115,31142.14817501751,16588.97144395316,6.589837723387823e-09,3.6878942492577447,6.609414937724848
29,CC-discharge,13,945.4545454545455,261385.41402160015,3.677218410743389,-27.263836618115,-27.263836618115,31559.84326333022,16135.516052403415,6.589837723387823e-09,3.677218410743389,7.160199515868586
29,CC-discharge,14,1018.1818181818182,261458.14129432742,3.6667930215016384,-27.263836618115,-27.263836618115,31977.53835164323,15682.060660853875,6.589837723387823e-09,3.6667930215016384,7.710984094012323
29,CC-discharge,15,1090.909090909091,261530.86856705468,3.656606215025666,-27.263836618115,-27.263836618115,32395.233439956046,15228.60526930417,6.589837723387823e-09,3.656606215025666,8.26176867215606
29,CC-discharge,16,1163.6363636363637,261603.59583978195,3.6466477503421997,-27.263836618115,-27.263836618115,32812.92852826809,14775.149877755044,6.589837723387823e-09,3.6466477503421997,8.812553250299798
29,CC-discharge,17,1236.3636363636365,261676.32311250924,3.636908332178494,-27.263836618115,-27.263836618115,33230.62361658124,14321.694486206285,6.589837723387823e-09,3.636908332178494,9.363337828443536
29,CC-discharge,18,1309.0909090909092,261749.0503852365,3.627379001338894,-27.263836618115,-27.263836618115,33648.31870489422,13868.23909465705,6.589837723387823e-09,3.627379001338894,9.914122406587273
29,CC-discharge,19,1381.818181818182,261821.77765796377,3.618050557505469,-27.263836618115,-27.263836618115,34066.013793207036,13414.783703107722,6.589837723387823e-09,3.618050557505469,10.46490698473101
29,CC-discharge,20,1454.5454545454547,261894.50493069104,3.6089129822002284,-27.263836618115,-27.263836618115,34483.708881520026,12961.328311558429,6.589837723387823e-09,3.6089129822002284,11.015691562874748
29,CC-discharge,21,1527.2727272727275,261967.23220341833,3.5999548257138634,-27.263836618115,-27.263836618115,34901.403969832696,12507.872920009298,6.589837723387823e-09,3.5999548257138634,11.566476141018486
29,CC-discharge,22,1600.0000000000002,262039.9594761456,3.5911625384188333,-27.263836618115,-27.263836618115,35319.09905814572,12054.417528460055,6.589837723387823e-09,3.5911625384188333,12.117260719162223
29,CC-discharge,23,1672.727272727273,262112.68674887286,3.582519232132019,-27.263836618115,-27.263836618115,35736.79414645856,11600.962136910743,6.589837723387823e-09,3.582519232132019,12.66804529730596
29,CC-discharge,24,1745.4545454545455,262185.41402160015,3.5740058880486085,-27.263836618115,-27.263836618115,36154.48923477117,11147.506745361688,6.589837723387823e-09,3.5740058880486085,13.218829875449696
29,CC-discharge,25,1818.1818181818182,262258.1412943274,3.565596630142015,-27.263836618115,-27.263836618115,36572.18432308429,10694.051353812287,6.589837723387823e-09,3.565596630142015,13.769614453593434
29,CC-discharge,26,1890.909090909091,262330.8685670547,3.557260222999106,-27.263836618115,-27.263836618115,36989.879411397094,10240.595962262982,6.589837723387823e-09,3.557260222999106,14.320399031737171
29,CC-discharge,27,1963.6363636363637,262403.595839782,3.548957687479481,-27.263836618115,-27.263836618115,37407.574499710005,9787.140570713684,6.589837723387823e-09,3.548957687479481,14.871183609880909
29,CC-discharge,28,2036.3636363636365,262476.3231125092,3.5406402969592023,-27.263836618115,-27.263836618115,37825.26958802286,9333.685179164508,6.589837723387823e-09,3.5406402969592023,15.421968188024646
29,CC-discharge,29,2109.0909090909095,262549.0503852365,3.5322470932545156,-27.263836618115,-27.263836618115,38242.96467633572,8880.229787615142,6.589837723387823e-09,3.5322470932545156,15.972752766168385
29,CC-discharge,30,2181.818181818182,262621.7776579638,3.5237019341762386,-27.263836618115,-27.263836618115,38660.65976464822,8426.774396066083,6.589837723387823e-09,3.5237019341762386,16.52353734431212
29,CC-discharge,31,2254.545454545455,262694.50493069104,3.5149103547398655,-27.263836618115,-27.263836618115,39078.35485296083,7973.319004516943,6.589837723387823e-09,3.5149103547398655,17.07432192245586
29,CC-discharge,32,2327.2727272727275,262767.23220341833,3.505752444253677,-27.263836618115,-27.263836618115,39496.04994127341,7519.863612967759,6.589837723387823e-09,3.505752444253677,17.625106500599596
29,CC-discharge,33,2400.0,262839.95947614557,3.496082077223111,-27.263836618115,-27.263836618115,39913.74502958655,7066.408221418647,6.589837723387823e-09,3.496082077223111,18.175891078743334
29,CC-discharge,34,2472.727272727273,262912.68674887286,3.485716020846849,-27.263836618115,-27.263836618115,40331.44011789924,6612.952829869311,6.589837723387823e-09,3.485716020846849,18.726675656887075
29,CC-discharge,35,2545.4545454545455,262985.41402160015,3.474427132666466,-27.263836618115,-27.263836618115,40749.13520621209,6159.497438320217,6.589837723387823e-09,3.474427132666466,19.277460235030812
29,CC-discharge,36,2618.1818181818185,263058.1412943274,3.4619347831684393,-27.263836618115,-27.263836618115,41166.830294524734,5706.042046771313,6.589837723387823e-09,3.4619347831684393,19.82824481317455
29,CC-discharge,37,2690.909090909091,263130.8685670547,3.447892383199036,-27.263836618115,-27.263836618115,41584.52538283776,5252.586655222109,6.589837723387823e-09,3.447892383199036,20.379029391318287
29,CC-discharge,38,2763.636363636364,263203.595839782,3.431875317255333,-27.263836618115,-27.263836618115,42002.22047115036,4799.131263672989,6.589837723387823e-09,3.431875317255333,20.929813969462025
29,CC-discharge,39,2836.3636363636365,263276.3231125092,3.413364782331106,-27.263836618115,-27.263836618115,42419.91555946358,4345.6758721238375,6.589837723387823e-09,3.413364782331106,21.480598547605762
29,CC-discharge,40,2909.0909090909095,263349.0503852365,3.391730457088523,-27.263836618115,-27.263836618115,42837.61064777661,3892.2204805747324,6.589837723387823e-09,3.391730457088523,22.0313831257495
29,CC-discharge,41,2981.818181818182,263421.7776579638,3.366218111193837,-27.263836618115,-27.263836618115,43255.30573608876,3438.765089025594,6.589837723387823e-09,3.366218111193837,22.582167703893237
29,CC-discharge,42,3054.545454545455,263494.50493069104,3.3359313744049244,-27.263836618115,-27.263836618115,43673.00082440171,2985.309697476514,6.589837723387823e-09,3.3359313744049244,23.132952282036975
29,CC-discharge,43,3127.2727272727275,263567.23220341833,3.2998171973021515,-27.263836618115,-27.263836618115,44090.6959127144,2531.8543059274543,6.589837723387823e-09,3.2998171973021515,23.683736860180712
29,CC-discharge,44,3200.0000000000005,263639.9594761456,3.2566123405822522,-27.263836618115,-27.263836618115,44508.391001028554,2078.398914378444,6.589837723387823e-09,3.2566123405822522,24.23452143832445
29,CC-discharge,45,3272.727272727273,263712.68674887286,3.2045203275383347,-27.263836618115,-27.263836618115,44926.086089341385,1624.943522829388,6.589837723387823e-09,3.2045203275383347,24.785306016468187
29,CC-discharge,46,3345.454545454546,263785.41402160015,3.138954450400631,-27.263836618115,-27.263836618115,45343.78117765495,1171.488131280344,6.589837723387823e-09,3.138954450400631,25.336090594611925
29,CC-discharge,47,3418.1818181818185,263858.1412943274,3.0313224579695093,-27.263836618115,-27.263836618115,45761.47626596776,718.0327397313022,6.589837723387823e-09,3.0313224579695093,25.886875172755662
29,CC-discharge,48,3430.0010400339597,263869.96051617956,3.0000099999999996,-27.263836618115,-27.263836618115,45829.35769105332,644.3397539807504,6.589837723387823e-09,3.0000099999999996,25.976385543180672
29,CC-charge,0,3430.0010400339597,263869.96051617956,3.7158490677100593,27.263836618115,27.263836618115,45829.35769105332,644.3397539807504,6.589837723387823e-09,3.7158490677100593,0.0
29,CC-charge,1,3502.7283127612322,263942.68778890686,3.8225486602890695,27.263836618115,27.263836618115,45264.24125663237,1178.8376249803725,6.589849144568685e-09,3.8225486602890695,-0.0
29,CC-charge,2,3575.455585488505,264015.4150616341,3.8689237093509288,27.263836618115,27.263836618115,44844.653987345366,1632.3180024718831,6.5898807815134735e-09,3.8689237093509288,-0.0
29,CC-charge,3,3648.1828582157777,264088.1423343614,3.906366958218936,27.263836618115,27.263836618115,44426.92141124356,2085.771059593797,6.5899464832379965e-09,3.906366958218936,-0.0
29,CC-charge,4,3720.9101309430507,264160.8696070887,3.9376710709271237,27.263836618115,27.263836618115,44009.225823235916,2539.2223749355744,6.590065669272776e-09,3.9376710709271237,-0.0
29,CC-charge,5,3793.6374036703232,264233.5968798159,3.9637666328516468,27.263836618115,27.263836618115,43591.53072979381,2992.671256812598,6.5902588816187055e-09,3.9637666328516468,-0.0
29,CC-charge,6,3866.364676397596,264306.3241525432,3.985422097028905,27.263836618115,27.263836618115,43173.83564154734,3446.117135541422,6.590545087333686e-09,3.985422097028905,-0.0
29,CC-charge,7,3939.0919491248687,264379.05142527045,4.003376335599733,27.263836618115,27.263836618115,42756.14055323388,3899.5596569397194,6.5909368843093034e-09,4.003376335599733,-0.0
29,CC-charge,8,4011.8192218521417,264451.77869799774,4.018311593415457,27.263836618115,27.263836618115,42338.4454649206,4352.99871536368,6.5914390845720834e-09,4.018311593415457,-0.0
29,CC-charge,9,4084.5464945794142,264524.50597072503,4.030831323649555,27.263836618115,27.263836618115,41920.75037660657,4806.4344392853545,6.592048830193901e-09,4.030831323649555,-0.0
29,CC-charge,10,4157.273767306687,264597.23324345227,4.041450920961898,27.263836618115,27.263836618115,41503.055288293544,5259.8671284632455,6.592757419701705e-09,4.041450920961898,-0.0
29,CC-charge,11,4230.00104003396,264669.96051617956,4.050603534968095,27.263836618115,27.263836618115,41085.36019998,5713.2971819322765,6.593552573236887e-09,4.050603534968095,-0.0
29,CC-charge,12,4302.728312761233,264742.68778890686,4.0586465567602525,27.263836618115,27.263836618115,40667.66511166667,6166.725033332939,6.594420555997615e-09,4.0586465567602525,-0.0
29,CC-charge,13,4375.455585488506,264815.4150616341,4.065872511755282,27.263836618115,27.263836618115,40249.97002335344,6620.151102232569,6.595347833589705e-09,4.065872511755282,-0.0
29,CC-charge,14,4448.182858215778,264888.1423343614,4.072518714132549,27.263836618115,27.263836618115,39832.27493503972,7073.575764060874,6.59632213417975e-09,4.072518714132549,-0.0
29,CC-charge,15,4520.910130943051,264960.8696070887,4.07877654360695,27.263836618115,27.263836618115,39414.579846726214,7526.999334955516,6.59733301366726e-09,4.07877654360695,-0.0
29,CC-charge,16,4593.637403670324,265033.5968798159,4.084799427028628,27.263836618115,27.263836618115,38996.884758412925,7980.422068759774,6.5983720061848345e-09,4.084799427028628,-0.0
29,CC-charge,17,4666.364676397596,265106.3241525432,4.090710325294528,27.263836618115,27.263836618115,38579.189670099426,8433.844158374344,6.599432615257812e-09,4.090710325294528,-0.0
29,CC-charge,18,4739.091949124869,265179.05142527045,4.096606472646754,27.263836618115,27.263836618115,38161.4945817858,8887.26571445729,6.600511015731127e-09,4.096606472646754,-0.0
29,CC-charge,19,4811.819221852142,265251.77869799774,4.102565310844348,27.263836618115,27.263836618115,37743.799493472536,9340.68686707642,6.601602791262849e-09,4.102565310844348,-0.0
29,CC-charge,20,4884.546494579415,265324.50597072503,4.108647773059557,27.263836618115,27.263836618115,37326.10440515948,9794.107670287956,6.602706015302924e-09,4.108647773059557,-0.0
29,CC-charge,21,4957.273767306688,265397.23324345227,4.114901495245163,27.263836618115,27.263836618115,36908.40931684578,10247.528139942408,6.6038200141924924e-09,4.114901495245163,-0.0
29,CC-charge,22,5030.00104003396,265469.96051617956,4.121365158337528,27.263836618115,27.263836618115,36490.71422853219,10700.948285435392,6.6049443526992035e-09,4.121365158337528,-0.0
29,CC-charge,23,5102.728312761233,265542.68778890686,4.128067365922617,27.263836618115,27.263836618115,36073.019140219134,11154.368087442837,6.60607954197754e-09,4.128067365922617,-0.0
29,CC-charge,24,5175.455585488506,265615.4150616341,4.135031049061199,27.263836618115,27.263836618115,35655.3240519057,11607.787509526366,6.6072266597604975e-09,4.135031049061199,-0.0
29,CC-charge,25,5248.182858215778,265688.1423343614,4.142274179523317,27.263836618115,27.263836618115,35237.62896359218,12061.20650444337,6.6083871463693005e-09,4.142274179523317,-0.0
29,CC-charge,26,5320.910130943051,265760.8696070887,4.149810915103376,27.263836618115,27.263836618115,34819.933875278795,12514.625013978008,6.609562804128688e-09,4.149810915103376,-0.0
29,CC-charge,27,5393.637403670324,265833.5968798159,4.1576525696223,27.263836618115,27.263836618115,34402.23878696538,12968.042971036482,6.610755727882215e-09,4.1576525696223,-0.0
29,CC-charge,28,5466.364676397596,265906.3241525432,4.165810302557515,27.263836618115,27.263836618115,33984.543698652495,13421.460297848447,6.6119683581188966e-09,4.165810302557515,-0.0
29,CC-charge,29,5539.09194912487,265979.05142527045,4.1742888879929385,27.263836618115,27.263836618115,33566.848610338944,13874.876955652267,6.6132018989050925e-09,4.1742888879929385,-0.0
29,CC-charge,30,5611.819221852142,266051.77869799774,4.183096828616154,27.263836618115,27.263836618115,33149.15352202586,14328.292815563931,6.614460423632815e-09,4.183096828616154,-0.0
29,CC-charge,31,5684.546494579415,266124.50597072503,4.192241129782367,27.263836618115,27.263836618115,32731.458433712432,14781.707784748914,6.615746863537751e-09,4.192241129782367,-0.0
29,CC-charge,32,5744.103646478914,266184.06312262453,4.199990000000001,27.263836618115,27.263836618115,32389.403398655195,15153.013437197522,6.616824826378316e-09,4.199990000000001,-0.0
29,CV-charge,0,5744.103646478914,266184.06312262453,4.2,27.28945895118367,27.28945895118367,32389.403398655195,15153.013437197522,6.616824826378316e-09,4.2,0.0
29,CV-charge,1,5816.830919206187,266256.7903953518,4.2,24.231174766535965,24.231174766535965,31867.128734203787,15648.344258912908,6.6180816953540264e-09,4.2,-0.0
29,CV-charge,2,5889.558191933459,266329.51766807906,4.2,22.29776435940217,22.29776435940217,31520.37856774011,16028.745186470742,6.619259956185451e-09,4.2,-0.0
29,CV-charge,3,5962.285464660732,266402.24494080635,4.2,20.605601691941565,20.605601691941565,31201.740013265036,16379.784830002747,6.62037380335074e-09,4.2,-0.0
29,CV-charge,4,6035.012737388005,266474.97221353365,4.200000000000001,19.110070147766052,19.110070147766052,30906.427618367645,16704.929569237473,6.621430276122617e-09,4.200000000000001,-0.0
29,CV-charge,5,6107.740010115278,266547.6994862609,4.2,17.780032860169783,17.780032860169783,30631.524328124833,17007.408118293253,6.622435931607789e-09,4.2,-0.0
29,CV-charge,6,6180.46728284255,266620.4267589882,4.2,16.5925253834156,16.5925253834156,30375.089088848148,17289.39789241067,6.623395103742991e-09,4.2,-0.0
29,CV-charge,7,6253.194555569823,266693.1540317154,4.200000000000001,15.527288718252684,15.527288718252684,30135.208373800084,17553.039632362772,6.624312121727754e-09,4.200000000000001,-0.0
29,CV-charge,8,6325.921828297096,266765.8813044427,4.200000000000001,14.567515367525031,14.567515367525031,29910.234604590718,17800.17419533976,6.625190725938191e-09,4.200000000000001,-0.0
29,CV-charge,9,6398.649101024369,266838.60857717,4.2,13.699156490978119,13.699156490978119,29698.74061258591,18032.39449921287,6.6260341716279956e-09,4.2,-0.0
29,CV-charge,10,6471.376373751641,266911.33584989724,4.200000000000001,12.910423497564969,12.910423497564969,29499.48470675131,18251.085048824483,6.626845306766764e-09,4.200000000000001,-0.0
29,CV-charge,11,6544.103646478914,266984.06312262453,4.2,12.19137986660124,12.19137986660124,29311.383304620344,18457.452901091292,6.627626632305702e-09,4.2,-0.0
29,CV-charge,12,6616.830919206187,267056.7903953518,4.200000000000001,11.533551984172746,11.533551984172746,29133.47258287155,18652.570618376307,6.62838039169308e-09,4.200000000000001,-0.0
29,CV-charge,13,6689.55819193346,267129.51766807906,4.2,10.929400996262148,10.929400996262148,28964.809064157973,18837.48568601815,6.629108827975817e-09,4.2,-0.0
29,CV-charge,14,6762.285464660732,267202.24494080635,4.2,10.373592024879754,10.373592024879754,28804.875764287888,19012.775694962504,6.629813086229639e-09,4.2,-0.0
29,CV-charge,15,6835.012737388005,267274.97221353365,4.2,9.860003244929882,9.860003244929882,28652.770720497767,19179.438871177863,6.630495391677139e-09,4.2,-0.0
29,CV-charge,16,6907.740010115278,267347.6994862609,4.2,9.384503354266402,9.384503354266402,28508.025985475728,19337.99571561973,6.631156826914934e-09,4.2,-0.0
29,CV-charge,17,6980.46728284255,267420.4267589882,4.200000000000001,8.94312672806592,8.94312672806592,28370.110907199465,19489.03457740131,6.631798675346481e-09,4.200000000000001,-0.0
29,CV-charge,18,7053.194555569823,267493.1540317154,4.2,8.532417463676726,8.532417463676726,28238.548244692673,19633.084139351602,6.632422101126889e-09,4.2,-0.0
29,CV-charge,19,7125.921828297096,267565.8813044427,4.199999999999999,8.149367095534851,8.149367095534851,28112.90856320159,19770.619830717722,6.633028161258209e-09,4.199999999999999,-0.0
29,CV-charge,20,7198.649101024369,267638.60857717,4.2,7.791329779076383,7.791329779076383,27992.80339775026,19902.071463753768,6.633617820701035e-09,4.2,-0.0
29,CV-charge,21,7271.376373751642,267711.33584989724,4.2,7.455979435421728,7.455979435421728,27877.880564719886,20027.828483513997,6.634191962478964e-09,4.2,-0.0
29,CV-charge,22,7344.103646478914,267784.06312262453,4.200000000000001,7.141262641920484,7.141262641920484,27767.819894551412,20148.244740852453,6.634751396994686e-09,4.200000000000001,-0.0
29,CV-charge,23,7416.830919206187,267856.7903953518,4.200000000000001,6.845364001052835,6.845364001052835,27662.33065100515,20263.64139475251,6.635296867264378e-09,4.200000000000001,-0.0
29,CV-charge,24,7489.55819193346,267929.51766807906,4.2,6.566667946303231,6.566667946303231,27561.14608975615,20374.312954998928,6.635829061657582e-09,4.2,-0.0
29,CV-charge,25,7562.285464660732,268002.24494080635,4.2,6.303735299348947,6.303735299348947,27464.021852690632,20480.529084044425,6.6363486170451436e-09,4.2,-0.0
29,CV-charge,26,7635.012737388005,268074.97221353365,4.2,6.055280494981703,6.055280494981703,27370.733573320704,20582.537268596356,6.636856124083528e-09,4.2,-0.0
29,CV-charge,27,7707.740010115278,268147.6994862609,4.199999999999999,5.8201521778870235,5.8201521778870235,27281.074786596393,20680.565150111906,6.637352131853416e-09,4.199999999999999,-0.0
29,CV-charge,28,7780.46728284255,268220.4267589882,4.199999999999999,5.5973166044629625,5.5973166044629625,27194.855095110917,20774.822566707786,6.637837151937048e-09,4.199999999999999,-0.0
29,CV-charge,29,7853.194555569824,268293.1540317154,4.200000000000001,5.385843402244688,5.385843402244688,27111.898558067653,20865.503345984653,6.638311662012728e-09,4.200000000000001,-0.0
29,CV-charge,30,7925.921828297096,268365.8813044427,4.200000000000001,5.184893311437168,5.184893311437168,27032.042271775113,20952.786883782348,6.638776109032478e-09,4.200000000000001,-0.0
29,CV-charge,31,7998.649101024369,268438.60857717,4.2,4.993707599086321,4.993707599086321,26955.1351154909,21036.8395382608,6.639230912038622e-09,4.2,-0.0
29,CV-charge,32,8071.376373751642,268511.33584989724,4.2,4.811598889479925,4.811598889479925,26881.036640431703,21117.815864173677,6.639676464666535e-09,4.2,-0.0
29,CV-charge,33,8144.103646478914,268584.06312262453,4.199999999999999,4.637943197654584,4.637943197654584,26809.616083122466,21195.85970844244,6.640113137373779e-09,4.199999999999999,-0.0
29,CV-charge,34,8216.830919206186,268656.7903953518,4.2,4.47217298820071,4.47217298820071,26740.75148704932,21271.105184995293,6.640541279429976e-09,4.2,-0.0
29,CV-charge,35,8289.55819193346,268729.51766807906,4.2,4.3137711105254155,4.3137711105254155,26674.32891890118,21343.6775442113,6.640961220696825e-09,4.2,-0.0
29,CV-charge,36,8362.285464660732,268802.24494080635,4.2,4.1622654855771986,4.1622654855771986,26610.241767654858,21413.693950114917,6.641373273223576e-09,4.2,-0.0
29,CV-charge,37,8435.012737388006,268874.97221353365,4.199999999999999,4.0172244387305005,4.0172244387305005,26548.390116407347,21481.264176604876,6.6417777326797656e-09,4.199999999999999,-0.0
29,CV-charge,38,8507.740010115278,268947.6994862609,4.2,3.8782525898363867,3.8782525898363867,26488.68017825073,21546.49123244933,6.642174879644101e-09,4.2,-0.0
29,CV-charge,39,8580.46728284255,269020.4267589882,4.200000000000001,3.744987224989372,3.744987224989372,26431.023788659724,21609.471923439123,6.642564980765863e-09,4.200000000000001,-0.0
29,CV-charge,40,8653.194555569824,269093.1540317154,4.2,3.617095085906464,3.617095085906464,26375.337947881486,21670.29735898588,6.642948289813102e-09,4.2,-0.0
29,CV-charge,41,8725.921828297096,269165.8813044427,4.199999999999999,3.4942695222491373,3.4942695222491373,26321.544407658555,21729.053409470067,6.643325048620063e-09,4.199999999999999,-0.0
29,CV-charge,42,8798.64910102437,269238.60857717,4.199999999999999,3.3762279601501195,3.3762279601501195,26269.569297346097,21785.821119852553,6.643695487944754e-09,4.199999999999999,-0.0
29,CV-charge,43,8871.376373751642,269311.33584989724,4.2,3.2627096469281507,3.2627096469281507,26219.34278512385,21840.67708434787,6.644059828246206e-09,4.2,-0.0
29,CV-charge,44,8944.103646478914,269384.06312262453,4.199999999999999,3.153473637580738,3.153473637580738,26170.79877052914,21893.69378634391,6.644418280389872e-09,4.199999999999999,-0.0
29,CV-charge,45,9016.830919206186,269456.7903953518,4.200000000000001,3.048296993424651,3.048296993424651,26123.8746050004,21944.939907269694,6.644771046288577e-09,4.200000000000001,-0.0
29,CV-charge,46,9089.55819193346,269529.51766807906,4.2,2.946973167317943,2.946973167317943,26078.51083752798,21994.480607635236,6.645118319485612e-09,4.2,-0.0
29,CV-charge,47,9162.285464660732,269602.24494080635,4.199999999999999,2.8493105533343477,2.8493105533343477,26034.650982847605,22042.377783094784,6.645460285685805e-09,4.199999999999999,-0.0
29,CV-charge,48,9235.012737388006,269674.97221353365,4.2,2.7551311817041886,2.7551311817041886,25992.241309913803,22088.690298047604,6.6457971232397496e-09,4.2,-0.0
29,CV-charge,49,9257.780547148868,269697.74002329446,4.199999999999999,2.7263936618115006,2.7263936618115006,25979.279973026736,22102.84423649893,6.645901455910683e-09,4.199999999999999,-0.0
30,CC-discharge,0,0.0,269697.74002329446,3.8552745789486624,-27.263836618115,-27.263836618115,25979.279973026736,22102.84423649893,6.645901455910683e-09,3.8552745789486624,0.0
30,CC-discharge,1,72.72727272727273,269770.46729602176,3.8310835381825603,-27.263836618115,-27.263836618115,26544.399542207986,21568.34451462013,6.645901455910683e-09,3.8310835381825603,0.5507845781437374
30,CC-discharge,2,145.45454545454547,269843.194568749,3.814749958578889,-27.263836618115,-27.263836618115,26963.98718375077,21114.864398879618,6.645901455910683e-09,3.814749958578889,1.1015691562874748
30,CC-discharge,3,218.1818181818182,269915.9218414763,3.799528780016401,-27.263836618115,-27.263836618115,27381.71407970437,20661.409054463347,6.645901455910683e-09,3.799528780016401,1.652353734431212
30,CC-discharge,4,290.90909090909093,269988.6491142036,3.785151616699295,-27.263836618115,-27.263836618115,27799.41163699729,20207.95366360959,6.645901455910683e-09,3.785151616699295,2.2031383125749495
30,CC-discharge,5,363.6363636363637,270061.3763869308,3.7714538908313564,-27.263836618115,-27.263836618115,28217.106917837977,19754.49827207069,6.645901455910683e-09,3.7714538908313564,2.753922890718687
30,CC-discharge,6,436.3636363636364,270134.1036596581,3.758327779152643,-27.263836618115,-27.263836618115,28634.802021239968,19301.042880521105,6.645901455910683e-09,3.758327779152643,3.304707468862424
30,CC-discharge,7,509.0909090909091,270206.83093238535,3.7456773172915176,-27.263836618115,-27.263836618115,29052.497110742068,18847.5874889722,6.645901455910683e-09,3.7456773172915176,3.8554920470061615
30,CC-discharge,8,581.8181818181819,270279.55820511264,3.733445239899164,-27.263836618115,-27.263836618115,29470.19219914909,18394.13209742287,6.645901455910683e-09,3.733445239899164,4.406276625149899
30,CC-discharge,9,654.5454545454546,270352.28547783993,3.7215834272726394,-27.263836618115,-27.263836618115,29887.88728746975,17940.67670587351,6.645901455910683e-09,3.7215834272726394,4.9570612032936365
30,CC-discharge,10,727.2727272727274,270425.01275056717,3.7100549920557597,-27.263836618115,-27.263836618115,30305.582375782844,17487.221314323717,6.645901455910683e-09,3.7100549920557597,5.507845781437374
30,CC-discharge,11,800.0000000000001,270497.74002329446,3.698831389726571,-27.263836618115,-27.263836618115,30723.277464096154,17033.765922774353,6.645901455910683e-09,3.698831389726571,6.0586303595811115
30,CC-discharge,12,872.7272727272727,270570.46729602176,3.6878902947894714,-27.263836618115,-27.263836618115,31140.972552408723,16580.3105312256,6.645901455910683e-09,3.6878902947894714,6.609414937724848
30,CC-discharge,13,945.4545454545455,270643.194568749,3.6772140049541027,-27.263836618115,-27.263836618115,31558.66764072147,16126.855139676127,6.645901455910683e-09,3.6772140049541027,7.160199515868586
30,CC-discharge,14,1018.1818181818182,270715.9218414763,3.6667882129218263,-27.263836618115,-27.263836618115,31976.362729033586,15673.399748126725,6.645901455910683e-09,3.6667882129218263,7.710984094012323
30,CC-discharge,15,1090.909090909091,270788.6491142036,3.6566010334906256,-27.263836618115,-27.263836618115,32394.057817346296,15219.944356577735,6.645901455910683e-09,3.6566010334906256,8.26176867215606
30,CC-discharge,16,1163.6363636363637,270861.3763869308,3.6466422064094464,-27.263836618115,-27.263836618115,32811.75290565906,14766.488965028657,6.645901455910683e-09,3.6466422064094464,8.812553250299798
30,CC-discharge,17,1236.3636363636365,270934.1036596581,3.6369024154410607,-27.263836618115,-27.263836618115,33229.44799397166,14313.033573479113,6.645901455910683e-09,3.6369024154410607,9.363337828443536
30,CC-discharge,18,1309.0909090909092,271006.83093238535,3.627372677555859,-27.263836618115,-27.263836618115,33647.14308228426,13859.578181930336,6.645901455910683e-09,3.627372677555859,9.914122406587273
30,CC-discharge,19,1381.818181818182,271079.55820511264,3.6180437644020156,-27.263836618115,-27.263836618115,34064.83817059704,13406.122790380901,6.645901455910683e-09,3.6180437644020156,10.46490698473101
30,CC-discharge,20,1454.5454545454547,271152.28547783993,3.60890562372235,-27.263836618115,-27.263836618115,34482.533258909934,12952.667398831352,6.645901455910683e-09,3.60890562372235,11.015691562874748
30,CC-discharge,21,1527.2727272727275,271225.01275056717,3.599946764410486,-27.263836618115,-27.263836618115,34900.228347222335,12499.212007282587,6.645901455910683e-09,3.599946764410486,11.566476141018486
30,CC-discharge,22,1600.0000000000002,271297.74002329446,3.591153585610168,-27.263836618115,-27.263836618115,35317.92343553513,12045.75661573331,6.645901455910683e-09,3.591153585610168,12.117260719162223
30,CC-discharge,23,1672.727272727273,271370.46729602176,3.5825091407549388,-27.263836618115,-27.263836618115,35735.61852384842,11592.301224183997,6.645901455910683e-09,3.5825091407549388,12.66804529730596
30,CC-discharge,24,1745.4545454545455,271443.194568749,3.5739943186953766,-27.263836618115,-27.263836618115,36153.313612161204,11138.845832634786,6.645901455910683e-09,3.5739943186953766,13.218829875449696
30,CC-discharge,25,1818.1818181818182,271515.9218414763,3.5655831503493505,-27.263836618115,-27.263836618115,36571.008700474114,10685.390441085561,6.645901455910683e-09,3.5655831503493505,13.769614453593434
30,CC-discharge,26,1890.909090909091,271588.6491142036,3.557244275635548,-27.263836618115,-27.263836618115,36988.70378878665,10231.935049536492,6.645901455910683e-09,3.557244275635548,14.320399031737171
30,CC-discharge,27,1963.6363636363637,271661.3763869308,3.5489385593704794,-27.263836618115,-27.263836618115,37406.39887709929,9778.479657987242,6.645901455910683e-09,3.5489385593704794,14.871183609880909
30,CC-discharge,28,2036.3636363636365,271734.1036596581,3.540617077767112,-27.263836618115,-27.263836618115,37824.09396541193,9325.024266438235,6.645901455910683e-09,3.540617077767112,15.421968188024646
30,CC-discharge,29,2109.0909090909095,271806.83093238535,3.5322186268083917,-27.263836618115,-27.263836618115,38241.78905372444,8871.568874889032,6.645901455910683e-09,3.5322186268083917,15.972752766168385
30,CC-discharge,30,2181.818181818182,271879.55820511264,3.52366675792742,-27.263836618115,-27.263836618115,38659.484142037094,8418.113483339805,6.645901455910683e-09,3.52366675792742,16.52353734431212
30,CC-discharge,31,2254.545454545455,271952.28547783993,3.5148666168194396,-27.263836618115,-27.263836618115,39077.179230349895,7964.658091790568,6.645901455910683e-09,3.5148666168194396,17.07432192245586
30,CC-discharge,32,2327.2727272727275,272025.01275056717,3.5056978344036063,-27.263836618115,-27.263836618115,39494.87431866255,7511.202700241288,6.645901455910683e-09,3.5056978344036063,17.625106500599596
30,CC-discharge,33,2400.0,272097.74002329446,3.4960136953151633,-27.263836618115,-27.263836618115,39912.56940697512,7057.747308692342,6.645901455910683e-09,3.4960136953151633,18.175891078743334
30,CC-discharge,34,2472.727272727273,272170.46729602176,3.4856302273815483,-27.263836618115,-27.263836618115,40330.26449528788,6604.291917143176,6.645901455910683e-09,3.4856302273815483,18.726675656887075
30,CC-discharge,35,2545.4545454545455,272243.194568749,3.4743194024463975,-27.263836618115,-27.263836618115,40747.95958360012,6150.836525594006,6.645901455910683e-09,3.4743194024463975,19.277460235030812
30,CC-discharge,36,2618.1818181818185,272315.9218414763,3.461799497385763,-27.263836618115,-27.263836618115,41165.65467191284,5697.381134044954,6.645901455910683e-09,3.461799497385763,19.82824481317455
30,CC-discharge,37,2690.909090909091,272388.6491142036,3.4477226066512214,-27.263836618115,-27.263836618115,41583.34976022543,5243.925742495855,6.645901455910683e-09,3.4477226066512214,20.379029391318287
30,CC-discharge,38,2763.636363636364,272461.3763869308,3.4316625193305597,-27.263836618115,-27.263836618115,42001.04484853812,4790.4703509467,6.645901455910683e-09,3.4316625193305597,20.929813969462025
30,CC-discharge,39,2836.3636363636365,272534.1036596581,3.41309854824098,-27.263836618115,-27.263836618115,42418.73993685119,4337.014959397561,6.645901455910683e-09,3.41309854824098,21.480598547605762
30,CC-discharge,40,2909.0909090909095,272606.83093238535,3.3913982242078036,-27.263836618115,-27.263836618115,42836.43502516363,3883.559567848468,6.645901455910683e-09,3.3913982242078036,22.0313831257495
30,CC-discharge,41,2981.818181818182,272679.55820511264,3.365804850527458,-27.263836618115,-27.263836618115,43254.13011347633,3430.1041762993464,6.645901455910683e-09,3.365804850527458,22.582167703893237
30,CC-discharge,42,3054.545454545455,272752.28547783993,3.3354193749234877,-27.263836618115,-27.263836618115,43671.82520178827,2976.648784750226,6.645901455910683e-09,3.3354193749234877,23.132952282036975
30,CC-discharge,43,3127.2727272727275,272825.01275056717,3.299185660590504,-27.263836618115,-27.263836618115,44089.52029010191,2523.1933932012093,6.645901455910683e-09,3.299185660590504,23.683736860180712
30,CC-discharge,44,3200.0000000000005,272897.74002329446,3.2558352671531954,-27.263836618115,-27.263836618115,44507.2153784148,2069.73800165216,6.645901455910683e-09,3.2558352671531954,24.23452143832445
30,CC-discharge,45,3272.727272727273,272970.46729602176,3.2035526121055096,-27.263836618115,-27.263836618115,44924.910466727575,1616.282610103155,6.645901455910683e-09,3.2035526121055096,24.785306016468187
30,CC-discharge,46,3345.454545454546,273043.194568749,3.137628264436105,-27.263836618115,-27.263836618115,45342.60555504057,1162.8272185541,6.645901455910683e-09,3.137628264436105,25.336090594611925
30,CC-discharge,47,3418.1818181818185,273115.9218414763,3.0281901303048278,-27.263836618115,-27.263836618115,45760.300643353425,709.3718270050789,6.645901455910683e-09,3.0281901303048278,25.886875172755662
30,CC-discharge,48,3428.6621599393216,273126.40218323376,3.0000100000000005,-27.263836618115,-27.263836618115,45820.492468397686,644.0267742208563,6.645901455910683e-09,3.0000100000000005,25.966245818694155
30,CC-charge,0,3428.6621599393216,273126.40218323376,3.7158159800991024,27.263836618115,27.263836618115,45820.492468397686,644.0267742208563,6.645901455910683e-09,3.7158159800991024,0.0
30,CC-charge,1,3501.389432666594,273199.12945596105,3.8225957067699325,27.263836618115,27.263836618115,45255.37602063863,1178.5246538343133,6.645912866709979e-09,3.8225957067699325,-0.0
30,CC-charge,2,3574.116705393867,273271.8567286883,3.8689768521688213,27.263836618115,27.263836618115,44835.78877926703,1632.0050235335978,6.645944485772176e-09,3.8689768521688213,-0.0
30,CC-charge,3,3646.8439781211396,273344.5840014156,3.9064233926739567,27.263836618115,27.263836618115,44418.05618881001,2085.4580818472277,6.646010157790147e-09,3.9064233926739567,-0.0
30,CC-charge,4,3719.5712508484125,273417.3112741429,3.937730963437205,27.263836618115,27.263836618115,44000.360600582375,2538.909398658127,6.646129299492613e-09,3.937730963437205,-0.0
30,CC-charge,5,3792.298523575685,273490.0385468701,3.963830265589662,27.263836618115,27.263836618115,43582.66550713562,2992.3582824323594,6.646322453607515e-09,3.963830265589662,-0.0
30,CC-charge,6,3865.025796302958,273562.7658195974,3.9854896211880724,27.263836618115,27.263836618115,43164.97041888938,3445.8041633830085,6.646608589973106e-09,3.9854896211880724,-0.0
30,CC-charge,7,3937.7530690302306,273635.49309232464,4.003447811665551,27.263836618115,27.263836618115,42747.27533057606,3899.246687165385,6.647000311432308e-09,4.003447811665551,-0.0
30,CC-charge,8,4010.4803417575035,273708.22036505194,4.018387038122261,27.263836618115,27.263836618115,42329.580242262164,4352.685747959236,6.647502435679825e-09,4.018387038122261,-0.0
30,CC-charge,9,4083.207614484776,273780.94763777923,4.030910737931782,27.263836618115,27.263836618115,41911.88515394902,4806.121474094504,6.648112109532019e-09,4.030910737931782,-0.0
30,CC-charge,10,4155.934887212049,273853.67491050647,4.041534307098978,27.263836618115,27.263836618115,41494.190065636365,5259.554165237239,6.648820634754806e-09,4.041534307098978,-0.0
30,CC-charge,11,4228.662159939322,273926.40218323376,4.050690901198431,27.263836618115,27.263836618115,41076.49497732278,5712.984220376744,6.649615733213163e-09,4.050690901198431,-0.0
30,CC-charge,12,4301.389432666594,273999.12945596105,4.058737920590308,27.263836618115,27.263836618115,40658.799889009555,6166.412073148808,6.650483670463914e-09,4.058737920590308,-0.0
30,CC-charge,13,4374.116705393867,274071.8567286883,4.065967898987854,27.263836618115,27.263836618115,40241.10480069577,6619.838143143197,6.651410911540416e-09,4.065967898987854,-0.0
30,CC-charge,14,4446.84397812114,274144.5840014156,4.0726181576711795,27.263836618115,27.263836618115,39823.409712382214,7073.262805826843,6.652385183496059e-09,4.0726181576711795,-0.0
30,CC-charge,15,4519.571250848412,274217.3112741429,4.078880081754206,27.263836618115,27.263836618115,39405.714624069085,7526.686377380274,6.653396040872583e-09,4.078880081754206,-0.0
30,CC-charge,16,4592.298523575685,274290.0385468701,4.084907101712442,27.263836618115,27.263836618115,38988.019535755586,7980.109111689907,6.6544350164169544e-09,4.084907101712442,-0.0
30,CC-charge,17,4665.025796302958,274362.7658195974,4.090822180960412,27.263836618115,27.263836618115,38570.32444744248,8433.531201695523,6.655495612399617e-09,4.090822180960412,-0.0
30,CC-charge,18,4737.753069030231,274435.49309232464,4.096722554668583,27.263836618115,27.263836618115,38152.629359128834,8886.952758082445,6.656574002728561e-09,4.096722554668583,-0.0
30,CC-charge,19,4810.480341757504,274508.22036505194,4.102685664772612,27.263836618115,27.263836618115,37734.93427081551,9340.373910957458,6.657665769818093e-09,4.102685664772612,-0.0
30,CC-charge,20,4883.207614484776,274580.94763777923,4.108772444290904,27.263836618115,27.263836618115,37317.23918250237,9793.79471439973,6.658768986364628e-09,4.108772444290904,-0.0
30,CC-charge,21,4955.934887212049,274653.67491050647,4.11503052825218,27.263836618115,27.263836618115,36899.544094189,10247.215184274915,6.659882978169452e-09,4.11503052825218,-0.0
30,CC-charge,22,5028.662159939322,274726.40218323376,4.121498598493988,27.263836618115,27.263836618115,36481.84900587587,10700.635329995679,6.661007309433855e-09,4.121498598493988,-0.0
30,CC-charge,23,5101.389432666594,274799.12945596105,4.128205258149766,27.263836618115,27.263836618115,36064.1539175621,11154.05513225598,6.662142490752905e-09,4.128205258149766,-0.0
30,CC-charge,24,5174.116705393867,274871.8567286883,4.135173439225618,27.263836618115,27.263836618115,35646.4588292487,11607.47455461595,6.663289599872472e-09,4.135173439225618,-0.0
30,CC-charge,25,5246.84397812114,274944.5840014156,4.1424211157992685,27.263836618115,27.263836618115,35228.763740935254,12060.893549846072,6.664450076687063e-09,4.1424211157992685,-0.0
30,CC-charge,26,5319.571250848412,275017.3112741429,4.149962449475257,27.263836618115,27.263836618115,34811.068652622234,12514.312059737389,6.665625723300543e-09,4.149962449475257,-0.0
30,CC-charge,27,5392.298523575685,275090.0385468701,4.157808759990803,27.263836618115,27.263836618115,34393.37356430912,12967.73001720153,6.6668186343627464e-09,4.157808759990803,-0.0
30,CC-charge,28,5465.025796302958,275162.7658195974,4.1659712149175,27.263836618115,27.263836618115,33975.67847599571,13421.147344475641,6.6680312501489535e-09,4.1659712149175,-0.0
30,CC-charge,29,5537.753069030231,275235.49309232464,4.174454601295654,27.263836618115,27.263836618115,33557.98338768226,13874.564002798477,6.669264774674408e-09,4.174454601295654,-0.0
30,CC-charge,30,5610.480341757504,275308.22036505194,4.183267437413403,27.263836618115,27.263836618115,33140.28829936905,14327.979863294857,6.670523281087383e-09,4.183267437413403,-0.0
30,CC-charge,31,5683.207614484776,275380.94763777923,4.192416749780966,27.263836618115,27.263836618115,32722.59321105591,14781.394833133189,6.671809700501466e-09,4.192416749780966,-0.0
30,CC-charge,32,5741.403456057068,275439.1434793515,4.199990000000001,27.263836618115,27.263836618115,32388.356599761897,15144.213483642741,6.672862730865707e-09,4.199990000000001,-0.0
30,CV-charge,0,5741.403456057068,275439.1434793515,4.2,27.289425872162628,27.289425872162628,32388.356599761897,15144.213483642741,6.672862730865707e-09,4.2,0.0
30,CV-charge,1,5814.130728784341,275511.8707520788,4.2,24.231562422705238,24.231562422705238,31866.076688066947,15639.549096572518,6.674118964553e-09,4.2,-0.0
30,CV-charge,2,5886.858001511613,275584.598024806,4.200000000000001,22.29838484242859,22.29838484242859,31519.31699618699,16019.959621284532,6.675296605576206e-09,4.200000000000001,-0.0
30,CV-charge,3,5959.585274238886,275657.3252975333,4.2,20.606375418678834,20.606375418678834,31200.66640827778,16371.01183966821,6.6764098447240556e-09,4.2,-0.0
30,CV-charge,4,6032.312546966159,275730.0525702606,4.199999999999999,19.110940263929493,19.110940263929493,30905.340536458665,16696.170903973984,6.677465720178344e-09,4.199999999999999,-0.0
30,CV-charge,5,6105.039819693432,275802.77984298783,4.200000000000001,17.780958617865362,17.780958617865362,30630.42299469895,16998.664749488846,6.678470788324053e-09,4.200000000000001,-0.0
30,CV-charge,6,6177.767092420704,275875.5071157151,4.199999999999999,16.59347695318224,16.59347695318224,30373.973085428,17280.670370748972,6.679429382979606e-09,4.199999999999999,-0.0
30,CV-charge,7,6250.494365147977,275948.23438844236,4.199999999999999,15.528244458548187,15.528244458548187,30134.077606233113,17544.328129569378,6.6803458329433855e-09,4.199999999999999,-0.0
30,CV-charge,8,6323.22163787525,276020.96166116965,4.2,14.568459916659718,14.568459916659718,29909.089229717058,17791.47859075123,6.681223878181844e-09,4.2,-0.0
30,CV-charge,9,6395.948910602523,276093.68893389695,4.2,13.700078883420815,13.700078883420815,29697.580958898638,18023.714471534666,6.682066773593227e-09,4.2,-0.0
30,CV-charge,10,6468.676183329795,276166.4162066242,4.200000000000001,12.911315951416324,12.911315951416324,29498.31120400445,18242.4201568421,6.682877366862822e-09,4.200000000000001,-0.0
30,CV-charge,11,6541.403456057068,276239.1434793515,4.2,12.192237075506148,12.192237075506148,29310.19648796724,18448.802580748314,6.6836581585873465e-09,4.2,-0.0
30,CV-charge,12,6614.130728784341,276311.8707520788,4.2,11.534370431064957,11.534370431064957,29132.27304299992,18643.934239937098,6.684411391920028e-09,4.2,-0.0
30,CV-charge,13,6686.858001511613,276384.598024806,4.2,10.93057260728471,10.93057260728471,28963.709185946693,18828.740002533825,6.685139010083217e-09,4.2,-0.0
30,CV-charge,14,6759.585274238886,276457.3252975333,4.2,10.374289433049867,10.374289433049867,28803.641815188545,19004.177140036307,6.6858430897691215e-09,4.2,-0.0
30,CV-charge,15,6832.312546966159,276530.0525702606,4.2,9.86066107676149,9.86066107676149,28651.526515118432,19170.851503516584,6.686524889095167e-09,4.2,-0.0
30,CV-charge,16,6905.039819693432,276602.77984298783,4.2,9.385120996881358,9.385120996881358,28506.77223019045,19329.418852808496,6.687185825111201e-09,4.2,-0.0
30,CV-charge,17,6977.767092420705,276675.5071157151,4.199999999999999,8.943704196731193,8.943704196731193,28368.848218023148,19480.467548155506,6.687827181010653e-09,4.199999999999999,-0.0
30,CV-charge,18,7050.494365147977,276748.23438844236,4.2,8.532955097101151,8.532955097101151,28237.277236443777,19624.52627531268,6.6884501207482e-09,4.2,-0.0
30,CV-charge,19,7123.22163787525,276820.96166116965,4.200000000000001,8.149865424696413,8.149865424696413,28111.62984130505,19762.070472971158,6.689055701142635e-09,4.200000000000001,-0.0
30,CV-charge,20,7195.948910602523,276893.68893389695,4.2,7.791789502799985,7.791789502799985,27991.517556823994,19893.52996461128,6.689644886980438e-09,4.2,-0.0
30,CV-charge,21,7268.676183329795,276966.4162066242,4.2,7.456401361823119,7.456401361823119,27876.58818686934,20019.294208515912,6.6902185611218545e-09,4.2,-0.0
30,CV-charge,22,7341.403456057068,277039.1434793515,4.200000000000001,7.141647652686765,7.141647652686765,27766.521548208624,20139.717070142968,6.690777533816153e-09,4.200000000000001,-0.0
30,CV-charge,23,7414.130728784341,277111.8707520788,4.199999999999999,6.845712999117484,6.845712999117484,27661.02688094325,20255.119734168922,6.691322547959836e-09,4.199999999999999,-0.0
30,CV-charge,24,7486.858001511613,277184.598024806,4.2,6.56698188777579,6.56698188777579,27559.83743507613,20365.796716221652,6.691854291762876e-09,4.2,-0.0
30,CV-charge,25,7559.585274238886,277257.3252975333,4.2,6.3040151528721875,6.3040151528721875,27462.708837769027,20472.017694764232,6.692373401967652e-09,4.2,-0.0
30,CV-charge,26,7632.312546966159,277330.0525702606,4.199999999999999,6.05552723038935,6.05552723038935,27369.416707655662,20574.030172645533,6.6928804691094065e-09,4.199999999999999,-0.0
30,CV-charge,27,7705.039819693432,277402.77984298783,4.2,5.820366758208311,5.820366758208311,27279.754564905637,20672.061807387905,6.693376042154254e-09,4.2,-0.0
30,CV-charge,28,7777.767092420705,277475.5071157151,4.2,5.597499980224605,5.597499980224605,27193.531997513932,20766.322452992415,6.6938606325760125e-09,4.2,-0.0
30,CV-charge,29,7850.494365147977,277548.23438844236,4.2,5.38599650754461,5.38599650754461,27110.57305033112,20857.00595269065,6.694334717950215e-09,4.2,-0.0
30,CV-charge,30,7923.22163787525,277620.96166116965,4.199999999999999,5.185017061373814,5.185017061373814,27030.71480560159,20944.29171764938,6.694798745131309e-09,4.199999999999999,-0.0
30,CV-charge,31,7995.948910602523,277693.68893389695,4.200000000000002,4.993802888211249,4.993802888211249,26953.80612882999,21028.346121020535,6.695253133068824e-09,4.200000000000002,-0.0
30,CV-charge,32,8068.676183329795,277766.4162066242,4.199999999999999,4.811666591037541,4.811666591037541,26879.706557807433,21109.323732199537,6.695698275309722e-09,4.199999999999999,-0.0
30,CV-charge,33,8141.403456057068,277839.1434793515,4.2,4.637984163404815,4.637984163404815,26808.285315962617,21187.36841239015,6.6961345422271806e-09,4.2,-0.0
30,CV-charge,34,8214.130728784341,277911.8707520788,4.2,4.472188048683026,4.472188048683026,26739.42043401314,21262.614289451358,6.69656228301012e-09,4.2,-0.0
30,CV-charge,35,8286.858001511613,277984.598024806,4.2,4.313761075631461,4.313761075631461,26672.99796619373,21335.186627344465,6.696981827442913e-09,4.2,-0.0
30,CV-charge,36,8359.585274238887,278057.3252975333,4.199999999999999,4.162231145369529,4.162231145369529,26608.911289336495,21405.202603339018,6.697393487500568e-09,4.199999999999999,-0.0
30,CV-charge,37,8432.312546966159,278130.0525702606,4.2,4.017166564408363,4.017166564408363,26547.06047468424,21472.77200426621,6.697797558781199e-09,4.2,-0.0
30,CV-charge,38,8505.039819693433,278202.77984298783,4.2,3.8781719348039188,3.8781719348039188,26487.351723748558,21537.997851517677,6.698194321794651e-09,4.2,-0.0
30,CV-charge,39,8577.767092420705,278275.5071157151,4.2,3.7448845259896433,3.7448845259896433,26429.6968606836,21600.976963229732,6.698584043123687e-09,4.2,-0.0
30,CV-charge,40,8650.494365147977,278348.23438844236,4.2,3.616971064172773,3.616971064172773,26374.01287465399,21661.80046089081,6.698966976471957e-09,4.2,-0.0
30,CV-charge,41,8723.22163787525,278420.96166116965,4.2,3.494124884657588,3.494124884657588,26320.221506543356,21720.554226716897,6.699343363611241e-09,4.2,-0.0
30,CV-charge,42,8795.948910602523,278493.68893389695,4.200000000000001,3.3760634003505414,3.3760634003505414,26268.248875053156,21777.319317277295,6.699713435238822e-09,4.200000000000001,-0.0
30,CV-charge,43,8868.676183329795,278566.4162066242,4.2,3.262525846431874,3.262525846431874,26218.025137897617,21832.172338186476,6.700077411754596e-09,4.2,-0.0
30,CV-charge,44,8941.403456057069,278639.1434793515,4.2,3.153271266797627,3.153271266797627,26169.484184320125,21885.18578404256,6.7004355039663016e-09,4.2,-0.0
30,CV-charge,45,9014.130728784341,278711.8707520788,4.2,3.048076712637694,3.048076712637694,26122.563355622857,21936.428347311707,6.700787913730347e-09,4.2,-0.0
30,CV-charge,46,9086.858001511613,278784.598024806,4.2,2.9467356275849275,2.9467356275849275,26077.203190802455,21985.96519938364,6.701134834534761e-09,4.2,-0.0
30,CV-charge,47,9159.585274238887,278857.3252975333,4.2,2.8490563973210277,2.8490563973210277,26033.34719473239,22033.858246645643,6.701476452030151e-09,4.2,-0.0
30,CV-charge,48,9232.312546966159,278930.0525702606,4.2,2.754861044430404,2.754861044430404,25990.941626623302,22080.166364100776,6.7018129445138314e-09,4.2,-0.0
30,CV-charge,49,9254.861633366474,278952.6016566609,4.2,2.7263936618114997,2.7263936618114997,25978.105644816915,22094.183439766737,6.701916170420569e-09,4.2,-0.0
