Cycle,Protocol,Stamps,Time,Global Time,Pack Voltage,Pack Current,String 1 Iapp,"Cell 1,1 Cathode Concentration","Cell 1,1 Anode Concentration","Cell 1,1 Anode SEI Length","Cell 1,1 Voltage","Cell 1,1 Capacity by Area"
1,CC-discharge,0,0.0,0.0,3.866102522392951,-27.263836618115,-27.263836618115,25777.5,22610.7,0.0,3.866102522392951,0.0
1,CC-discharge,1,72.72727272727273,72.72727272727273,3.840775460612007,-27.263836618115,-27.263836618115,26342.619868029444,22076.19990380423,1.5240410499457193e-26,3.840775460612007,0.5507845781437374
1,CC-discharge,2,145.45454545454547,145.45454545454547,3.823846924629047,-27.263836618115,-27.263836618115,26762.207934197566,21622.72015805413,1.0515150279099644e-26,3.823846924629047,1.1015691562874748
1,CC-discharge,3,218.1818181818182,218.1818181818182,3.8081641442800436,-27.263836618115,-27.263836618115,27179.934179273165,21169.26481790352,1.2721579810189947e-26,3.8081641442800436,1.652353734431212
1,CC-discharge,4,290.90909090909093,290.90909090909093,3.793416610246249,-27.263836618115,-27.263836618115,27597.631671009032,20715.809427109638,1.2860810589943918e-26,3.793416610246249,2.2031383125749495
1,CC-discharge,5,363.6363636363637,363.6363636363637,3.7794140791714907,-27.263836618115,-27.263836618115,28015.3269454786,20262.35403557136,1.585366528660536e-26,3.7794140791714907,2.753922890718687
1,CC-discharge,6,436.3636363636364,436.3636363636364,3.766025179828431,-27.263836618115,-27.263836618115,28433.022048275474,19808.898644022196,1.5865854466378227e-26,3.766025179828431,3.304707468862424
1,CC-discharge,7,509.0909090909091,509.0909090909091,3.7531581587133513,-27.263836618115,-27.263836618115,28850.717137720552,19355.443252472625,1.5048400836984873e-26,3.7531581587133513,3.8554920470061615
1,CC-discharge,8,581.8181818181819,581.8181818181819,3.7407304395680656,-27.263836618115,-27.263836618115,29268.412226122033,18901.987860923633,1.616310425927211e-26,3.7407304395680656,4.406276625149899
1,CC-discharge,9,654.5454545454546,654.5454545454546,3.7286927090331115,-27.263836618115,-27.263836618115,29686.10731444164,18448.532469374113,1.7570995648813686e-26,3.7286927090331115,4.9570612032936365
1,CC-discharge,10,727.2727272727274,727.2727272727274,3.7170033227887003,-27.263836618115,-27.263836618115,30103.802402755,17995.077077825026,1.7466729891932394e-26,3.7170033227887003,5.507845781437374
1,CC-discharge,11,800.0000000000001,800.0000000000001,3.7056302545158495,-27.263836618115,-27.263836618115,30521.4974910677,17541.62168627535,1.7992529614717783e-26,3.7056302545158495,6.0586303595811115
1,CC-discharge,12,872.7272727272727,872.7272727272727,3.694548648719406,-27.263836618115,-27.263836618115,30939.192579381022,17088.166294725743,1.8475754590299877e-26,3.694548648719406,6.609414937724848
1,CC-discharge,13,945.4545454545455,945.4545454545455,3.6837390052917405,-27.263836618115,-27.263836618115,31356.887667693947,16634.710903176583,1.8897466900742333e-26,3.6837390052917405,7.160199515868586
1,CC-discharge,14,1018.1818181818182,1018.1818181818182,3.6731858027605893,-27.263836618115,-27.263836618115,31774.582756006712,16181.25551162737,1.9480756698596924e-26,3.6731858027605893,7.710984094012323
1,CC-discharge,15,1090.909090909091,1090.909090909091,3.6628764284980178,-27.263836618115,-27.263836618115,32192.27784431949,15727.800120078255,1.975753831130029e-26,3.6628764284980178,8.26176867215606
1,CC-discharge,16,1163.6363636363637,1163.6363636363637,3.652800322517142,-27.263836618115,-27.263836618115,32609.97293263198,15274.3447285289,1.9509609487972276e-26,3.652800322517142,8.812553250299798
1,CC-discharge,17,1236.3636363636365,1236.3636363636365,3.6429482678666263,-27.263836618115,-27.263836618115,33027.66802094476,14820.889336979433,1.8015394293834403e-26,3.6429482678666263,9.363337828443536
1,CC-discharge,18,1309.0909090909092,1309.0909090909092,3.6333117767788057,-27.263836618115,-27.263836618115,33445.36310925745,14367.433945430157,1.7575282778045435e-26,3.6333117767788057,9.914122406587273
1,CC-discharge,19,1381.818181818182,1381.818181818182,3.6238825325538944,-27.263836618115,-27.263836618115,33863.05819757072,13913.978553881057,1.655238097054924e-26,3.6238825325538944,10.46490698473101
1,CC-discharge,20,1454.5454545454547,1454.5454545454547,3.6146518536815213,-27.263836618115,-27.263836618115,34280.75328588349,13460.523162331938,1.6467305278301023e-26,3.6146518536815213,11.015691562874748
1,CC-discharge,21,1527.2727272727275,1527.2727272727275,3.6056101502132054,-27.263836618115,-27.263836618115,34698.44837419625,13007.067770782765,1.5755866230144694e-26,3.6056101502132054,11.566476141018486
1,CC-discharge,22,1600.0000000000002,1600.0000000000002,3.5967463446237304,-27.263836618115,-27.263836618115,35116.143462509215,12553.612379233173,1.5835670933152475e-26,3.5967463446237304,12.117260719162223
1,CC-discharge,23,1672.727272727273,1672.727272727273,3.588047221545261,-27.263836618115,-27.263836618115,35533.838550822125,12100.156987684255,1.6364614929729927e-26,3.588047221545261,12.66804529730596
1,CC-discharge,24,1745.4545454545455,1745.4545454545455,3.5794961981927025,-27.263836618115,-27.263836618115,35951.53363913495,11646.701596134815,1.6363692312955977e-26,3.5794961981927025,13.218829875449696
1,CC-discharge,25,1818.1818181818182,1818.1818181818182,3.57107466118398,-27.263836618115,-27.263836618115,36369.22872744799,11193.246204585625,1.7571954541327312e-26,3.57107466118398,13.769614453593434
1,CC-discharge,26,1890.909090909091,1890.909090909091,3.5627570989309736,-27.263836618115,-27.263836618115,36786.923815760754,10739.790813036161,1.731103651901209e-26,3.5627570989309736,14.320399031737171
1,CC-discharge,27,1963.6363636363637,1963.6363636363637,3.5545127450196596,-27.263836618115,-27.263836618115,37204.61890407376,10286.33542148706,1.6831268699830442e-26,3.5545127450196596,14.871183609880909
1,CC-discharge,28,2036.3636363636365,2036.3636363636365,3.5463031994341216,-27.263836618115,-27.263836618115,37622.31399238628,9832.880029937944,4.693670214222751e-26,3.5463031994341216,15.421968188024646
1,CC-discharge,29,2109.0909090909095,2109.0909090909095,3.5380804740443494,-27.263836618115,-27.263836618115,38040.00908069891,9379.424638388773,5.969664015837026e-26,3.5380804740443494,15.972752766168385
1,CC-discharge,30,2181.818181818182,2181.818181818182,3.529784548493121,-27.263836618115,-27.263836618115,38457.704169011755,8925.969246839612,1.3308521362852276e-25,3.529784548493121,16.52353734431212
1,CC-discharge,31,2254.545454545455,2254.545454545455,3.521340473721918,-27.263836618115,-27.263836618115,38875.399257324476,8472.51385529052,1.5886929454503588e-25,3.521340473721918,17.07432192245586
1,CC-discharge,32,2327.2727272727275,2327.2727272727275,3.5126553542388166,-27.263836618115,-27.263836618115,39293.09434563746,8019.058463741354,1.797513982168888e-25,3.5126553542388166,17.625106500599596
1,CC-discharge,33,2400.0,2400.0,3.5036110973391934,-27.263836618115,-27.263836618115,39710.789433949874,7565.603072192266,1.5026514896747077e-25,3.5036110973391934,18.175891078743334
1,CC-discharge,34,2472.727272727273,2472.727272727273,3.4940640319029495,-27.263836618115,-27.263836618115,40128.48452226256,7112.147680643142,1.5785068509403888e-25,3.4940640319029495,18.726675656887075
1,CC-discharge,35,2545.4545454545455,2545.4545454545455,3.483834049121458,-27.263836618115,-27.263836618115,40546.179610575484,6658.692289093979,2.233718441984504e-25,3.483834049121458,19.277460235030812
1,CC-discharge,36,2618.1818181818185,2618.1818181818185,3.4726977547726268,-27.263836618115,-27.263836618115,40963.874698887994,6205.236897545076,3.321690918901835e-25,3.4726977547726268,19.82824481317455
1,CC-discharge,37,2690.909090909091,2690.909090909091,3.4603792061083563,-27.263836618115,-27.263836618115,41381.56978720055,5751.781505995879,1.1091985538417478e-26,3.4603792061083563,20.379029391318287
1,CC-discharge,38,2763.636363636364,2763.636363636364,3.4465374723421096,-27.263836618115,-27.263836618115,41799.2648755131,5298.326114446807,2.4209004759799316e-25,3.4465374723421096,20.929813969462025
1,CC-discharge,39,2836.3636363636365,2836.3636363636365,3.4307548223065516,-27.263836618115,-27.263836618115,42216.959963825895,4844.8707228976955,4.75945666582383e-25,3.4307548223065516,21.480598547605762
1,CC-discharge,40,2909.0909090909095,2909.0909090909095,3.4125205502786646,-27.263836618115,-27.263836618115,42634.65505213802,4391.4153313486595,4.852683145834576e-25,3.4125205502786646,22.0313831257495
1,CC-discharge,41,2981.818181818182,2981.818181818182,3.391213433008579,-27.263836618115,-27.263836618115,43052.35014045159,3937.959939799571,6.879795368803973e-25,3.391213433008579,22.582167703893237
1,CC-discharge,42,3054.545454545455,3054.545454545455,3.3660895116058804,-27.263836618115,-27.263836618115,43470.04522876449,3484.504548250431,7.926810992386307e-25,3.3660895116058804,23.132952282036975
1,CC-discharge,43,3127.2727272727275,3127.2727272727275,3.336263181372909,-27.263836618115,-27.263836618115,43887.740317075964,3031.049156701426,6.960293117322787e-25,3.336263181372909,23.683736860180712
1,CC-discharge,44,3200.0000000000005,3200.0000000000005,3.3006932393805566,-27.263836618115,-27.263836618115,44305.43540538978,2577.593765152368,1.0026823227079143e-24,3.3006932393805566,24.23452143832445
1,CC-discharge,45,3272.727272727273,3272.727272727273,3.258137093063559,-27.263836618115,-27.263836618115,44723.1304937025,2124.1383736033154,1.350837195819046e-24,3.258137093063559,24.785306016468187
1,CC-discharge,46,3345.454545454546,3345.454545454546,3.2068828990386486,-27.263836618115,-27.263836618115,45140.825582014615,1670.6829820542614,1.1637646217730554e-24,3.2068828990386486,25.336090594611925
1,CC-discharge,47,3418.1818181818185,3418.1818181818185,3.1429109911796753,-27.263836618115,-27.263836618115,45558.52067032797,1217.2275905052672,6.89812975179406e-25,3.1429109911796753,25.886875172755662
1,CC-discharge,48,3490.909090909091,3490.909090909091,3.0433766323369396,-27.263836618115,-27.263836618115,45976.2157586404,763.772198956217,1.0073609855691946e-24,3.0433766323369396,26.4376597508994
1,CC-discharge,49,3508.710977841938,3508.710977841938,3.0000100000000005,-27.263836618115,-27.263836618115,46078.45746874048,652.7772268263384,4.765995952526839e-28,3.0000100000000005,26.57247856668587
1,CC-charge,0,3508.710977841938,3508.710977841938,3.716119178619861,27.263836618115,27.263836618115,46078.45746874048,652.7772268263384,4.765995952526839e-28,3.716119178619861,0.0
1,CC-charge,1,3581.4382505692106,3581.4382505692106,3.820748693635568,27.263836618115,27.263836618115,45513.34251837125,1187.2748012445638,-8.762462838240845e-26,3.820748693635568,-0.0
1,CC-charge,2,3654.1655232964836,3654.1655232964836,3.866978168618829,27.263836618115,27.263836618115,45093.75340261044,1640.7570698130132,-1.8997587228394548e-26,3.866978168618829,-0.0
1,CC-charge,3,3726.892796023756,3726.892796023756,3.9043450511836624,27.263836618115,27.263836618115,44676.02118303564,2094.212407768066,8.249417658211546e-26,3.9043450511836624,-0.0
1,CC-charge,4,3799.620068751029,3799.620068751029,3.9355650088219085,27.263836618115,27.263836618115,44258.32560082632,2547.6677997090787,-1.5914702896607128e-25,3.9355650088219085,-0.0
1,CC-charge,5,3872.3473414783016,3872.3473414783016,3.961566418561731,27.263836618115,27.263836618115,43840.63050748211,3001.1231912533685,-1.035546742553574e-25,3.961566418561731,-0.0
1,CC-charge,6,3945.0746142055746,3945.0746142055746,3.983121755804613,27.263836618115,27.263836618115,43422.935419232665,3454.5785828024805,-1.8796003288100955e-25,3.983121755804613,-0.0
1,CC-charge,7,4017.801886932847,4017.801886932847,4.000972712749922,27.263836618115,27.263836618115,43005.24033092023,3908.0339743513987,-2.906872125860526e-25,4.000972712749922,-0.0
1,CC-charge,8,4090.52915966012,4090.52915966012,4.015803142282587,27.263836618115,27.263836618115,42587.545242606684,4361.489365900378,-5.007666246774075e-25,4.015803142282587,-0.0
1,CC-charge,9,4163.256432387393,4163.256432387393,4.028216452441958,27.263836618115,27.263836618115,42169.85015429296,4814.944757449301,-5.479499634501611e-25,4.028216452441958,-0.0
1,CC-charge,10,4235.983705114665,4235.983705114665,4.0387288399137,27.263836618115,27.263836618115,41752.155065979256,5268.400148998172,-4.392843758184272e-25,4.0387288399137,-0.0
1,CC-charge,11,4308.710977841938,4308.710977841938,4.047773209408859,27.263836618115,27.263836618115,41334.45997766608,5721.855540547356,-3.355822143792683e-25,4.047773209408859,-0.0
1,CC-charge,12,4381.438250569211,4381.438250569211,4.055706827283664,27.263836618115,27.263836618115,40916.76488935283,6175.310932096268,-3.642104944948665e-25,4.055706827283664,-0.0
1,CC-charge,13,4454.165523296484,4454.165523296484,4.062822105497717,27.263836618115,27.263836618115,40499.06980103897,6628.766323645125,-2.365601783824263e-25,4.062822105497717,-0.0
1,CC-charge,14,4526.892796023756,4526.892796023756,4.069356262453744,27.263836618115,27.263836618115,40081.37471272533,7082.221715194073,-1.7998780706422712e-25,4.069356262453744,-0.0
1,CC-charge,15,4599.620068751029,4599.620068751029,4.075500614090725,27.263836618115,27.263836618115,39663.6796244118,7535.677106743019,-1.713859139557699e-25,4.075500614090725,-0.0
1,CC-charge,16,4672.347341478302,4672.347341478302,4.081408558391724,27.263836618115,27.263836618115,39245.984536098804,7989.13249829201,-1.4888880040310979e-25,4.081408558391724,-0.0
1,CC-charge,17,4745.074614205574,4745.074614205574,4.08720304646957,27.263836618115,27.263836618115,38828.28944778542,8442.587889840981,-1.8705662307531452e-25,4.08720304646957,-0.0
1,CC-charge,18,4817.801886932847,4817.801886932847,4.092981335540683,27.263836618115,27.263836618115,38410.59435947215,8896.043281389851,-1.9903500340662627e-25,4.092981335540683,-0.0
1,CC-charge,19,4890.52915966012,4890.52915966012,4.0988209021649675,27.263836618115,27.263836618115,37992.899271158705,9349.498672938735,-1.9522880012675254e-25,4.0988209021649675,-0.0
1,CC-charge,20,4963.256432387393,4963.256432387393,4.10478271810692,27.263836618115,27.263836618115,37575.20418284548,9802.954064487622,-1.948902932729099e-25,4.10478271810692,-0.0
1,CC-charge,21,5035.983705114666,5035.983705114666,4.110914472667563,27.263836618115,27.263836618115,37157.509094532084,10256.409456036377,-1.9460781588390484e-25,4.110914472667563,-0.0
1,CC-charge,22,5108.710977841938,5108.710977841938,4.117254847705021,27.263836618115,27.263836618115,36739.81400621879,10709.864847584939,-1.9455927245859293e-25,4.117254847705021,-0.0
1,CC-charge,23,5181.438250569211,5181.438250569211,4.123832481381966,27.263836618115,27.263836618115,36322.11891790527,11163.320239133984,-1.9091609776590842e-25,4.123832481381966,-0.0
1,CC-charge,24,5254.165523296484,5254.165523296484,4.130670299202858,27.263836618115,27.263836618115,35904.4238295915,11616.775630682881,-1.9066636371048384e-25,4.130670299202858,-0.0
1,CC-charge,25,5326.892796023756,5326.892796023756,4.137786230146453,27.263836618115,27.263836618115,35486.72874127823,12070.231022232163,-1.9249769056489877e-25,4.137786230146453,-0.0
1,CC-charge,26,5399.620068751029,5399.620068751029,4.145194347835362,27.263836618115,27.263836618115,35069.033652965096,12523.68641378118,-1.9030206219717487e-25,4.145194347835362,-0.0
1,CC-charge,27,5472.347341478302,5472.347341478302,4.152905825398802,27.263836618115,27.263836618115,34651.338564651895,12977.141805330017,-1.9255546759180837e-25,4.152905825398802,-0.0
1,CC-charge,28,5545.074614205574,5545.074614205574,4.160931623680071,27.263836618115,27.263836618115,34233.64347633828,13430.59719687861,-1.9241267116525174e-25,4.160931623680071,-0.0
1,CC-charge,29,5617.801886932848,5617.801886932848,4.16927618878056,27.263836618115,27.263836618115,33815.94838802515,13884.05258842718,-2.120861165201505e-25,4.16927618878056,-0.0
1,CC-charge,30,5690.52915966012,5690.52915966012,4.177947626180207,27.263836618115,27.263836618115,33398.25329971213,14337.50797997595,-2.1129051592653014e-25,4.177947626180207,-0.0
1,CC-charge,31,5763.256432387393,5763.256432387393,4.18695239760171,27.263836618115,27.263836618115,32980.55821139903,14790.963371524895,-1.9801161304637095e-25,4.18695239760171,-0.0
1,CC-charge,32,5835.983705114666,5835.983705114666,4.196297258973382,27.263836618115,27.263836618115,32562.86312308587,15244.41876307349,-1.9811239905171118e-25,4.196297258973382,-0.0
1,CC-charge,33,5863.98454866734,5863.98454866734,4.19999,27.263836618115,27.263836618115,32402.045669302734,15419.004348380484,-1.9799639735715338e-25,4.19999,-0.0
1,CV-charge,0,5863.98454866734,5863.98454866734,4.2,27.2890671116208,27.2890671116208,32402.045669302734,15419.004348380484,-1.9799639735715338e-25,4.2,0.0
1,CV-charge,1,5936.711821394613,5936.711821394613,4.2,24.20528109153186,24.20528109153186,31880.147661684674,15914.036489802756,1.4269586530290902e-20,4.2,-0.0
1,CV-charge,2,6009.439094121885,6009.439094121885,4.200000000000001,22.257966678173993,22.257966678173993,31533.766796806765,16294.123937424945,-4.41728534380909e-21,4.200000000000001,-0.0
1,CV-charge,3,6082.166366849158,6082.166366849158,4.2,20.557688254056238,20.557688254056238,31215.86060048383,16644.425283998447,-7.065832118884124e-22,4.2,-0.0
1,CV-charge,4,6154.893639576431,6154.893639576431,4.200000000000001,19.05583619232695,19.05583619232695,30921.095208616574,16969.0301515555,2.2286512087107726e-21,4.200000000000001,-0.0
1,CV-charge,5,6227.620912303704,6227.620912303704,4.199999999999999,17.723145697225203,17.723145697225203,30647.06502912816,17270.601077020958,-7.55214088830011e-22,4.199999999999999,-0.0
1,CV-charge,6,6300.348185030976,6300.348185030976,4.200000000000001,16.53453385264858,16.53453385264858,30391.52176250704,17551.65660084139,-2.1321929646454417e-21,4.200000000000001,-0.0
1,CV-charge,7,6373.075457758249,6373.075457758249,4.2,15.46929014872485,15.46929014872485,30152.53462223711,17814.357492413,-5.8782463021982976e-21,4.2,-0.0
1,CV-charge,8,6445.802730485522,6445.802730485522,4.2,14.510273088489805,14.510273088489805,29928.443636903987,18060.559246381476,-1.3410450289622387e-21,4.2,-0.0
1,CV-charge,9,6518.530003212795,6518.530003212795,4.199999999999999,13.643199714714525,13.643199714714525,29717.813294489526,18291.864699429247,-9.627395587973762e-22,4.199999999999999,-0.0
1,CV-charge,10,6591.257275940067,6591.257275940067,4.2,12.856113699679874,12.856113699679874,29519.396900081705,18509.66440868677,-1.634924245450619e-20,4.2,-0.0
1,CV-charge,11,6663.98454866734,6663.98454866734,4.2,12.138952415043955,12.138952415043955,29332.1063660009,18715.17082187126,-2.467760668419988e-20,4.2,-0.0
1,CV-charge,12,6736.711821394613,6736.711821394613,4.2,11.483152427989634,11.483152427989634,29154.975570666153,18909.459343157912,-3.119069653998282e-20,4.2,-0.0
1,CV-charge,13,6809.439094121886,6809.439094121886,4.200000000000001,10.881505782088858,10.881505782088858,28987.17139399724,19093.456676015427,-2.844390284424521e-20,4.200000000000001,-0.0
1,CV-charge,14,6882.166366849158,6882.166366849158,4.2,10.327811826403638,10.327811826403638,28827.947184393768,19267.99259151242,-2.851548743280656e-20,4.2,-0.0
1,CV-charge,15,6954.893639576431,6954.893639576431,4.2,9.816335234420412,9.816335234420412,28676.515905300632,19433.939277610974,-2.83152641310802e-20,4.2,-0.0
1,CV-charge,16,7027.620912303704,7027.620912303704,4.2,9.342930120797506,9.342930120797506,28532.41267719537,19591.814037132415,-2.855483385354879e-20,4.2,-0.0
1,CV-charge,17,7100.348185030976,7100.348185030976,4.2,8.903610365769707,8.903610365769707,28395.107021790558,19742.20513338355,-2.8519716443978986e-20,4.2,-0.0
1,CV-charge,18,7173.075457758249,7173.075457758249,4.2,8.494917960492721,8.494917960492721,28264.123022960885,19885.639875426714,-2.847617075693547e-20,4.2,-0.0
1,CV-charge,19,7245.802730485522,7245.802730485522,4.2,8.113828821412001,8.113828821412001,28139.031773347462,20022.593183894136,-2.843170086426212e-20,4.2,-0.0
1,CV-charge,20,7318.530003212795,7318.530003212795,4.2,7.757694462021254,7.757694462021254,28019.44570320616,20153.493944271275,-2.835269146265212e-20,4.2,-0.0
1,CV-charge,21,7391.257275940068,7391.257275940068,4.200000000000001,7.424186068331122,7.424186068331122,27905.013571348674,20278.73061527518,-2.8366608110727496e-20,4.200000000000001,-0.0
1,CV-charge,22,7463.98454866734,7463.98454866734,4.199999999999999,7.1112490139588225,7.1112490139588225,27795.416170783774,20398.656032548028,-2.834363544990295e-20,4.199999999999999,-0.0
1,CV-charge,23,7536.711821394613,7536.711821394613,4.2,6.817068728835846,6.817068728835846,27690.364065297486,20513.589961540776,-2.829247192777499e-20,4.2,-0.0
1,CV-charge,24,7609.439094121886,7609.439094121886,4.199999999999999,6.5400293749586025,6.5400293749586025,27589.591131846948,20623.826265854652,-2.827468642469507e-20,4.199999999999999,-0.0
1,CV-charge,25,7682.166366849158,7682.166366849158,4.2,6.278692989705279,6.278692989705279,27492.85393729248,20729.633617532094,-2.828195697330808e-20,4.2,-0.0
1,CV-charge,26,7754.893639576431,7754.893639576431,4.2,6.031775612982225,6.031775612982225,27399.9290208141,20831.258533911456,-2.82517762148295e-20,4.2,-0.0
1,CV-charge,27,7827.620912303704,7827.620912303704,4.2,5.798127738377956,5.798127738377956,27310.610794764045,20928.927715547652,-2.81775692685182e-20,4.2,-0.0
1,CV-charge,28,7900.348185030976,7900.348185030976,4.2,5.576717616994431,5.576717616994431,27224.709708767114,21022.8500909793,-2.810774365884039e-20,4.2,-0.0
1,CV-charge,29,7973.07545775825,7973.07545775825,4.2,5.366616943732157,5.366616943732157,27142.050637429566,21113.21861125591,-2.785818276057143e-20,4.2,-0.0
1,CV-charge,30,8045.802730485522,8045.802730485522,4.199999999999999,5.166988545135249,5.166988545135249,27062.471460462893,21200.211829371587,-2.7557591191948624e-20,4.199999999999999,-0.0
1,CV-charge,31,8118.530003212795,8118.530003212795,4.200000000000001,4.977075754509275,4.977075754509275,26985.821808766665,21283.99529429311,-2.766977780065117e-20,4.200000000000001,-0.0
1,CV-charge,32,8191.257275940068,8191.257275940068,4.2,4.7961932143877775,4.7961932143877775,26911.961954134327,21364.72278465085,-2.7520347376835995e-20,4.2,-0.0
1,CV-charge,33,8263.98454866734,8263.98454866734,4.2,4.623718890486158,4.623718890486158,26840.761823605495,21442.53740335119,-2.768091328840013e-20,4.2,-0.0
1,CV-charge,34,8336.711821394612,8336.711821394612,4.2,4.459087117314027,4.459087117314027,26772.100122339136,21517.572551199442,-2.775697000999955e-20,4.2,-0.0
1,CV-charge,35,8409.439094121886,8409.439094121886,4.200000000000001,4.301782525026434,4.301782525026434,26705.863551206443,21589.9527949544,-2.7751767291615116e-20,4.200000000000001,-0.0
1,CV-charge,36,8482.166366849158,8482.166366849158,4.199999999999999,4.151334721359044,4.151334721359044,26641.946107313863,21659.794643033285,-2.7614152447283494e-20,4.199999999999999,-0.0
1,CV-charge,37,8554.893639576432,8554.893639576432,4.2,4.007313622430887,4.007313622430887,26580.248457306414,21727.20724019476,-2.7549151041071206e-20,4.2,-0.0
1,CV-charge,38,8627.620912303704,8627.620912303704,4.200000000000001,3.8693253427145167,3.8693253427145167,26520.677374715364,21792.2929909711,-2.7550319840944166e-20,4.200000000000001,-0.0
1,CV-charge,39,8700.348185030976,8700.348185030976,4.199999999999999,3.7370085682382133,3.7370085682382133,26463.14523380357,21855.148120277896,-2.7462499075070895e-20,4.199999999999999,-0.0
1,CV-charge,40,8773.07545775825,8773.07545775825,4.2,3.6100313484887745,3.6100313484887745,26407.569553377292,21915.86317848989,-2.7565614631743304e-20,4.2,-0.0
1,CV-charge,41,8845.802730485522,8845.802730485522,4.2,3.48808825202882,3.48808825202882,26353.87258487143,21974.523497329155,-2.7612794897229145e-20,4.2,-0.0
1,CV-charge,42,8918.530003212796,8918.530003212796,4.2,3.3708978389076583,3.3708978389076583,26301.980939785528,22031.209602065508,-2.754689135955916e-20,4.2,-0.0
1,CV-charge,43,8991.257275940068,8991.257275940068,4.199999999999999,3.258200409619362,3.258200409619362,26251.82525213991,22085.997584844474,-2.756201546115469e-20,4.199999999999999,-0.0
1,CV-charge,44,9063.98454866734,9063.98454866734,4.199999999999999,3.1497559960887056,3.1497559960887056,26203.339872184762,22138.95944334234,-2.7555181515732814e-20,4.199999999999999,-0.0
1,CV-charge,45,9136.711821394612,9136.711821394612,4.199999999999999,3.045342564961013,3.045342564961013,26156.462588055136,22190.163388432302,-2.76341470090684e-20,4.199999999999999,-0.0
1,CV-charge,46,9209.439094121886,9209.439094121886,4.2,2.94475440752539,2.94475440752539,26111.134372452907,22239.67412410952,-2.764898802172565e-20,4.2,-0.0
1,CV-charge,47,9282.166366849158,9282.166366849158,4.2,2.8478006941159406,2.8478006941159406,26067.299151806583,22287.553102505346,-2.767208291891927e-20,4.2,-0.0
1,CV-charge,48,9354.893639576432,9354.893639576432,4.2,2.754304173727862,2.754304173727862,26024.90359563265,22333.858756526468,-2.7645239688474563e-20,4.2,-0.0
1,CV-charge,49,9377.165226367684,9377.165226367684,4.199999999999999,2.7263936618115006,2.7263936618115006,26012.225746917098,22347.705711762163,-2.764819518562945e-20,4.199999999999999,-0.0
2,CC-discharge,0,0.0,9377.165226367684,3.8551052536487,-27.263836618115,-27.263836618115,26012.225746917098,22347.705711762163,-2.764819518562945e-20,3.8551052536487,0.0
2,CC-discharge,1,72.72727272727273,9449.892499094956,3.8311126661364967,-27.263836618115,-27.263836618115,26577.345512656553,21813.2057697907,-2.7648192781926287e-20,3.8311126661364967,0.5507845781437374
2,CC-discharge,2,145.45454545454547,9522.61977182223,3.8148872764691015,-27.263836618115,-27.263836618115,26996.933418299854,21359.725871156203,-2.764818957708945e-20,3.8148872764691015,1.1015691562874748
2,CC-discharge,3,218.1818181818182,9595.347044549502,3.7997510510508556,-27.263836618115,-27.263836618115,27414.6598998096,20906.270529683905,-2.764818992096548e-20,3.7997510510508556,1.652353734431212
2,CC-discharge,4,290.90909090909093,9668.074317276774,3.785440528115864,-27.263836618115,-27.263836618115,27832.357415345345,20452.815138871567,-2.764818806376427e-20,3.785440528115864,2.2031383125749495
2,CC-discharge,5,363.6363636363637,9740.801590004048,3.771796324387421,-27.263836618115,-27.263836618115,28250.05269214768,19999.3597473329,-2.7648187515206303e-20,3.771796324387421,2.753922890718687
2,CC-discharge,6,436.3636363636364,9813.52886273132,3.7587130836812133,-27.263836618115,-27.263836618115,28667.747795168587,19545.904355783918,-2.7648187211665595e-20,3.7587130836812133,3.304707468862424
2,CC-discharge,7,509.0909090909091,9886.256135458594,3.746098207983757,-27.263836618115,-27.263836618115,29085.442884635835,19092.44896423399,-2.764818912079237e-20,3.746098207983757,3.8554920470061615
2,CC-discharge,8,581.8181818181819,9958.983408185866,3.7338954710564467,-27.263836618115,-27.263836618115,29503.137973039877,18638.993572684933,-2.764818982030443e-20,3.7338954710564467,4.406276625149899
2,CC-discharge,9,654.5454545454546,10031.710680913138,3.7220580153378218,-27.263836618115,-27.263836618115,29920.83306135948,18185.53818113539,-2.764818983460652e-20,3.7220580153378218,4.9570612032936365
2,CC-discharge,10,727.2727272727274,10104.437953640412,3.7105499418939787,-27.263836618115,-27.263836618115,30338.52814967297,17732.082789586555,-2.764818960758917e-20,3.7105499418939787,5.507845781437374
2,CC-discharge,11,800.0000000000001,10177.165226367684,3.6993435026252928,-27.263836618115,-27.263836618115,30756.223237985927,17278.627398037876,-2.764818981033171e-20,3.6993435026252928,6.0586303595811115
2,CC-discharge,12,872.7272727272727,10249.892499094956,3.688417036179029,-27.263836618115,-27.263836618115,31173.918326298433,16825.172006489047,-2.764819004632312e-20,3.688417036179029,6.609414937724848
2,CC-discharge,13,945.4545454545455,10322.61977182223,3.677753417988991,-27.263836618115,-27.263836618115,31591.6134146115,16371.716614939485,-2.764818999989713e-20,3.677753417988991,7.160199515868586
2,CC-discharge,14,1018.1818181818182,10395.347044549502,3.667338868896148,-27.263836618115,-27.263836618115,32009.308502924032,15918.261223390207,-2.764818969576914e-20,3.667338868896148,7.710984094012323
2,CC-discharge,15,1090.909090909091,10468.074317276776,3.657162014618805,-27.263836618115,-27.263836618115,32427.00359123677,15464.805831841046,-2.764819032343905e-20,3.657162014618805,8.26176867215606
2,CC-discharge,16,1163.6363636363637,10540.801590004048,3.6472131184122327,-27.263836618115,-27.263836618115,32844.69867954986,15011.35044029205,-2.764819221268577e-20,3.6472131184122327,8.812553250299798
2,CC-discharge,17,1236.3636363636365,10613.52886273132,3.6374834301066223,-27.263836618115,-27.263836618115,33262.393767862726,14557.895048742317,-2.764819363901548e-20,3.6374834301066223,9.363337828443536
2,CC-discharge,18,1309.0909090909092,10686.256135458594,3.6279646072400777,-27.263836618115,-27.263836618115,33680.08885617538,14104.439657193125,-2.764819187749032e-20,3.6279646072400777,9.914122406587273
2,CC-discharge,19,1381.818181818182,10758.983408185866,3.6186481723333523,-27.263836618115,-27.263836618115,34097.783944488016,13650.984265643785,-2.764819064692078e-20,3.6186481723333523,10.46490698473101
2,CC-discharge,20,1454.5454545454547,10831.710680913138,3.609524975054808,-27.263836618115,-27.263836618115,34515.479032800744,13197.528874094523,-2.764819102468722e-20,3.609524975054808,11.015691562874748
2,CC-discharge,21,1527.2727272727275,10904.437953640412,3.6005846310976715,-27.263836618115,-27.263836618115,34933.17412111339,12744.073482545116,-2.764819187748478e-20,3.6005846310976715,11.566476141018486
2,CC-discharge,22,1600.0000000000002,10977.165226367684,3.591814903240668,-27.263836618115,-27.263836618115,35350.8692094263,12290.618090995913,-2.764819076443219e-20,3.591814903240668,12.117260719162223
2,CC-discharge,23,1672.727272727273,11049.892499094956,3.583200383895141,-27.263836618115,-27.263836618115,35768.564297739234,11837.162699446757,-2.7648189044182544e-20,3.583200383895141,12.66804529730596
2,CC-discharge,24,1745.4545454545455,11122.61977182223,3.574724457338623,-27.263836618115,-27.263836618115,36186.25938605196,11383.707307897741,-2.764818877564656e-20,3.574724457338623,13.218829875449696
2,CC-discharge,25,1818.1818181818182,11195.347044549502,3.5663636207986755,-27.263836618115,-27.263836618115,36603.95447436485,10930.251916348383,-2.7648188891725635e-20,3.5663636207986755,13.769614453593434
2,CC-discharge,26,1890.909090909091,11268.074317276776,3.5580898384064796,-27.263836618115,-27.263836618115,37021.64956267727,10476.796524799574,-2.764819002901353e-20,3.5580898384064796,14.320399031737171
2,CC-discharge,27,1963.6363636363637,11340.801590004048,3.549868134938206,-27.263836618115,-27.263836618115,37439.344650989864,10023.341133250347,-2.764819005123517e-20,3.549868134938206,14.871183609880909
2,CC-discharge,28,2036.3636363636365,11413.52886273132,3.5416548326216715,-27.263836618115,-27.263836618115,37857.03973930256,9569.885741701099,-2.7648223455633173e-20,3.5416548326216715,15.421968188024646
2,CC-discharge,29,2109.0909090909095,11486.256135458594,3.5333952973950145,-27.263836618115,-27.263836618115,38274.73482761503,9116.430350151904,-2.7648255466326796e-20,3.5333952973950145,15.972752766168385
2,CC-discharge,30,2181.818181818182,11558.983408185866,3.5250212604688125,-27.263836618115,-27.263836618115,38692.42991592796,8662.974958602776,-2.764825376181714e-20,3.5250212604688125,16.52353734431212
2,CC-discharge,31,2254.545454545455,11631.71068091314,3.5164475261128567,-27.263836618115,-27.263836618115,39110.12500424043,8209.519567053514,-2.764818740107485e-20,3.5164475261128567,17.07432192245586
2,CC-discharge,32,2327.2727272727275,11704.437953640412,3.5075682454067643,-27.263836618115,-27.263836618115,39527.82009255319,7756.064175504344,-2.7648301229039716e-20,3.5075682454067643,17.625106500599596
2,CC-discharge,33,2400.0,11777.165226367684,3.4982501401983366,-27.263836618115,-27.263836618115,39945.51518086611,7302.608783955201,-2.764828303934498e-20,3.4982501401983366,18.175891078743334
2,CC-discharge,34,2472.727272727273,11849.892499094956,3.488329876526972,-27.263836618115,-27.263836618115,40363.21026917908,6849.153392406273,-2.7648041199784485e-20,3.488329876526972,18.726675656887075
2,CC-discharge,35,2545.4545454545455,11922.61977182223,3.4776031590865997,-27.263836618115,-27.263836618115,40780.90535749188,6395.698000857337,-2.7648280597468465e-20,3.4776031590865997,19.277460235030812
2,CC-discharge,36,2618.1818181818185,11995.347044549502,3.4658174200812426,-27.263836618115,-27.263836618115,41198.60044580432,5942.242609308251,-2.7648316412857475e-20,3.4658174200812426,19.82824481317455
2,CC-discharge,37,2690.909090909091,12068.074317276776,3.4526607908975526,-27.263836618115,-27.263836618115,41616.29553411693,5488.787217759312,-2.764807225072511e-20,3.4526607908975526,20.379029391318287
2,CC-discharge,38,2763.636363636364,12140.801590004048,3.437749518254009,-27.263836618115,-27.263836618115,42033.99062243,5035.33182621018,-2.7648226493144466e-20,3.437749518254009,20.929813969462025
2,CC-discharge,39,2836.3636363636365,12213.52886273132,3.4206135826592923,-27.263836618115,-27.263836618115,42451.68571074228,4581.876434661004,-2.764829749354896e-20,3.4206135826592923,21.480598547605762
2,CC-discharge,40,2909.0909090909095,12286.256135458594,3.4006810371138907,-27.263836618115,-27.263836618115,42869.38079905473,4128.421043111998,-2.7648219510084924e-20,3.4006810371138907,22.0313831257495
2,CC-discharge,41,2981.818181818182,12358.983408185866,3.3772608270122952,-27.263836618115,-27.263836618115,43287.07588736823,3674.965651562915,-2.764812876544682e-20,3.3772608270122952,22.582167703893237
2,CC-discharge,42,3054.545454545455,12431.71068091314,3.349528849073406,-27.263836618115,-27.263836618115,43704.770975681146,3221.5102600138575,-2.7647783769137495e-20,3.349528849073406,23.132952282036975
2,CC-discharge,43,3127.2727272727275,12504.437953640412,3.3165118850958826,-27.263836618115,-27.263836618115,44122.46606399339,2768.0548684647865,-2.764819514332891e-20,3.3165118850958826,23.683736860180712
2,CC-discharge,44,3200.0000000000005,12577.165226367684,3.2770632361683756,-27.263836618115,-27.263836618115,44540.16115230616,2314.599476915739,-2.76480930803812e-20,3.2770632361683756,24.23452143832445
2,CC-discharge,45,3272.727272727273,12649.892499094956,3.2297402837833173,-27.263836618115,-27.263836618115,44957.8562406179,1861.1440853666318,-2.764828957704796e-20,3.2297402837833173,24.785306016468187
2,CC-discharge,46,3345.454545454546,12722.61977182223,3.171992824584351,-27.263836618115,-27.263836618115,45375.55132893128,1407.688693817582,-2.7648680888560106e-20,3.171992824584351,25.336090594611925
2,CC-discharge,47,3418.1818181818185,12795.347044549502,3.0939511222932925,-27.263836618115,-27.263836618115,45793.246417243725,954.2333022685262,-2.7648647682775187e-20,3.0939511222932925,25.886875172755662
2,CC-discharge,48,3466.5815727664076,12843.746799134093,3.00001,-27.263836618115,-27.263836618115,46071.22108901978,652.4602693605764,-2.764753689128409e-20,3.00001,26.253420450908745
2,CC-charge,0,3466.5815727664076,12843.746799134093,3.7160725145206825,27.263836618115,27.263836618115,46071.22108901978,652.4602693605764,-2.764753689128409e-20,3.7160725145206825,0.0
2,CC-charge,1,3539.30884549368,12916.474071861365,3.8207788048171807,27.263836618115,27.263836618115,45506.106138404226,1186.957844052209,-2.7647176955809075e-20,3.8207788048171807,-0.0
2,CC-charge,2,3612.036118220953,12989.201344588639,3.8670140487109217,27.263836618115,27.263836618115,45086.51703717723,1640.4401121838807,-2.764710794049551e-20,3.8670140487109217,-0.0
2,CC-charge,3,3684.7633909482256,13061.92861731591,3.904383928855533,27.263836618115,27.263836618115,44668.78480355334,2093.8954503035698,-2.7647121748847445e-20,3.904383928855533,-0.0
2,CC-charge,4,3757.4906636754986,13134.655890043183,3.9356069921926875,27.263836618115,27.263836618115,44251.08922110933,2547.350842243276,-2.7647250321885923e-20,3.9356069921926875,-0.0
2,CC-charge,5,3830.217936402771,13207.383162770457,3.9616117272669613,27.263836618115,27.263836618115,43833.39412776211,3000.8062337876963,-2.76471786689794e-20,3.9616117272669613,-0.0
2,CC-charge,6,3902.945209130044,13280.110435497729,3.9831704839236184,27.263836618115,27.263836618115,43415.6990395129,3454.261625336838,-2.764715882144269e-20,3.9831704839236184,-0.0
2,CC-charge,7,3975.6724818573166,13352.837708225003,4.001024869775733,27.263836618115,27.263836618115,42998.00395119945,3907.717016885811,-2.764713837838989e-20,4.001024869775733,-0.0
2,CC-charge,8,4048.3997545845896,13425.564980952275,4.015858700033752,27.263836618115,27.263836618115,42580.30886288636,4361.1724084347925,-2.7647212055703904e-20,4.015858700033752,-0.0
2,CC-charge,9,4121.127027311863,13498.292253679547,4.028275373183494,27.263836618115,27.263836618115,42162.61377457325,4814.627799983645,-2.764735025955722e-20,4.028275373183494,-0.0
2,CC-charge,10,4193.854300039135,13571.01952640682,4.038791091047467,27.263836618115,27.263836618115,41744.91868626011,5268.083191532535,-2.7647218590506646e-20,4.038791091047467,-0.0
2,CC-charge,11,4266.581572766408,13643.746799134093,4.047838768810998,27.263836618115,27.263836618115,41327.22359794676,5721.538583081566,-2.764722824873014e-20,4.047838768810998,-0.0
2,CC-charge,12,4339.308845493681,13716.474071861365,4.055775685797872,27.263836618115,27.263836618115,40909.528509633565,6174.9939746306945,-2.764722389131317e-20,4.055775685797872,-0.0
2,CC-charge,13,4412.036118220953,13789.201344588639,4.0628942654920115,27.263836618115,27.263836618115,40491.8334213202,6628.449366179455,-2.764728648240175e-20,4.0628942654920115,-0.0
2,CC-charge,14,4484.763390948226,13861.92861731591,4.069431736227672,27.263836618115,27.263836618115,40074.1383330071,7081.904757728433,-2.764718647447444e-20,4.069431736227672,-0.0
2,CC-charge,15,4557.490663675499,13934.655890043185,4.075579421814951,27.263836618115,27.263836618115,39656.443244693575,7535.360149277293,-2.764712130566101e-20,4.075579421814951,-0.0
2,CC-charge,16,4630.217936402772,14007.383162770457,4.081490726010083,27.263836618115,27.263836618115,39238.74815638042,7988.815540826117,-2.7647089683110365e-20,4.081490726010083,-0.0
2,CC-charge,17,4702.9452091300445,14080.110435497729,4.087288604287785,27.263836618115,27.263836618115,38821.05306806709,8442.270932374842,-2.7647083165783806e-20,4.087288604287785,-0.0
2,CC-charge,18,4775.672481857317,14152.837708225003,4.093070316357349,27.263836618115,27.263836618115,38403.35797975401,8895.726323923593,-2.7647074705032486e-20,4.093070316357349,-0.0
2,CC-charge,19,4848.39975458459,14225.564980952275,4.09891334022136,27.263836618115,27.263836618115,37985.66289144049,9349.18171547267,-2.7647070792229e-20,4.09891334022136,-0.0
2,CC-charge,20,4921.127027311863,14298.292253679547,4.104878648501457,27.263836618115,27.263836618115,37567.96780312704,9802.63710702159,-2.7647058273864286e-20,4.104878648501457,-0.0
2,CC-charge,21,4993.854300039135,14371.01952640682,4.111013930314735,27.263836618115,27.263836618115,37150.272714813706,10256.09249857056,-2.764705864881403e-20,4.111013930314735,-0.0
2,CC-charge,22,5066.581572766408,14443.746799134093,4.117357868686231,27.263836618115,27.263836618115,36732.57762650058,10709.547890118827,-2.7647058912610146e-20,4.117357868686231,-0.0
2,CC-charge,23,5139.308845493681,14516.474071861365,4.123939101412613,27.263836618115,27.263836618115,36314.882538187696,11163.003281668096,-2.764706853687415e-20,4.123939101412613,-0.0
2,CC-charge,24,5212.036118220953,14589.201344588639,4.130780554586981,27.263836618115,27.263836618115,35897.18744987409,11616.458673216799,-2.76470691442345e-20,4.130780554586981,-0.0
2,CC-charge,25,5284.763390948226,14661.92861731591,4.137900158625501,27.263836618115,27.263836618115,35479.49236156065,12069.914064765639,-2.764707045225427e-20,4.137900158625501,-0.0
2,CC-charge,26,5357.490663675499,14734.655890043185,4.145311989573002,27.263836618115,27.263836618115,35061.79727324746,12523.369456314573,-2.7647073567446335e-20,4.145311989573002,-0.0
2,CC-charge,27,5430.217936402772,14807.383162770457,4.153027224421487,27.263836618115,27.263836618115,34644.10218493407,12976.824847863129,-2.7647070207138404e-20,4.153027224421487,-0.0
2,CC-charge,28,5502.9452091300445,14880.110435497729,4.161056829245876,27.263836618115,27.263836618115,34226.40709662069,13430.280239411773,-2.764707050501195e-20,4.161056829245876,-0.0
2,CC-charge,29,5575.672481857317,14952.837708225003,4.169405259260045,27.263836618115,27.263836618115,33808.71200830762,13883.735630960495,-2.7647041960374455e-20,4.169405259260045,-0.0
2,CC-charge,30,5648.39975458459,15025.564980952275,4.178080630494364,27.263836618115,27.263836618115,33391.01691999432,14337.191022509616,-2.7647056294735353e-20,4.178080630494364,-0.0
2,CC-charge,31,5721.127027311863,15098.292253679549,4.187089419309673,27.263836618115,27.263836618115,32973.32183168066,14790.646414058601,-2.7647050482494064e-20,4.187089419309673,-0.0
2,CC-charge,32,5793.854300039135,15171.01952640682,4.196438400977987,27.263836618115,27.263836618115,32555.626743367382,15244.1018056071,-2.7647052730518783e-20,4.196438400977987,-0.0
2,CC-charge,33,5820.784228549809,15197.949454917494,4.199990000000001,27.263836618115,27.263836618115,32400.959883938805,15412.010223168501,-2.7647052548082854e-20,4.199990000000001,-0.0
2,CV-charge,0,5820.784228549809,15197.949454917494,4.2,27.288901898132035,27.288901898132035,32400.959883938805,15412.010223168501,-2.7647052548082854e-20,4.2,0.0
2,CV-charge,1,5893.511501277082,15270.676727644766,4.2,24.20535055644802,24.20535055644802,31879.062069229913,15907.042069584899,-3.4294324112319076e-20,4.2,-0.0
2,CV-charge,2,5966.238774004354,15343.40400037204,4.199999999999999,22.258180383462758,22.258180383462758,31532.678129916363,16287.132436389564,-6.1926604459679e-20,4.199999999999999,-0.0
2,CV-charge,3,6038.966046731627,15416.131273099312,4.2,20.55799833956099,20.55799833956099,31214.766992219484,16637.438794355025,-1.25599383012082e-19,4.2,-0.0
2,CV-charge,4,6111.6933194589,15488.858545826584,4.200000000000001,19.056210086454815,19.056210086454815,30919.99590958016,16962.049626550877,-1.2344006661361714e-19,4.200000000000001,-0.0
2,CV-charge,5,6184.420592186173,15561.585818553858,4.2,17.723558257390227,17.723558257390227,30645.959362400055,17263.627333673012,-1.2723796583369798e-19,4.2,-0.0
2,CV-charge,6,6257.147864913445,15634.31309128113,4.2,16.5349669835076,16.5349669835076,30390.40939951696,17544.690053653212,-1.1446941603867032e-19,4.2,-0.0
2,CV-charge,7,6329.875137640718,15707.040364008404,4.200000000000001,15.469730512651752,15.469730512651752,30151.41543416788,17807.398324041336,-1.172346744920947e-19,4.200000000000001,-0.0
2,CV-charge,8,6402.602410367991,15779.767636735676,4.2,14.510711043569975,14.510711043569975,29927.31765240169,18053.607456894202,-1.1391462496996278e-19,4.2,-0.0
2,CV-charge,9,6475.329683095264,15852.494909462948,4.2,13.643628196943888,13.643628196943888,29716.68065144382,18284.920161893417,-1.1340858893247304e-19,4.2,-0.0
2,CV-charge,10,6548.056955822536,15925.222182190222,4.2,12.8565275338092,12.8565275338092,29518.25780118641,18502.72691996559,-1.1297235089873356e-19,4.2,-0.0
2,CV-charge,11,6620.784228549809,15997.949454917494,4.200000000000001,12.139347943353917,12.139347943353917,29330.961088636213,18708.240092513486,-1.175058755016428e-19,4.200000000000001,-0.0
2,CV-charge,12,6693.511501277082,16070.676727644766,4.2,11.483527083462732,11.483527083462732,29153.824431778172,18902.535037538604,-1.381836536656679e-19,4.2,-0.0
2,CV-charge,13,6766.238774004354,16143.40400037204,4.2,10.881857781647922,10.881857781647922,28986.014739845723,19086.538424013634,-1.4096256360412128e-19,4.2,-0.0
2,CV-charge,14,6838.966046731627,16216.131273099312,4.200000000000001,10.327727009469339,10.327727009469339,28826.66492391443,19261.21211020062,-1.4255820704969912e-19,4.200000000000001,-0.0
2,CV-charge,15,6911.6933194589,16288.858545826584,4.2,9.81625731162848,9.81625731162848,28675.2347446714,19427.157487810007,-1.4277040924917899e-19,4.2,-0.0
2,CV-charge,16,6984.420592186173,16361.585818553858,4.199999999999999,9.342855395551219,9.342855395551219,28531.132664244782,19585.03099202733,-1.4271645376048204e-19,4.199999999999999,-0.0
2,CV-charge,17,7057.147864913446,16434.313091281132,4.199999999999999,8.903535821575982,8.903535821575982,28393.828147589407,19735.42084936031,-1.427401826580662e-19,4.199999999999999,-0.0
2,CV-charge,18,7129.875137640718,16507.040364008404,4.2,8.494841133021938,8.494841133021938,28262.845319536063,19878.854325485616,-1.4277595903179682e-19,4.2,-0.0
2,CV-charge,19,7202.602410367991,16579.767636735676,4.199999999999999,8.1137477099298,8.1137477099298,28137.755303859267,20015.80630572894,-1.427702363153493e-19,4.199999999999999,-0.0
2,CV-charge,20,7275.329683095264,16652.49490946295,4.2,7.757607439130867,7.757607439130867,28018.17055622009,20146.705646829687,-1.4273632474202442e-19,4.2,-0.0
2,CV-charge,21,7348.056955822536,16725.22218219022,4.200000000000001,7.4240918129887294,7.4240918129887294,27903.73985603771,20271.940784176404,-1.4271939169676091e-19,4.200000000000001,-0.0
2,CV-charge,22,7420.784228549809,16797.949454917496,4.2,7.111146457563784,7.111146457563784,27794.144012968492,20391.864534546403,-1.4272919171071e-19,4.2,-0.0
2,CV-charge,23,7493.511501277082,16870.676727644768,4.199999999999999,6.816956994774842,6.816956994774842,27689.09359801778,20506.796655020058,-1.4271368178073107e-19,4.199999999999999,-0.0
2,CV-charge,24,7566.238774004354,16943.40400037204,4.199999999999999,6.539907777759062,6.539907777759062,27588.32250490449,20617.030990297946,-1.4268106742144222e-19,4.199999999999999,-0.0
2,CV-charge,25,7638.966046731627,17016.131273099312,4.200000000000001,6.278560989257654,6.278560989257654,27491.587309124963,20722.836202645824,-1.4264764372594297e-19,4.200000000000001,-0.0
2,CV-charge,26,7711.6933194589,17088.858545826584,4.2,6.031632790707936,6.031632790707936,27398.664556495864,20824.458801816727,-1.4264180160208676e-19,4.2,-0.0
2,CV-charge,27,7784.420592186173,17161.585818553856,4.199999999999999,5.797973777882639,5.797973777882639,27309.348664409452,20922.125482577994,-1.4233998631861495e-19,4.199999999999999,-0.0
2,CV-charge,28,7857.147864913446,17234.313091281132,4.200000000000001,5.576552288142833,5.576552288142833,27223.450086179517,21016.04516919508,-1.4182179732333084e-19,4.200000000000001,-0.0
2,CV-charge,29,7929.875137640718,17307.040364008404,4.2,5.36644008949932,5.36644008949932,27140.79369895716,21106.410809728546,-1.4191157004194829e-19,4.2,-0.0
2,CV-charge,30,8002.602410367991,17379.767636735676,4.2,5.166800070726323,5.166800070726323,27061.21738402388,21193.400955275323,-1.4183536383335046e-19,4.2,-0.0
2,CV-charge,31,8075.329683095264,17452.49490946295,4.2,4.976875618341021,4.976875618341021,26984.570773019528,21277.181153835463,-1.4195169240886396e-19,4.2,-0.0
2,CV-charge,32,8148.056955822536,17525.22218219022,4.200000000000001,4.795981420581666,4.795981420581666,26910.714137760995,21357.905183870644,-1.4199147506345532e-19,4.200000000000001,-0.0
2,CV-charge,33,8220.784228549808,17597.949454917492,4.200000000000001,4.623495482623801,4.623495482623801,26839.517404698054,21435.71614880863,-1.4200937022167858e-19,4.200000000000001,-0.0
2,CV-charge,34,8293.511501277082,17670.676727644768,4.200000000000001,4.458852173216824,4.458852173216824,26770.859277862262,21510.747450570325,-1.4190950223894506e-19,4.200000000000001,-0.0
2,CV-charge,35,8366.238774004354,17743.40400037204,4.200000000000001,4.301536152398886,4.301536152398886,26704.62645653447,21583.123657552205,-1.4184179028623576e-19,4.200000000000001,-0.0
2,CV-charge,36,8438.966046731628,17816.131273099312,4.2,4.151077054135619,4.151077054135619,26640.71293582003,21652.96128026044,-1.417804997487236e-19,4.2,-0.0
2,CV-charge,37,8511.6933194589,17888.858545826584,4.200000000000001,4.007044817705588,4.007044817705588,26579.01938000319,21720.369465948286,-1.4177169585607993e-19,4.200000000000001,-0.0
2,CV-charge,38,8584.420592186172,17961.58581855386,4.199999999999999,3.869045578163762,3.869045578163762,26519.452559932743,21785.45062199361,-1.4173974965089083e-19,4.199999999999999,-0.0
2,CV-charge,39,8657.147864913446,18034.313091281132,4.2,3.7367180399465023,3.7367180399465023,26461.924846905546,21848.300976478775,-1.4180053082195525e-19,4.2,-0.0
2,CV-charge,40,8729.875137640718,18107.040364008404,4.2,3.609730269102815,3.609730269102815,26406.353756501932,21909.011083228637,-1.418347963805765e-19,4.2,-0.0
2,CV-charge,41,8802.602410367992,18179.767636735676,4.200000000000001,3.487776849195821,3.487776849195821,26352.661536700318,21967.66627767248,-1.418802209233875e-19,4.200000000000001,-0.0
2,CV-charge,42,8875.329683095264,18252.49490946295,4.199999999999999,3.370576353934981,3.370576353934981,26300.774795330864,22024.347089022584,-1.4190328991134574e-19,4.199999999999999,-0.0
2,CV-charge,43,8948.056955822536,18325.22218219022,4.2,3.257869096321953,3.257869096321953,26250.624162550375,22079.129613581594,-1.4198129894324974e-19,4.2,-0.0
2,CV-charge,44,9020.78422854981,18397.949454917496,4.199999999999999,3.1494151197937548,3.1494151197937548,26202.143984568964,22132.08585337509,-1.4194165839948392e-19,4.199999999999999,-0.0
2,CV-charge,45,9093.511501277082,18470.676727644768,4.199999999999999,3.0449924016226597,3.0449924016226597,26155.272045313952,22183.28402381197,-1.4195038843076264e-19,4.199999999999999,-0.0
2,CV-charge,46,9166.238774004356,18543.40400037204,4.2,2.944395242953468,2.944395242953468,26109.94931313018,22232.788833589286,-1.4196574614769785e-19,4.2,-0.0
2,CV-charge,47,9238.966046731628,18616.131273099312,4.199999999999999,2.8474328232656485,2.8474328232656485,26066.119709944545,22280.66173969517,-1.4198711913364825e-19,4.199999999999999,-0.0
2,CV-charge,48,9311.6933194589,18688.858545826584,4.200000000000001,2.75392790006235,2.75392790006235,26023.72990064361,22326.961180039496,-1.420246029112407e-19,4.200000000000001,-0.0
2,CV-charge,49,9333.66142032279,18710.826646690475,4.2,2.7263936618115006,2.7263936618115006,26011.22588639357,22340.618289738188,-1.4202670133498982e-19,4.2,-0.0
3,CC-discharge,0,0.0,18710.826646690475,3.855127522613248,-27.263836618115,-27.263836618115,26011.22588639357,22340.618289738188,-1.4202670133498982e-19,3.855127522613248,0.0
3,CC-discharge,1,72.72727272727273,18783.553919417747,3.8311289626000327,-27.263836618115,-27.263836618115,26576.34564587534,21806.118357312072,-1.4202670785435561e-19,3.8311289626000327,0.5507845781437374
3,CC-discharge,2,145.45454545454547,18856.28119214502,3.8149003089380495,-27.263836618115,-27.263836618115,26995.93354438967,21352.63844919786,-1.420267140262391e-19,3.8149003089380495,1.1015691562874748
3,CC-discharge,3,218.1818181818182,18929.008464872295,3.799761517375931,-27.263836618115,-27.263836618115,27413.660037952093,20899.183107661116,-1.4202671380858417e-19,3.799761517375931,1.652353734431212
3,CC-discharge,4,290.90909090909093,19001.735737599567,3.7854489755182508,-27.263836618115,-27.263836618115,27831.357554694438,20445.72771684812,-1.4202671325574507e-19,3.7854489755182508,2.2031383125749495
3,CC-discharge,5,363.6363636363637,19074.46301032684,3.771803146289923,-27.263836618115,-27.263836618115,28249.052831612553,19992.272325309197,-1.4202671501335485e-19,3.771803146289923,2.753922890718687
3,CC-discharge,6,436.3636363636364,19147.19028305411,3.758718598517403,-27.263836618115,-27.263836618115,28666.74793464427,19538.816933760056,-1.4202671519585633e-19,3.758718598517403,3.304707468862424
3,CC-discharge,7,509.0909090909091,19219.917555781383,3.74610263548576,-27.263836618115,-27.263836618115,29084.443024111773,19085.36154221096,-1.4202671531427618e-19,3.74610263548576,3.8554920470061615
3,CC-discharge,8,581.8181818181819,19292.644828508655,3.733898998680327,-27.263836618115,-27.263836618115,29502.13811251596,18631.906150662082,-1.4202671560435293e-19,3.733898998680327,4.406276625149899
3,CC-discharge,9,654.5454545454546,19365.37210123593,3.722060792786223,-27.263836618115,-27.263836618115,29919.83320083606,18178.450759112773,-1.4202671507917365e-19,3.722060792786223,4.9570612032936365
3,CC-discharge,10,727.2727272727274,19438.099373963203,3.7105520893761272,-27.263836618115,-27.263836618115,30337.528289149584,17724.99536756318,-1.4202671493188698e-19,3.7105520893761272,5.507845781437374
3,CC-discharge,11,800.0000000000001,19510.826646690475,3.699345116681778,-27.263836618115,-27.263836618115,30755.223377462255,17271.53997601351,-1.420267153606417e-19,3.699345116681778,6.0586303595811115
3,CC-discharge,12,872.7272727272727,19583.553919417747,3.688418193731892,-27.263836618115,-27.263836618115,31172.918465775183,16818.084584464217,-1.4202671499690435e-19,3.688418193731892,6.609414937724848
3,CC-discharge,13,945.4545454545455,19656.28119214502,3.677754179039686,-27.263836618115,-27.263836618115,31590.6135540879,16364.629192915232,-1.4202671569553517e-19,3.677754179039686,7.160199515868586
3,CC-discharge,14,1018.1818181818182,19729.008464872295,3.6673392781375296,-27.263836618115,-27.263836618115,32008.308642400643,15911.173801366058,-1.420267160462281e-19,3.6673392781375296,7.710984094012323
3,CC-discharge,15,1090.909090909091,19801.735737599567,3.6571621021146186,-27.263836618115,-27.263836618115,32426.003730713983,15457.718409816871,-1.420267165370404e-19,3.6571621021146186,8.26176867215606
3,CC-discharge,16,1163.6363636363637,19874.46301032684,3.647212899419086,-27.263836618115,-27.263836618115,32843.69881902628,15004.263018267613,-1.420267154808197e-19,3.647212899419086,8.812553250299798
3,CC-discharge,17,1236.3636363636365,19947.19028305411,3.6374829040476104,-27.263836618115,-27.263836618115,33261.393907339196,14550.807626718384,-1.4202671576895598e-19,3.6374829040476104,9.363337828443536
3,CC-discharge,18,1309.0909090909092,20019.917555781383,3.6279637557835676,-27.263836618115,-27.263836618115,33679.08899565196,14097.352235169086,-1.420267167009842e-19,3.6279637557835676,9.914122406587273
3,CC-discharge,19,1381.818181818182,20092.64482850866,3.618646956476739,-27.263836618115,-27.263836618115,34096.78408396503,13643.896843619536,-1.4202671578822007e-19,3.618646956476739,10.46490698473101
3,CC-discharge,20,1454.5454545454547,20165.37210123593,3.609523331058585,-27.263836618115,-27.263836618115,34514.47917227746,13190.44145207029,-1.4202671678086682e-19,3.609523331058585,11.015691562874748
3,CC-discharge,21,1527.2727272727275,20238.099373963203,3.600582465059632,-27.263836618115,-27.263836618115,34932.17426059009,12736.986060521209,-1.4202671656381486e-19,3.600582465059632,11.566476141018486
3,CC-discharge,22,1600.0000000000002,20310.826646690475,3.591812084003931,-27.263836618115,-27.263836618115,35349.86934890321,12283.530668972258,-1.4202671578718568e-19,3.591812084003931,12.117260719162223
3,CC-discharge,23,1672.727272727273,20383.553919417747,3.5831967389162576,-27.263836618115,-27.263836618115,35767.564437216,11830.075277422651,-1.4202671478430903e-19,3.5831967389162576,12.66804529730596
3,CC-discharge,24,1745.4545454545455,20456.28119214502,3.5747197451380566,-27.263836618115,-27.263836618115,36185.25952552875,11376.61988587329,-1.4202671532368651e-19,3.5747197451380566,13.218829875449696
3,CC-discharge,25,1818.1818181818182,20529.008464872295,3.566357533134363,-27.263836618115,-27.263836618115,36602.9546138417,10923.164494323915,-1.4202671629415253e-19,3.566357533134363,13.769614453593434
3,CC-discharge,26,1890.909090909091,20601.735737599567,3.5580819764893454,-27.263836618115,-27.263836618115,37020.64970215418,10469.709102775043,-1.4202671288128576e-19,3.5580819764893454,14.320399031737171
3,CC-discharge,27,1963.6363636363637,20674.46301032684,3.5498579866306184,-27.263836618115,-27.263836618115,37438.3447904669,10016.253711225761,-1.4202671315739697e-19,3.5498579866306184,14.871183609880909
3,CC-discharge,28,2036.3636363636365,20747.19028305411,3.5416417433254748,-27.263836618115,-27.263836618115,37856.03987878021,9562.79831967657,-1.4202665062646423e-19,3.5416417433254748,15.421968188024646
3,CC-discharge,29,2109.0909090909095,20819.917555781383,3.533378433090421,-27.263836618115,-27.263836618115,38273.734967092954,9109.342928127291,-1.4202663874959898e-19,3.533378433090421,15.972752766168385
3,CC-discharge,30,2181.818181818182,20892.64482850866,3.5249995640292946,-27.263836618115,-27.263836618115,38691.43005540574,8655.887536578304,-1.4202660390441526e-19,3.5249995640292946,16.52353734431212
3,CC-discharge,31,2254.545454545455,20965.37210123593,3.51641966216222,-27.263836618115,-27.263836618115,39109.12514371867,8202.432145029019,-1.4202666721937978e-19,3.51641966216222,17.07432192245586
3,CC-discharge,32,2327.2727272727275,21038.099373963203,3.5075325251290055,-27.263836618115,-27.263836618115,39526.8202320311,7748.9767534796865,-1.4202667237689924e-19,3.5075325251290055,17.625106500599596
3,CC-discharge,33,2400.0,21110.826646690475,3.498204464520262,-27.263836618115,-27.263836618115,39944.51532034375,7295.521361930586,-1.4202667949524718e-19,3.498204464520262,18.175891078743334
3,CC-discharge,34,2472.727272727273,21183.553919417747,3.4882715985632995,-27.263836618115,-27.263836618115,40362.21040865612,6842.0659703812635,-1.420266593038425e-19,3.4882715985632995,18.726675656887075
3,CC-discharge,35,2545.4545454545455,21256.28119214502,3.4775289778938903,-27.263836618115,-27.263836618115,40779.905496968626,6388.610578832253,-1.4202667823796528e-19,3.4775289778938903,19.277460235030812
3,CC-discharge,36,2618.1818181818185,21329.008464872295,3.465723232508913,-27.263836618115,-27.263836618115,41197.60058528157,5935.15518728297,-1.4202634327211897e-19,3.465723232508913,19.82824481317455
3,CC-discharge,37,2690.909090909091,21401.735737599567,3.4525415142712252,-27.263836618115,-27.263836618115,41615.29567359419,5481.699795733939,-1.4202640690435553e-19,3.4525415142712252,20.379029391318287
3,CC-discharge,38,2763.636363636364,21474.46301032684,3.437598887390104,-27.263836618115,-27.263836618115,42032.990761907524,5028.2444041848685,-1.4202639920091684e-19,3.437598887390104,20.929813969462025
3,CC-discharge,39,2836.3636363636365,21547.19028305411,3.4204239226735758,-27.263836618115,-27.263836618115,42450.68585022058,4574.789012635794,-1.4202623400504091e-19,3.4204239226735758,21.480598547605762
3,CC-discharge,40,2909.0909090909095,21619.917555781383,3.400443015677109,-27.263836618115,-27.263836618115,42868.38093853413,4121.333621086733,-1.4202620373500127e-19,3.400443015677109,22.0313831257495
3,CC-discharge,41,2981.818181818182,21692.64482850866,3.376963244384052,-27.263836618115,-27.263836618115,43286.07602684682,3667.8782295376514,-1.4202597140997248e-19,3.376963244384052,22.582167703893237
3,CC-discharge,42,3054.545454545455,21765.37210123593,3.3491583926104527,-27.263836618115,-27.263836618115,43703.77111515966,3214.4228379885826,-1.420257281376986e-19,3.3491583926104527,23.132952282036975
3,CC-discharge,43,3127.2727272727275,21838.099373963203,3.3160529428111114,-27.263836618115,-27.263836618115,44121.46620347242,2760.967446439566,-1.4202526135718225e-19,3.3160529428111114,23.683736860180712
3,CC-discharge,44,3200.0000000000005,21910.826646690475,3.2764972135985055,-27.263836618115,-27.263836618115,44539.16129178459,2307.5120548905143,-1.4202532517809885e-19,3.2764972135985055,24.23452143832445
3,CC-discharge,45,3272.727272727273,21983.553919417747,3.229041340813057,-27.263836618115,-27.263836618115,44956.85638009703,1854.05666334147,-1.4202499185726393e-19,3.229041340813057,24.785306016468187
3,CC-discharge,46,3345.454545454546,22056.28119214502,3.1710991846814847,-27.263836618115,-27.263836618115,45374.55146840896,1400.6012717924275,-1.4202475822507257e-19,3.1710991846814847,25.336090594611925
3,CC-discharge,47,3418.1818181818185,22129.008464872295,3.092516813039515,-27.263836618115,-27.263836618115,45792.24655672205,947.1458802433962,-1.4202449312304047e-19,3.092516813039515,25.886875172755662
3,CC-discharge,48,3465.4909348081255,22176.317581498603,3.0000099999999996,-27.263836618115,-27.263836618115,46063.95735937124,652.1729876935991,-1.4202456543970243e-19,3.0000099999999996,26.245160735602045
3,CC-charge,0,3465.4909348081255,22176.317581498603,3.7160369334190784,27.263836618115,27.263836618115,46063.95735937124,652.1729876935991,-1.4202456543970243e-19,3.7160369334190784,0.0
3,CC-charge,1,3538.218207535398,22249.044854225875,3.82081234991806,27.263836618115,27.263836618115,45498.842408543926,1186.6705626234798,-1.4202466278061608e-19,3.82081234991806,-0.0
3,CC-charge,2,3610.945480262671,22321.772126953147,3.8670525665140194,27.263836618115,27.263836618115,45079.2533205029,1640.1528303683876,-1.420247234513219e-19,3.8670525665140194,-0.0
3,CC-charge,3,3683.6727529899435,22394.499399680422,3.904425014701339,27.263836618115,27.263836618115,44661.52107412175,2093.608168637852,-1.4202481081910794e-19,3.904425014701339,-0.0
3,CC-charge,4,3756.4000257172165,22467.226672407694,3.9356508306735223,27.263836618115,27.263836618115,44243.82549146367,2547.0635605763327,-1.4202525081134844e-19,3.9356508306735223,-0.0
3,CC-charge,5,3829.127298444489,22539.953945134966,3.961658587008275,27.263836618115,27.263836618115,43826.13039811357,3000.5189521206694,-1.4202521627747225e-19,3.961658587008275,-0.0
3,CC-charge,6,3901.854571171762,22612.68121786224,3.9832205065587147,27.263836618115,27.263836618115,43408.43530986382,3453.9743436698086,-1.4202524460618657e-19,3.9832205065587147,-0.0
3,CC-charge,7,3974.5818438990345,22685.40849058951,4.001078110106756,27.263836618115,27.263836618115,42990.740221551765,3907.4297352187905,-1.4202526841030823e-19,4.001078110106756,-0.0
3,CC-charge,8,4047.3091166263075,22758.135763316783,4.015915170801227,27.263836618115,27.263836618115,42573.045133239044,4360.885126767807,-1.4202520854366682e-19,4.015915170801227,-0.0
3,CC-charge,9,4120.0363893535805,22830.86303604406,4.028335072223519,27.263836618115,27.263836618115,42155.350044924904,4814.3405183167615,-1.420252665568314e-19,4.028335072223519,-0.0
3,CC-charge,10,4192.763662080853,22903.59030877133,4.038854015860283,27.263836618115,27.263836618115,41737.65495661177,5267.795909865761,-1.420252515497896e-19,4.038854015860283,-0.0
3,CC-charge,11,4265.4909348081255,22976.317581498603,4.047904922347151,27.263836618115,27.263836618115,41319.95986829878,5721.2513014146125,-1.4202528850755406e-19,4.047904922347151,-0.0
3,CC-charge,12,4338.2182075353985,23049.044854225875,4.055845079456774,27.263836618115,27.263836618115,40902.26477998547,6174.706692963445,-1.4202529028444182e-19,4.055845079456774,-0.0
3,CC-charge,13,4410.9454802626715,23121.772126953147,4.0629669183802095,27.263836618115,27.263836618115,40484.569691672245,6628.162084512341,-1.420252575051252e-19,4.0629669183802095,-0.0
3,CC-charge,14,4483.672752989944,23194.499399680422,4.069507674169066,27.263836618115,27.263836618115,40066.87460335873,7081.617476061214,-1.4202529798152961e-19,4.069507674169066,-0.0
3,CC-charge,15,4556.4000257172165,23267.226672407694,4.075658675839807,27.263836618115,27.263836618115,39649.17951504535,7535.072867610004,-1.4202528542275372e-19,4.075658675839807,-0.0
3,CC-charge,16,4629.1272984444895,23339.953945134966,4.081573330748813,27.263836618115,27.263836618115,39231.484426731964,7988.52825915887,-1.4202530404400456e-19,4.081573330748813,-0.0
3,CC-charge,17,4701.854571171762,23412.68121786224,4.087374596931667,27.263836618115,27.263836618115,38813.78933841884,8441.98365070783,-1.420252977276352e-19,4.087374596931667,-0.0
3,CC-charge,18,4774.5818438990345,23485.40849058951,4.093159735165916,27.263836618115,27.263836618115,38396.094250105736,8895.43904225641,-1.420252998930568e-19,4.093159735165916,-0.0
3,CC-charge,19,4847.3091166263075,23558.135763316786,4.099006223765251,27.263836618115,27.263836618115,37978.39916179211,9348.894433805233,-1.4202530293814664e-19,4.099006223765251,-0.0
3,CC-charge,20,4920.0363893535805,23630.86303604406,4.104975035260068,27.263836618115,27.263836618115,37560.70407347885,9802.349825354147,-1.4202529503203856e-19,4.104975035260068,-0.0
3,CC-charge,21,4992.7636620808535,23703.59030877133,4.111113857878592,27.263836618115,27.263836618115,37143.00898516536,10255.805216903054,-1.420252950741375e-19,4.111113857878592,-0.0
3,CC-charge,22,5065.4909348081255,23776.317581498603,4.11746137518618,27.263836618115,27.263836618115,36725.31389685242,10709.260608452221,-1.4202529500433317e-19,4.11746137518618,-0.0
3,CC-charge,23,5138.2182075353985,23849.044854225875,4.124046224185393,27.263836618115,27.263836618115,36307.618808538886,11162.716000001206,-1.4202529920346259e-19,4.124046224185393,-0.0
3,CC-charge,24,5210.9454802626715,23921.772126953147,4.130891331217589,27.263836618115,27.263836618115,35889.92372022595,11616.171391550492,-1.4202529903332972e-19,4.130891331217589,-0.0
3,CC-charge,25,5283.672752989944,23994.499399680422,4.138014627875144,27.263836618115,27.263836618115,35472.22863191253,12069.626783099393,-1.4202529891151862e-19,4.138014627875144,-0.0
3,CC-charge,26,5356.4000257172165,24067.226672407694,4.145430192439289,27.263836618115,27.263836618115,35054.53354359934,12523.08217464842,-1.420252991762631e-19,4.145430192439289,-0.0
3,CC-charge,27,5429.1272984444895,24139.953945134966,4.153149205639319,27.263836618115,27.263836618115,34636.83845528647,12976.537566197028,-1.4202529811825345e-19,4.153149205639319,-0.0
3,CC-charge,28,5501.854571171762,24212.68121786224,4.161182638750252,27.263836618115,27.263836618115,34219.14336697328,13429.992957745746,-1.4202529806439954e-19,4.161182638750252,-0.0
3,CC-charge,29,5574.581843899035,24285.40849058951,4.169534955996382,27.263836618115,27.263836618115,33801.44827865991,13883.448349294758,-1.4202531315675746e-19,4.169534955996382,-0.0
3,CC-charge,30,5647.3091166263075,24358.135763316786,4.178214284022633,27.263836618115,27.263836618115,33383.75319034611,14336.903740843642,-1.4202531509727526e-19,4.178214284022633,-0.0
3,CC-charge,31,5720.0363893535805,24430.86303604406,4.1872271139024315,27.263836618115,27.263836618115,32966.05810203261,14790.359132392452,-1.4202530948420223e-19,4.1872271139024315,-0.0
3,CC-charge,32,5792.7636620808535,24503.59030877133,4.19658024037846,27.263836618115,27.263836618115,32548.363013719136,15243.81452394144,-1.4202531744724657e-19,4.19658024037846,-0.0
3,CC-charge,33,5818.618317009433,24529.44496369991,4.19999,27.263836618115,27.263836618115,32399.87178108086,15405.018598208842,-1.420253174356199e-19,4.19999,-0.0
3,CV-charge,0,5818.618317009433,24529.44496369991,4.200000000000001,27.28871534097265,27.28871534097265,32399.87178108086,15405.018598208842,-1.420253174356199e-19,4.200000000000001,0.0
3,CV-charge,1,5891.345589736706,24602.17223642718,4.2,24.205402620241554,24.205402620241554,31877.974545205707,15900.049782820717,-1.3945412084597672e-19,4.2,-0.0
3,CV-charge,2,5964.072862463978,24674.899509154453,4.199999999999999,22.258379013788836,22.258379013788836,31531.58776788773,16280.14280634368,-1.6603898741726376e-19,4.199999999999999,-0.0
3,CV-charge,3,6036.800135191251,24747.62678188173,4.2,20.558295281728196,20.558295281728196,31213.671893889983,16630.45394710925,-1.8761125677740353e-19,4.2,-0.0
3,CV-charge,4,6109.527407918524,24820.354054609,4.2,19.056572455113688,19.056572455113688,30918.89529995947,16955.070544075388,-1.8873058884104885e-19,4.2,-0.0
3,CV-charge,5,6182.254680645797,24893.081327336273,4.200000000000002,17.723960655101262,17.723960655101262,30644.852543322093,17256.654856841993,-1.9250278739321506e-19,4.200000000000002,-0.0
3,CV-charge,6,6254.981953373069,24965.808600063545,4.2,16.535391106080397,16.535391106080397,30389.296024362866,17537.72461721936,-1.8921393379932723e-19,4.2,-0.0
3,CV-charge,7,6327.709226100342,25038.535872790817,4.2,15.47016285049739,15.47016285049739,30150.29535873868,17800.44012789757,-1.969678949172848e-19,4.2,-0.0
3,CV-charge,8,6400.436498827615,25111.26314551809,4.2,14.511141812912513,14.511141812912513,29926.19089219676,18046.656515822015,-1.9289711306762264e-19,4.2,-0.0
3,CV-charge,9,6473.163771554888,25183.990418245365,4.2,13.644050216335138,13.644050216335138,29715.547333067534,18277.976361577636,-2.0289655690651939e-19,4.2,-0.0
3,CV-charge,10,6545.89104428216,25256.717690972637,4.2,12.856935530150764,12.856935530150764,29517.118117606165,18495.790068130973,-2.0083240364474848e-19,4.2,-0.0
3,CV-charge,11,6618.618317009433,25329.44496369991,4.199999999999999,12.139738176641947,12.139738176641947,29329.815308752,18701.309909171392,-1.9958604762217813e-19,4.199999999999999,-0.0
3,CV-charge,12,6691.345589736706,25402.17223642718,4.200000000000001,11.483896917560665,11.483896917560665,29152.672865162807,18895.611195282585,-1.8374938460357013e-19,4.200000000000001,-0.0
3,CV-charge,13,6764.072862463978,25474.899509154453,4.2,10.881799712480078,10.881799712480078,28984.742803447174,19079.746620746657,-1.815680558901971e-19,4.2,-0.0
3,CV-charge,14,6836.800135191251,25547.62678188173,4.200000000000001,10.32809006222052,10.32809006222052,28825.51408745022,19254.28740454326,-1.8036203633003075e-19,4.200000000000001,-0.0
3,CV-charge,15,6909.527407918524,25620.354054609,4.2,9.81700485304057,9.81700485304057,28674.202446514322,19420.102927773776,-1.7009685668070098e-19,4.2,-0.0
3,CV-charge,16,6982.254680645797,25693.081327336273,4.200000000000001,9.343546298413878,9.343546298413878,28530.089756680183,19577.98820984033,-1.7042439349687568e-19,4.200000000000001,-0.0
3,CV-charge,17,7054.98195337307,25765.808600063545,4.199999999999999,8.904172690764868,8.904172690764868,28392.775369937222,19728.388942735703,-1.703856810172362e-19,4.199999999999999,-0.0
3,CV-charge,18,7127.709226100342,25838.535872790817,4.2,8.495426934018043,8.495426934018043,28261.7834649641,19871.83242688416,-1.7039940446783815e-19,4.2,-0.0
3,CV-charge,19,7200.436498827615,25911.26314551809,4.2,8.114285185741823,8.114285185741823,28136.685119592265,20008.793595574738,-1.7032852639025878e-19,4.2,-0.0
3,CV-charge,20,7273.163771554888,25983.990418245365,4.2,7.758099126888596,7.758099126888596,28017.092749999316,20139.701349102397,-1.7029841306043149e-19,4.2,-0.0
3,CV-charge,21,7345.89104428216,26056.717690972637,4.199999999999999,7.4245400600707026,7.4245400600707026,27902.655098999483,20264.944163167398,-1.7029932726897273e-19,4.199999999999999,-0.0
3,CV-charge,22,7418.618317009433,26129.44496369991,4.200000000000001,7.111553437408437,7.111553437408437,27793.052942360024,20384.874891858006,-1.7030022906354798e-19,4.200000000000001,-0.0
3,CV-charge,23,7491.345589736706,26202.17223642718,4.200000000000001,6.817324700013045,6.817324700013045,27687.996811699657,20499.81333565459,-1.7029114307990782e-19,4.200000000000001,-0.0
3,CV-charge,24,7564.072862463978,26274.899509154453,4.2,6.540238079227641,6.540238079227641,27587.22057965219,20610.053362367853,-1.7026662483834242e-19,4.2,-0.0
3,CV-charge,25,7636.800135191251,26347.62678188173,4.200000000000001,6.278855626502281,6.278855626502281,27490.48079491957,20715.863663822744,-1.7026871824544054e-19,4.200000000000001,-0.0
3,CV-charge,26,7709.527407918524,26420.354054609,4.200000000000001,6.031893383548263,6.031893383548263,27397.553978253763,20817.49077734415,-1.7026172278888375e-19,4.200000000000001,-0.0
3,CV-charge,27,7782.254680645797,26493.081327336273,4.199999999999999,5.7982018373451805,5.7982018373451805,27308.2345236779,20915.161423399353,-1.7009046173506537e-19,4.199999999999999,-0.0
3,CV-charge,28,7854.98195337307,26565.808600063545,4.199999999999999,5.57674922643735,5.57674922643735,27222.332862670508,21009.08455025951,-1.702294564034508e-19,4.199999999999999,-0.0
3,CV-charge,29,7927.709226100342,26638.535872790817,4.2,5.366607229121391,5.366607229121391,27139.67385194039,21099.45312845168,-1.7019061045533574e-19,4.2,-0.0
3,CV-charge,30,8000.436498827615,26711.26314551809,4.200000000000001,5.166938652752523,5.166938652752523,27060.09535359175,21186.445730139265,-1.7001536441530672e-19,4.200000000000001,-0.0
3,CV-charge,31,8073.163771554888,26783.990418245365,4.200000000000001,4.976986809971061,4.976986809971061,26983.446981232726,21270.227923122562,-1.6979477610425044e-19,4.200000000000001,-0.0
3,CV-charge,32,8145.89104428216,26856.717690972637,4.2,4.796066322006196,4.796066322006196,26909.588989689582,21350.953504512454,-1.6965246863062453e-19,4.2,-0.0
3,CV-charge,33,8218.618317009434,26929.44496369991,4.199999999999999,4.623555133270623,4.623555133270623,26838.39128936542,21428.765595343983,-1.6964035718182458e-19,4.199999999999999,-0.0
3,CV-charge,34,8291.345589736706,27002.17223642718,4.2,4.4588875574331555,4.4588875574331555,26769.73256910089,21503.79761419537,-1.6945685510485414e-19,4.2,-0.0
3,CV-charge,35,8364.072862463978,27074.899509154453,4.200000000000001,4.3015482046151705,4.3015482046151705,26703.499513758907,21576.17414526716,-1.6932923558862248e-19,4.200000000000001,-0.0
3,CV-charge,36,8436.800135191252,27147.62678188173,4.199999999999999,4.151066663571346,4.151066663571346,26639.586104730985,21646.01171409299,-1.693761642696242e-19,4.199999999999999,-0.0
3,CV-charge,37,8509.527407918524,27220.354054609,4.200000000000002,4.007012832652393,4.007012832652393,26577.892993223402,21713.419482246485,-1.694646269413128e-19,4.200000000000002,-0.0
3,CV-charge,38,8582.254680645798,27293.081327336273,4.2,3.868992809878044,3.868992809878044,26518.326937581875,21778.49987079488,-1.6941728328879606e-19,4.2,-0.0
3,CV-charge,39,8654.98195337307,27365.808600063545,4.199999999999999,3.7366452661944547,3.7366452661944547,26460.800297120124,21841.34912092978,-1.6949287650495855e-19,4.199999999999999,-0.0
3,CV-charge,40,8727.709226100342,27438.535872790817,4.199999999999999,3.6096382373848,3.6096382373848,26405.230575904843,21902.05779906682,-1.694829023732353e-19,4.199999999999999,-0.0
3,CV-charge,41,8800.436498827614,27511.26314551809,4.200000000000001,3.4876662796785456,3.4876662796785456,26351.540010826422,21960.71125275682,-1.693907437188573e-19,4.200000000000001,-0.0
3,CV-charge,42,8873.163771554888,27583.990418245365,4.199999999999999,3.3704479421160656,3.3704479421160656,26299.6551990105,22017.390022907482,-1.692903354187631e-19,4.199999999999999,-0.0
3,CV-charge,43,8945.89104428216,27656.717690972637,4.2,3.257723515445487,3.257723515445487,26249.506760255117,22072.170217135143,-1.6925070316445812e-19,4.2,-0.0
3,CV-charge,44,9018.618317009434,27729.44496369991,4.199999999999999,3.1492530230336087,3.1492530230336087,26201.02903072234,22125.123848436517,-1.6918408995697383e-19,4.199999999999999,-0.0
3,CV-charge,45,9091.345589736706,27802.17223642718,4.2,3.044814424064995,3.044814424064995,26154.15978457402,22176.31914287624,-1.691719963495546e-19,4.2,-0.0
3,CV-charge,46,9164.072862463978,27874.899509154457,4.200000000000001,2.9442020033703087,2.9442020033703087,26108.839980641853,22225.820819526605,-1.6910072959670633e-19,4.200000000000001,-0.0
3,CV-charge,47,9236.800135191252,27947.62678188173,4.200000000000001,2.847224925718331,2.847224925718331,26065.013531569926,22273.690345502568,-1.6905771391321758e-19,4.200000000000001,-0.0
3,CV-charge,48,9309.527407918524,28020.354054609,4.2,2.7537059353238935,2.7537059353238935,26022.627093165956,22319.986168607866,-1.690600220701745e-19,4.2,-0.0
3,CV-charge,49,9331.31439081842,28042.141037508896,4.200000000000001,2.7263936618115,2.7263936618115,26010.22680967097,22333.530001119307,-1.6906635669489937e-19,4.200000000000001,-0.0
4,CC-discharge,0,0.0,28042.141037508896,3.855149757681711,-27.263836618115,-27.263836618115,26010.22680967097,22333.530001119307,-1.6906635669489937e-19,3.855149757681711,0.0
4,CC-discharge,1,72.72727272727273,28114.86831023617,3.8311452279391793,-27.263836618115,-27.263836618115,26575.346562862702,21799.03007830156,-1.6906634752469706e-19,3.8311452279391793,0.5507845781437374
4,CC-discharge,2,145.45454545454547,28187.59558296344,3.8149133123989962,-27.263836618115,-27.263836618115,26994.934454274207,21345.55016064402,-1.6906634110135268e-19,3.8149133123989962,1.1015691562874748
4,CC-discharge,3,218.1818181818182,28260.322855690716,3.7997719565668358,-27.263836618115,-27.263836618115,27412.660959894263,20892.094819042977,-1.690663422052395e-19,3.7997719565668358,1.652353734431212
4,CC-discharge,4,290.90909090909093,28333.050128417988,3.7854573975438464,-27.263836618115,-27.263836618115,27830.35847784373,20438.63942822835,-1.690663441936683e-19,3.7854573975438464,2.2031383125749495
4,CC-discharge,5,363.6363636363637,28405.77740114526,3.7718099444079467,-27.263836618115,-27.263836618115,28248.05375487769,19985.18403669043,-1.690663428791273e-19,3.7718099444079467,2.753922890718687
4,CC-discharge,6,436.3636363636364,28478.504673872532,3.758724091049645,-27.263836618115,-27.263836618115,28665.748857920316,19531.728645141,-1.6906634323193738e-19,3.758724091049645,3.304707468862424
4,CC-discharge,7,509.0909090909091,28551.231946599804,3.7461070419944367,-27.263836618115,-27.263836618115,29083.44394738902,19078.273253592084,-1.6906634310315158e-19,3.7461070419944367,3.8554920470061615
4,CC-discharge,8,581.8181818181819,28623.959219327076,3.7339025065041116,-27.263836618115,-27.263836618115,29501.139035793047,18624.817862042884,-1.6906634324075982e-19,3.7339025065041116,4.406276625149899
4,CC-discharge,9,654.5454545454546,28696.686492054352,3.7220635515192684,-27.263836618115,-27.263836618115,29918.834124113186,18171.362470493394,-1.6906634331146627e-19,3.7220635515192684,4.9570612032936365
4,CC-discharge,10,727.2727272727274,28769.413764781624,3.7105542191241776,-27.263836618115,-27.263836618115,30336.529212426885,17717.90707894386,-1.6906634282746116e-19,3.7105542191241776,5.507845781437374
4,CC-discharge,11,800.0000000000001,28842.141037508896,3.699346713882713,-27.263836618115,-27.263836618115,30754.224300739697,17264.45168739432,-1.6906634237218622e-19,3.699346713882713,6.0586303595811115
4,CC-discharge,12,872.7272727272727,28914.86831023617,3.6884193352012664,-27.263836618115,-27.263836618115,31171.919389052193,16810.996295845227,-1.6906634211972656e-19,3.6884193352012664,6.609414937724848
4,CC-discharge,13,945.4545454545455,28987.59558296344,3.677754924663453,-27.263836618115,-27.263836618115,31589.614477365172,16357.540904296342,-1.6906634214593363e-19,3.677754924663453,7.160199515868586
4,CC-discharge,14,1018.1818181818182,29060.322855690716,3.66733967247834,-27.263836618115,-27.263836618115,32007.309565677668,15904.085512746526,-1.6906634168078582e-19,3.66733967247834,7.710984094012323
4,CC-discharge,15,1090.909090909091,29133.050128417988,3.6571621750843497,-27.263836618115,-27.263836618115,32425.00465399093,15450.63012119693,-1.690663414016709e-19,3.6571621750843497,8.26176867215606
4,CC-discharge,16,1163.6363636363637,29205.77740114526,3.647212666092605,-27.263836618115,-27.263836618115,32842.69974230383,14997.17472964779,-1.690663424910987e-19,3.647212666092605,8.812553250299798
4,CC-discharge,17,1236.3636363636365,29278.504673872532,3.637482363626629,-27.263836618115,-27.263836618115,33260.39483061631,14543.719338098184,-1.6906634279454646e-19,3.637482363626629,9.363337828443536
4,CC-discharge,18,1309.0909090909092,29351.231946599804,3.627962889663156,-27.263836618115,-27.263836618115,33678.089918929494,14090.263946549278,-1.6906634405564739e-19,3.627962889663156,9.914122406587273
4,CC-discharge,19,1381.818181818182,29423.95921932708,3.618645725314236,-27.263836618115,-27.263836618115,34095.78500724239,13636.808554999858,-1.6906634379233446e-19,3.618645725314236,10.46490698473101
4,CC-discharge,20,1454.5454545454547,29496.686492054352,3.6095216706891056,-27.263836618115,-27.263836618115,34513.48009555525,13183.353163450969,-1.6906634422038679e-19,3.6095216706891056,11.015691562874748
4,CC-discharge,21,1527.2727272727275,29569.413764781624,3.600580281047471,-27.263836618115,-27.263836618115,34931.17518386784,12729.897771901631,-1.6906634409300508e-19,3.600580281047471,11.566476141018486
4,CC-discharge,22,1600.0000000000002,29642.141037508896,3.5918092445220013,-27.263836618115,-27.263836618115,35348.87027218049,12276.44238035267,-1.6906634336433488e-19,3.5918092445220013,12.117260719162223
4,CC-discharge,23,1672.727272727273,29714.86831023617,3.583193070566924,-27.263836618115,-27.263836618115,35766.56536049364,11822.986988802882,-1.6906634327794794e-19,3.583193070566924,12.66804529730596
4,CC-discharge,24,1745.4545454545455,29787.59558296344,3.5747150053880508,-27.263836618115,-27.263836618115,36184.26044880634,11369.531597253712,-1.6906634521796467e-19,3.5747150053880508,13.218829875449696
4,CC-discharge,25,1818.1818181818182,29860.322855690716,3.5663514124167617,-27.263836618115,-27.263836618115,36601.955537118934,10916.076205704945,-1.6906634411555666e-19,3.5663514124167617,13.769614453593434
4,CC-discharge,26,1890.909090909091,29933.050128417988,3.558074074354858,-27.263836618115,-27.263836618115,37019.65062543194,10462.620814155507,-1.6906634205674535e-19,3.558074074354858,14.320399031737171
4,CC-discharge,27,1963.6363636363637,30005.77740114526,3.5498477888586764,-27.263836618115,-27.263836618115,37437.34571374465,10009.165422606146,-1.6906637107161728e-19,3.5498477888586764,14.871183609880909
4,CC-discharge,28,2036.3636363636365,30078.504673872532,3.5416285927028217,-27.263836618115,-27.263836618115,37855.040802056974,9555.710031056962,-1.6906638423657963e-19,3.5416285927028217,15.421968188024646
4,CC-discharge,29,2109.0909090909095,30151.231946599804,3.5333614923199694,-27.263836618115,-27.263836618115,38272.73589037013,9102.254639507782,-1.6906639186271587e-19,3.5333614923199694,15.972752766168385
4,CC-discharge,30,2181.818181818182,30223.95921932708,3.524977771907433,-27.263836618115,-27.263836618115,38690.430978682925,8648.799247958637,-1.6906628705708202e-19,3.524977771907433,16.52353734431212
4,CC-discharge,31,2254.545454545455,30296.686492054352,3.5163916782356943,-27.263836618115,-27.263836618115,39108.12606699578,8195.343856409487,-1.6906617969921853e-19,3.5163916782356943,17.07432192245586
4,CC-discharge,32,2327.2727272727275,30369.413764781624,3.5074966542803856,-27.263836618115,-27.263836618115,39525.821155308564,7741.888464860461,-1.690661310634135e-19,3.5074966542803856,17.625106500599596
4,CC-discharge,33,2400.0,30442.141037508896,3.4981586000349747,-27.263836618115,-27.263836618115,39943.51624362123,7288.433073311262,-1.690660846718943e-19,3.4981586000349747,18.175891078743334
4,CC-discharge,34,2472.727272727273,30514.86831023617,3.488213083531888,-27.263836618115,-27.263836618115,40361.21133193418,6834.977681762139,-1.69066178490392e-19,3.488213083531888,18.726675656887075
4,CC-discharge,35,2545.4545454545455,30587.59558296344,3.47745449968996,-27.263836618115,-27.263836618115,40778.90642024686,6381.522290212979,-1.6906615594471619e-19,3.47745449968996,19.277460235030812
4,CC-discharge,36,2618.1818181818185,30660.322855690716,3.465628673462925,-27.263836618115,-27.263836618115,41196.601508559615,5928.066898663893,-1.6906637481727557e-19,3.465628673462925,19.82824481317455
4,CC-discharge,37,2690.909090909091,30733.050128417988,3.452421774083301,-27.263836618115,-27.263836618115,41614.29659687249,5474.611507114829,-1.690661871131898e-19,3.452421774083301,20.379029391318287
4,CC-discharge,38,2763.636363636364,30805.77740114526,3.4374476796970366,-27.263836618115,-27.263836618115,42031.99168518522,5021.156115565742,-1.6906600609194708e-19,3.4374476796970366,20.929813969462025
4,CC-discharge,39,2836.3636363636365,30878.504673872532,3.420233547501751,-27.263836618115,-27.263836618115,42449.68677349811,4567.700724016761,-1.6906584153706532e-19,3.420233547501751,21.480598547605762
4,CC-discharge,40,2909.0909090909095,30951.231946599804,3.4002041116494754,-27.263836618115,-27.263836618115,42867.381861810994,4114.2453324676135,-1.6906583601185463e-19,3.4002041116494754,22.0313831257495
4,CC-discharge,41,2981.818181818182,31023.95921932708,3.3766645786758387,-27.263836618115,-27.263836618115,43285.07695012341,3660.7899409184733,-1.6906601674403623e-19,3.3766645786758387,22.582167703893237
4,CC-discharge,42,3054.545454545455,31096.686492054352,3.3487866164211835,-27.263836618115,-27.263836618115,43702.77203843631,3207.334549369442,-1.6906601215151908e-19,3.3487866164211835,23.132952282036975
4,CC-discharge,43,3127.2727272727275,31169.413764781624,3.3155924030064314,-27.263836618115,-27.263836618115,44120.46712675001,2753.8791578204027,-1.6906544194749602e-19,3.3155924030064314,23.683736860180712
4,CC-discharge,44,3200.0000000000005,31242.141037508896,3.2759292513176446,-27.263836618115,-27.263836618115,44538.1622150626,2300.4237662713163,-1.69065522384486e-19,3.2759292513176446,24.23452143832445
4,CC-discharge,45,3272.727272727273,31314.86831023617,3.2283399013683987,-27.263836618115,-27.263836618115,44955.857303375145,1846.9683747222953,-1.6906568863903568e-19,3.2283399013683987,24.785306016468187
4,CC-discharge,46,3345.454545454546,31387.59558296344,3.1702012097167245,-27.263836618115,-27.263836618115,45373.5523916877,1393.5129831732688,-1.6906565529943765e-19,3.1702012097167245,25.336090594611925
4,CC-discharge,47,3418.1818181818185,31460.322855690716,3.0910645653479314,-27.263836618115,-27.263836618115,45791.24748000034,940.0575916242265,-1.6906603198073817e-19,3.0910645653479314,25.886875172755662
4,CC-discharge,48,3464.401963447038,31506.543000955935,3.00001,-27.263836618115,-27.263836618115,46056.703985302796,651.8744481796946,-1.6906612527550262e-19,3.00001,26.236913641915795
4,CC-charge,0,3464.401963447038,31506.543000955935,3.7159967984679096,27.263836618115,27.263836618115,46056.703985302796,651.8744481796946,-1.6906612527550262e-19,3.7159967984679096,0.0
4,CC-charge,1,3537.1292361743103,31579.270273683207,3.8208444936112977,27.263836618115,27.263836618115,45491.58903273239,1186.3720245786578,-1.6906589983163194e-19,3.8208444936112977,-0.0
4,CC-charge,2,3609.8565089015833,31651.99754641048,3.867090025185579,27.263836618115,27.263836618115,45071.999959923625,1639.8542906976663,-1.6906588860227224e-19,3.867090025185579,-0.0
4,CC-charge,3,3682.583781628856,31724.724819137755,3.904465230568035,27.263836618115,27.263836618115,44654.267700276774,2093.3096291252173,-1.6906590506697908e-19,3.904465230568035,-0.0
4,CC-charge,4,3755.311054356129,31797.452091865027,3.9356939534038524,27.263836618115,27.263836618115,44236.57211739879,2546.7650210624074,-1.6906563218298121e-19,3.9356939534038524,-0.0
4,CC-charge,5,3828.0383270834013,31870.1793645923,3.9617048626966334,27.263836618115,27.263836618115,43818.87702404397,3000.2204126067727,-1.6906555690466672e-19,3.9617048626966334,-0.0
4,CC-charge,6,3900.7655998106743,31942.90663731957,3.9832700558297884,27.263836618115,27.263836618115,43401.18193579431,3453.6758041558496,-1.6906549808014212e-19,3.9832700558297884,-0.0
4,CC-charge,7,3973.492872537947,32015.633910046843,4.001130968255901,27.263836618115,27.263836618115,42983.486847481734,3907.1311957049015,-1.690654869505678e-19,4.001130968255901,-0.0
4,CC-charge,8,4046.22014526522,32088.361182774115,4.015971333207717,27.263836618115,27.263836618115,42565.79175916748,4360.586587253782,-1.6906569097913585e-19,4.015971333207717,-0.0
4,CC-charge,9,4118.947417992493,32161.08845550139,4.028394521758419,27.263836618115,27.263836618115,42148.09667085477,4814.041978802729,-1.6906580004285975e-19,4.028394521758419,-0.0
4,CC-charge,10,4191.674690719765,32233.815728228663,4.038916737415774,27.263836618115,27.263836618115,41730.40158254141,5267.497370351646,-1.690657411095554e-19,4.038916737415774,-0.0
4,CC-charge,11,4264.401963447038,32306.543000955935,4.047970908390466,27.263836618115,27.263836618115,41312.70649422846,5720.952761900712,-1.6906575642527693e-19,4.047970908390466,-0.0
4,CC-charge,12,4337.129236174311,32379.270273683207,4.055914332788477,27.263836618115,27.263836618115,40895.01140591505,6174.40815344976,-1.6906581471088412e-19,4.055914332788477,-0.0
4,CC-charge,13,4409.856508901583,32451.99754641048,4.063039451091829,27.263836618115,27.263836618115,40477.31631760185,6627.863544998489,-1.6906573774225037e-19,4.063039451091829,-0.0
4,CC-charge,14,4482.583781628856,32524.724819137755,4.069583506395599,27.263836618115,27.263836618115,40059.62122928848,7081.318936547577,-1.6906572609028226e-19,4.069583506395599,-0.0
4,CC-charge,15,4555.311054356129,32597.452091865027,4.07573783402187,27.263836618115,27.263836618115,39641.92614097537,7534.774328096564,-1.6906581011363137e-19,4.07573783402187,-0.0
4,CC-charge,16,4628.038327083402,32670.1793645923,4.08165584582243,27.263836618115,27.263836618115,39224.23105266207,7988.2297196454965,-1.690658315775935e-19,4.08165584582243,-0.0
4,CC-charge,17,4700.765599810675,32742.90663731957,4.087460503136783,27.263836618115,27.263836618115,38806.53596434899,8441.685111194382,-1.69065845132481e-19,4.087460503136783,-0.0
4,CC-charge,18,4773.492872537947,32815.63391004685,4.093249068401776,27.263836618115,27.263836618115,38388.84087603567,8895.140502743194,-1.6906582627419144e-19,4.093249068401776,-0.0
4,CC-charge,19,4846.22014526522,32888.36118277412,4.099099020714695,27.263836618115,27.263836618115,37971.14578772242,9348.595894291997,-1.6906582713750677e-19,4.099099020714695,-0.0
4,CC-charge,20,4918.947417992493,32961.08845550139,4.105071332914893,27.263836618115,27.263836618115,37553.45069940906,9802.051285840877,-1.690658218061673e-19,4.105071332914893,-0.0
4,CC-charge,21,4991.674690719765,33033.81572822866,4.111213692645426,27.263836618115,27.263836618115,37135.75561109597,10255.506677389663,-1.6906582198981111e-19,4.111213692645426,-0.0
4,CC-charge,22,5064.401963447038,33106.543000955935,4.117564784285383,27.263836618115,27.263836618115,36718.06052278238,10708.962068938765,-1.6906582311861447e-19,4.117564784285383,-0.0
4,CC-charge,23,5137.129236174311,33179.27027368321,4.124153244241606,27.263836618115,27.263836618115,36300.3654344691,11162.417460487566,-1.6906582338241362e-19,4.124153244241606,-0.0
4,CC-charge,24,5209.856508901583,33251.99754641048,4.1310019992689995,27.263836618115,27.263836618115,35882.670346156076,11615.872852036426,-1.6906582327195528e-19,4.1310019992689995,-0.0
4,CC-charge,25,5282.583781628856,33324.72481913775,4.138128982276009,27.263836618115,27.263836618115,35464.97525784295,12069.32824358539,-1.6906582316351888e-19,4.138128982276009,-0.0
4,CC-charge,26,5355.311054356129,33397.45209186502,4.145548273894956,27.263836618115,27.263836618115,35047.280169529506,12522.783635133928,-1.6906582194488947e-19,4.145548273894956,-0.0
4,CC-charge,27,5428.038327083402,33470.179364592295,4.153271058690907,27.263836618115,27.263836618115,34629.58508121659,12976.23902668285,-1.690658235284066e-19,4.153271058690907,-0.0
4,CC-charge,28,5500.765599810675,33542.906637319575,4.161308313210765,27.263836618115,27.263836618115,34211.88999290307,13429.694418232033,-1.6906582302294287e-19,4.161308313210765,-0.0
4,CC-charge,29,5573.492872537947,33615.63391004685,4.169664510798146,27.263836618115,27.263836618115,33794.19490458943,13883.149809780845,-1.6906582849452053e-19,4.169664510798146,-0.0
4,CC-charge,30,5646.22014526522,33688.36118277412,4.178347788773961,27.263836618115,27.263836618115,33376.49981627602,14336.605201329625,-1.6906583413413107e-19,4.178347788773961,-0.0
4,CC-charge,31,5718.947417992493,33761.08845550139,4.187364652999804,27.263836618115,27.263836618115,32958.80472796261,14790.060592878266,-1.690658088078837e-19,4.187364652999804,-0.0
4,CC-charge,32,5791.674690719765,33833.81572822866,4.196721917769834,27.263836618115,27.263836618115,32541.109639649236,15243.515984427053,-1.6906582047522613e-19,4.196721917769834,-0.0
4,CC-charge,33,5816.456249261116,33858.59728677001,4.199990000000001,27.263836618115,27.263836618115,32398.78152950154,15398.029290235929,-1.6906582029232802e-19,4.199990000000001,-0.0
4,CV-charge,0,5816.456249261116,33858.59728677001,4.2,27.288508491411072,27.288508491411072,32398.78152950154,15398.029290235929,-1.6906582029232802e-19,4.2,0.0
4,CV-charge,1,5889.183521988389,33931.32455949728,4.2,24.205438149502935,24.205438149502935,31876.8852392382,15893.059464438182,-1.522006739863739e-19,4.2,-0.0
4,CV-charge,2,5961.910794715661,34004.051832224555,4.199999999999999,22.258563326330805,22.258563326330805,31530.49584848624,16273.15489536081,-1.4979685087083112e-19,4.199999999999999,-0.0
4,CV-charge,3,6034.638067442934,34076.77910495183,4.200000000000001,20.558579746465824,20.558579746465824,31212.57543287763,16623.470601885732,-1.3545248816646866e-19,4.200000000000001,-0.0
4,CV-charge,4,6107.365340170207,34149.5063776791,4.199999999999999,19.056923887326285,19.056923887326285,30917.793497972572,16948.092773942895,-1.3279670576931708e-19,4.199999999999999,-0.0
4,CV-charge,5,6180.09261289748,34222.23365040637,4.199999999999999,17.72435341416002,17.72435341416002,30643.744681961907,17249.68352539112,-1.420592057509947e-19,4.199999999999999,-0.0
4,CV-charge,6,6252.819885624752,34294.96092313365,4.200000000000001,16.5358066885492,16.5358066885492,30388.181739833908,17530.760178475753,-1.4785762208769271e-19,4.200000000000001,-0.0
4,CV-charge,7,6325.547158352025,34367.68819586092,4.200000000000001,15.470587582719197,15.470587582719197,30149.17449220485,17793.482798156965,-1.4859268802833016e-19,4.200000000000001,-0.0
4,CV-charge,8,6398.274431079298,34440.415468588195,4.2,14.511565775815935,14.511565775815935,29925.063446654192,18039.706323860737,-1.4940746894466952e-19,4.2,-0.0
4,CV-charge,9,6471.001703806571,34513.14274131547,4.199999999999999,13.644466116491778,13.644466116491778,29714.413424391514,18271.033205076797,-1.4695562298684598e-19,4.199999999999999,-0.0
4,CV-charge,10,6543.728976533843,34585.87001404274,4.2,12.857338001203548,12.857338001203548,29515.97792952411,18488.853765137228,-1.6210764584093217e-19,4.2,-0.0
4,CV-charge,11,6616.456249261116,34658.59728677001,4.2,12.140123400162645,12.140123400162645,29328.66910210684,18694.380188687395,-1.6448938921651047e-19,4.2,-0.0
4,CV-charge,12,6689.183521988389,34731.32455949728,4.2,11.48426219158045,11.48426219158045,29151.520942528343,18888.687737703345,-1.4506918702160153e-19,4.2,-0.0
4,CV-charge,13,6761.910794715661,34804.051832224555,4.200000000000001,10.882548802141036,10.882548802141036,28983.70042131256,19072.703009180135,-1.506348090893242e-19,4.200000000000001,-0.0
4,CV-charge,14,6834.638067442934,34876.77910495183,4.200000000000001,10.32878445120944,10.32878445120944,28824.46094334403,19247.255707101154,-1.634312934129509e-19,4.200000000000001,-0.0
4,CV-charge,15,6907.365340170207,34949.5063776791,4.2,9.81723575364252,9.81723575364252,28673.015698108793,19413.21776767516,-1.633937118455811e-19,4.2,-0.0
4,CV-charge,16,6980.09261289748,35022.23365040637,4.199999999999999,9.343757245159235,9.343757245159235,28528.899632955567,19571.106680641235,-1.6328043305526316e-19,4.199999999999999,-0.0
4,CV-charge,17,7052.819885624753,35094.96092313365,4.200000000000001,8.904363619999401,8.904363619999401,28391.58228106651,19721.510694157074,-1.6326521650922496e-19,4.200000000000001,-0.0
4,CV-charge,18,7125.547158352025,35167.68819586092,4.200000000000001,8.495597390816572,8.495597390816572,28260.587722448083,19864.95711965528,-1.632809875251436e-19,4.200000000000001,-0.0
4,CV-charge,19,7198.274431079298,35240.415468588195,4.2,8.114434936091364,8.114434936091364,28135.487041804532,20001.920884968145,-1.6327261090144613e-19,4.2,-0.0
4,CV-charge,20,7271.001703806571,35313.14274131547,4.2,7.7582280943017,7.7582280943017,28015.892656413955,20132.830888626304,-1.6319585604386202e-19,4.2,-0.0
4,CV-charge,21,7343.728976533843,35385.87001404274,4.2,7.424648289893416,7.424648289893416,27901.453308391672,20258.075606702205,-1.6318475522155696e-19,4.2,-0.0
4,CV-charge,22,7416.456249261116,35458.59728677001,4.2,7.111641068815772,7.111641068815772,27791.849771327317,20378.00789534506,-1.631796837320557e-19,4.2,-0.0
4,CV-charge,23,7489.183521988389,35531.32455949728,4.2,6.817391925461818,6.817391925461818,27686.792566695258,20492.947565952116,-1.6315221262724145e-19,4.2,-0.0
4,CV-charge,24,7561.910794715661,35604.051832224555,4.200000000000001,6.5402851658718495,6.5402851658718495,27586.015569783973,20603.18848309201,-1.6313144910554863e-19,4.200000000000001,-0.0
4,CV-charge,25,7634.638067442934,35676.77910495183,4.2,6.278882883905124,6.278882883905124,27489.27532472607,20708.99934347251,-1.6311254827781657e-19,4.2,-0.0
4,CV-charge,26,7707.365340170207,35749.5063776791,4.2,6.031901153009398,6.031901153009398,27396.348347091967,20810.626689939847,-1.6309414074551886e-19,4.2,-0.0
4,CV-charge,27,7780.09261289748,35822.23365040637,4.2,5.798190483819991,5.798190483819991,27307.02902535325,20908.29724891227,-1.6353578484369596e-19,4.2,-0.0
4,CV-charge,28,7852.819885624753,35894.96092313365,4.199999999999999,5.576719132241239,5.576719132241239,27221.127785159428,21002.219974933978,-1.6323155187456955e-19,4.199999999999999,-0.0
4,CV-charge,29,7925.547158352025,35967.68819586092,4.2,5.366558789062944,5.366558789062944,27138.46947719096,21092.587845036374,-1.6337269604134774e-19,4.2,-0.0
4,CV-charge,30,7998.274431079298,36040.415468588195,4.2,5.166872270381898,5.166872270381898,27058.891957381777,21179.57943805158,-1.6355705208443528e-19,4.2,-0.0
4,CV-charge,31,8071.001703806571,36113.14274131547,4.199999999999999,4.976902894725095,4.976902894725095,26982.244833075998,21263.360328560826,-1.6340212413255704e-19,4.199999999999999,-0.0
4,CV-charge,32,8143.728976533843,36185.87001404274,4.2,4.795965287054307,4.795965287054307,26908.38835277568,21344.084320528495,-1.6348607624628177e-19,4.2,-0.0
4,CV-charge,33,8216.456249261115,36258.59728677001,4.199999999999998,4.623437393911204,4.623437393911204,26837.192420522922,21421.89454188536,-1.6329664173457117e-19,4.199999999999998,-0.0
4,CV-charge,34,8289.183521988389,36331.32455949728,4.2,4.4587535299337935,4.4587535299337935,26768.535718781044,21496.924418133156,-1.6330938541279678e-19,4.2,-0.0
4,CV-charge,35,8361.91079471566,36404.051832224555,4.200000000000001,4.30139830540242,4.30139830540242,26702.304926033197,21569.298540396743,-1.6336378523703532e-19,4.200000000000001,-0.0
4,CV-charge,36,8434.638067442935,36476.77910495183,4.2,4.15090130868446,4.15090130868446,26638.3940172945,21639.133441131653,-1.6316794711630082e-19,4.2,-0.0
4,CV-charge,37,8507.365340170207,36549.5063776791,4.2,4.006832437413593,4.006832437413593,26576.703637406245,21706.538288822292,-1.631969966272367e-19,4.2,-0.0
4,CV-charge,38,8580.092612897479,36622.23365040637,4.2,3.868797788723954,3.868797788723954,26517.14053836334,21771.615511435713,-1.6329503491348909e-19,4.2,-0.0
4,CV-charge,39,8652.819885624753,36694.96092313365,4.2,3.7364360326287933,3.7364360326287933,26459.617073141995,21834.461357044383,-1.6329174697544312e-19,4.2,-0.0
4,CV-charge,40,8725.547158352025,36767.68819586092,4.200000000000001,3.609415204022217,3.609415204022217,26404.050739485392,21895.166398932033,-1.6319888911049117e-19,4.200000000000001,-0.0
4,CV-charge,41,8798.274431079299,36840.415468588195,4.2,3.4874298583561516,3.4874298583561516,26350.36376797325,21953.81599150335,-1.6317721833932845e-19,4.2,-0.0
4,CV-charge,42,8871.00170380657,36913.14274131547,4.2,3.3701985440438884,3.3701985440438884,26298.482749430514,22010.490682508633,-1.631861426446972e-19,4.2,-0.0
4,CV-charge,43,8943.728976533843,36985.87001404274,4.199999999999999,3.2574615513796386,3.2574615513796386,26248.338297359813,22065.266586398404,-1.6324888758575697e-19,4.199999999999999,-0.0
4,CV-charge,44,9016.456249261117,37058.59728677001,4.2,3.1489789034716904,3.1489789034716904,26199.86474163629,22118.215722995898,-1.6324808531231633e-19,4.2,-0.0
4,CV-charge,45,9089.183521988389,37131.32455949728,4.2,3.044528559421173,3.044528559421173,26152.999850132805,22169.406325194275,-1.6331863164146408e-19,4.2,-0.0
4,CV-charge,46,9161.910794715663,37204.051832224555,4.2,2.9439048041558253,2.9439048041558253,26107.684575392417,22218.903118892402,-1.6338773634168915e-19,4.2,-0.0
4,CV-charge,47,9234.638067442935,37276.77910495183,4.199999999999999,2.8469168026929874,2.8469168026929874,26063.86282376742,22266.767578032835,-1.63330286804507e-19,4.199999999999999,-0.0
4,CV-charge,48,9307.365340170207,37349.5063776791,4.200000000000001,2.7533872996221618,2.7533872996221618,26021.481244767772,22313.05815725928,-1.6332654318781468e-19,4.200000000000001,-0.0
4,CV-charge,49,9328.894640109444,37371.03567761834,4.200000000000001,2.7263936618114997,2.7263936618114997,26009.228501452966,22326.44086253671,-1.6332697524155705e-19,4.200000000000001,-0.0
5,CC-discharge,0,0.0,37371.03567761834,3.8551719595603084,-27.263836618115,-27.263836618115,26009.228501452966,22326.44086253671,-1.6332697524155705e-19,3.8551719595603084,0.0
5,CC-discharge,1,72.72727272727273,37443.76295034561,3.831161462779072,-27.263836618115,-27.263836618115,26574.348248346098,21791.94094922978,-1.6332697329329715e-19,3.831161462779072,0.5507845781437374
5,CC-discharge,2,145.45454545454547,37516.490223072884,3.8149262874349446,-27.263836618115,-27.263836618115,26993.936132660583,21338.461022127773,-1.6332701569211106e-19,3.8149262874349446,1.1015691562874748
5,CC-discharge,3,218.1818181818182,37589.217495800156,3.7997823691724792,-27.263836618115,-27.263836618115,27411.662650339702,20885.005680460832,-1.6332701613971295e-19,3.7997823691724792,1.652353734431212
5,CC-discharge,4,290.90909090909093,37661.94476852743,3.7854657947139256,-27.263836618115,-27.263836618115,27829.360169496897,20431.550289645624,-1.633270123771213e-19,3.7854657947139256,2.2031383125749495
5,CC-discharge,5,363.6363636363637,37734.6720412547,3.7718167192397933,-27.263836618115,-27.263836618115,28247.055446647504,19978.09489810758,-1.6332701395160166e-19,3.7718167192397933,2.753922890718687
5,CC-discharge,6,436.3636363636364,37807.39931398198,3.75872956175683,-27.263836618115,-27.263836618115,28664.75054970161,19524.639506558196,-1.6332701297858574e-19,3.75872956175683,3.304707468862424
5,CC-discharge,7,509.0909090909091,37880.12658670925,3.746111427971829,-27.263836618115,-27.263836618115,29082.445639171365,19071.184115008935,-1.63327013387992e-19,3.746111427971829,3.8554920470061615
5,CC-discharge,8,581.8181818181819,37952.85385943652,3.733905994974864,-27.263836618115,-27.263836618115,29500.140727575446,18617.728723459837,-1.6332701242967064e-19,3.733905994974864,4.406276625149899
5,CC-discharge,9,654.5454545454546,38025.581132163796,3.7220662919704854,-27.263836618115,-27.263836618115,29917.83581589623,18164.273331910776,-1.633270135400157e-19,3.7220662919704854,4.9570612032936365
5,CC-discharge,10,727.2727272727274,38098.30840489107,3.710556331559199,-27.263836618115,-27.263836618115,30335.530904209547,17710.817940362303,-1.6332701277903667e-19,3.710556331559199,5.507845781437374
5,CC-discharge,11,800.0000000000001,38171.03567761834,3.6993482946374616,-27.263836618115,-27.263836618115,30753.22599252256,17257.362548812616,-1.6332701359040498e-19,3.6993482946374616,6.0586303595811115
5,CC-discharge,12,872.7272727272727,38243.76295034561,3.6884204609852844,-27.263836618115,-27.263836618115,31170.92108083478,16803.907157263206,-1.6332701357480781e-19,3.6884204609852844,6.609414937724848
5,CC-discharge,13,945.4545454545455,38316.490223072884,3.6777556552475414,-27.263836618115,-27.263836618115,31588.616169147408,16350.4517657142,-1.633270117492754e-19,3.6777556552475414,7.160199515868586
5,CC-discharge,14,1018.1818181818182,38389.217495800156,3.667340052295003,-27.263836618115,-27.263836618115,32006.31125745995,15896.996374165126,-1.633270102936665e-19,3.667340052295003,7.710984094012323
5,CC-discharge,15,1090.909090909091,38461.94476852743,3.657162233893515,-27.263836618115,-27.263836618115,32424.006345773163,15443.540982615692,-1.6332701027451038e-19,3.657162233893515,8.26176867215606
5,CC-discharge,16,1163.6363636363637,38534.6720412547,3.647212418787184,-27.263836618115,-27.263836618115,32841.7014340864,14990.085591066532,-1.6332701133392741e-19,3.647212418787184,8.812553250299798
5,CC-discharge,17,1236.3636363636365,38607.39931398198,3.6374818091864087,-27.263836618115,-27.263836618115,33259.39652239922,14536.630199517176,-1.6332701003439665e-19,3.6374818091864087,9.363337828443536
5,CC-discharge,18,1309.0909090909092,38680.12658670925,3.6279620092092757,-27.263836618115,-27.263836618115,33677.09161071153,14083.174807967394,-1.6332700959454526e-19,3.6279620092092757,9.914122406587273
5,CC-discharge,19,1381.818181818182,38752.85385943652,3.6186444791629895,-27.263836618115,-27.263836618115,34094.78669902453,13629.71941641795,-1.6332700849196727e-19,3.6186444791629895,10.46490698473101
5,CC-discharge,20,1454.5454545454547,38825.581132163796,3.6095199942490295,-27.263836618115,-27.263836618115,34512.48178733762,13176.264024868533,-1.6332700853403858e-19,3.6095199942490295,11.015691562874748
5,CC-discharge,21,1527.2727272727275,38898.30840489107,3.600578079347728,-27.263836618115,-27.263836618115,34930.17687565065,12722.8086333196,-1.6332700820778424e-19,3.600578079347728,11.566476141018486
5,CC-discharge,22,1600.0000000000002,38971.03567761834,3.5918063850632422,-27.263836618115,-27.263836618115,35347.87196396356,12269.353241770685,-1.6332700942295147e-19,3.5918063850632422,12.117260719162223
5,CC-discharge,23,1672.727272727273,39043.76295034561,3.5831893790946,-27.263836618115,-27.263836618115,35765.567052276674,11815.897850221438,-1.6332701069458586e-19,3.5831893790946,12.66804529730596
5,CC-discharge,24,1745.4545454545455,39116.490223072884,3.5747102383120852,-27.263836618115,-27.263836618115,36183.26214058933,11362.44245867208,-1.6332701110166662e-19,3.5747102383120852,13.218829875449696
5,CC-discharge,25,1818.1818181818182,39189.217495800156,3.5663452588413103,-27.263836618115,-27.263836618115,36600.957228902065,10908.987067123115,-1.633270107376304e-19,3.5663452588413103,13.769614453593434
5,CC-discharge,26,1890.909090909091,39261.94476852743,3.558066132165393,-27.263836618115,-27.263836618115,37018.65231721499,10455.53167557401,-1.6332701132668553e-19,3.558066132165393,14.320399031737171
5,CC-discharge,27,1963.6363636363637,39334.6720412547,3.549837541760492,-27.263836618115,-27.263836618115,37436.34740552768,10002.07628402498,-1.633270622374301e-19,3.549837541760492,14.871183609880909
5,CC-discharge,28,2036.3636363636365,39407.39931398198,3.541615380828781,-27.263836618115,-27.263836618115,37854.04249384008,9548.620892475856,-1.6332704330428596e-19,3.541615380828781,15.421968188024646
5,CC-discharge,29,2109.0909090909095,39480.12658670925,3.5333444751013756,-27.263836618115,-27.263836618115,38271.73758215291,9095.16550092666,-1.6332696824296159e-19,3.5333444751013756,15.972752766168385
5,CC-discharge,30,2181.818181818182,39552.85385943652,3.5249558840514243,-27.263836618115,-27.263836618115,38689.43267046557,8641.710109377393,-1.6332694145454407e-19,3.5249558840514243,16.52353734431212
5,CC-discharge,31,2254.545454545455,39625.581132163796,3.5163635741969577,-27.263836618115,-27.263836618115,39107.127758777686,8188.254717828253,-1.6332695390524614e-19,3.5163635741969577,17.07432192245586
5,CC-discharge,32,2327.2727272727275,39698.30840489107,3.5074606326236433,-27.263836618115,-27.263836618115,39524.82284709036,7734.7993262791915,-1.633269421820084e-19,3.5074606326236433,17.625106500599596
5,CC-discharge,33,2400.0,39771.03567761834,3.498112546381953,-27.263836618115,-27.263836618115,39942.51793540313,7281.343934730045,-1.6332691517517427e-19,3.498112546381953,18.175891078743334
5,CC-discharge,34,2472.727272727273,39843.76295034561,3.4881543309160765,-27.263836618115,-27.263836618115,40360.213023715696,6827.888543180925,-1.633269497233089e-19,3.4881543309160765,18.726675656887075
5,CC-discharge,35,2545.4545454545455,39916.490223072884,3.4773797237736184,-27.263836618115,-27.263836618115,40777.9081120285,6374.433151631929,-1.633270103797642e-19,3.4773797237736184,19.277460235030812
5,CC-discharge,36,2618.1818181818185,39989.217495800156,3.4655337420196153,-27.263836618115,-27.263836618115,41195.603200341306,5920.977760082844,-1.6332712255340402e-19,3.4655337420196153,19.82824481317455
5,CC-discharge,37,2690.909090909091,40061.94476852743,3.4523015691442467,-27.263836618115,-27.263836618115,41613.29828865416,5467.522368533901,-1.6332736348133707e-19,3.4523015691442467,20.379029391318287
5,CC-discharge,38,2763.636363636364,40134.6720412547,3.4372958936715254,-27.263836618115,-27.263836618115,42030.993376966515,5014.066976984724,-1.6332703080204844e-19,3.4372958936715254,20.929813969462025
5,CC-discharge,39,2836.3636363636365,40207.39931398198,3.420042455277327,-27.263836618115,-27.263836618115,42448.68846527944,4560.611585435652,-1.6332717965364604e-19,3.420042455277327,21.480598547605762
5,CC-discharge,40,2909.0909090909095,40280.12658670925,3.3999643227589504,-27.263836618115,-27.263836618115,42866.38355359203,4107.156193886549,-1.6332708061166548e-19,3.3999643227589504,22.0313831257495
5,CC-discharge,41,2981.818181818182,40352.85385943652,3.3763648271689974,-27.263836618115,-27.263836618115,43284.07864190517,3653.700802337473,-1.633271022546377e-19,3.3763648271689974,22.582167703893237
5,CC-discharge,42,3054.545454545455,40425.581132163796,3.3484135173168985,-27.263836618115,-27.263836618115,43701.77373021788,3200.2454107883877,-1.6332693247959928e-19,3.3484135173168985,23.132952282036975
5,CC-discharge,43,3127.2727272727275,40498.30840489107,3.3151302619182452,-27.263836618115,-27.263836618115,44119.46881853157,2746.7900192393017,-1.6332666248565148e-19,3.3151302619182452,23.683736860180712
5,CC-discharge,44,3200.0000000000005,40571.03567761834,3.2753593442137996,-27.263836618115,-27.263836618115,44537.16390684406,2293.334627690183,-1.6332669106300807e-19,3.2753593442137996,24.23452143832445
5,CC-discharge,45,3272.727272727273,40643.76295034561,3.227635953744345,-27.263836618115,-27.263836618115,44954.85899515703,1839.8792361410992,-1.6332655725020996e-19,3.227635953744345,24.785306016468187
5,CC-discharge,46,3345.454545454546,40716.490223072884,3.1692988406137106,-27.263836618115,-27.263836618115,45372.55408347049,1386.4238445920078,-1.633269362194821e-19,3.1692988406137106,25.336090594611925
5,CC-discharge,47,3418.1818181818185,40789.217495800156,3.089593798725805,-27.263836618115,-27.263836618115,45790.24917178313,932.9684530429654,-1.6332673573470341e-19,3.089593798725805,25.886875172755662
5,CC-discharge,48,3463.3096237304017,40834.345301348745,3.0000099999999996,-27.263836618115,-27.263836618115,46049.432034237456,651.5960604397185,-1.6332715694358403e-19,3.0000099999999996,26.22864103870306
5,CC-charge,0,3463.3096237304017,40834.345301348745,3.7159641399509464,27.263836618115,27.263836618115,46049.432034237456,651.5960604397185,-1.6332715694358403e-19,3.7159641399509464,0.0
5,CC-charge,1,3536.036896457674,40907.07257407602,3.8208789482034393,27.263836618115,27.263836618115,45484.31708151532,1186.093637025862,-1.6332738569891375e-19,3.8208789482034393,-0.0
5,CC-charge,2,3608.764169184947,40979.79984680329,3.8671292624762743,27.263836618115,27.263836618115,45064.72802147279,1639.5759028128948,-1.6332745242314646e-19,3.8671292624762743,-0.0
5,CC-charge,3,3681.4914419122197,41052.52711953056,3.904506939299901,27.263836618115,27.263836618115,44646.99574942119,2093.031241386463,-1.6332752759502985e-19,3.904506939299901,-0.0
5,CC-charge,4,3754.2187146394926,41125.25439225783,3.9357383339115444,27.263836618115,27.263836618115,44229.30016633646,2546.486633322452,-1.6332743142627403e-19,3.9357383339115444,-0.0
5,CC-charge,5,3826.945987366765,41197.981664985105,3.961752193432038,27.263836618115,27.263836618115,43811.60507297877,2999.9420248668303,-1.6332737864520826e-19,3.961752193432038,-0.0
5,CC-charge,6,3899.673260094038,41270.708937712385,3.9833204890198113,27.263836618115,27.263836618115,43393.90998472908,3453.397416415948,-1.6332723689846788e-19,3.9833204890198113,-0.0
5,CC-charge,7,3972.4005328213107,41343.43621043966,4.00118456942835,27.263836618115,27.263836618115,42976.214896417514,3906.8528079649586,-1.6332727036218276e-19,4.00118456942835,-0.0
5,CC-charge,8,4045.1278055485836,41416.16348316693,4.016028125109139,27.263836618115,27.263836618115,42558.5198081037,4360.30819951392,-1.6332715610809386e-19,4.016028125109139,-0.0
5,CC-charge,9,4117.855078275857,41488.8907558942,4.028454511079216,27.263836618115,27.263836618115,42140.824719790486,4813.763591062911,-1.6332729647324426e-19,4.028454511079216,-0.0
5,CC-charge,10,4190.582351003129,41561.61802862147,4.0389799292161355,27.263836618115,27.263836618115,41723.12963147717,5267.218982611846,-1.6332726609675294e-19,4.0389799292161355,-0.0
5,CC-charge,11,4263.309623730402,41634.345301348745,4.0480373119442135,27.263836618115,27.263836618115,41305.43454316346,5720.674374160747,-1.633272521420897e-19,4.0480373119442135,-0.0
5,CC-charge,12,4336.036896457675,41707.07257407602,4.055983964673093,27.263836618115,27.263836618115,40887.73945484958,6174.129765709795,-1.6332718023928874e-19,4.055983964673093,-0.0
5,CC-charge,13,4408.764169184948,41779.79984680329,4.063112334614717,27.263836618115,27.263836618115,40470.04436653624,6627.58515725885,-1.6332709298229444e-19,4.063112334614717,-0.0
5,CC-charge,14,4481.49144191222,41852.52711953056,4.069659670748101,27.263836618115,27.263836618115,40052.34927822356,7081.040548807649,-1.6332709462054924e-19,4.069659670748101,-0.0
5,CC-charge,15,4554.218714639493,41925.25439225783,4.07581731291237,27.263836618115,27.263836618115,39634.65418991028,7534.4959403565,-1.6332705506639569e-19,4.07581731291237,-0.0
5,CC-charge,16,4626.945987366766,41997.981664985105,4.081738675994718,27.263836618115,27.263836618115,39216.959101596716,7987.9513319055195,-1.633270234046632e-19,4.081738675994718,-0.0
5,CC-charge,17,4699.673260094038,42070.708937712385,4.087546723429046,27.263836618115,27.263836618115,38799.264013283544,8441.40672345433,-1.6332701792203383e-19,4.087546723429046,-0.0
5,CC-charge,18,4772.400532821311,42143.43621043966,4.093338718355585,27.263836618115,27.263836618115,38381.568924969935,8894.862115003176,-1.6332697708941702e-19,4.093338718355585,-0.0
5,CC-charge,19,4845.127805548584,42216.16348316693,4.099192139896627,27.263836618115,27.263836618115,37963.87383665705,9348.317506552055,-1.6332698657893016e-19,4.099192139896627,-0.0
5,CC-charge,20,4917.855078275857,42288.8907558942,4.105167960565737,27.263836618115,27.263836618115,37546.17874834357,9801.772898100948,-1.6332697385308037e-19,4.105167960565737,-0.0
5,CC-charge,21,4990.58235100313,42361.61802862147,4.111313866950514,27.263836618115,27.263836618115,37128.48366003024,10255.228289649971,-1.6332697462034924e-19,4.111313866950514,-0.0
5,CC-charge,22,5063.309623730402,42434.345301348745,4.117668543826494,27.263836618115,27.263836618115,36710.78857171702,10708.683681198841,-1.633269737803658e-19,4.117668543826494,-0.0
5,CC-charge,23,5136.036896457675,42507.07257407602,4.124260626722579,27.263836618115,27.263836618115,36293.09348340426,11162.13907274738,-1.6332697022797562e-19,4.124260626722579,-0.0
5,CC-charge,24,5208.764169184948,42579.79984680329,4.1311130425847375,27.263836618115,27.263836618115,35875.39839509078,11615.594464295722,-1.6332697049997702e-19,4.1311130425847375,-0.0
5,CC-charge,25,5281.49144191222,42652.52711953056,4.138243725469717,27.263836618115,27.263836618115,35457.703306777716,12069.049855844587,-1.6332697194194022e-19,4.138243725469717,-0.0
5,CC-charge,26,5354.218714639493,42725.25439225783,4.145666758245374,27.263836618115,27.263836618115,35040.00821846403,12522.505247393392,-1.6332697244285038e-19,4.145666758245374,-0.0
5,CC-charge,27,5426.945987366766,42797.981664985105,4.1533933292395675,27.263836618115,27.263836618115,34622.3131301509,12975.960638942011,-1.6332697085841822e-19,4.1533933292395675,-0.0
5,CC-charge,28,5499.673260094038,42870.708937712385,4.161434420264137,27.263836618115,27.263836618115,34204.61804183731,13429.41603049075,-1.6332697134930646e-19,4.161434420264137,-0.0
5,CC-charge,29,5572.400532821312,42943.43621043966,4.169794513729708,27.263836618115,27.263836618115,33786.92295352403,13882.87142203964,-1.6332696879185997e-19,4.169794513729708,-0.0
5,CC-charge,30,5645.127805548584,43016.16348316693,4.17848175769757,27.263836618115,27.263836618115,33369.227865210574,14336.326813588521,-1.6332696094565992e-19,4.17848175769757,-0.0
5,CC-charge,31,5717.855078275857,43088.8907558942,4.187502672893241,27.263836618115,27.263836618115,32951.53277689723,14789.782205137171,-1.6332695483740634e-19,4.187502672893241,-0.0
5,CC-charge,32,5790.58235100313,43161.61802862147,4.19686409327996,27.263836618115,27.263836618115,32533.837688584088,15243.237596685825,-1.633269537532585e-19,4.19686409327996,-0.0
5,CC-charge,33,5814.284252118025,43185.31992973637,4.199990000000001,27.263836618115,27.263836618115,32397.710382992635,15391.019225880262,-1.6332695394821039e-19,4.199990000000001,-0.0
5,CV-charge,0,5814.284252118025,43185.31992973637,4.2,27.288413085616355,27.288413085616355,32397.710382992635,15391.019225880262,-1.6332695394821039e-19,4.2,0.0
5,CV-charge,1,5887.011524845298,43258.04720246364,4.199999999999999,24.20556590737427,24.20556590737427,31875.813003398976,15886.050323051037,-1.528794372979305e-19,4.199999999999999,-0.0
5,CV-charge,2,5959.73879757257,43330.77447519091,4.2,22.25882845511437,22.25882845511437,31529.41973399337,16266.149563210596,-1.4257435540186913e-19,4.2,-0.0
5,CV-charge,3,6032.466070299843,43403.501747918184,4.2,20.55893547073682,20.55893547073682,31211.49366575622,16616.471070613134,-1.9364163183050027e-19,4.2,-0.0
5,CV-charge,4,6105.193343027116,43476.229020645456,4.2,19.057338501208598,19.057338501208598,30916.705406973728,16941.099909841672,-1.9108701055074546e-19,4.2,-0.0
5,CV-charge,5,6177.920615754389,43548.95629337273,4.2,17.724802480532315,17.724802480532315,30642.64965564453,17242.698072186355,-1.8499757702015387e-19,4.2,-0.0
5,CV-charge,6,6250.647888481661,43621.68356610001,4.2,16.536272698126474,16.536272698126474,30387.079506529353,17523.7824870709,-1.7960650127187337e-19,4.2,-0.0
5,CV-charge,7,6323.375161208934,43694.41083882728,4.2,15.471057682212855,15.471057682212855,30148.06497210054,17786.51299649885,-1.873906546022144e-19,4.2,-0.0
5,CV-charge,8,6396.102433936207,43767.13811155455,4.2,14.512030730101412,14.512030730101412,29923.946711094,18032.74436440126,-1.845248333493049e-19,4.2,-0.0
5,CV-charge,9,6468.82970666348,43839.865384281824,4.2,13.644919203928533,13.644919203928533,29713.2896486116,18264.078919277174,-1.870673760822666e-19,4.2,-0.0
5,CV-charge,10,6541.556979390752,43912.592657009096,4.199999999999999,12.857774335825367,12.857774335825367,29514.84734892793,18481.906913455095,-1.9251161600770417e-19,4.199999999999999,-0.0
5,CV-charge,11,6614.284252118025,43985.31992973637,4.199999999999999,12.140539570214147,12.140539570214147,29327.532023002375,18687.44044950415,-1.9587681944571322e-19,4.199999999999999,-0.0
5,CV-charge,12,6687.011524845298,44058.04720246364,4.2,11.484655840799968,11.484655840799968,29150.37770751427,18881.754746894872,-1.942609526471929e-19,4.2,-0.0
5,CV-charge,13,6759.738797572571,44130.77447519091,4.2,10.88291832846326,10.88291832846326,28982.551399483516,19065.776371276846,-2.0868451572446496e-19,4.2,-0.0
5,CV-charge,14,6832.466070299843,44203.501747918184,4.200000000000001,10.329128842691997,10.329128842691997,28823.306519407113,19240.335007866972,-2.0084684991673767e-19,4.200000000000001,-0.0
5,CV-charge,15,6905.193343027116,44276.229020645456,4.2,9.817965690114045,9.817965690114045,28671.979854427223,19406.16707618749,-2.0803568385388894e-19,4.2,-0.0
5,CV-charge,16,6977.920615754389,44348.95629337273,4.200000000000001,9.34443186414789,9.34443186414789,28527.853435044624,19564.06748855587,-2.0834542546006987e-19,4.200000000000001,-0.0
5,CV-charge,17,7050.647888481661,44421.68356610001,4.199999999999999,8.904985386061778,8.904985386061778,28390.526446654207,19714.482120371722,-2.0836109298492857e-19,4.199999999999999,-0.0
5,CV-charge,18,7123.375161208934,44494.41083882728,4.200000000000001,8.496169147942153,8.496169147942153,28259.523028336374,19857.938314843115,-2.0830846063019898e-19,4.200000000000001,-0.0
5,CV-charge,19,7196.102433936207,44567.13811155455,4.200000000000001,8.114959321102981,8.114959321102981,28134.41422040647,19994.9110459578,-2.08282201321709e-19,4.200000000000001,-0.0
5,CV-charge,20,7268.82970666348,44639.865384281824,4.199999999999999,7.7587075514848385,7.7587075514848385,28014.812402112544,20125.829254184184,-2.0830882987743982e-19,4.199999999999999,-0.0
5,CV-charge,21,7341.5569793907525,44712.592657009096,4.199999999999999,7.425085085150082,7.425085085150082,27900.36628023446,20251.081454493084,-2.0830871935656288e-19,4.199999999999999,-0.0
5,CV-charge,22,7414.284252118025,44785.31992973637,4.2,7.112037303857625,7.112037303857625,27790.75659559359,20371.020539100555,-2.0831535813084388e-19,4.2,-0.0
5,CV-charge,23,7487.011524845298,44858.04720246364,4.2,6.817749529670841,6.817749529670841,27685.69383130377,20485.966361657633,-2.083180240085596e-19,4.2,-0.0
5,CV-charge,24,7559.738797572571,44930.77447519091,4.200000000000001,6.540605953954893,6.540605953954893,27584.911842400426,20596.2128089247,-2.0833118208219837e-19,4.200000000000001,-0.0
5,CV-charge,25,7632.466070299843,45003.501747918184,4.200000000000001,6.279168545533427,6.279168545533427,27488.167146993077,20702.02860630832,-2.0832030343365735e-19,4.200000000000001,-0.0
5,CV-charge,26,7705.193343027116,45076.229020645456,4.200000000000001,6.032153263579554,6.032153263579554,27395.236236279186,20803.660323459273,-2.0829922527823922e-19,4.200000000000001,-0.0
5,CV-charge,27,7777.920615754389,45148.95629337273,4.199999999999999,5.798410514689044,5.798410514689044,27305.91347597857,20901.33471181156,-2.083740746072895e-19,4.199999999999999,-0.0
5,CV-charge,28,7850.647888481661,45221.68356610001,4.2,5.5769084601077425,5.5769084601077425,27220.009270457576,20995.2607493031,-2.08362317430216e-19,4.2,-0.0
5,CV-charge,29,7923.3751612089345,45294.41083882728,4.200000000000001,5.366718704561547,5.366718704561547,27137.348450449317,21085.631434880437,-2.0800043992358641e-19,4.200000000000001,-0.0
5,CV-charge,30,7996.102433936207,45367.13811155455,4.2,5.16700398593911,5.16700398593911,27057.768853156173,21172.625367952744,-2.0771996354433904e-19,4.2,-0.0
5,CV-charge,31,8068.82970666348,45439.865384281824,4.2,4.977007551726446,4.977007551726446,26981.120068291322,21256.40814245476,-2.074686274241502e-19,4.2,-0.0
5,CV-charge,32,8141.5569793907525,45512.592657009096,4.2,4.796043962385681,4.796043962385681,26907.262327729288,21337.133580601025,-2.0750846533421955e-19,4.2,-0.0
5,CV-charge,33,8214.284252118025,45585.31992973637,4.2,4.62349110591856,4.62349110591856,26836.065519790896,21414.944827565676,-2.0757281073719152e-19,4.2,-0.0
5,CV-charge,34,8287.011524845297,45658.04720246364,4.200000000000001,4.458783243862298,4.458783243862298,26767.40831204578,21489.975325181516,-2.0762625572370623e-19,4.200000000000001,-0.0
5,CV-charge,35,8359.73879757257,45730.77447519091,4.200000000000001,4.3014049383462325,4.3014049383462325,26701.177368828667,21562.34968007907,-2.0752839190926202e-19,4.200000000000001,-0.0
5,CV-charge,36,8432.466070299843,45803.501747918184,4.2,4.150885734107429,4.150885734107429,26637.26665168699,21632.18443946961,-2.074886571010333e-19,4.2,-0.0
5,CV-charge,37,8505.193343027116,45876.229020645456,4.2,4.00679548925688,4.00679548925688,26575.576792604817,21699.588785915737,-2.075228860109652e-19,4.2,-0.0
5,CV-charge,38,8577.920615754389,45948.95629337273,4.2,3.8687402651599627,3.8687402651599627,26516.01453127575,21764.665160844073,-2.0746006826898518e-19,4.2,-0.0
5,CV-charge,39,8650.64788848166,46021.68356610001,4.199999999999999,3.7363586994790507,3.7363586994790507,26458.492208879168,21827.509825235447,-2.0743740184936995e-19,4.199999999999999,-0.0
5,CV-charge,40,8723.375161208935,46094.41083882728,4.200000000000001,3.609318797869186,3.609318797869186,26402.927311815318,21888.213364776988,-2.0750065342927855e-19,4.200000000000001,-0.0
5,CV-charge,41,8796.102433936207,46167.13811155455,4.2,3.4873150893732934,3.4873150893732934,26349.242059730426,21946.861145823943,-2.074993778208033e-19,4.2,-0.0
5,CV-charge,42,8868.82970666348,46239.865384281824,4.200000000000001,3.370066098568056,3.370066098568056,26297.36303288567,22003.533727665817,-2.0753719830933986e-19,4.200000000000001,-0.0
5,CV-charge,43,8941.556979390753,46312.592657009096,4.2,3.2573120942519598,3.2573120942519598,26247.22083455644,22058.307235922042,-2.0755877179133215e-19,4.2,-0.0
5,CV-charge,44,9014.284252118025,46385.31992973637,4.2,3.14881308014676,3.14881308014676,26198.74978468827,22111.253701255115,-2.0749121828303547e-19,4.2,-0.0
5,CV-charge,45,9087.011524845297,46458.04720246364,4.200000000000001,3.044346997887531,3.044346997887531,26151.887641499652,22162.441367092695,-2.074452991050522e-19,4.200000000000001,-0.0
5,CV-charge,46,9159.73879757257,46530.77447519091,4.200000000000001,2.9437081166530294,2.9437081166530294,26106.575348121656,22211.934969598144,-2.0751008485589228e-19,4.200000000000001,-0.0
5,CV-charge,47,9232.466070299843,46603.501747918184,4.200000000000001,2.8467055872593923,2.8467055872593923,26062.75680171578,22259.795992737432,-2.075541802260496e-19,4.200000000000001,-0.0
5,CV-charge,48,9305.193343027116,46676.229020645456,4.2,2.7531621414759706,2.7531621414759706,26020.37864279987,22306.082900952108,-2.075760046312235e-19,4.2,-0.0
5,CV-charge,49,9326.539108355237,46697.57478597358,4.200000000000001,2.7263936618114997,2.7263936618114997,26008.230971259363,22319.350863634707,-2.0758755061909308e-19,4.200000000000001,-0.0
6,CC-discharge,0,0.0,46697.57478597358,3.8551941278286757,-27.263836618115,-27.263836618115,26008.230971259363,22319.350863634707,-2.0758755061909308e-19,3.8551941278286757,0.0
6,CC-discharge,1,72.72727272727273,46770.30205870085,3.831177666720411,-27.263836618115,-27.263836618115,26573.350712417785,21784.85095643493,-2.0758755858321876e-19,3.831177666720411,0.5507845781437374
6,CC-discharge,2,145.45454545454547,46843.02933142812,3.81493923369819,-27.263836618115,-27.263836618115,26992.938589172987,21331.371023311527,-2.0758756447784234e-19,3.81493923369819,1.1015691562874748
6,CC-discharge,3,218.1818181818182,46915.756604155395,3.799792754868315,-27.263836618115,-27.263836618115,27410.665118817793,20877.915681560095,-2.0758756026058298e-19,3.799792754868315,1.652353734431212
6,CC-discharge,4,290.90909090909093,46988.48387688267,3.7854741667202076,-27.263836618115,-27.263836618115,27828.362639176125,20424.46029074406,-2.075875618388886e-19,3.7854741667202076,2.2031383125749495
6,CC-discharge,5,363.6363636363637,47061.21114960994,3.771823470490303,-27.263836618115,-27.263836618115,28246.057916442805,19971.004899205283,-2.075875644197349e-19,3.771823470490303,2.753922890718687
6,CC-discharge,6,436.3636363636364,47133.93842233722,3.758735010354792,-27.263836618115,-27.263836618115,28663.75301950766,19517.54950765644,-2.0758756382504497e-19,3.758735010354792,3.304707468862424
6,CC-discharge,7,509.0909090909091,47206.66569506449,3.74611579314303,-27.263836618115,-27.263836618115,29081.448108978322,19064.09411610707,-2.0758756372418052e-19,3.74611579314303,3.8554920470061615
6,CC-discharge,8,581.8181818181819,47279.39296779176,3.733909463825705,-27.263836618115,-27.263836618115,29499.143197382295,18610.638724557346,-2.07587564197434e-19,3.733909463825705,4.406276625149899
6,CC-discharge,9,654.5454545454546,47352.120240519034,3.722069013880056,-27.263836618115,-27.263836618115,29916.838285702474,18157.183333008135,-2.075875636658719e-19,3.722069013880056,4.9570612032936365
6,CC-discharge,10,727.2727272727274,47424.847513246306,3.710558426427579,-27.263836618115,-27.263836618115,30334.53337401583,17703.727941458765,-2.0758756411068727e-19,3.710558426427579,5.507845781437374
6,CC-discharge,11,800.0000000000001,47497.57478597358,3.69934985869794,-27.263836618115,-27.263836618115,30752.228462328865,17250.27254990951,-2.0758756360699965e-19,3.69934985869794,6.0586303595811115
6,CC-discharge,12,872.7272727272727,47570.30205870085,3.68842157084074,-27.263836618115,-27.263836618115,31169.923550641288,16796.81715836025,-2.0758756268965813e-19,3.68842157084074,6.609414937724848
6,CC-discharge,13,945.4545454545455,47643.02933142812,3.677756370552983,-27.263836618115,-27.263836618115,31587.618638954395,16343.361766810658,-2.0758756286820801e-19,3.677756370552983,7.160199515868586
6,CC-discharge,14,1018.1818181818182,47715.756604155395,3.667340417352178,-27.263836618115,-27.263836618115,32005.313727266992,15889.906375261122,-2.0758756227575614e-19,3.667340417352178,7.710984094012323
6,CC-discharge,15,1090.909090909091,47788.48387688267,3.6571622783096998,-27.263836618115,-27.263836618115,32423.008815579742,15436.450983711926,-2.0758756126304264e-19,3.6571622783096998,8.26176867215606
6,CC-discharge,16,1163.6363636363637,47861.21114960994,3.6472121572725036,-27.263836618115,-27.263836618115,32840.70390389275,14982.995592162739,-2.0758756133172607e-19,3.6472121572725036,8.812553250299798
6,CC-discharge,17,1236.3636363636365,47933.93842233722,3.637481240497781,-27.263836618115,-27.263836618115,33258.39899220548,14529.540200613377,-2.0758756051563056e-19,3.637481240497781,9.363337828443536
6,CC-discharge,18,1309.0909090909092,48006.66569506449,3.6279611141926535,-27.263836618115,-27.263836618115,33676.09408051799,14076.084809063894,-2.0758756281049434e-19,3.6279611141926535,9.914122406587273
6,CC-discharge,19,1381.818181818182,48079.39296779176,3.6186432177922003,-27.263836618115,-27.263836618115,34093.78916883122,13622.629417514843,-2.0758756276246981e-19,3.6186432177922003,10.46490698473101
6,CC-discharge,20,1454.5454545454547,48152.120240519034,3.609518301504205,-27.263836618115,-27.263836618115,34511.48425714439,13169.174025965598,-2.0758756245656191e-19,3.609518301504205,11.015691562874748
6,CC-discharge,21,1527.2727272727275,48224.847513246306,3.600575859720626,-27.263836618115,-27.263836618115,34929.179345457276,12715.718634416484,-2.07587563077735e-19,3.600575859720626,11.566476141018486
6,CC-discharge,22,1600.0000000000002,48297.57478597358,3.591803505379388,-27.263836618115,-27.263836618115,35346.87443377005,12262.263242867333,-2.0758756282576292e-19,3.591803505379388,12.117260719162223
6,CC-discharge,23,1672.727272727273,48370.30205870085,3.5831856642387927,-27.263836618115,-27.263836618115,35764.569522083446,11808.807851318057,-2.0758756144981364e-19,3.5831856642387927,12.66804529730596
6,CC-discharge,24,1745.4545454545455,48443.02933142812,3.5747054436331562,-27.263836618115,-27.263836618115,36182.26461039578,11355.352459768641,-2.07587562310891e-19,3.5747054436331562,13.218829875449696
6,CC-discharge,25,1818.1818181818182,48515.756604155395,3.566339072108915,-27.263836618115,-27.263836618115,36599.95969870854,10901.89706821962,-2.0758756381560853e-19,3.566339072108915,13.769614453593434
6,CC-discharge,26,1890.909090909091,48588.48387688267,3.5580581495927848,-27.263836618115,-27.263836618115,37017.65478702188,10448.44167667043,-2.0758756362942465e-19,3.5580581495927848,14.320399031737171
6,CC-discharge,27,1963.6363636363637,48661.21114960994,3.5498272449638666,-27.263836618115,-27.263836618115,37435.34987533396,9994.986285121255,-2.0758756778247463e-19,3.5498272449638666,14.871183609880909
6,CC-discharge,28,2036.3636363636365,48733.93842233722,3.5416021072883503,-27.263836618115,-27.263836618115,37853.04496364736,9541.530893572122,-2.0758754108779034e-19,3.5416021072883503,15.421968188024646
6,CC-discharge,29,2109.0909090909095,48806.66569506449,3.5333273809572794,-27.263836618115,-27.263836618115,38270.7400519598,9088.075502023024,-2.0758749630460354e-19,3.5333273809572794,15.972752766168385
6,CC-discharge,30,2181.818181818182,48879.39296779176,3.5249338999047786,-27.263836618115,-27.263836618115,38688.435140272515,8634.620110473765,-2.0758750238555943e-19,3.5249338999047786,16.52353734431212
6,CC-discharge,31,2254.545454545455,48952.120240519034,3.5163353493896716,-27.263836618115,-27.263836618115,39106.13022858538,8181.16471892479,-2.0758746592782506e-19,3.5163353493896716,17.07432192245586
6,CC-discharge,32,2327.2727272727275,49024.847513246306,3.507424459378994,-27.263836618115,-27.263836618115,39523.825316898074,7727.709327375431,-2.0758751073388827e-19,3.507424459378994,17.625106500599596
6,CC-discharge,33,2400.0,49097.57478597358,3.4980663026268024,-27.263836618115,-27.263836618115,39941.52040521079,7274.253935826368,-2.0758745980396988e-19,3.4980663026268024,18.175891078743334
6,CC-discharge,34,2472.727272727273,49170.30205870085,3.4880953395828245,-27.263836618115,-27.263836618115,40359.21549352351,6820.798544277233,-2.0758763500024047e-19,3.4880953395828245,18.726675656887075
6,CC-discharge,35,2545.4545454545455,49243.02933142812,3.4773046487711694,-27.263836618115,-27.263836618115,40776.910581836484,6367.343152727869,-2.075874600845815e-19,3.4773046487711694,19.277460235030812
6,CC-discharge,36,2618.1818181818185,49315.756604155395,3.465438436509836,-27.263836618115,-27.263836618115,41194.605670149096,5913.88776117865,-2.0758748495718802e-19,3.465438436509836,19.82824481317455
6,CC-discharge,37,2690.909090909091,49388.48387688267,3.452180897425207,-27.263836618115,-27.263836618115,41612.30075846163,5460.432369629304,-2.075877501878214e-19,3.452180897425207,20.379029391318287
6,CC-discharge,38,2763.636363636364,49461.21114960994,3.437143526851649,-27.263836618115,-27.263836618115,42029.99584677445,5006.9769780800625,-2.0758775857575324e-19,3.437143526851649,20.929813969462025
6,CC-discharge,39,2836.3636363636365,49533.93842233722,3.41985064302484,-27.263836618115,-27.263836618115,42447.69093508714,4553.5215865309765,-2.0758759229909834e-19,3.41985064302484,21.480598547605762
6,CC-discharge,40,2909.0909090909095,49606.66569506449,3.3997236454365787,-27.263836618115,-27.263836618115,42865.38602339998,4100.066194981896,-2.07587381192888e-19,3.3997236454365787,22.0313831257495
6,CC-discharge,41,2981.818181818182,49679.39296779176,3.3760639856150285,-27.263836618115,-27.263836618115,43283.08111171305,3646.6108034328595,-2.0758737113213612e-19,3.3760639856150285,22.582167703893237
6,CC-discharge,42,3054.545454545455,49752.120240519034,3.348039090292332,-27.263836618115,-27.263836618115,43700.77620002534,3193.1554118838158,-2.0758763198964758e-19,3.348039090292332,23.132952282036975
6,CC-discharge,43,3127.2727272727275,49824.847513246306,3.3146665136132443,-27.263836618115,-27.263836618115,44118.47128833778,2739.700020334832,-2.0758795293530265e-19,3.3146665136132443,23.683736860180712
6,CC-discharge,44,3200.0000000000005,49897.57478597358,3.274787484552755,-27.263836618115,-27.263836618115,44536.1663766501,2286.2446287857692,-2.0758823519945067e-19,3.274787484552755,24.23452143832445
6,CC-discharge,45,3272.727272727273,49970.30205870085,3.2269294828940485,-27.263836618115,-27.263836618115,44953.86146496308,1832.7892372367369,-2.075886727762528e-19,3.2269294828940485,24.785306016468187
6,CC-discharge,46,3345.454545454546,50043.02933142812,3.168392012550349,-27.263836618115,-27.263836618115,45371.55655327594,1379.3338456876695,-2.0758891868543143e-19,3.168392012550349,25.336090594611925
6,CC-discharge,47,3418.1818181818185,50115.756604155395,3.0881039014744216,-27.263836618115,-27.263836618115,45789.25164158823,925.8784541386317,-2.0758903659452726e-19,3.0881039014744216,25.886875172755662
6,CC-discharge,48,3462.2198688642547,50159.79465483783,3.00001,-27.263836618115,-27.263836618115,46042.17570678584,651.3006958038101,-2.0758908541933736e-19,3.00001,26.22038801130739
6,CC-charge,0,3462.2198688642547,50159.79465483783,3.7159247303421874,27.263836618115,27.263836618115,46042.17570678584,651.3006958038101,-2.0758908541933736e-19,3.7159247303421874,0.0
6,CC-charge,1,3534.9471415915273,50232.5219275651,3.82091132573196,27.263836618115,27.263836618115,45477.060753916245,1185.7982725768418,-2.0758903345449353e-19,3.82091132573196,-0.0
6,CC-charge,2,3607.6744143188002,50305.249200292375,3.8671669246057165,27.263836618115,27.263836618115,45057.471707425604,1639.2805380228954,-2.0758926749755542e-19,3.8671669246057165,-0.0
6,CC-charge,3,3680.4016870460728,50377.97647301965,3.904547348337589,27.263836618115,27.263836618115,44639.73942219172,2092.73587675173,-2.0758968701722313e-19,3.904547348337589,-0.0
6,CC-charge,4,3753.1289597733457,50450.70374574692,3.9357816397064935,27.263836618115,27.263836618115,44222.04383888869,2546.191268686441,-2.0758980987820494e-19,3.9357816397064935,-0.0
6,CC-charge,5,3825.8562325006183,50523.43101847419,3.9617986419449585,27.263836618115,27.263836618115,43804.348745527066,2999.6466602308715,-2.075896853063185e-19,3.9617986419449585,-0.0
6,CC-charge,6,3898.5835052278912,50596.15829120147,3.983370201915475,27.263836618115,27.263836618115,43386.65365727718,3453.102051779932,-2.0758958286594733e-19,3.983370201915475,-0.0
6,CC-charge,7,3971.3107779551638,50668.88556392874,4.0012375836892575,27.263836618115,27.263836618115,42968.958568964204,3906.557443328811,-2.0758969895356454e-19,4.0012375836892575,-0.0
6,CC-charge,8,4044.0380506824367,50741.612836656015,4.016084437988971,27.263836618115,27.263836618115,42551.26348065167,4360.012834877811,-2.0758972368099697e-19,4.016084437988971,-0.0
6,CC-charge,9,4116.76532340971,50814.34010938329,4.028514107250465,27.263836618115,27.263836618115,42133.5683923386,4813.468226426735,-2.0758971178724293e-19,4.028514107250465,-0.0
6,CC-charge,10,4189.492596136982,50887.06738211056,4.03904279516957,27.263836618115,27.263836618115,41715.87330402502,5266.923617975716,-2.0758971878916453e-19,4.03904279516957,-0.0
6,CC-charge,11,4262.219868864255,50959.79465483783,4.0481034415062105,27.263836618115,27.263836618115,41298.17821571153,5720.379009524653,-2.0758971853750964e-19,4.0481034415062105,-0.0
6,CC-charge,12,4334.947141591528,51032.5219275651,4.0560533617517915,27.263836618115,27.263836618115,40880.48312739753,6173.834401073424,-2.0758971978305218e-19,4.0560533617517915,-0.0
6,CC-charge,13,4407.674414318801,51105.249200292375,4.063185012185171,27.263836618115,27.263836618115,40462.7880390842,6627.289792622423,-2.0758965151696483e-19,4.063185012185171,-0.0
6,CC-charge,14,4480.401687046073,51177.97647301965,4.069735649631695,27.263836618115,27.263836618115,40045.09295077071,7080.7451841713155,-2.0758967742549502e-19,4.069735649631695,-0.0
6,CC-charge,15,4553.128959773346,51250.70374574692,4.075896620069939,27.263836618115,27.263836618115,39627.397862457336,7534.200575720203,-2.0758971694721904e-19,4.075896620069939,-0.0
6,CC-charge,16,4625.856232500619,51323.43101847419,4.081821342747103,27.263836618115,27.263836618115,39209.70277414382,7987.6559672690455,-2.0758971912463427e-19,4.081821342747103,-0.0
6,CC-charge,17,4698.583505227891,51396.15829120147,4.087632784289815,27.263836618115,27.263836618115,38792.00768583031,8441.111358818118,-2.0758970685383883e-19,4.087632784289815,-0.0
6,CC-charge,18,4771.310777955164,51468.88556392874,4.093428209414225,27.263836618115,27.263836618115,38374.312597516815,8894.566750367165,-2.0758970443542378e-19,4.093428209414225,-0.0
6,CC-charge,19,4844.038050682437,51541.612836656015,4.099285097964239,27.263836618115,27.263836618115,37956.6175092035,9348.022141915879,-2.0758970727887493e-19,4.099285097964239,-0.0
6,CC-charge,20,4916.76532340971,51614.34010938329,4.105264422716111,27.263836618115,27.263836618115,37538.92242089046,9801.47753346485,-2.0758970420864485e-19,4.105264422716111,-0.0
6,CC-charge,21,4989.492596136983,51687.06738211056,4.111413869646631,27.263836618115,27.263836618115,37121.227332577466,10254.932925013654,-2.075897042733209e-19,4.111413869646631,-0.0
6,CC-charge,22,5062.219868864255,51759.79465483783,4.1177721243269385,27.263836618115,27.263836618115,36703.53224426378,10708.388316562436,-2.0758970451534043e-19,4.1177721243269385,-0.0
6,CC-charge,23,5134.947141591528,51832.5219275651,4.124367821693943,27.263836618115,27.263836618115,36285.83715595028,11161.843708111513,-2.0758969958010412e-19,4.124367821693943,-0.0
6,CC-charge,24,5207.674414318801,51905.249200292375,4.131223889120512,27.263836618115,27.263836618115,35868.14206763702,11615.299099660222,-2.0758969932217672e-19,4.131223889120512,-0.0
6,CC-charge,25,5280.401687046073,51977.97647301965,4.13835826200771,27.263836618115,27.263836618115,35450.44697932406,12068.75449120924,-2.075896995190469e-19,4.13835826200771,-0.0
6,CC-charge,26,5353.128959773346,52050.70374574692,4.145785025615655,27.263836618115,27.263836618115,35032.75189101018,12522.209882757994,-2.0758969864018153e-19,4.145785025615655,-0.0
6,CC-charge,27,5425.856232500619,52123.43101847419,4.153515372164796,27.263836618115,27.263836618115,34615.05680269678,12975.665274306903,-2.0758969741213004e-19,4.153515372164796,-0.0
6,CC-charge,28,5498.583505227891,52196.15829120147,4.16156028881825,27.263836618115,27.263836618115,34197.36171438358,13429.120665855848,-2.075896971015381e-19,4.16156028881825,-0.0
6,CC-charge,29,5571.310777955165,52268.88556392874,4.169924267192184,27.263836618115,27.263836618115,33779.666626070575,13882.57605740445,-2.0758968989701345e-19,4.169924267192184,-0.0
6,CC-charge,30,5644.038050682437,52341.612836656015,4.178615466149512,27.263836618115,27.263836618115,33361.97153775719,14336.031448953341,-2.0758969721057784e-19,4.178615466149512,-0.0
6,CC-charge,31,5716.76532340971,52414.34010938329,4.187640421355619,27.263836618115,27.263836618115,32944.27644944388,14789.486840502277,-2.0758970650906087e-19,4.187640421355619,-0.0
6,CC-charge,32,5789.492596136983,52487.06738211056,4.197005986517565,27.263836618115,27.263836618115,32526.581361130477,15242.942232050864,-2.0758969606604252e-19,4.197005986517565,-0.0
6,CC-charge,33,5812.112341023198,52509.687126996774,4.19999,27.263836618115,27.263836618115,32396.669211484812,15383.976604569782,-2.0758969561414668e-19,4.19999,-0.0
6,CV-charge,0,5812.112341023198,52509.687126996774,4.199999999999999,27.288496453680033,27.288496453680033,32396.669211484812,15383.976604569782,-2.0758969561414668e-19,4.199999999999999,0.0
6,CV-charge,1,5884.839613750471,52582.414399724046,4.200000000000001,24.205841490976944,24.205841490976944,31874.767479984723,15879.011724513408,-1.904106602161806e-19,4.200000000000001,-0.0
6,CV-charge,2,5957.566886477743,52655.14167245132,4.2,22.259223036069866,22.259223036069866,31528.368305083946,16259.11701984552,-1.7507323655223718e-19,4.2,-0.0
6,CV-charge,3,6030.294159205016,52727.86894517859,4.199999999999999,20.55940526827437,20.55940526827437,31210.43480561033,16609.446305694993,-1.4243450180260735e-19,4.199999999999999,-0.0
6,CV-charge,4,6103.021431932289,52800.59621790586,4.2,19.05785419595103,19.05785419595103,30915.638650370664,16934.083559566858,-1.472421059565686e-19,4.2,-0.0
6,CV-charge,5,6175.748704659562,52873.323490633134,4.2,17.725341577419602,17.725341577419602,30641.574563091,17235.69068755805,-1.4497767660714935e-19,4.2,-0.0
6,CV-charge,6,6248.475977386834,52946.050763360414,4.2,16.53681929143441,16.53681929143441,30385.995954347876,17516.78425331936,-1.4540814643328747e-19,4.2,-0.0
6,CV-charge,7,6321.203250114107,53018.778036087686,4.2,15.471600241779525,15.471600241779525,30146.973007373446,17779.523899686108,-1.5042688592546656e-19,4.2,-0.0
6,CV-charge,8,6393.93052284138,53091.50530881496,4.199999999999999,14.51256112322378,14.51256112322378,29922.846514840017,18025.76423448402,-1.5144070211931806e-19,4.199999999999999,-0.0
6,CV-charge,9,6466.657795568653,53164.23258154223,4.2,13.645431630077661,13.645431630077661,29712.181491259587,18257.107481513125,-1.4280132363795879e-19,4.2,-0.0
6,CV-charge,10,6539.385068295925,53236.9598542695,4.2,12.858264682541556,12.858264682541556,29513.73154870206,18474.94383599135,-1.649746013688582e-19,4.2,-0.0
6,CV-charge,11,6612.112341023198,53309.687126996774,4.2,12.141005080285602,12.141005080285602,29326.40895903944,18680.485329627303,-1.6408845450900317e-19,4.2,-0.0
6,CV-charge,12,6684.839613750471,53382.414399724046,4.199999999999999,11.485094713999075,11.485094713999075,29149.247786482312,18874.807149205728,-1.4594896481823593e-19,4.199999999999999,-0.0
6,CV-charge,13,6757.5668864777435,53455.14167245132,4.2,10.882924575024612,10.882924575024612,28981.300353998093,19058.96164585404,-1.4434447562997836e-19,4.2,-0.0
6,CV-charge,14,6830.294159205016,53527.86894517859,4.2,10.329138241961843,10.329138241961843,28822.05519977794,19233.520501800678,-1.5143241919043006e-19,4.2,-0.0
6,CV-charge,15,6903.021431932289,53600.59621790586,4.2,9.817974720520045,9.817974720520045,28670.728321570878,19399.352798626926,-1.4563173719586092e-19,4.2,-0.0
6,CV-charge,16,6975.748704659562,53673.323490633134,4.2,9.344437771842491,9.344437771842491,28526.601798745756,19557.253330421292,-1.4604600461958014e-19,4.2,-0.0
6,CV-charge,17,7048.475977386834,53746.050763360414,4.2,8.904985810865986,8.904985810865986,28389.274789436953,19707.667999633275,-1.4596036462422491e-19,4.2,-0.0
6,CV-charge,18,7121.203250114107,53818.778036087686,4.2,8.496162185540943,8.496162185540943,28258.27146144213,19851.12411670704,-1.4593724561188648e-19,4.2,-0.0
6,CV-charge,19,7193.93052284138,53891.50530881496,4.2,8.114943461691587,8.114943461691587,28133.162878654348,19988.096628818355,-1.459589395488224e-19,4.2,-0.0
6,CV-charge,20,7266.657795568653,53964.23258154223,4.2,7.75868159921359,7.75868159921359,28013.561438989782,20119.014455185166,-1.459662111841354e-19,4.2,-0.0
6,CV-charge,21,7339.3850682959255,54036.9598542695,4.200000000000001,7.4250480996407395,7.4250480996407395,27899.11586389974,20244.266094050272,-1.4593843688267758e-19,4.200000000000001,-0.0
6,CV-charge,22,7412.112341023198,54109.687126996774,4.200000000000001,7.111988553403246,7.111988553403246,27789.50690560498,20364.20442459693,-1.4598109019513884e-19,4.200000000000001,-0.0
6,CV-charge,23,7484.839613750471,54182.414399724046,4.2,6.817688436218962,6.817688436218962,27684.44504958922,20479.149297491516,-1.4601002795419265e-19,4.2,-0.0
6,CV-charge,24,7557.5668864777435,54255.14167245132,4.2,6.540532098401182,6.540532098401182,27583.664163702248,20589.394584973572,-1.459802477621277e-19,4.2,-0.0
6,CV-charge,25,7630.294159205016,54327.86894517859,4.199999999999999,6.279081625644036,6.279081625644036,27486.920770992376,20695.20900677792,-1.4602749424609744e-19,4.199999999999999,-0.0
6,CV-charge,26,7703.021431932289,54400.59621790586,4.2,6.032053073781719,6.032053073781719,27393.991365980775,20796.839128642023,-1.4601396315013152e-19,4.2,-0.0
6,CV-charge,27,7775.748704659562,54473.323490633134,4.2,5.798296929828481,5.798296929828481,27304.670316455544,20894.511699505994,-1.4581934751835187e-19,4.2,-0.0
6,CV-charge,28,7848.475977386834,54546.050763360414,4.199999999999999,5.576781422176559,5.576781422176559,27218.768027797174,20988.435695996508,-1.4573952401836155e-19,4.199999999999999,-0.0
6,CV-charge,29,7921.2032501141075,54618.778036087686,4.2,5.366578211832171,5.366578211832171,27136.109330870742,21078.804116742755,-1.4565815854230623e-19,4.2,-0.0
6,CV-charge,30,7993.93052284138,54691.50530881496,4.2,5.166850084055812,5.166850084055812,27056.53206226772,21165.79556166895,-1.457679083900104e-19,4.2,-0.0
6,CV-charge,31,8066.657795568653,54764.23258154223,4.200000000000001,4.976840326389568,4.976840326389568,26979.88581046692,21249.575625928726,-1.4550312730603606e-19,4.200000000000001,-0.0
6,CV-charge,32,8139.3850682959255,54836.9598542695,4.200000000000001,4.79586353331895,4.79586353331895,26906.030805570288,21330.298133552224,-1.4541183444101346e-19,4.200000000000001,-0.0
6,CV-charge,33,8212.112341023198,54909.687126996774,4.199999999999999,4.623297621916136,4.623297621916136,26834.836933677427,21408.106232036676,-1.4520913954828756e-19,4.199999999999999,-0.0
6,CV-charge,34,8284.839613750471,54982.414399724046,4.2,4.458576878689623,4.458576878689623,26766.18285974246,21483.13336597691,-1.4519539682532858e-19,4.2,-0.0
6,CV-charge,35,8357.566886477744,55055.14167245132,4.2,4.301185887363265,4.301185887363265,26699.955245148918,21555.50414514051,-1.4527691691627294e-19,4.2,-0.0
6,CV-charge,36,8430.294159205016,55127.86894517859,4.2,4.150654211478048,4.150654211478048,26636.04804819986,21625.335120203534,-1.4526249691987129e-19,4.2,-0.0
6,CV-charge,37,8503.021431932288,55200.59621790586,4.2,4.006551725643358,4.006551725643358,26574.361897378058,21692.73547747837,-1.452167327183367e-19,4.2,-0.0
6,CV-charge,38,8575.748704659562,55273.323490633134,4.2,3.8684845058095543,3.8684845058095543,26514.803528649063,21757.80766239636,-1.4522235094589917e-19,4.2,-0.0
6,CV-charge,39,8648.475977386834,55346.050763360414,4.2,3.7360912026397934,3.7360912026397934,26457.285279260912,21820.64794016477,-1.4519292830576573e-19,4.2,-0.0
6,CV-charge,40,8721.203250114108,55418.778036087686,4.2,3.609039833472536,3.609039833472536,26401.72463150171,21881.34690089932,-1.451834834338915e-19,4.2,-0.0
6,CV-charge,41,8793.93052284138,55491.50530881496,4.200000000000001,3.487024937932993,3.487024937932993,26348.043800741645,21939.989915563172,-1.4526211048323832e-19,4.200000000000001,-0.0
6,CV-charge,42,8866.657795568652,55564.23258154223,4.2,3.3697650502581653,3.3697650502581653,26296.169362816563,21996.657548224197,-1.452188151709757e-19,4.2,-0.0
6,CV-charge,43,8939.385068295926,55636.9598542695,4.200000000000001,3.257000448120245,3.257000448120245,26246.031916437485,22051.42592942865,-1.452055051105777e-19,4.200000000000001,-0.0
6,CV-charge,44,9012.112341023198,55709.687126996774,4.199999999999999,3.148491143447479,3.148491143447479,26197.565776859832,22104.367094904643,-1.4516639353871572e-19,4.199999999999999,-0.0
6,CV-charge,45,9084.839613750471,55782.414399724046,4.2,3.044015085497874,3.044015085497874,26150.708697493705,22155.549293278083,-1.451768438068525e-19,4.2,-0.0
6,CV-charge,46,9157.566886477744,55855.14167245132,4.2,2.943366550559319,2.943366550559319,26105.401616551924,22205.037266030027,-1.4509139932342265e-19,4.2,-0.0
6,CV-charge,47,9230.294159205016,55927.86894517859,4.199999999999999,2.846354696091219,2.846354696091219,26061.588426174825,22252.892502557228,-1.451114081221377e-19,4.199999999999999,-0.0
6,CV-charge,48,9303.021431932288,56000.59621790586,4.2,2.752802260077043,2.752802260077043,26019.215761763793,22299.1734728372,-1.4509518538179859e-19,4.2,-0.0
6,CV-charge,49,9324.076940974152,56021.651726947726,4.200000000000001,2.7263936618115,2.7263936618115,26007.234207250054,22312.260017301112,-1.4510003320589374e-19,4.200000000000001,-0.0
7,CC-discharge,0,0.0,56021.651726947726,3.855216263036509,-27.263836618115,-27.263836618115,26007.234207250054,22312.260017301112,-1.4510003320589374e-19,3.855216263036509,0.0
7,CC-discharge,1,72.72727272727273,56094.378999675,3.831193840279899,-27.263836618115,-27.263836618115,26572.353942679354,21777.76011620802,-1.4510001731768957e-19,3.831193840279899,0.5507845781437374
7,CC-discharge,2,145.45454545454547,56167.10627240227,3.8149521516465255,-27.263836618115,-27.263836618115,26991.9418118634,21324.280177063203,-1.4510002995867477e-19,3.8149521516465255,1.1015691562874748
7,CC-discharge,3,218.1818181818182,56239.83354512954,3.7998031140821436,-27.263836618115,-27.263836618115,27409.66835347825,20870.824835227333,-1.45100029045312e-19,3.7998031140821436,1.652353734431212
7,CC-discharge,4,290.90909090909093,56312.560817856815,3.785482513968645,-27.263836618115,-27.263836618115,27827.365875038533,20417.369444409374,-1.4510002899618673e-19,3.785482513968645,2.2031383125749495
7,CC-discharge,5,363.6363636363637,56385.28809058409,3.771830198547506,-27.263836618115,-27.263836618115,28245.061152420585,19963.914052871238,-1.4510002901405755e-19,3.771830198547506,2.753922890718687
7,CC-discharge,6,436.3636363636364,56458.015363311366,3.7587404372163293,-27.263836618115,-27.263836618115,28662.756255496388,19510.45866132245,-1.451000287605787e-19,3.7587404372163293,3.304707468862424
7,CC-discharge,7,509.0909090909091,56530.74263603864,3.746120137867558,-27.263836618115,-27.263836618115,29080.451344968766,19057.00326977327,-1.4510002810435552e-19,3.746120137867558,3.8554920470061615
7,CC-discharge,8,581.8181818181819,56603.46990876591,3.7339129134043807,-27.263836618115,-27.263836618115,29498.146433372454,18603.547878223657,-1.451000283255813e-19,3.7339129134043807,4.406276625149899
7,CC-discharge,9,654.5454545454546,56676.19718149318,3.722071717585006,-27.263836618115,-27.263836618115,29915.841521693023,18150.092486674006,-1.4510002852060837e-19,3.722071717585006,4.9570612032936365
7,CC-discharge,10,727.2727272727274,56748.924454220454,3.7105605040564686,-27.263836618115,-27.263836618115,30333.536610006486,17696.63709512449,-1.4510002890890758e-19,3.7105605040564686,5.507845781437374
7,CC-discharge,11,800.0000000000001,56821.651726947726,3.6993514063819695,-27.263836618115,-27.263836618115,30751.231698319592,17243.181703575035,-1.4510002980178712e-19,3.6993514063819695,6.0586303595811115
7,CC-discharge,12,872.7272727272727,56894.378999675,3.6884226650977125,-27.263836618115,-27.263836618115,31168.926786632284,16789.72631202602,-1.4510003047943717e-19,3.6884226650977125,6.609414937724848
7,CC-discharge,13,945.4545454545455,56967.10627240227,3.6777570708798613,-27.263836618115,-27.263836618115,31586.62187494509,16336.270920476181,-1.451000311154612e-19,3.6777570708798613,7.160199515868586
7,CC-discharge,14,1018.1818181818182,57039.83354512954,3.6673407679411203,-27.263836618115,-27.263836618115,32004.316963258465,15882.815528927076,-1.4510002995954647e-19,3.6673407679411203,7.710984094012323
7,CC-discharge,15,1090.909090909091,57112.560817856815,3.6571623086151197,-27.263836618115,-27.263836618115,32422.012051572005,15429.360137377595,-1.4510002902414336e-19,3.6571623086151197,8.26176867215606
7,CC-discharge,16,1163.6363636363637,57185.28809058409,3.6472118818214305,-27.263836618115,-27.263836618115,32839.707139884864,14975.904745828106,-1.451000309488959e-19,3.6472118818214305,8.812553250299798
7,CC-discharge,17,1236.3636363636365,57258.015363311366,3.6374806578237178,-27.263836618115,-27.263836618115,33257.40222819777,14522.449354278675,-1.451000295500714e-19,3.6374806578237178,9.363337828443536
7,CC-discharge,18,1309.0909090909092,57330.74263603864,3.6279602048656376,-27.263836618115,-27.263836618115,33675.097316510255,14068.993962729568,-1.4510002902384176e-19,3.6279602048656376,9.914122406587273
7,CC-discharge,19,1381.818181818182,57403.46990876591,3.6186419414425544,-27.263836618115,-27.263836618115,34092.7924048233,13615.53857118045,-1.4510003013770635e-19,3.6186419414425544,10.46490698473101
7,CC-discharge,20,1454.5454545454547,57476.19718149318,3.6095165926823136,-27.263836618115,-27.263836618115,34510.48749313613,13162.083179631461,-1.451000301776458e-19,3.6095165926823136,11.015691562874748
7,CC-discharge,21,1527.2727272727275,57548.924454220454,3.6005736223791236,-27.263836618115,-27.263836618115,34928.18258144875,12708.627788082678,-1.45100029599657e-19,3.6005736223791236,11.566476141018486
7,CC-discharge,22,1600.0000000000002,57621.651726947726,3.591800605666494,-27.263836618115,-27.263836618115,35345.877669762,12255.17239653315,-1.451000297614897e-19,3.591800605666494,12.117260719162223
7,CC-discharge,23,1672.727272727273,57694.378999675,3.5831819261757873,-27.263836618115,-27.263836618115,35763.57275807474,11801.717004984333,-1.4510003092173264e-19,3.5831819261757873,12.66804529730596
7,CC-discharge,24,1745.4545454545455,57767.10627240227,3.574700621504461,-27.263836618115,-27.263836618115,36181.267846388066,11348.261613434708,-1.451000327266974e-19,3.574700621504461,13.218829875449696
7,CC-discharge,25,1818.1818181818182,57839.83354512954,3.5663328523454347,-27.263836618115,-27.263836618115,36598.96293470077,10894.8062218854,-1.45100033500242e-19,3.5663328523454347,13.769614453593434
7,CC-discharge,26,1890.909090909091,57912.560817856815,3.5580501267302176,-27.263836618115,-27.263836618115,37016.65802301362,10441.350830336272,-1.4510003348642383e-19,3.5580501267302176,14.320399031737171
7,CC-discharge,27,1963.6363636363637,57985.28809058409,3.549816898522239,-27.263836618115,-27.263836618115,37434.35311132646,9987.89543878711,-1.4510001149031575e-19,3.549816898522239,14.871183609880909
7,CC-discharge,28,2036.3636363636365,58058.015363311366,3.5415887720870183,-27.263836618115,-27.263836618115,37852.04819963887,9534.440047237818,-1.4509998264473015e-19,3.5415887720870183,15.421968188024646
7,CC-discharge,29,2109.0909090909095,58130.74263603864,3.5333102098347484,-27.263836618115,-27.263836618115,38269.74328795198,9080.984655688782,-1.4510001174633583e-19,3.5333102098347484,15.972752766168385
7,CC-discharge,30,2181.818181818182,58203.46990876591,3.524911819343295,-27.263836618115,-27.263836618115,38687.43837626458,8627.529264139597,-1.4509995104852791e-19,3.524911819343295,16.52353734431212
7,CC-discharge,31,2254.545454545455,58276.19718149318,3.5163070036024866,-27.263836618115,-27.263836618115,39105.13346457758,8174.07387259049,-1.450999403877091e-19,3.5163070036024866,17.07432192245586
7,CC-discharge,32,2327.2727272727275,58348.924454220454,3.507388134230446,-27.263836618115,-27.263836618115,39522.82855289013,7720.618481041483,-1.450998958935567e-19,3.507388134230446,17.625106500599596
7,CC-discharge,33,2400.0,58421.651726947726,3.4980198683251595,-27.263836618115,-27.263836618115,39940.523641203115,7267.163089492437,-1.4509994383013398e-19,3.4980198683251595,18.175891078743334
7,CC-discharge,34,2472.727272727273,58494.378999675,3.4880361089247307,-27.263836618115,-27.263836618115,40358.21872951585,6813.707697943592,-1.4509986724131302e-19,3.4880361089247307,18.726675656887075
7,CC-discharge,35,2545.4545454545455,58567.10627240227,3.4772292738818043,-27.263836618115,-27.263836618115,40775.91381782844,6360.252306394472,-1.4510009313925904e-19,3.4772292738818043,19.277460235030812
7,CC-discharge,36,2618.1818181818185,58639.83354512954,3.4653427558989214,-27.263836618115,-27.263836618115,41193.6089061414,5906.796914845626,-1.4510025902417546e-19,3.4653427558989214,19.82824481317455
7,CC-discharge,37,2690.909090909091,58712.560817856815,3.4520597576111878,-27.263836618115,-27.263836618115,41611.30399445474,5453.341523296589,-1.4510014007790718e-19,3.4520597576111878,20.379029391318287
7,CC-discharge,38,2763.636363636364,58785.28809058409,3.43699057759059,-27.263836618115,-27.263836618115,42028.999082767456,4999.886131747424,-1.4510010670253832e-19,3.43699057759059,20.929813969462025
7,CC-discharge,39,2836.3636363636365,58858.015363311366,3.419658108711883,-27.263836618115,-27.263836618115,42446.69417108045,4546.430740198264,-1.4510020819520688e-19,3.419658108711883,21.480598547605762
7,CC-discharge,40,2909.0909090909095,58930.74263603864,3.3994820772170926,-27.263836618115,-27.263836618115,42864.38925939297,4092.975348649153,-1.4510022966879658e-19,3.3994820772170926,22.0313831257495
7,CC-discharge,41,2981.818181818182,59003.46990876591,3.375762051080503,-27.263836618115,-27.263836618115,43282.0843477055,3639.519957100061,-1.451001775758508e-19,3.375762051080503,22.582167703893237
7,CC-discharge,42,3054.545454545455,59076.19718149318,3.347663331891279,-27.263836618115,-27.263836618115,43699.77943601817,3186.064565550981,-1.4510036204395915e-19,3.347663331891279,23.132952282036975
7,CC-discharge,43,3127.2727272727275,59148.924454220454,3.314201154003728,-27.263836618115,-27.263836618115,44117.47452433084,2732.609174001948,-1.4510041636684102e-19,3.314201154003728,23.683736860180712
7,CC-discharge,44,3200.0000000000005,59221.651726947726,3.2742136667824275,-27.263836618115,-27.263836618115,44535.169612643294,2279.1537824528923,-1.4510031662353096e-19,3.2742136667824275,24.23452143832445
7,CC-discharge,45,3272.727272727273,59294.378999675,3.226220476212216,-27.263836618115,-27.263836618115,44952.86470095608,1825.6983909038454,-1.451000623021436e-19,3.226220476212216,24.785306016468187
7,CC-discharge,46,3345.454545454546,59367.10627240227,3.1674806621322995,-27.263836618115,-27.263836618115,45370.55978926885,1372.2429993548135,-1.4509968887847594e-19,3.1674806621322995,25.336090594611925
7,CC-discharge,47,3418.1818181818185,59439.83354512954,3.0865942407553355,-27.263836618115,-27.263836618115,45788.254877581334,918.7876078057714,-1.4510026418967995e-19,3.0865942407553355,25.886875172755662
7,CC-discharge,48,3461.1267978423375,59482.77852479006,3.000009999999999,-27.263836618115,-27.263836618115,46034.90109981984,651.0251600091759,-1.451002059793649e-19,3.000009999999999,26.21210986970918
7,CC-charge,0,3461.1267978423375,59482.77852479006,3.7158926952600178,27.263836618115,27.263836618115,46034.90109981984,651.0251600091759,-1.451002059793649e-19,3.7158926952600178,0.0
7,CC-charge,1,3533.85407056961,59555.50579751733,3.820945978147667,27.263836618115,27.263836618115,45469.78614682526,1185.52273694551,-1.4509996784413608e-19,3.820945978147667,-0.0
7,CC-charge,2,3606.581343296883,59628.233070244605,3.8672063371717753,27.263836618115,27.263836618115,45050.1971129856,1639.0050020841413,-1.4509970647401215e-19,3.8672063371717753,-0.0
7,CC-charge,3,3679.3086160241555,59700.96034297188,3.904589226769128,27.263836618115,27.263836618115,44632.4648154325,2092.4603409583256,-1.4509968216685266e-19,3.904589226769128,-0.0
7,CC-charge,4,3752.0358887514285,59773.68761569915,3.9358261837289596,27.263836618115,27.263836618115,44214.769231925835,2545.915732891907,-1.4509964241037506e-19,3.9358261837289596,-0.0
7,CC-charge,5,3824.763161478701,59846.41488842642,3.961846129328664,27.263836618115,27.263836618115,43797.07413856088,2999.371124436355,-1.4509944637198466e-19,3.961846129328664,-0.0
7,CC-charge,6,3897.490434205974,59919.1421611537,3.9834207853947072,27.263836618115,27.263836618115,43379.379050311465,3452.826515985406,-1.4509953323027072e-19,3.9834207853947072,-0.0
7,CC-charge,7,3970.2177069332465,59991.86943388097,4.001291329975946,27.263836618115,27.263836618115,42961.68396199911,3906.2819075343705,-1.450994764426085e-19,4.001291329975946,-0.0
7,CC-charge,8,4042.9449796605195,60064.596706608245,4.016141371252495,27.263836618115,27.263836618115,42543.988873685055,4359.737299083344,-1.4509943726825782e-19,4.016141371252495,-0.0
7,CC-charge,9,4115.6722523877925,60137.32397933552,4.028574235591329,27.263836618115,27.263836618115,42126.2937853721,4813.192690632348,-1.450995552774616e-19,4.028574235591329,-0.0
7,CC-charge,10,4188.3995251150645,60210.05125206279,4.039106124916108,27.263836618115,27.263836618115,41708.59869705871,5266.648082181245,-1.4509959976104292e-19,4.039106124916108,-0.0
7,CC-charge,11,4261.1267978423375,60282.77852479006,4.048169983016239,27.263836618115,27.263836618115,41290.90360874558,5720.103473730242,-1.450995501438807e-19,4.048169983016239,-0.0
7,CC-charge,12,4333.8540705696105,60355.50579751733,4.0561231324848315,27.263836618115,27.263836618115,40873.20852043187,6173.558865279225,-1.4509955370811986e-19,4.0561231324848315,-0.0
7,CC-charge,13,4406.581343296883,60428.233070244605,4.063258036148339,27.263836618115,27.263836618115,40455.5134321188,6627.01425682798,-1.4509943417076283e-19,4.063258036148339,-0.0
7,CC-charge,14,4479.3086160241555,60500.96034297188,4.06981195655406,27.263836618115,27.263836618115,40037.818343804975,7080.469648376853,-1.4509945527003594e-19,4.06981195655406,-0.0
7,CC-charge,15,4552.0358887514285,60573.68761569915,4.075976244060501,27.263836618115,27.263836618115,39620.12325549153,7533.925039925852,-1.450994256551037e-19,4.075976244060501,-0.0
7,CC-charge,16,4624.7631614787015,60646.41488842642,4.081904320838636,27.263836618115,27.263836618115,39202.428167178165,7987.380431474663,-1.4509943134211365e-19,4.081904320838636,-0.0
7,CC-charge,17,4697.490434205974,60719.1421611537,4.087719155517959,27.263836618115,27.263836618115,38784.73307886511,8440.835823023688,-1.4509943348106743e-19,4.087719155517959,-0.0
7,CC-charge,18,4770.2177069332465,60791.86943388097,4.093518013450288,27.263836618115,27.263836618115,38367.03799055258,8894.291214572764,-1.4509939714331212e-19,4.093518013450288,-0.0
7,CC-charge,19,4842.9449796605195,60864.596706608245,4.099378374455011,27.263836618115,27.263836618115,37949.34290223853,9347.746606121444,-1.450994019555361e-19,4.099378374455011,-0.0
7,CC-charge,20,4915.6722523877925,60937.32397933552,4.105361210946865,27.263836618115,27.263836618115,37531.647813924974,9801.201997670343,-1.4509939917240937e-19,4.105361210946865,-0.0
7,CC-charge,21,4988.3995251150645,61010.05125206279,4.111514207829418,27.263836618115,27.263836618115,37113.95272561176,10254.657389219214,-1.4509939952673977e-19,4.111514207829418,-0.0
7,CC-charge,22,5061.1267978423375,61082.77852479006,4.117876051059225,27.263836618115,27.263836618115,36696.25763729836,10708.112780768404,-1.4509940051280015e-19,4.117876051059225,-0.0
7,CC-charge,23,5133.8540705696105,61155.50579751733,4.124475374703972,27.263836618115,27.263836618115,36278.56254898512,11161.568172317193,-1.4509940487265334e-19,4.124475374703972,-0.0
7,CC-charge,24,5206.581343296883,61228.233070244605,4.13133510634514,27.263836618115,27.263836618115,35860.86746067178,11615.023563866114,-1.450994054778816e-19,4.13133510634514,-0.0
7,CC-charge,25,5279.3086160241555,61300.96034297188,4.13847318256364,27.263836618115,27.263836618115,35443.17237235873,12068.478955414892,-1.450994064871288e-19,4.13847318256364,-0.0
7,CC-charge,26,5352.0358887514285,61373.68761569915,4.145903690898924,27.263836618115,27.263836618115,35025.47728404552,12521.934346964106,-1.4509940677737502e-19,4.145903690898924,-0.0
7,CC-charge,27,5424.7631614787015,61446.41488842642,4.153637827393221,27.263836618115,27.263836618115,34607.78219573215,12975.389738512878,-1.4509940599550153e-19,4.153637827393221,-0.0
7,CC-charge,28,5497.490434205974,61519.1421611537,4.161686584555281,27.263836618115,27.263836618115,34190.08710741911,13428.845130061754,-1.4509940502064105e-19,4.161686584555281,-0.0
7,CC-charge,29,5570.2177069332465,61591.86943388097,4.1700544631567125,27.263836618115,27.263836618115,33772.392019106126,13882.300521610532,-1.4509939267819066e-19,4.1700544631567125,-0.0
7,CC-charge,30,5642.9449796605195,61664.596706608245,4.178749632927168,27.263836618115,27.263836618115,33354.696930792714,14335.755913159375,-1.4509940314058926e-19,4.178749632927168,-0.0
7,CC-charge,31,5715.6722523877925,61737.32397933552,4.187778644548658,27.263836618115,27.263836618115,32937.001842479534,14789.211304708533,-1.4509938913867569e-19,4.187778644548658,-0.0
7,CC-charge,32,5788.3995251150645,61810.05125206279,4.19714837159056,27.263836618115,27.263836618115,32519.30675416596,15242.666696257464,-1.4509936876771665e-19,4.19714837159056,-0.0
7,CC-charge,33,5809.9339044412045,61831.58563138893,4.19999,27.263836618115,27.263836618115,32395.628192642947,15376.933801882451,-1.4509936871810159e-19,4.19999,-0.0
7,CV-charge,0,5809.9339044412045,61831.58563138893,4.2,27.288573737698954,27.288573737698954,32395.628192642947,15376.933801882451,-1.4509936871810159e-19,4.2,0.0
7,CV-charge,1,5882.6611771684775,61904.3129041162,4.2,24.206112280565222,24.206112280565222,31873.72221683705,15871.972842243938,-1.484953646041012e-19,4.2,-0.0
7,CV-charge,2,5955.3884498957495,61977.040176843475,4.199999999999999,22.25961357542145,22.25961357542145,31527.317200106576,16252.084121745307,-1.432648975151248e-19,4.199999999999999,-0.0
7,CV-charge,3,6028.1157226230225,62049.76744957075,4.2,20.55987163889702,20.55987163889702,31209.376322965014,16602.421125927132,-1.513235651767206e-19,4.2,-0.0
7,CV-charge,4,6100.8429953502955,62122.49472229802,4.2,19.058366969502572,19.058366969502572,30914.572316878915,16927.06674335325,-1.5026917229910153e-19,4.2,-0.0
7,CV-charge,5,6173.5702680775685,62195.22199502529,4.2,17.725878170695022,17.725878170695022,30640.499932725517,17228.682793265187,-1.5512362834479464e-19,4.2,-0.0
7,CV-charge,6,6246.2975408048405,62267.94926775257,4.2,16.537363727514066,16.537363727514066,30384.912898036062,17509.785472258485,-1.5022493581854947e-19,4.2,-0.0
7,CV-charge,7,6319.0248135321135,62340.67654047984,4.2,15.472140932128061,15.472140932128061,30145.881567660916,17772.53422302767,-1.4573705421204223e-19,4.2,-0.0
7,CV-charge,8,6391.7520862593865,62413.403813207115,4.2,14.51308988788695,14.51308988788695,29921.746868965372,18018.78349643628,-1.510167342005787e-19,4.2,-0.0
7,CV-charge,9,6464.4793589866595,62486.13108593439,4.2,13.645942630099915,13.645942630099915,29711.07390648983,18250.13541088649,-1.504808668090121e-19,4.2,-0.0
7,CV-charge,10,6537.2066317139315,62558.85835866166,4.2,12.858753773944112,12.858753773944112,29512.616340599125,18467.980103921152,-1.5721730428920202e-19,4.2,-0.0
7,CV-charge,11,6609.9339044412045,62631.58563138893,4.199999999999999,12.14146947967828,12.14146947967828,29325.286504467123,18673.529535950296,-1.569548775507463e-19,4.199999999999999,-0.0
7,CV-charge,12,6682.6611771684775,62704.3129041162,4.2,11.485532599669567,11.485532599669567,29148.118490192464,18867.858860670385,-1.5904249414264546e-19,4.2,-0.0
7,CV-charge,13,6755.38844989575,62777.040176843475,4.199999999999999,10.883739664044784,10.883739664044784,28980.279333344795,19051.894597211634,-1.5773414081557616e-19,4.199999999999999,-0.0
7,CV-charge,14,6828.1157226230225,62849.76744957075,4.199999999999999,10.32989353061992,10.32989353061992,28821.022473120942,19226.466407267668,-1.5755985480640413e-19,4.199999999999999,-0.0
7,CV-charge,15,6900.8429953502955,62922.49472229802,4.2,9.81826255991656,9.81826255991656,28669.56130670551,19392.4459958164,-1.5751359519262041e-19,4.2,-0.0
7,CV-charge,16,6973.5702680775685,62995.22199502529,4.199999999999999,9.34470154758256,9.34470154758256,28525.430591121803,19550.351058681055,-1.577578184140113e-19,4.199999999999999,-0.0
7,CV-charge,17,7046.2975408048405,63067.94926775257,4.2,8.905225864764361,8.905225864764361,28388.099856711975,19700.76984483319,-1.577645111143968e-19,4.2,-0.0
7,CV-charge,18,7119.0248135321135,63140.67654047984,4.199999999999999,8.496378428317497,8.496378428317497,28257.093167006195,19844.229682124726,-1.577515893691125e-19,4.199999999999999,-0.0
7,CV-charge,19,7191.7520862593865,63213.403813207115,4.2,8.115135979772994,8.115135979772994,28131.98158776421,19981.20551784548,-1.5772743524406035e-19,4.2,-0.0
7,CV-charge,20,7264.4793589866595,63286.13108593439,4.2,7.7588505978795155,7.7588505978795155,28012.377513605352,20112.126274341823,-1.5760366211427726e-19,4.2,-0.0
7,CV-charge,21,7337.206631713932,63358.85835866166,4.200000000000001,7.425193872855024,7.425193872855024,27897.929661407747,20237.38045453799,-1.5759032924775393e-19,4.200000000000001,-0.0
7,CV-charge,22,7409.9339044412045,63431.58563138893,4.2,7.112111460426565,7.112111460426565,27788.31877778383,20357.32094349022,-1.5754701081808514e-19,4.2,-0.0
7,CV-charge,23,7482.6611771684775,63504.3129041162,4.2,6.817788864600917,6.817788864600917,27683.255334903537,20472.26760629871,-1.5753260561205692e-19,4.2,-0.0
7,CV-charge,24,7555.38844989575,63577.040176843475,4.199999999999999,6.540610489403791,6.540610489403791,27582.473200693712,20582.514314824606,-1.574978208386611e-19,4.199999999999999,-0.0
7,CV-charge,25,7628.1157226230225,63649.76744957075,4.199999999999999,6.279138444348916,6.279138444348916,27485.72889121327,20688.329796369795,-1.575546086649801e-19,4.199999999999999,-0.0
7,CV-charge,26,7700.8429953502955,63722.49472229802,4.2,6.032088800784418,6.032088800784418,27392.798893636344,20789.96062459453,-1.5753167073276222e-19,4.2,-0.0
7,CV-charge,27,7773.5702680775685,63795.22199502529,4.200000000000001,5.7983120551803715,5.7983120551803715,27303.47756825602,20887.633556542947,-1.5707331992805846e-19,4.200000000000001,-0.0
7,CV-charge,28,7846.2975408048405,63867.94926775257,4.2,5.576776440812896,5.576776440812896,27217.575312872254,20981.557577053343,-1.571457251584635e-19,4.2,-0.0
7,CV-charge,29,7919.024813532114,63940.67654047984,4.200000000000001,5.366553620197749,5.366553620197749,27134.916950744093,21071.9256930063,-1.569513796231921e-19,4.200000000000001,-0.0
7,CV-charge,30,7991.7520862593865,64013.403813207115,4.2,5.166806377637267,5.166806377637267,27055.34031086618,21158.91651257463,-1.567440031129486e-19,4.2,-0.0
7,CV-charge,31,8064.4793589866595,64086.13108593439,4.2,4.976777997964879,4.976777997964879,26978.694974156824,21242.695639123704,-1.5679319382353283e-19,4.2,-0.0
7,CV-charge,32,8137.206631713932,64158.85835866166,4.2,4.795783071774,4.795783071774,26904.841163220644,21323.416904836387,-1.5667686920372762e-19,4.2,-0.0
7,CV-charge,33,8209.933904441205,64231.58563138893,4.200000000000001,4.623199511476033,4.623199511476033,26833.648756725714,21401.223465291427,-1.5646358292625007e-19,4.200000000000001,-0.0
7,CV-charge,34,8282.661177168477,64304.3129041162,4.200000000000001,4.458461598495322,4.458461598495322,26764.996412274624,21476.248773078332,-1.564343552294525e-19,4.200000000000001,-0.0
7,CV-charge,35,8355.38844989575,64377.040176843475,4.2,4.301053911299227,4.301053911299227,26698.770783979387,21548.61744587491,-1.56456611987455e-19,4.2,-0.0
7,CV-charge,36,8428.115722623023,64449.76744957075,4.199999999999999,4.150506008189417,4.150506008189417,26634.865822950924,21618.44604217945,-1.564899947485015e-19,4.199999999999999,-0.0
7,CV-charge,37,8500.842995350296,64522.49472229802,4.199999999999999,4.006387758700887,4.006387758700887,26573.182150559573,21685.843756042716,-1.5642550467673365e-19,4.199999999999999,-0.0
7,CV-charge,38,8573.570268077568,64595.22199502529,4.2,3.868305233979824,3.868305233979824,26513.626495733086,21750.913040550022,-1.5647587066390976e-19,4.2,-0.0
7,CV-charge,39,8646.29754080484,64667.94926775257,4.199999999999999,3.7358970802204685,3.7358970802204685,26456.1111887494,21813.75016848925,-1.563736283636101e-19,4.199999999999999,-0.0
7,CV-charge,40,8719.024813532114,64740.67654047984,4.2,3.608831310683068,3.608831310683068,26400.55370499127,21874.445737483904,-1.5628186724970996e-19,4.2,-0.0
7,CV-charge,41,8791.752086259386,64813.403813207115,4.200000000000002,3.4868024613253317,3.4868024613253317,26346.87625298,21933.085125946232,-1.5619292420932878e-19,4.200000000000002,-0.0
7,CV-charge,42,8864.47935898666,64886.13108593439,4.199999999999999,3.36952906313862,3.36952906313862,26295.005401753406,21989.748905331355,-1.5616324572199156e-19,4.199999999999999,-0.0
7,CV-charge,43,8937.206631713932,64958.85835866166,4.2,3.256751390967554,3.256751390967554,26244.87174326784,22044.513213526712,-1.5608780650472914e-19,4.2,-0.0
7,CV-charge,44,9009.933904441205,65031.58563138893,4.2,3.1482294543181277,3.1482294543181277,26196.409586064987,22097.45009355993,-1.561013123894735e-19,4.2,-0.0
7,CV-charge,45,9082.661177168477,65104.3129041162,4.2,3.0437412003981343,3.0437412003981343,26149.556676869204,22148.62780131824,-1.5613145186732113e-19,4.2,-0.0
7,CV-charge,46,9155.38844989575,65177.040176843475,4.200000000000001,2.9430809037972923,2.9430809037972923,26104.25394723781,22198.111085515236,-1.5617366933029174e-19,4.200000000000001,-0.0
7,CV-charge,47,9228.115722623023,65249.76744957075,4.2,2.8460577205805913,2.8460577205805913,26060.44528267517,22245.961442754724,-1.5619253333319043e-19,4.2,-0.0
7,CV-charge,48,9300.842995350296,65322.49472229802,4.200000000000001,2.7524943876080705,2.7524943876080705,26018.077311965804,22292.237350201864,-1.56188386396532e-19,4.200000000000001,-0.0
7,CV-charge,49,9321.649527975636,65343.30125492336,4.2,2.7263936618115,2.7263936618115,26006.23821787725,22305.168314361992,-1.5619189366602585e-19,4.2,-0.0
8,CC-discharge,0,0.0,65343.30125492336,3.8552383648117265,-27.263836618115,-27.263836618115,26006.23821787725,22305.168314361992,-1.5619189366602585e-19,3.8552383648117265,0.0
8,CC-discharge,1,72.72727272727273,65416.02852765063,3.83120998313016,-27.263836618115,-27.263836618115,26571.357947583525,21770.668419373957,-1.561918613625945e-19,3.83120998313016,0.5507845781437374
8,CC-discharge,2,145.45454545454547,65488.755800377905,3.8149650409755798,-27.263836618115,-27.263836618115,26990.94580918452,21317.188474210896,-1.5619186143245376e-19,3.8149650409755798,1.1015691562874748
8,CC-discharge,3,218.1818181818182,65561.48307310518,3.799813446527253,-27.263836618115,-27.263836618115,27408.67236277458,20863.733132290334,-1.5619186152718293e-19,3.799813446527253,1.652353734431212
8,CC-discharge,4,290.90909090909093,65634.21034583246,3.7854908361866895,-27.263836618115,-27.263836618115,27826.369885537446,20410.277741471607,-1.5619186266083328e-19,3.7854908361866895,2.2031383125749495
8,CC-discharge,5,363.6363636363637,65706.93761855972,3.771836903150329,-27.263836618115,-27.263836618115,28244.065163035564,19956.822349932867,-1.5619186381150733e-19,3.771836903150329,2.753922890718687
8,CC-discharge,6,436.3636363636364,65779.664891287,3.7587458420900415,-27.263836618115,-27.263836618115,28661.760266122405,19503.366958383238,-1.5619186483981402e-19,3.7587458420900415,3.304707468862424
8,CC-discharge,7,509.0909090909091,65852.39216401427,3.7461244619022285,-27.263836618115,-27.263836618115,29079.455355594957,19049.911566834056,-1.5619186431780667e-19,3.7461244619022285,3.8554920470061615
8,CC-discharge,8,581.8181818181819,65925.11943674154,3.733916343474705,-27.263836618115,-27.263836618115,29497.150443999548,18596.456175284828,-1.5619186358687521e-19,3.733916343474705,4.406276625149899
8,CC-discharge,9,654.5454545454546,65997.84670946881,3.722074402855358,-27.263836618115,-27.263836618115,29914.845532319312,18143.000783735777,-1.5619186355021234e-19,3.722074402855358,4.9570612032936365
8,CC-discharge,10,727.2727272727274,66070.57398219609,3.7105625642213154,-27.263836618115,-27.263836618115,30332.540620632484,17689.54539218659,-1.561918627089038e-19,3.7105625642213154,5.507845781437374
8,CC-discharge,11,800.0000000000001,66143.30125492337,3.6993529374697887,-27.263836618115,-27.263836618115,30750.235708945485,17236.090000637763,-1.5619186286416632e-19,3.6993529374697887,6.0586303595811115
8,CC-discharge,12,872.7272727272727,66216.02852765063,3.6884237434982237,-27.263836618115,-27.263836618115,31167.930797258028,16782.634609088484,-1.561918625517691e-19,3.6884237434982237,6.609414937724848
8,CC-discharge,13,945.4545454545455,66288.75580037791,3.677757756016173,-27.263836618115,-27.263836618115,31585.62588557119,16329.179217539064,-1.5619186277288684e-19,3.677757756016173,7.160199515868586
8,CC-discharge,14,1018.1818181818182,66361.48307310518,3.667341103852856,-27.263836618115,-27.263836618115,32003.320973884114,15875.723825989862,-1.5619186230807213e-19,3.667341103852856,7.710984094012323
8,CC-discharge,15,1090.909090909091,66434.21034583246,3.6571623246031786,-27.263836618115,-27.263836618115,32421.016062197104,15422.268434440455,-1.5619186172999027e-19,3.6571623246031786,8.26176867215606
8,CC-discharge,16,1163.6363636363637,66506.93761855972,3.647211592228877,-27.263836618115,-27.263836618115,32838.71115050942,14968.81304289141,-1.561918616352376e-19,3.647211592228877,8.812553250299798
8,CC-discharge,17,1236.3636363636365,66579.664891287,3.637480060959687,-27.263836618115,-27.263836618115,33256.40623882187,14515.35765134244,-1.5619186161952817e-19,3.637480060959687,9.363337828443536
8,CC-discharge,18,1309.0909090909092,66652.39216401427,3.6279592810230437,-27.263836618115,-27.263836618115,33674.10132713498,14061.902259792929,-1.561918624506972e-19,3.6279592810230437,9.914122406587273
8,CC-discharge,19,1381.818181818182,66725.11943674154,3.618640649906771,-27.263836618115,-27.263836618115,34091.79641544801,13608.44686824375,-1.5619186320602331e-19,3.618640649906771,10.46490698473101
8,CC-discharge,20,1454.5454545454547,66797.84670946881,3.609514867572156,-27.263836618115,-27.263836618115,34509.491503760844,13154.991476694748,-1.5619186330337303e-19,3.609514867572156,11.015691562874748
8,CC-discharge,21,1527.2727272727275,66870.57398219609,3.600571367105835,-27.263836618115,-27.263836618115,34927.18659207388,12701.536085145686,-1.5619186299285527e-19,3.600571367105835,11.566476141018486
8,CC-discharge,22,1600.0000000000002,66943.30125492337,3.5917976856981726,-27.263836618115,-27.263836618115,35344.88168038695,12248.080693596376,-1.561918619161053e-19,3.5917976856981726,12.117260719162223
8,CC-discharge,23,1672.727272727273,67016.02852765063,3.583178164666443,-27.263836618115,-27.263836618115,35762.57676869969,11794.625302047529,-1.5619186346955043e-19,3.583178164666443,12.66804529730596
8,CC-discharge,24,1745.4545454545455,67088.75580037791,3.5746957716699113,-27.263836618115,-27.263836618115,36180.271857012485,11341.1699104981,-1.5619186159030996e-19,3.5746957716699113,13.218829875449696
8,CC-discharge,25,1818.1818181818182,67161.48307310518,3.566326599272227,-27.263836618115,-27.263836618115,36597.966945324944,10887.714518948691,-1.5619186385323164e-19,3.566326599272227,13.769614453593434
8,CC-discharge,26,1890.909090909091,67234.21034583246,3.558042063269553,-27.263836618115,-27.263836618115,37015.66203363774,10434.259127399466,-1.561918630630299e-19,3.558042063269553,14.320399031737171
8,CC-discharge,27,1963.6363636363637,67306.93761855972,3.5498065020890817,-27.263836618115,-27.263836618115,37433.357121950365,9980.803735850397,-1.5619192052304516e-19,3.5498065020890817,14.871183609880909
8,CC-discharge,28,2036.3636363636365,67379.664891287,3.5415753748290575,-27.263836618115,-27.263836618115,37851.05221026333,9527.348344301463,-1.5619185009067023e-19,3.5415753748290575,15.421968188024646
8,CC-discharge,29,2109.0909090909095,67452.39216401427,3.5332929612754835,-27.263836618115,-27.263836618115,38268.74729857609,9073.892952752292,-1.5619178843628813e-19,3.5332929612754835,15.972752766168385
8,CC-discharge,30,2181.818181818182,67525.11943674154,3.524889641829364,-27.263836618115,-27.263836618115,38686.44238688876,8620.437561203124,-1.5619184865239313e-19,3.524889641829364,16.52353734431212
8,CC-discharge,31,2254.545454545455,67597.84670946881,3.516278536197894,-27.263836618115,-27.263836618115,39104.13747520142,8166.98216965413,-1.5619185063125652e-19,3.516278536197894,17.07432192245586
8,CC-discharge,32,2327.2727272727275,67670.57398219609,3.5073516564171574,-27.263836618115,-27.263836618115,39521.832563514705,7713.526778104967,-1.5619190540688776e-19,3.5073516564171574,17.625106500599596
8,CC-discharge,33,2400.0,67743.30125492337,3.49797324256187,-27.263836618115,-27.263836618115,39939.52765182747,7260.071386555823,-1.5619191686998812e-19,3.49797324256187,18.175891078743334
8,CC-discharge,34,2472.727272727273,67816.02852765063,3.487976637828433,-27.263836618115,-27.263836618115,40357.22274014003,6806.615995006601,-1.5619210337260825e-19,3.487976637828433,18.726675656887075
8,CC-discharge,35,2545.4545454545455,67888.75580037791,3.4771535977523214,-27.263836618115,-27.263836618115,40774.91782845258,6353.160603457297,-1.5619203996959122e-19,3.4771535977523214,19.277460235030812
8,CC-discharge,36,2618.1818181818185,67961.48307310518,3.4652466985394828,-27.263836618115,-27.263836618115,41192.61291676532,5899.705211907992,-1.5619207569622732e-19,3.4652466985394828,19.82824481317455
8,CC-discharge,37,2690.909090909091,68034.21034583246,3.451938147696972,-27.263836618115,-27.263836618115,41610.30800507821,5446.249820358886,-1.561922161398874e-19,3.451938147696972,20.379029391318287
8,CC-discharge,38,2763.636363636364,68106.93761855972,3.4368370434527775,-27.263836618115,-27.263836618115,42028.00309339122,4992.794428809809,-1.5619233920825794e-19,3.4368370434527775,20.929813969462025
8,CC-discharge,39,2836.3636363636365,68179.664891287,3.4194648493932442,-27.263836618115,-27.263836618115,42445.69818170441,4539.339037260682,-1.5619213815656724e-19,3.4194648493932442,21.480598547605762
8,CC-discharge,40,2909.0909090909095,68252.39216401427,3.3992396145674393,-27.263836618115,-27.263836618115,42863.39327001669,4085.883645711517,-1.5619201246681694e-19,3.3992396145674393,22.0313831257495
8,CC-discharge,41,2981.818181818182,68325.11943674154,3.3754590193380616,-27.263836618115,-27.263836618115,43281.08835832904,3632.428254162452,-1.5619191532896336e-19,3.3754590193380616,22.582167703893237
8,CC-discharge,42,3054.545454545455,68397.84670946881,3.347286237170939,-27.263836618115,-27.263836618115,43698.78344664157,3178.9728626133565,-1.5619141094947665e-19,3.347286237170939,23.132952282036975
8,CC-discharge,43,3127.2727272727275,68470.57398219609,3.3137341772144913,-27.263836618115,-27.263836618115,44116.478534954505,2725.5174710643396,-1.56191540959953e-19,3.3137341772144913,23.683736860180712
8,CC-discharge,44,3200.0000000000005,68543.30125492337,3.273637883184046,-27.263836618115,-27.263836618115,44534.17362326763,2272.0620795152795,-1.5619169260624278e-19,3.273637883184046,24.23452143832445
8,CC-discharge,45,3272.727272727273,68616.02852765063,3.225508918287631,-27.263836618115,-27.263836618115,44951.86871157983,1818.606687966214,-1.5619158604562771e-19,3.225508918287631,24.785306016468187
8,CC-discharge,46,3345.454545454546,68688.75580037791,3.1665647207593697,-27.263836618115,-27.263836618115,45369.5637998928,1365.1512964172102,-1.5619059169774812e-19,3.1665647207593697,25.336090594611925
8,CC-discharge,47,3418.1818181818185,68761.48307310518,3.085064150928427,-27.263836618115,-27.263836618115,45787.2588882053,911.6959048681649,-1.561903871046466e-19,3.085064150928427,25.886875172755662
8,CC-discharge,48,3460.0369058922784,68803.33816081563,3.0000100000000014,-27.263836618115,-27.263836618115,46027.645525871674,650.7289460597631,-1.5618967367598933e-19,3.0000100000000014,26.203855804137564
8,CC-charge,0,3460.0369058922784,68803.33816081563,3.715852472425313,27.263836618115,27.263836618115,46027.645525871674,650.7289460597631,-1.5618967367598933e-19,3.715852472425313,0.0
8,CC-charge,1,3532.764178619551,68876.06543354291,3.8209781159686966,27.263836618115,27.263836618115,45462.53057275763,1185.2265231595557,-1.5618973710870968e-19,3.8209781159686966,-0.0
8,CC-charge,2,3605.491451346824,68948.79270627018,3.867243840651376,27.263836618115,27.263836618115,45042.94155252493,1638.7087879792791,-1.561897911936733e-19,3.867243840651376,-0.0
8,CC-charge,3,3678.2187240740964,69021.51997899746,3.9046295274062945,27.263836618115,27.263836618115,44625.209241705634,2092.1641270101586,-1.5618978577513177e-19,3.9046295274062945,-0.0
8,CC-charge,4,3750.9459968013693,69094.24725172472,3.9358694206677067,27.263836618115,27.263836618115,44207.51365798084,2545.619518942413,-1.561897872531305e-19,3.9358694206677067,-0.0
8,CC-charge,5,3823.673269528642,69166.974524452,3.961892541419288,27.263836618115,27.263836618115,43789.818564612375,2999.0749104868073,-1.561897654322e-19,3.961892541419288,-0.0
8,CC-charge,6,3896.400542255915,69239.70179717927,3.983470488641537,27.263836618115,27.263836618115,43372.12347636355,3452.530302035974,-1.561898836664966e-19,3.983470488641537,-0.0
8,CC-charge,7,3969.1278149831874,69312.42906990655,4.001344356705324,27.263836618115,27.263836618115,42954.428388050415,3905.985693584974,-1.5618992026039684e-19,4.001344356705324,-0.0
8,CC-charge,8,4041.8550877104603,69385.15634263381,4.016197714883712,27.263836618115,27.263836618115,42536.733299737,4359.441085133964,-1.5618976379598793e-19,4.016197714883712,-0.0
8,CC-charge,9,4114.582360437733,69457.88361536109,4.028633877645677,27.263836618115,27.263836618115,42119.03821142399,4812.896476682841,-1.5618977363979237e-19,4.028633877645677,-0.0
8,CC-charge,10,4187.309633165006,69530.61088808835,4.039169049296169,27.263836618115,27.263836618115,41701.34312311048,5266.351868231788,-1.5618967521797546e-19,4.039169049296169,-0.0
8,CC-charge,11,4260.036905892279,69603.33816081563,4.048236181420841,27.263836618115,27.263836618115,41283.648034796934,5719.807259780847,-1.5618966975611876e-19,4.048236181420841,-0.0
8,CC-charge,12,4332.764178619551,69676.06543354291,4.056192607070429,27.263836618115,27.263836618115,40865.952946483645,6173.262651329704,-1.561897056252455e-19,4.056192607070429,-0.0
8,CC-charge,13,4405.491451346824,69748.79270627018,4.063330798443637,27.263836618115,27.263836618115,40448.25785817009,6626.718042878546,-1.5618976516093504e-19,4.063330798443637,-0.0
8,CC-charge,14,4478.218724074097,69821.51997899746,4.069888026182558,27.263836618115,27.263836618115,40030.562769856784,7080.1734344274355,-1.5618979013255373e-19,4.069888026182558,-0.0
8,CC-charge,15,4550.945996801369,69894.24725172472,4.076055646987878,27.263836618115,27.263836618115,39612.86768154347,7533.628825976172,-1.5618987145329887e-19,4.076055646987878,-0.0
8,CC-charge,16,4623.673269528642,69966.974524452,4.081987087556304,27.263836618115,27.263836618115,39195.17259322987,7987.084217525237,-1.5618987589348148e-19,4.081987087556304,-0.0
8,CC-charge,17,4696.400542255915,70039.70179717927,4.087805319848511,27.263836618115,27.263836618115,38777.4775049168,8440.539609074189,-1.5618990498877146e-19,4.087805319848511,-0.0
8,CC-charge,18,4769.127814983188,70112.42906990655,4.093607610906733,27.263836618115,27.263836618115,38359.78241660394,8893.995000623185,-1.5618990216170968e-19,4.093607610906733,-0.0
8,CC-charge,19,4841.855087710461,70185.15634263381,4.099471441367382,27.263836618115,27.263836618115,37942.08732829068,9347.450392172006,-1.5618990556451266e-19,4.099471441367382,-0.0
8,CC-charge,20,4914.582360437733,70257.88361536109,4.105457783994131,27.263836618115,27.263836618115,37524.39223997728,9800.905783721051,-1.561899051000727e-19,4.105457783994131,-0.0
8,CC-charge,21,4987.309633165006,70330.61088808835,4.111614323153143,27.263836618115,27.263836618115,37106.697151663575,10254.361175270004,-1.5618990479112295e-19,4.111614323153143,-0.0
8,CC-charge,22,5060.036905892279,70403.33816081563,4.1179797456668785,27.263836618115,27.263836618115,36689.00206335096,10707.816566818346,-1.5618990513956802e-19,4.1179797456668785,-0.0
8,CC-charge,23,5132.764178619551,70476.06543354291,4.124582685076433,27.263836618115,27.263836618115,36271.3069750379,11161.271958366917,-1.5618991383621436e-19,4.124582685076433,-0.0
8,CC-charge,24,5205.491451346824,70548.79270627018,4.131446069453369,27.263836618115,27.263836618115,35853.61188672476,11614.727349916122,-1.561899139651192e-19,4.131446069453369,-0.0
8,CC-charge,25,5278.218724074097,70621.51997899746,4.138587836790788,27.263836618115,27.263836618115,35435.916798411665,12068.182741465074,-1.561899159538458e-19,4.138587836790788,-0.0
8,CC-charge,26,5350.945996801369,70694.24725172472,4.146022077091332,27.263836618115,27.263836618115,35018.221710098536,12521.638133013807,-1.5618991462634005e-19,4.146022077091332,-0.0
8,CC-charge,27,5423.673269528642,70766.974524452,4.153759990369043,27.263836618115,27.263836618115,34600.52662178462,12975.093524562744,-1.5618991950583338e-19,4.153759990369043,-0.0
8,CC-charge,28,5496.400542255915,70839.70179717927,4.161812574573985,27.263836618115,27.263836618115,34182.83153347149,13428.5489161116,-1.5618991977468126e-19,4.161812574573985,-0.0
8,CC-charge,29,5569.127814983188,70912.42906990655,4.170184339790834,27.263836618115,27.263836618115,33765.13644515837,13882.004307660647,-1.5618991109467037e-19,4.170184339790834,-0.0
8,CC-charge,30,5641.855087710461,70985.15634263381,4.17888346667701,27.263836618115,27.263836618115,33347.44135684484,14335.459699209385,-1.561899111295371e-19,4.17888346667701,-0.0
8,CC-charge,31,5714.582360437733,71057.88361536109,4.187916521007228,27.263836618115,27.263836618115,32929.7462685318,14788.915090757888,-1.561898977737955e-19,4.187916521007228,-0.0
8,CC-charge,32,5787.309633165006,71130.61088808835,4.197290396283859,27.263836618115,27.263836618115,32512.051180218587,15242.370482307093,-1.5618990812736278e-19,4.197290396283859,-0.0
8,CC-charge,33,5807.76235541007,71151.06361033343,4.199990000000001,27.263836618115,27.263836618115,32394.584907883145,15369.893443447769,-1.561899080575878e-19,4.199990000000001,-0.0
8,CV-charge,0,5807.76235541007,71151.06361033343,4.2,27.28862995182032,27.28862995182032,32394.584907883145,15369.893443447769,-1.561899080575878e-19,4.2,0.0
8,CV-charge,1,5880.489628137343,71223.7908830607,4.199999999999999,24.20636598069721,24.20636598069721,31872.67512062089,15864.93602147945,-1.643393798027269e-19,4.199999999999999,-0.0
8,CV-charge,2,5953.216900864615,71296.51815578797,4.200000000000002,22.259989254122036,22.259989254122036,31526.26444429055,16245.053046855992,-1.4150760188905056e-19,4.200000000000002,-0.0
8,CV-charge,3,6025.944173591888,71369.24542851525,4.199999999999998,20.560325055363826,20.560325055363826,31208.316390702297,16595.39754408078,-1.5969494562991676e-19,4.199999999999998,-0.0
8,CV-charge,4,6098.671446319161,71441.97270124251,4.199999999999999,19.058868388541214,19.058868388541214,30913.504710578276,16920.05132813217,-1.5795092423165224e-19,4.199999999999999,-0.0
8,CV-charge,5,6171.398719046434,71514.6999739698,4.200000000000001,17.726404756608176,17.726404756608176,30639.424185376076,17221.676126617578,-1.662348854815871e-19,4.200000000000001,-0.0
8,CV-charge,6,6244.125991773706,71587.42724669706,4.2,16.537899296520592,16.537899296520592,30383.82886273643,17502.787765500278,-1.766292620522237e-19,4.2,-0.0
8,CV-charge,7,6316.853264500979,71660.15451942434,4.2,15.472673725388738,15.472673725388738,30144.789271763497,17765.545484353795,-1.8151687196707213e-19,4.2,-0.0
8,CV-charge,8,6389.580537228252,71732.8817921516,4.2,14.51361158503104,14.51361158503104,29920.646476730333,18011.803574583326,-1.9183792421039622e-19,4.2,-0.0
8,CV-charge,9,6462.307809955525,71805.60906487888,4.2,13.646447275975701,13.646447275975701,29709.965674046565,18243.164047117007,-1.9087332406540734e-19,4.2,-0.0
8,CV-charge,10,6535.035082682797,71878.33633760615,4.2,12.85923712780759,12.85923712780759,29511.50057391662,18461.016980086188,-1.9651679139592663e-19,4.2,-0.0
8,CV-charge,11,6607.76235541007,71951.06361033343,4.199999999999999,12.141928676772368,12.141928676772368,29324.1635720436,18666.574261220605,-1.829075207171288e-19,4.199999999999999,-0.0
8,CV-charge,12,6680.489628137343,72023.7908830607,4.2,11.485568941117991,11.485568941117991,29146.879838145393,18861.030543238106,-1.773781187887479e-19,4.2,-0.0
8,CV-charge,13,6753.216900864616,72096.51815578797,4.200000000000001,10.883780817598177,10.883780817598177,28979.039946461275,19045.0670114711,-1.8134731765939185e-19,4.200000000000001,-0.0
8,CV-charge,14,6825.944173591888,72169.24542851525,4.2,10.329935311129015,10.329935311129015,28819.78237178471,19219.63959145543,-1.920577926624049e-19,4.2,-0.0
8,CV-charge,15,6898.671446319161,72241.97270124251,4.2,9.81830175690445,9.81830175690445,28668.320590670603,19385.619852563912,-1.9179524249674295e-19,4.2,-0.0
8,CV-charge,16,6971.398719046434,72314.6999739698,4.2,9.344735444059463,9.344735444059463,28524.189338582597,19543.525511747874,-1.9229566750557976e-19,4.2,-0.0
8,CV-charge,17,7044.125991773706,72387.42724669706,4.2,8.905252317753561,8.905252317753561,28386.858180601535,19693.94477840267,-1.9230513129491862e-19,4.2,-0.0
8,CV-charge,18,7116.853264500979,72460.15451942434,4.199999999999999,8.496395726639216,8.496395726639216,28255.851206035077,19837.404950990247,-1.9231000001144634e-19,4.199999999999999,-0.0
8,CV-charge,19,7189.580537228252,72532.8817921516,4.2,8.115142782912391,8.115142782912391,28130.7395015753,19974.38095293244,-1.9232056820960169e-19,4.2,-0.0
8,CV-charge,20,7262.307809955525,72605.60906487888,4.199999999999999,7.758845858886681,7.758845858886681,28011.135478188102,20105.301687909112,-1.9240990066467433e-19,4.199999999999999,-0.0
8,CV-charge,21,7335.035082682798,72678.33633760615,4.2,7.425176782760134,7.425176782760134,27896.687865373136,20230.55564439471,-1.9232626959452105e-19,4.2,-0.0
8,CV-charge,22,7407.76235541007,72751.06361033343,4.2,7.112081403882375,7.112081403882375,27787.07741932902,20350.4956964294,-1.9232324075498617e-19,4.2,-0.0
8,CV-charge,23,7480.489628137343,72823.7908830607,4.2,6.817745366733885,6.817745366733885,27682.014612921157,20465.441707986127,-1.923362919720392e-19,4.2,-0.0
8,CV-charge,24,7553.216900864616,72896.51815578797,4.200000000000002,6.540553223211388,6.540553223211388,27581.23332552432,20575.687537922113,-1.9230460452579875e-19,4.200000000000002,-0.0
8,CV-charge,25,7625.944173591888,72969.24542851525,4.2,6.279067189894183,6.279067189894183,27484.490076856826,20681.501909286362,-1.922877035321305e-19,4.2,-0.0
8,CV-charge,26,7698.671446319161,73041.97270124251,4.2,6.03200342623153,6.03200342623153,27391.561356270733,20783.131393097272,-1.9223178844733397e-19,4.2,-0.0
8,CV-charge,27,7771.398719046434,73114.6999739698,4.200000000000001,5.798212501611362,5.798212501611362,27302.24152509523,20880.802745045778,-1.9201936118615687e-19,4.200000000000001,-0.0
8,CV-charge,28,7844.125991773706,73187.42724669706,4.2,5.576662709879357,5.576662709879357,27216.3409812207,20974.724949685253,-1.9216839920967165e-19,4.2,-0.0
8,CV-charge,29,7916.85326450098,73260.15451942434,4.200000000000001,5.366425764031209,5.366425764031209,27133.684547200086,21065.091014505248,-1.922199751486772e-19,4.200000000000001,-0.0
8,CV-charge,30,7989.580537228252,73332.8817921516,4.2,5.1666644906214,5.1666644906214,27054.110050661733,21152.07954902866,-1.9227777970340814e-19,4.2,-0.0
8,CV-charge,31,8062.307809955525,73405.60906487888,4.2,4.976622210001309,4.976622210001309,26977.46707060193,21235.85615860066,-1.9220783006921637e-19,4.2,-0.0
8,CV-charge,32,8135.035082682798,73478.33633760615,4.2,4.795613542760581,4.795613542760581,26903.615827230235,21316.574677908593,-1.9204812705144357e-19,4.2,-0.0
8,CV-charge,33,8207.76235541007,73551.06361033343,4.199999999999999,4.6230164267962515,4.6230164267962515,26832.42619642512,21394.378265482097,-1.9199454485673022e-19,4.199999999999999,-0.0
8,CV-charge,34,8280.489628137344,73623.7908830607,4.200000000000001,4.458265165304016,4.458265165304016,26763.77683265556,21469.400377244834,-1.9194978555793012e-19,4.200000000000001,-0.0
8,CV-charge,35,8353.216900864616,73696.51815578797,4.2,4.300844355487777,4.300844355487777,26697.5543866098,21541.765634533695,-1.9179564600548117e-19,4.2,-0.0
8,CV-charge,36,8425.944173591888,73769.24542851525,4.2,4.1502835718915,4.1502835718915,26633.652805721245,21611.590599790434,-1.9190731237624738e-19,4.2,-0.0
8,CV-charge,37,8498.67144631916,73841.97270124251,4.2,4.006152698242516,4.006152698242516,26571.972707459612,21678.984471253978,-1.9186489769101673e-19,4.2,-0.0
8,CV-charge,38,8571.398719046434,73914.6999739698,4.2,3.8680578182011787,3.8680578182011787,26512.42081665888,21744.04970641799,-1.9190312802324943e-19,4.2,-0.0
8,CV-charge,39,8644.125991773706,73987.42724669706,4.2,3.7356375890968807,3.7356375890968807,26454.909459330232,21806.882582666465,-1.9187325264844321e-19,4.2,-0.0
8,CV-charge,40,8716.85326450098,74060.15451942434,4.200000000000001,3.6085600341852935,3.6085600341852935,26399.356106434156,21867.57370239574,-1.9189168050049755e-19,4.200000000000001,-0.0
8,CV-charge,41,8789.580537228252,74132.8817921516,4.199999999999999,3.4865196984787845,3.4865196984787845,26345.682961928316,21926.208448942118,-1.9194175143986088e-19,4.199999999999999,-0.0
8,CV-charge,42,8862.307809955524,74205.60906487888,4.199999999999999,3.3692351212431877,3.3692351212431877,26293.816590159222,21982.867398830236,-1.9189685564718452e-19,4.199999999999999,-0.0
8,CV-charge,43,8935.035082682798,74278.33633760615,4.2,3.256446584944324,3.256446584944324,26243.68757827602,22037.626695144027,-1.919649205421765e-19,4.2,-0.0
8,CV-charge,44,9007.76235541007,74351.06361033343,4.200000000000001,3.1479141061458877,3.1479141061458877,26195.230229899254,22090.558386230477,-1.91965891443215e-19,4.200000000000001,-0.0
8,CV-charge,45,9080.489628137344,74423.7908830607,4.200000000000001,3.043415638641259,3.043415638641259,26148.38228673538,22141.730733406064,-1.9194893284774275e-19,4.200000000000001,-0.0
8,CV-charge,46,9153.216900864616,74496.51815578797,4.199999999999999,2.9427454631751004,2.9427454631751004,26103.084675224807,22191.208490918572,-1.9191950625058785e-19,4.199999999999999,-0.0
8,CV-charge,47,9225.944173591888,74569.24542851525,4.200000000000002,2.845712741588254,2.845712741588254,26059.281275667934,22239.05316100427,-1.9189241264847597e-19,4.200000000000002,-0.0
8,CV-charge,48,9298.67144631916,74641.97270124251,4.199999999999999,2.7521402161591646,2.7521402161591646,26016.91871156141,22285.32322655416,-1.9187909347632104e-19,4.199999999999999,-0.0
8,CV-charge,49,9319.192362937556,74662.4936178609,4.199999999999999,2.7263936618114997,2.7263936618114997,26005.24299829373,22298.075760082134,-1.9188108362240422e-19,4.199999999999999,-0.0
9,CC-discharge,0,0.0,74662.4936178609,3.85526043338635,-27.263836618115,-27.263836618115,26005.24299829373,22298.075760082134,-1.9188108362240422e-19,3.85526043338635,0.0
9,CC-discharge,1,72.72727272727273,74735.22089058819,3.8312260954780837,-27.263836618115,-27.263836618115,26570.362722282825,21763.575871197514,-1.9188110893735803e-19,3.8312260954780837,0.5507845781437374
9,CC-discharge,2,145.45454545454547,74807.94816331545,3.814977901878024,-27.263836618115,-27.263836618115,26989.950576290386,21310.09592001678,-1.9188111314280996e-19,3.814977901878024,1.1015691562874748
9,CC-discharge,3,218.1818181818182,74880.67543604273,3.7998237523849077,-27.263836618115,-27.263836618115,27407.677141859884,20856.640578011367,-1.9188111425822363e-19,3.7998237523849077,1.652353734431212
9,CC-discharge,4,290.90909090909093,74953.40270877,3.7854991335463444,-27.263836618115,-27.263836618115,27825.374665826417,20403.185187191033,-1.9188111487534281e-19,3.7854991335463444,2.2031383125749495
9,CC-discharge,5,363.6363636363637,75026.12998149727,3.771843584463021,-27.263836618115,-27.263836618115,28243.069943440587,19949.72979565241,-1.9188111587882475e-19,3.771843584463021,2.753922890718687
9,CC-discharge,6,436.3636363636364,75098.85725422454,3.7587512251335635,-27.263836618115,-27.263836618115,28660.7650465382,19496.274404102947,-1.9188111621525977e-19,3.7587512251335635,3.304707468862424
9,CC-discharge,7,509.0909090909091,75171.58452695182,3.7461287653986988,-27.263836618115,-27.263836618115,29078.460136012407,19042.81901255359,-1.918811170734707e-19,3.7461287653986988,3.8554920470061615
9,CC-discharge,8,581.8181818181819,75244.31179967908,3.733919754183102,-27.263836618115,-27.263836618115,29496.15522441681,18589.363621004213,-1.9188111625146264e-19,3.733919754183102,4.406276625149899
9,CC-discharge,9,654.5454545454546,75317.03907240636,3.722077069832598,-27.263836618115,-27.263836618115,29913.85031273669,18135.90822945504,-1.9188111649742825e-19,3.722077069832598,4.9570612032936365
9,CC-discharge,10,727.2727272727274,75389.76634513363,3.7105646070589873,-27.263836618115,-27.263836618115,30331.54540104999,17682.452837905887,-1.9188111523283523e-19,3.7105646070589873,5.507845781437374
9,CC-discharge,11,800.0000000000001,75462.4936178609,3.6993544520937762,-27.263836618115,-27.263836618115,30749.24048936314,17228.997446356912,-1.918811153645754e-19,3.6993544520937762,6.0586303595811115
9,CC-discharge,12,872.7272727272727,75535.22089058819,3.688424806191373,-27.263836618115,-27.263836618115,31166.93557767576,16775.542054807385,-1.9188111547651284e-19,3.688424806191373,6.609414937724848
9,CC-discharge,13,945.4545454545455,75607.94816331545,3.677758426085337,-27.263836618115,-27.263836618115,31584.630665988574,16322.086663258046,-1.9188111589259253e-19,3.677758426085337,7.160199515868586
9,CC-discharge,14,1018.1818181818182,75680.67543604273,3.6673414252060157,-27.263836618115,-27.263836618115,32002.325754301444,15868.631271708651,-1.9188111567098302e-19,3.6673414252060157,7.710984094012323
9,CC-discharge,15,1090.909090909091,75753.40270877,3.657162326387337,-27.263836618115,-27.263836618115,32420.020842614173,15415.175880159248,-1.9188111619078169e-19,3.657162326387337,8.26176867215606
9,CC-discharge,16,1163.6363636363637,75826.12998149727,3.6472112886026546,-27.263836618115,-27.263836618115,32837.71593092702,14961.720488609993,-1.9188111557664334e-19,3.6472112886026546,8.812553250299798
9,CC-discharge,17,1236.3636363636365,75898.85725422454,3.637479450007168,-27.263836618115,-27.263836618115,33255.41101923944,14508.265097060763,-1.9188111772489565e-19,3.637479450007168,9.363337828443536
9,CC-discharge,18,1309.0909090909092,75971.58452695182,3.6279583427591664,-27.263836618115,-27.263836618115,33673.10610755216,14054.80970551141,-1.9188111787723235e-19,3.6279583427591664,9.914122406587273
9,CC-discharge,19,1381.818181818182,76044.31179967908,3.618639343270753,-27.263836618115,-27.263836618115,34090.80119586455,13601.354313962149,-1.9188111695252998e-19,3.618639343270753,10.46490698473101
9,CC-discharge,20,1454.5454545454547,76117.03907240636,3.6095131262497246,-27.263836618115,-27.263836618115,34508.49628417738,13147.8989224124,-1.9188111741784267e-19,3.6095131262497246,11.015691562874748
9,CC-discharge,21,1527.2727272727275,76189.76634513363,3.6005690939649364,-27.263836618115,-27.263836618115,34926.19137249037,12694.443530863144,-1.91881117273e-19,3.6005690939649364,11.566476141018486
9,CC-discharge,22,1600.0000000000002,76262.4936178609,3.5917947455243513,-27.263836618115,-27.263836618115,35343.88646080294,12240.98813931407,-1.9188111728099747e-19,3.5917947455243513,12.117260719162223
9,CC-discharge,23,1672.727272727273,76335.22089058819,3.5831743797432396,-27.263836618115,-27.263836618115,35761.58154911588,11787.532747764923,-1.9188111817181492e-19,3.5831743797432396,12.66804529730596
9,CC-discharge,24,1745.4545454545455,76407.94816331545,3.574690894140863,-27.263836618115,-27.263836618115,36179.27663742848,11334.077356215594,-1.918811170128731e-19,3.574690894140863,13.218829875449696
9,CC-discharge,25,1818.1818181818182,76480.67543604273,3.5663203128747933,-27.263836618115,-27.263836618115,36596.971725740965,10880.621964666347,-1.9188111549206798e-19,3.5663203128747933,13.769614453593434
9,CC-discharge,26,1890.909090909091,76553.40270877,3.558033959164537,-27.263836618115,-27.263836618115,37014.666814053424,10427.166573117678,-1.9188111628781172e-19,3.558033959164537,14.320399031737171
9,CC-discharge,27,1963.6363636363637,76626.12998149727,3.5497960555785952,-27.263836618115,-27.263836618115,37432.361902366065,9973.711181568517,-1.9188113224786322e-19,3.5497960555785952,14.871183609880909
9,CC-discharge,28,2036.3636363636365,76698.85725422454,3.5415619153800177,-27.263836618115,-27.263836618115,37850.056990678655,9520.255790019422,-1.918811258086694e-19,3.5415619153800177,15.421968188024646
9,CC-discharge,29,2109.0909090909095,76771.58452695182,3.5332756350847836,-27.263836618115,-27.263836618115,38267.75207899124,9066.800398470317,-1.918811456607687e-19,3.5332756350847836,15.972752766168385
9,CC-discharge,30,2181.818181818182,76844.31179967908,3.5248673670937842,-27.263836618115,-27.263836618115,38685.447167304104,8613.345006921232,-1.9188109454274921e-19,3.5248673670937842,16.52353734431212
9,CC-discharge,31,2254.545454545455,76917.03907240636,3.5162499468145514,-27.263836618115,-27.263836618115,39103.14225561677,8159.88961537202,-1.918811830545535e-19,3.5162499468145514,17.07432192245586
9,CC-discharge,32,2327.2727272727275,76989.76634513363,3.507315025466067,-27.263836618115,-27.263836618115,39520.83734392943,7706.434223822941,-1.918811600711797e-19,3.507315025466067,17.625106500599596
9,CC-discharge,33,2400.0,77062.4936178609,3.4979264247257125,-27.263836618115,-27.263836618115,39938.532432242166,7252.978832273803,-1.9188126948049009e-19,3.4979264247257125,18.175891078743334
9,CC-discharge,34,2472.727272727273,77135.22089058819,3.487916925506436,-27.263836618115,-27.263836618115,40356.227520554836,6799.523440724824,-1.918815225939021e-19,3.487916925506436,18.726675656887075
9,CC-discharge,35,2545.4545454545455,77207.94816331545,3.4770776193845645,-27.263836618115,-27.263836618115,40773.92260886769,6346.068049175694,-1.918816021752068e-19,3.4770776193845645,19.277460235030812
9,CC-discharge,36,2618.1818181818185,77280.67543604273,3.46515026317725,-27.263836618115,-27.263836618115,41191.61769718015,5892.612657626707,-1.9188199587114855e-19,3.46515026317725,19.82824481317455
9,CC-discharge,37,2690.909090909091,77353.40270877,3.4518160661195476,-27.263836618115,-27.263836618115,41609.312785492926,5439.157266077557,-1.9188219644756726e-19,3.4518160661195476,20.379029391318287
9,CC-discharge,38,2763.636363636364,77426.12998149727,3.436682922507533,-27.263836618115,-27.263836618115,42027.00787380486,4985.70187452856,-1.9188213799354673e-19,3.436682922507533,20.929813969462025
9,CC-discharge,39,2836.3636363636365,77498.85725422454,3.4192708627079114,-27.263836618115,-27.263836618115,42444.702962117844,4532.246482979437,-1.9188213987452396e-19,3.4192708627079114,21.480598547605762
9,CC-discharge,40,2909.0909090909095,77571.58452695182,3.3989962546384422,-27.263836618115,-27.263836618115,42862.39805042995,4078.791091430354,-1.9188231746322186e-19,3.3989962546384422,22.0313831257495
9,CC-discharge,41,2981.818181818182,77644.31179967908,3.3751548870014005,-27.263836618115,-27.263836618115,43280.09313874303,3625.3356998812114,-1.9188232588121342e-19,3.3751548870014005,22.582167703893237
9,CC-discharge,42,3054.545454545455,77717.03907240636,3.346907802121317,-27.263836618115,-27.263836618115,43697.78822705598,3171.880308332124,-1.918821574387632e-19,3.346907802121317,23.132952282036975
9,CC-discharge,43,3127.2727272727275,77789.76634513363,3.313265578513418,-27.263836618115,-27.263836618115,44115.483315368685,2718.424916783069,-1.9188210825882141e-19,3.313265578513418,23.683736860180712
9,CC-discharge,44,3200.0000000000005,77862.4936178609,3.273060127378551,-27.263836618115,-27.263836618115,44533.17840368141,2264.9695252339898,-1.918818161484345e-19,3.273060127378551,24.23452143832445
9,CC-discharge,45,3272.727272727273,77935.22089058819,3.22479479512356,-27.263836618115,-27.263836618115,44950.87349199388,1811.5141336849547,-1.918818511794698e-19,3.22479479512356,24.785306016468187
9,CC-discharge,46,3345.454545454546,78007.94816331545,3.1656441198503464,-27.263836618115,-27.263836618115,45368.56858030647,1358.0587421359317,-1.9188166293095496e-19,3.1656441198503464,25.336090594611925
9,CC-discharge,47,3418.1818181818185,78080.67543604273,3.083512940538748,-27.263836618115,-27.263836618115,45786.263668619606,904.6033505868987,-1.9188122087038506e-19,3.083512940538748,25.886875172755662
9,CC-discharge,48,3458.9441554478585,78121.43777330876,3.0000100000000014,-27.263836618115,-27.263836618115,46020.37430450198,650.4497035122859,-1.9188276051745856e-19,3.0000100000000014,26.195580090365056
9,CC-charge,0,3458.9441554478585,78121.43777330876,3.7158185413054783,27.263836618115,27.263836618115,46020.37430450198,650.4497035122859,-1.9188276051745856e-19,3.7158185413054783,0.0
9,CC-charge,1,3531.671428175131,78194.16504603604,3.8210121923686713,27.263836618115,27.263836618115,45455.25935128883,1184.9472807545221,-1.918828684901021e-19,3.8210121923686713,-0.0
9,CC-charge,2,3604.398700902404,78266.8923187633,3.86728283728689,27.263836618115,27.263836618115,45035.67034389048,1638.4295452847684,-1.9188264743354866e-19,3.86728283728689,-0.0
9,CC-charge,3,3677.1259736296765,78339.61959149058,3.9046710831942417,27.263836618115,27.263836618115,44617.93802054466,2091.8848844638223,-1.918826527627974e-19,3.9046710831942417,-0.0
9,CC-charge,4,3749.8532463569495,78412.34686421785,3.935913716908223,27.263836618115,27.263836618115,44200.24243661466,2545.3402763949316,-1.9188256611728423e-19,3.935913716908223,-0.0
9,CC-charge,5,3822.580519084222,78485.07413694513,3.9619398438015683,27.263836618115,27.263836618115,43782.54734324298,2998.7956679392814,-1.9188255452895054e-19,3.9619398438015683,-0.0
9,CC-charge,6,3895.307791811495,78557.8014096724,3.9835209394677547,27.263836618115,27.263836618115,43364.852254993515,3452.2510594883934,-1.9188246161243406e-19,3.9835209394677547,-0.0
9,CC-charge,7,3968.0350645387675,78630.52868239967,4.00139801351809,27.263836618115,27.263836618115,42947.157166682,3905.7064510373107,-1.9188260127158166e-19,4.00139801351809,-0.0
9,CC-charge,8,4040.7623372660405,78703.25595512694,4.016254593958693,27.263836618115,27.263836618115,42529.46207836928,4359.161842586201,-1.918826900465328e-19,4.016254593958693,-0.0
9,CC-charge,9,4113.489609993313,78775.98322785422,4.028693980411872,27.263836618115,27.263836618115,42111.76699005542,4812.617234135192,-1.9188272414984024e-19,4.028693980411872,-0.0
9,CC-charge,10,4186.216882720586,78848.71050058148,4.039232376518508,27.263836618115,27.263836618115,41694.0719017417,5266.072625684143,-1.9188272310707075e-19,4.039232376518508,-0.0
9,CC-charge,11,4258.944155447859,78921.43777330876,4.048302738852147,27.263836618115,27.263836618115,41276.376813428236,5719.528017233011,-1.918827154036238e-19,4.048302738852147,-0.0
9,CC-charge,12,4331.671428175131,78994.16504603604,4.056262408387172,27.263836618115,27.263836618115,40858.68172511459,6172.983408781977,-1.9188267894841216e-19,4.056262408387172,-0.0
9,CC-charge,13,4404.398700902404,79066.8923187633,4.063403864551367,27.263836618115,27.263836618115,40440.986636801135,6626.438800330775,-1.9188273227619658e-19,4.063403864551367,-0.0
9,CC-charge,14,4477.125973629677,79139.61959149058,4.0699643842738515,27.263836618115,27.263836618115,40023.291548487796,7079.89419187975,-1.918826599196983e-19,4.0699643842738515,-0.0
9,CC-charge,15,4549.85324635695,79212.34686421785,4.076135329099969,27.263836618115,27.263836618115,39605.59646017466,7533.349583428663,-1.918826824606396e-19,4.076135329099969,-0.0
9,CC-charge,16,4622.580519084222,79285.07413694513,4.082070129029849,27.263836618115,27.263836618115,39187.90137186122,7986.8049749776965,-1.9188266544671594e-19,4.082070129029849,-0.0
9,CC-charge,17,4695.307791811495,79357.8014096724,4.087891758342811,27.263836618115,27.263836618115,38770.20628354782,8440.260366526696,-1.9188264827116968e-19,4.087891758342811,-0.0
9,CC-charge,18,4768.035064538768,79430.52868239967,4.0936974849717425,27.263836618115,27.263836618115,38352.511195234256,8893.715758075503,-1.9188262612923724e-19,4.0936974849717425,-0.0
9,CC-charge,19,4840.76233726604,79503.25595512694,4.099564789735774,27.263836618115,27.263836618115,37934.81610692124,9347.171149624504,-1.918826398573029e-19,4.099564789735774,-0.0
9,CC-charge,20,4913.489609993313,79575.98322785422,4.10555464521734,27.263836618115,27.263836618115,37517.12101860845,9800.62654117342,-1.9188262544261753e-19,4.10555464521734,-0.0
9,CC-charge,21,4986.216882720586,79648.71050058148,4.111714734853174,27.263836618115,27.263836618115,37099.42593029502,10254.081932722343,-1.9188262541548568e-19,4.111714734853174,-0.0
9,CC-charge,22,5058.944155447859,79721.43777330876,4.118083745984339,27.263836618115,27.263836618115,36681.73084198195,10707.537324271085,-1.9188262624848096e-19,4.118083745984339,-0.0
9,CC-charge,23,5131.671428175132,79794.16504603604,4.124690311391807,27.263836618115,27.263836618115,36264.035753668555,11160.992715820372,-1.9188263468969194e-19,4.124690311391807,-0.0
9,CC-charge,24,5204.398700902404,79866.8923187633,4.131557359454346,27.263836618115,27.263836618115,35846.340665354975,11614.448107368875,-1.9188263331199345e-19,4.131557359454346,-0.0
9,CC-charge,25,5277.125973629677,79939.61959149058,4.138702829440895,27.263836618115,27.263836618115,35428.64557704147,12067.90349891756,-1.9188263344762168e-19,4.138702829440895,-0.0
9,CC-charge,26,5349.85324635695,80012.34686421785,4.146140813725558,27.263836618115,27.263836618115,35010.95048872843,12521.358890466967,-1.9188263463130686e-19,4.146140813725558,-0.0
9,CC-charge,27,5422.580519084222,80085.07413694513,4.153882516239225,27.263836618115,27.263836618115,34593.25540041496,12974.814282016265,-1.9188263701660642e-19,4.153882516239225,-0.0
9,CC-charge,28,5495.307791811495,80157.8014096724,4.161938940375218,27.263836618115,27.263836618115,34175.56031210162,13428.269673564793,-1.9188263646093882e-19,4.161938940375218,-0.0
9,CC-charge,29,5568.035064538768,80230.52868239967,4.170314605496297,27.263836618115,27.263836618115,33757.86522378802,13881.725065113711,-1.918826521077674e-19,4.170314605496297,-0.0
9,CC-charge,30,5640.76233726604,80303.25595512694,4.179017703253139,27.263836618115,27.263836618115,33340.17013547463,14335.180456662465,-1.918826625242482e-19,4.179017703253139,-0.0
9,CC-charge,31,5713.489609993314,80375.98322785422,4.188054814590731,27.263836618115,27.263836618115,32922.47504716145,14788.6358482112,-1.9188265750385802e-19,4.188054814590731,-0.0
9,CC-charge,32,5786.216882720586,80448.71050058148,4.197432853060559,27.263836618115,27.263836618115,32504.779958848212,15242.09123975956,-1.918826732398951e-19,4.197432853060559,-0.0
9,CC-charge,33,5805.585608561287,80468.07922642218,4.19999,27.263836618115,27.263836618115,32393.53941115328,15362.855470708211,-1.9188267319904109e-19,4.19999,-0.0
9,CV-charge,0,5805.585608561287,80468.07922642218,4.2,27.288665434893044,27.288665434893044,32393.53941115328,15362.855470708211,-1.9188267319904109e-19,4.2,0.0
9,CV-charge,1,5878.31288128856,80540.80649914946,4.200000000000001,24.206602713097652,24.206602713097652,31871.626134919752,15857.901251138614,-1.849438267228073e-19,4.200000000000001,-0.0
9,CV-charge,2,5951.040154015832,80613.53377187673,4.200000000000001,22.26035030467053,22.26035030467053,31525.210079461638,16238.023747118668,-1.6741405228040668e-19,4.200000000000001,-0.0
9,CV-charge,3,6023.767426743105,80686.261044604,4.200000000000001,20.560765729293504,20.560765729293504,31207.255049162297,16588.37551568172,-1.9543108371785738e-19,4.200000000000001,-0.0
9,CV-charge,4,6096.494699470378,80758.98831733127,4.2,19.059358640156937,19.059358640156937,30912.43586893174,16913.037272665944,-2.0271791577537447e-19,4.2,-0.0
9,CV-charge,5,6169.221972197651,80831.71559005855,4.2,17.72692150137766,17.72692150137766,30638.347355918515,17214.670649250005,-2.0465998319969087e-19,4.2,-0.0
9,CV-charge,6,6241.949244924923,80904.44286278581,4.2,16.538426146921747,16.538426146921747,30382.743881016675,17495.7910972405,-2.037077727775754e-19,4.2,-0.0
9,CV-charge,7,6314.676517652196,80977.1701355131,4.2,15.473198754828754,15.473198754828754,30143.696150177537,17758.557650156345,-2.1656059448950726e-19,4.2,-0.0
9,CV-charge,8,6387.403790379469,81049.89740824036,4.2,14.51412633483984,14.51412633483984,29919.54536676432,18004.824437482865,-2.2217596925300643e-19,4.2,-0.0
9,CV-charge,9,6460.131063106742,81122.62468096764,4.2,13.646945676562337,13.646945676562337,29708.856820869336,18236.193360632533,-2.2185414723369636e-19,4.2,-0.0
9,CV-charge,10,6532.858335834014,81195.3519536949,4.2,12.859714843125571,12.859714843125571,29510.38427405675,18454.05443661234,-2.2075362378716475e-19,4.2,-0.0
9,CV-charge,11,6605.585608561287,81268.07922642218,4.2,12.14238276193891,12.14238276193891,29323.040185769936,18659.619479112385,-2.2705353120213923e-19,4.2,-0.0
9,CV-charge,12,6678.31288128856,81340.80649914946,4.2,11.486394247707246,11.486394247707246,29145.858707156927,18853.963571975277,-2.2409168174868967e-19,4.2,-0.0
9,CV-charge,13,6751.040154015833,81413.53377187673,4.199999999999999,10.884547214710658,10.884547214710658,28978.006915268772,19038.013184522453,-2.1881255002174873e-19,4.199999999999999,-0.0
9,CV-charge,14,6823.767426743105,81486.261044604,4.2,10.330234410849828,10.330234410849828,28818.61836209786,19212.72946009175,-2.197547707563778e-19,4.2,-0.0
9,CV-charge,15,6896.494699470378,81558.98831733127,4.2,9.818578848240971,9.818578848240971,28667.152186361564,19378.714467453563,-2.1976498901022386e-19,4.2,-0.0
9,CV-charge,16,6969.221972197651,81631.71559005855,4.2,9.344989853949505,9.344989853949505,28523.01698810201,19536.62448033579,-2.197860220305437e-19,4.2,-0.0
9,CV-charge,17,7041.949244924923,81704.44286278581,4.199999999999999,8.905483684155314,8.905483684155314,28385.682236327557,19687.047716692094,-2.1979259689924567e-19,4.199999999999999,-0.0
9,CV-charge,18,7114.676517652196,81777.1701355131,4.2,8.496603897388198,8.496603897388198,28254.67202500575,19830.511472032573,-2.198285668334647e-19,4.2,-0.0
9,CV-charge,19,7187.403790379469,81849.89740824036,4.2,8.11532778155239,8.11532778155239,28129.557440358945,19967.490669675473,-2.1981755576367264e-19,4.2,-0.0
9,CV-charge,20,7260.131063106742,81922.62468096764,4.2,7.759007836060335,7.759007836060335,28009.950891013934,20098.41421543373,-2.197206886139329e-19,4.2,-0.0
9,CV-charge,21,7332.858335834015,81995.3519536949,4.2,7.425315984564341,7.425315984564341,27895.50110263974,20223.670601636495,-2.1974062399336633e-19,4.2,-0.0
9,CV-charge,22,7405.585608561287,82068.07922642218,4.200000000000001,7.11219814751696,7.11219814751696,27785.888826484785,20343.612707463795,-2.1969501740428754e-19,4.200000000000001,-0.0
9,CV-charge,23,7478.31288128856,82140.80649914946,4.199999999999999,6.817840002737329,6.817840002737329,27680.824522702915,20458.560410652386,-2.196991723571762e-19,4.199999999999999,-0.0
9,CV-charge,24,7551.040154015833,82213.53377187673,4.200000000000001,6.540626160060339,6.540626160060339,27580.042071229233,20568.807569145065,-2.196700955778389e-19,4.200000000000001,-0.0
9,CV-charge,25,7623.767426743105,82286.261044604,4.2,6.279118863599605,6.279118863599605,27483.297985242352,20674.622913057152,-2.1966113544212145e-19,4.2,-0.0
9,CV-charge,26,7696.494699470378,82358.98831733127,4.2,6.03203429155528,6.03203429155528,27390.36874715014,20776.253020881424,-2.1963569933533267e-19,4.2,-0.0
9,CV-charge,27,7769.221972197651,82431.71559005855,4.2,5.798223025589416,5.798223025589416,27301.04871114579,20873.924656017523,-2.197387126673708e-19,4.2,-0.0
9,CV-charge,28,7841.949244924923,82504.44286278581,4.2,5.576653366893254,5.576653366893254,27215.148267857952,20967.84681087447,-2.192951647666096e-19,4.2,-0.0
9,CV-charge,29,7914.676517652197,82577.1701355131,4.2,5.366397032131332,5.366397032131332,27132.49223251957,21058.212500876838,-2.194334949294452e-19,4.2,-0.0
9,CV-charge,30,7987.403790379469,82649.89740824036,4.199999999999999,5.166616848798619,5.166616848798619,27052.918425418313,21145.200343511417,-2.1944443502655637e-19,4.199999999999999,-0.0
9,CV-charge,31,8060.131063106742,82722.62468096764,4.199999999999999,4.976556136213093,4.976556136213093,26976.27641822203,21228.975952080455,-2.193188728814879e-19,4.199999999999999,-0.0
9,CV-charge,32,8132.858335834015,82795.3519536949,4.199999999999999,4.795529512551673,4.795529512551673,26902.426423848763,21309.69316919374,-2.19236133848701e-19,4.199999999999999,-0.0
9,CV-charge,33,8205.585608561287,82868.07922642218,4.199999999999999,4.622914912361023,4.622914912361023,26831.238310932735,21387.4951612554,-2.1946208384373386e-19,4.199999999999999,-0.0
9,CV-charge,34,8278.312881288559,82940.80649914946,4.2,4.458146634919485,4.458146634919485,26762.590726759565,21462.515391996767,-2.1933830765746456e-19,4.2,-0.0
9,CV-charge,35,8351.040154015833,83013.53377187673,4.2,4.300709273212059,4.300709273212059,26696.37031489918,21534.878490496543,-2.1923423139000525e-19,4.2,-0.0
9,CV-charge,36,8423.767426743105,83086.261044604,4.199999999999999,4.1501323974683535,4.1501323974683535,26632.471015730644,21604.701026866023,-2.1929876393728796e-19,4.199999999999999,-0.0
9,CV-charge,37,8496.494699470379,83158.98831733127,4.199999999999999,4.005985887173324,4.005985887173324,26570.793439737452,21672.092206944366,-2.1922127024200297e-19,4.199999999999999,-0.0
9,CV-charge,38,8569.22197219765,83231.71559005855,4.199999999999999,3.867875821921904,3.867875821921904,26511.24430482803,21737.154495752133,-2.192572197831632e-19,4.199999999999999,-0.0
9,CV-charge,39,8641.949244924923,83304.44286278581,4.199999999999999,3.7354408552443705,3.7354408552443705,26453.73593014794,21799.984178139868,-2.192591350000469e-19,4.199999999999999,-0.0
9,CV-charge,40,8714.676517652197,83377.1701355131,4.2,3.608349006915596,3.608349006915596,26398.185779845928,21860.671863909745,-2.1929084069640577e-19,4.2,-0.0
9,CV-charge,41,8787.403790379469,83449.89740824036,4.200000000000001,3.486294818822564,3.486294818822564,26344.51605111671,21919.302943749135,-2.1925347322292617e-19,4.200000000000001,-0.0
9,CV-charge,42,8860.131063106743,83522.62468096764,4.199999999999999,3.3689968274728543,3.3689968274728543,26292.653301587256,21975.95800148781,-2.1926004315077865e-19,4.199999999999999,-0.0
9,CV-charge,43,8932.858335834015,83595.3519536949,4.2,3.2561953129459966,3.2561953129459966,26242.52811172357,22030.71318746994,-2.1920390318947967e-19,4.2,-0.0
9,CV-charge,44,9005.585608561287,83668.07922642218,4.2,3.1476502897782788,3.1476502897782788,26194.074778495786,22083.640557269373,-2.1922232484799213e-19,4.2,-0.0
9,CV-charge,45,9078.312881288559,83740.80649914946,4.200000000000001,3.043139710076867,3.043139710076867,26147.231036985682,22134.80837939806,-2.1915285053192e-19,4.200000000000001,-0.0
9,CV-charge,46,9151.040154015833,83813.53377187673,4.2,2.94245785321269,2.94245785321269,26101.93780703194,22184.281415278823,-2.1912523042487583e-19,4.2,-0.0
9,CV-charge,47,9223.767426743105,83886.261044604,4.200000000000001,2.8454138799305277,2.8454138799305277,26058.138962349258,22232.121174297943,-2.1909846405203347e-19,4.200000000000001,-0.0
9,CV-charge,48,9296.494699470379,83958.98831733127,4.2,2.7518305316511538,2.7518305316511538,26015.781119862037,22278.386146483455,-2.1905822189330057e-19,4.2,-0.0
9,CV-charge,49,9316.765319812344,83979.25893767324,4.2,2.7263936618115,2.7263936618115,26004.24855130364,22290.9823514037,-2.190601439106481e-19,4.2,-0.0
10,CC-discharge,0,0.0,83979.25893767324,3.8552824686445857,-27.263836618115,-27.263836618115,26004.24855130364,22290.9823514037,-2.190601439106481e-19,3.8552824686445857,0.0
10,CC-discharge,1,72.72727272727273,84051.98621040052,3.8312421772229865,-27.263836618115,-27.263836618115,26569.36826958172,21756.482468621798,-2.190601203788376e-19,3.8312421772229865,0.5507845781437374
10,CC-discharge,2,145.45454545454547,84124.71348312778,3.8149907342605043,-27.263836618115,-27.263836618115,26988.956115983194,21303.002511425064,-2.190601350873467e-19,3.8149907342605043,1.1015691562874748
10,CC-discharge,3,218.1818181818182,84197.44075585506,3.799834031567066,-27.263836618115,-27.263836618115,27406.68269353758,20849.547169334408,-2.190601380204842e-19,3.799834031567066,1.652353734431212
10,CC-discharge,4,290.90909090909093,84270.16802858232,3.785507405963807,-27.263836618115,-27.263836618115,27824.380218707847,20396.091778513106,-2.190601349729752e-19,3.785507405963807,2.2031383125749495
10,CC-discharge,5,363.6363636363637,84342.8953013096,3.7718502424051135,-27.263836618115,-27.263836618115,28242.07549643844,19942.636386974773,-2.190601349149814e-19,3.7718502424051135,2.753922890718687
10,CC-discharge,6,436.3636363636364,84415.62257403687,3.758756586269157,-27.263836618115,-27.263836618115,28659.77059954688,19489.18099542562,-2.190601347151571e-19,3.758756586269157,3.304707468862424
10,CC-discharge,7,509.0909090909091,84488.34984676415,3.746133048281515,-27.263836618115,-27.263836618115,29077.465689021617,19035.725603876155,-2.190601356062072e-19,3.746133048281515,3.8554920470061615
10,CC-discharge,8,581.8181818181819,84561.07711949141,3.7339231454558943,-27.263836618115,-27.263836618115,29495.16077742588,18582.270212327207,-2.1906013373302073e-19,3.7339231454558943,4.406276625149899
10,CC-discharge,9,654.5454545454546,84633.80439221869,3.7220797184445167,-27.263836618115,-27.263836618115,29912.85586574643,18128.814820777938,-2.190601335718606e-19,3.7220797184445167,4.9570612032936365
10,CC-discharge,10,727.2727272727274,84706.53166494596,3.7105666324984146,-27.263836618115,-27.263836618115,30330.550954060694,17675.359429228334,-2.1906013282419567e-19,3.7105666324984146,5.507845781437374
10,CC-discharge,11,800.0000000000001,84779.25893767324,3.6993559501837225,-27.263836618115,-27.263836618115,30748.246042373827,17221.904037679124,-2.1906013196537675e-19,3.6993559501837225,6.0586303595811115
10,CC-discharge,12,872.7272727272727,84851.98621040052,3.6884258531074687,-27.263836618115,-27.263836618115,31165.941130687028,16768.448646129644,-2.1906013226880196e-19,3.6884258531074687,6.609414937724848
10,CC-discharge,13,945.4545454545455,84924.71348312778,3.6777590810177663,-27.263836618115,-27.263836618115,31583.636218999996,16314.993254580055,-2.190601318935773e-19,3.6777590810177663,7.160199515868586
10,CC-discharge,14,1018.1818181818182,84997.44075585506,3.6673417319307,-27.263836618115,-27.263836618115,32001.331307312797,15861.537863030804,-2.190601308401674e-19,3.6673417319307,7.710984094012323
10,CC-discharge,15,1090.909090909091,85070.16802858232,3.657162313896858,-27.263836618115,-27.263836618115,32419.026395625235,15408.082471481284,-2.190601303012343e-19,3.657162313896858,8.26176867215606
10,CC-discharge,16,1163.6363636363637,85142.8953013096,3.6472109708705167,-27.263836618115,-27.263836618115,32836.721483937974,14954.627079932006,-2.190601296713333e-19,3.6472109708705167,8.812553250299798
10,CC-discharge,17,1236.3636363636365,85215.62257403687,3.6374788248915206,-27.263836618115,-27.263836618115,33254.41657225088,14501.171688382678,-2.19060129565799e-19,3.6374788248915206,9.363337828443536
10,CC-discharge,18,1309.0909090909092,85288.34984676415,3.6279573899958697,-27.263836618115,-27.263836618115,33672.11166056344,14047.716296833618,-2.1906013193697194e-19,3.6279573899958697,9.914122406587273
10,CC-discharge,19,1381.818181818182,85361.07711949141,3.618638021451515,-27.263836618115,-27.263836618115,34089.80674887657,13594.260905284182,-2.1906013265611885e-19,3.618638021451515,10.46490698473101
10,CC-discharge,20,1454.5454545454547,85433.80439221869,3.609511368625544,-27.263836618115,-27.263836618115,34507.50183718931,13140.805513735284,-2.190601324618908e-19,3.609511368625544,11.015691562874748
10,CC-discharge,21,1527.2727272727275,85506.53166494596,3.6005668028583107,-27.263836618115,-27.263836618115,34925.19692550218,12687.350122186132,-2.190601331478234e-19,3.6005668028583107,11.566476141018486
10,CC-discharge,22,1600.0000000000002,85579.25893767324,3.591791785035558,-27.263836618115,-27.263836618115,35342.89201381465,12233.894730636948,-2.190601331864539e-19,3.591791785035558,12.117260719162223
10,CC-discharge,23,1672.727272727273,85651.98621040052,3.5831705712818973,-27.263836618115,-27.263836618115,35760.587102127196,11780.439339087656,-2.190601325575915e-19,3.5831705712818973,12.66804529730596
10,CC-discharge,24,1745.4545454545455,85724.71348312778,3.574685988774168,-27.263836618115,-27.263836618115,36178.28219043969,11326.983947538027,-2.1906013316324394e-19,3.574685988774168,13.218829875449696
10,CC-discharge,25,1818.1818181818182,85797.44075585506,3.5663139929858887,-27.263836618115,-27.263836618115,36595.97727875202,10873.528555988529,-2.190601348677225e-19,3.5663139929858887,13.769614453593434
10,CC-discharge,26,1890.909090909091,85870.16802858232,3.558025814217246,-27.263836618115,-27.263836618115,37013.672367064675,10420.073164439233,-2.190601359825587e-19,3.558025814217246,14.320399031737171
10,CC-discharge,27,1963.6363636363637,85942.8953013096,3.5497855587537104,-27.263836618115,-27.263836618115,37431.36745537758,9966.617772890015,-2.190601152202551e-19,3.5497855587537104,14.871183609880909
10,CC-discharge,28,2036.3636363636365,86015.62257403687,3.541548393453538,-27.263836618115,-27.263836618115,37849.0625436906,9513.162381340835,-2.190601883172364e-19,3.541548393453538,15.421968188024646
10,CC-discharge,29,2109.0909090909095,86088.34984676415,3.5332582309142957,-27.263836618115,-27.263836618115,38266.757632003406,9059.70698979171,-2.190602392081578e-19,3.5332582309142957,15.972752766168385
10,CC-discharge,30,2181.818181818182,86161.07711949141,3.5248449947104583,-27.263836618115,-27.263836618115,38684.45272031653,8606.251598242532,-2.1906024931732284e-19,3.5248449947104583,16.52353734431212
10,CC-discharge,31,2254.545454545455,86233.80439221869,3.516221234929162,-27.263836618115,-27.263836618115,39102.147808629226,8152.796206693419,-2.190603419118955e-19,3.516221234929162,17.07432192245586
10,CC-discharge,32,2327.2727272727275,86306.53166494596,3.507278240734768,-27.263836618115,-27.263836618115,39519.84289694176,7699.340815144035,-2.190602343044675e-19,3.507278240734768,17.625106500599596
10,CC-discharge,33,2400.0,86379.25893767324,3.4978794140259404,-27.263836618115,-27.263836618115,39937.53798525454,7245.885423595049,-2.1906016651960163e-19,3.4978794140259404,18.175891078743334
10,CC-discharge,34,2472.727272727273,86451.98621040052,3.4878569709779526,-27.263836618115,-27.263836618115,40355.233073567426,6792.430032045865,-2.1906029155723433e-19,3.4878569709779526,18.726675656887075
10,CC-discharge,35,2545.4545454545455,86524.71348312778,3.4770013375690096,-27.263836618115,-27.263836618115,40772.928161880205,6338.974640496763,-2.1906006887036593e-19,3.4770013375690096,19.277460235030812
10,CC-discharge,36,2618.1818181818185,86597.44075585506,3.465053448323091,-27.263836618115,-27.263836618115,41190.62325019303,5885.519248947527,-2.1905994441211444e-19,3.465053448323091,19.82824481317455
10,CC-discharge,37,2690.909090909091,86670.16802858232,3.4516935110509737,-27.263836618115,-27.263836618115,41608.31833850619,5432.06385739823,-2.1905997349249853e-19,3.4516935110509737,20.379029391318287
10,CC-discharge,38,2763.636363636364,86742.8953013096,3.436528212521119,-27.263836618115,-27.263836618115,42026.01342681929,4978.608465849318,-2.190599462455873e-19,3.436528212521119,20.929813969462025
10,CC-discharge,39,2836.3636363636365,86815.62257403687,3.419076145943993,-27.263836618115,-27.263836618115,42443.70851513208,4525.15307430025,-2.1906001739640762e-19,3.419076145943993,21.480598547605762
10,CC-discharge,40,2909.0909090909095,86888.34984676415,3.3987519941705457,-27.263836618115,-27.263836618115,42861.40360344513,4071.69768275129,-2.1906010444578824e-19,3.3987519941705457,22.0313831257495
10,CC-discharge,41,2981.818181818182,86961.07711949141,3.374849650189751,-27.263836618115,-27.263836618115,43279.09869175703,3618.242291202314,-2.1906021603063494e-19,3.374849650189751,22.582167703893237
10,CC-discharge,42,3054.545454545455,87033.80439221869,3.346528022185701,-27.263836618115,-27.263836618115,43696.793780070104,3164.7868996532607,-2.190604127583708e-19,3.346528022185701,23.132952282036975
10,CC-discharge,43,3127.2727272727275,87106.53166494596,3.3127953524804115,-27.263836618115,-27.263836618115,44114.48886838268,2711.3315081041146,-2.19061004063936e-19,3.3127953524804115,23.683736860180712
10,CC-discharge,44,3200.0000000000005,87179.25893767324,3.2724803921341574,-27.263836618115,-27.263836618115,44532.183956694775,2257.876116555033,-2.1906052517354553e-19,3.2724803921341574,24.23452143832445
10,CC-discharge,45,3272.727272727273,87251.98621040052,3.224078091488221,-27.263836618115,-27.263836618115,44949.8790450079,1804.4207250059605,-2.1906061568567832e-19,3.224078091488221,24.785306016468187
10,CC-discharge,46,3345.454545454546,87324.71348312778,3.164718787451563,-27.263836618115,-27.263836618115,45367.5741333205,1350.9653334569105,-2.1906098208440755e-19,3.164718787451563,25.336090594611925
10,CC-discharge,47,3418.1818181818185,87397.44075585506,3.081939885559703,-27.263836618115,-27.263836618115,45785.269221632756,897.5099419078675,-2.1906051444110664e-19,3.081939885559703,25.886875172755662
10,CC-discharge,48,3457.8503626115817,87437.10930028482,3.0000100000000005,-27.263836618115,-27.263836618115,46013.09786895374,650.1761058924191,-2.1906083855119074e-19,3.0000100000000005,26.187296482258855
10,CC-charge,0,3457.8503626115817,87437.10930028482,3.715786555892267,27.263836618115,27.263836618115,46013.09786895374,650.1761058924191,-2.1906083855119074e-19,3.715786555892267,0.0
10,CC-charge,1,3530.577635338854,87509.8365730121,3.821046868692927,27.263836618115,27.263836618115,45447.98291565736,1184.673683263053,-2.190607600966994e-19,3.821046868692927,-0.0
10,CC-charge,2,3603.304908066127,87582.56384573937,3.867322304131079,27.263836618115,27.263836618115,45028.393920841314,1638.1559475205154,-2.190607593647988e-19,3.867322304131079,-0.0
10,CC-charge,3,3676.0321807933997,87655.29111846664,3.9047130423477583,27.263836618115,27.263836618115,44610.661585201626,2091.6112868451355,-2.190606676643585e-19,3.9047130423477583,-0.0
10,CC-charge,4,3748.7594535206727,87728.01839119391,3.935958360967514,27.263836618115,27.263836618115,44192.9660010704,2545.066678774994,-2.190605140932329e-19,3.935958360967514,-0.0
10,CC-charge,5,3821.486726247945,87800.74566392119,3.9619874455243607,27.263836618115,27.263836618115,43775.27090769565,2998.522070319505,-2.1906063251174387e-19,3.9619874455243607,-0.0
10,CC-charge,6,3894.213998975218,87873.47293664845,3.983571648500163,27.263836618115,27.263836618115,43357.57581944576,3451.9774618685947,-2.1906061666210925e-19,3.983571648500163,-0.0
10,CC-charge,7,3966.9412717024907,87946.20020937573,4.001451894694897,27.263836618115,27.263836618115,42939.88073113331,3905.4328534175866,-2.190607638097929e-19,4.001451894694897,-0.0
10,CC-charge,8,4039.6685444297636,88018.927482103,4.016311670290676,27.263836618115,27.263836618115,42522.18564282022,4358.888244966576,-2.190606661162032e-19,4.016311670290676,-0.0
10,CC-charge,9,4112.395817157037,88091.65475483028,4.028754259255446,27.263836618115,27.263836618115,42104.490554507065,4812.3436365154585,-2.190606339635216e-19,4.028754259255446,-0.0
10,CC-charge,10,4185.123089884309,88164.38202755754,4.039295863685601,27.263836618115,27.263836618115,41686.79546619425,5265.799028064447,-2.1906071875551107e-19,4.039295863685601,-0.0
10,CC-charge,11,4257.850362611582,88237.10930028482,4.048369444311552,27.263836618115,27.263836618115,41269.10037788065,5719.254419613511,-2.1906068727875267e-19,4.048369444311552,-0.0
10,CC-charge,12,4330.577635338855,88309.8365730121,4.056332349268621,27.263836618115,27.263836618115,40851.40528956763,6172.709811162564,-2.190606768047634e-19,4.056332349268621,-0.0
10,CC-charge,13,4403.304908066128,88382.56384573937,4.063477064564514,27.263836618115,27.263836618115,40433.71020125405,6626.16520271138,-2.1906070629933646e-19,4.063477064564514,-0.0
10,CC-charge,14,4476.0321807934,88455.29111846664,4.070040872864851,27.263836618115,27.263836618115,40016.01511294109,7079.620594260476,-2.190606548252553e-19,4.070040872864851,-0.0
10,CC-charge,15,4548.759453520673,88528.01839119391,4.076215140102605,27.263836618115,27.263836618115,39598.320024627465,7533.075985809457,-2.1906068027139263e-19,4.076215140102605,-0.0
10,CC-charge,16,4621.486726247946,88600.74566392119,4.082153299208394,27.263836618115,27.263836618115,39180.62493631392,7986.531377358193,-2.1906067721782016e-19,4.082153299208394,-0.0
10,CC-charge,17,4694.213998975218,88673.47293664845,4.087978326471658,27.263836618115,27.263836618115,38762.929848000495,8439.98676890696,-2.1906070490537336e-19,4.087978326471658,-0.0
10,CC-charge,18,4766.941271702491,88746.20020937573,4.093787490473905,27.263836618115,27.263836618115,38345.23475968717,8893.442160455948,-2.1906067874384857e-19,4.093787490473905,-0.0
10,CC-charge,19,4839.668544429764,88818.927482103,4.099658272026608,27.263836618115,27.263836618115,37927.53967137413,9346.897552004784,-2.1906068351551926e-19,4.099658272026608,-0.0
10,CC-charge,20,4912.395817157037,88891.65475483028,4.105651643373946,27.263836618115,27.263836618115,37509.84458306055,9800.352943553711,-2.1906068161735063e-19,4.105651643373946,-0.0
10,CC-charge,21,4985.12308988431,88964.38202755754,4.111815286910283,27.263836618115,27.263836618115,37092.14949474685,10253.80833510284,-2.190606813620496e-19,4.111815286910283,-0.0
10,CC-charge,22,5057.850362611582,89037.10930028482,4.118187890396981,27.263836618115,27.263836618115,36674.454406433244,10707.263726650986,-2.190606816184498e-19,4.118187890396981,-0.0
10,CC-charge,23,5130.577635338855,89109.8365730121,4.124798085794761,27.263836618115,27.263836618115,36256.75931811977,11160.719118199859,-2.1906068952956407e-19,4.124798085794761,-0.0
10,CC-charge,24,5203.304908066128,89182.56384573937,4.131668801746496,27.263836618115,27.263836618115,35839.06422980714,11614.174509748922,-2.190606896671022e-19,4.131668801746496,-0.0
10,CC-charge,25,5276.0321807934,89255.29111846664,4.138817978771623,27.263836618115,27.263836618115,35421.36914149396,12067.629901298022,-2.1906068989219935e-19,4.138817978771623,-0.0
10,CC-charge,26,5348.759453520673,89328.01839119391,4.146259711607073,27.263836618115,27.263836618115,35003.67405318066,12521.085292847236,-2.1906068861565345e-19,4.146259711607073,-0.0
10,CC-charge,27,5421.486726247946,89400.74566392119,4.154005208107485,27.263836618115,27.263836618115,34585.97896486746,12974.540684395493,-2.190606879333779e-19,4.154005208107485,-0.0
10,CC-charge,28,5494.213998975218,89473.47293664845,4.16206547713983,27.263836618115,27.263836618115,34168.28387655425,13427.99607594415,-2.190606874359131e-19,4.16206547713983,-0.0
10,CC-charge,29,5566.941271702492,89546.20020937573,4.170445047368258,27.263836618115,27.263836618115,33750.58878824123,13881.451467493014,-2.1906069493507184e-19,4.170445047368258,-0.0
10,CC-charge,30,5639.668544429764,89618.927482103,4.179152121501332,27.263836618115,27.263836618115,33332.893699927736,14334.906859041823,-2.190606946987911e-19,4.179152121501332,-0.0
10,CC-charge,31,5712.395817157037,89691.65475483028,4.188193295731941,27.263836618115,27.263836618115,32915.19861161423,14788.362250591037,-2.1906067447334124e-19,4.188193295731941,-0.0
10,CC-charge,32,5785.12308988431,89764.38202755754,4.197575503763917,27.263836618115,27.263836618115,32497.503523301013,15241.817642139797,-2.190606600413445e-19,4.197575503763917,-0.0
10,CC-charge,33,5803.407301214793,89782.66623888804,4.19999,27.263836618115,27.263836618115,32392.49167588768,15355.819912500128,-2.1906065974901484e-19,4.19999,-0.0
10,CV-charge,0,5803.407301214793,89782.66623888804,4.2,27.288680026906846,27.288680026906846,32392.49167588768,15355.819912500128,-2.1906065974901484e-19,4.2,0.0
10,CV-charge,1,5876.134573942066,89855.39351161532,4.2,24.206822422637725,24.206822422637725,31870.575288292046,15850.868536429833,-2.0772293921011265e-19,4.2,-0.0
10,CV-charge,2,5948.861846669338,89928.12078434258,4.2,22.260696614806932,22.260696614806932,31524.15408490943,16230.996246333001,-2.0620892914339645e-19,4.2,-0.0
10,CV-charge,3,6021.589119396611,90000.84805706986,4.2,20.56119355759333,20.56119355759333,31206.192278332455,16581.355062787894,-2.4966411635290653e-19,4.2,-0.0
10,CV-charge,4,6094.316392123884,90073.57532979712,4.2,19.05983763266654,19.05983763266654,30911.36577333616,16906.024597429823,-2.5078843249740256e-19,4.2,-0.0
10,CV-charge,5,6167.043664851157,90146.3026025244,4.2,17.727428323181993,17.727428323181993,30637.269427023653,17207.66638022543,-2.508858246572887e-19,4.2,-0.0
10,CV-charge,6,6239.770937578429,90219.02987525167,4.2,16.538944205382624,16.538944205382624,30381.657936686737,17488.795485277464,-2.433988547706419e-19,4.2,-0.0
10,CV-charge,7,6312.498210305702,90291.75714797895,4.199999999999999,15.473715954465398,15.473715954465398,30142.602187739332,17751.57073709734,-2.396656120171051e-19,4.199999999999999,-0.0
10,CV-charge,8,6385.225483032975,90364.48442070621,4.2,14.51463407771071,14.51463407771071,29918.443524829592,17997.846100772822,-2.334847049267911e-19,4.2,-0.0
10,CV-charge,9,6457.952755760248,90437.21169343349,4.200000000000001,13.647437777822317,13.647437777822317,29707.747333559884,18229.223366142367,-2.332488803386646e-19,4.200000000000001,-0.0
10,CV-charge,10,6530.68002848752,90509.93896616076,4.200000000000001,12.86018687073743,12.86018687073743,29509.26742838529,18447.092487366044,-2.278702014142544e-19,4.200000000000001,-0.0
10,CV-charge,11,6603.407301214793,90582.66623888804,4.2,12.142831690305771,12.142831690305771,29321.916333708887,18652.66520272267,-2.2978501834135094e-19,4.2,-0.0
10,CV-charge,12,6676.134573942066,90655.39351161532,4.2,11.486818051780958,11.486818051780958,29144.728231829755,18847.016559300304,-2.3325589997457616e-19,4.2,-0.0
10,CV-charge,13,6748.861846669339,90728.12078434258,4.2,10.884944577090295,10.884944577090295,28976.870221862206,19031.073000030785,-2.326669682097187e-19,4.2,-0.0
10,CV-charge,14,6821.589119396611,90800.84805706986,4.2,10.330604823649917,10.330604823649917,28817.47594582527,19205.79556783569,-2.3206820137040747e-19,4.2,-0.0
10,CV-charge,15,6894.316392123884,90873.57532979712,4.2,9.818921856533361,9.818921856533361,28666.004451942827,19371.786430029217,-2.319943282012461e-19,4.2,-0.0
10,CV-charge,16,6967.043664851157,90946.3026025244,4.200000000000001,9.345305365564416,9.345305365564416,28521.864358748295,19529.701838625086,-2.313659142791752e-19,4.200000000000001,-0.0
10,CV-charge,17,7039.770937578429,91019.02987525167,4.199999999999999,8.905771839682073,8.905771839682073,28384.52513472867,19680.13001157959,-2.3136234625807065e-19,4.199999999999999,-0.0
10,CV-charge,18,7112.498210305702,91091.75714797895,4.2,8.49686497406785,8.49686497406785,28253.51086845121,19823.59824976657,-2.3139554176087764e-19,4.2,-0.0
10,CV-charge,19,7185.225483032975,91164.48442070621,4.2,8.115562179100035,8.115562179100035,28128.392639898415,19960.581482903395,-2.3134188855006217e-19,4.2,-0.0
10,CV-charge,20,7257.952755760248,91237.21169343349,4.2,7.759216035497968,7.759216035497968,28008.782850200856,20091.508624677124,-2.3132470638349053e-19,4.2,-0.0
10,CV-charge,21,7330.680028487521,91309.93896616076,4.2,7.425498523151741,7.425498523151741,27894.33021665561,20216.768176320187,-2.3124171227588063e-19,4.2,-0.0
10,CV-charge,22,7403.407301214793,91382.66623888804,4.2,7.112355599899133,7.112355599899133,27784.715481547617,20336.71302661371,-2.312081525086019e-19,4.2,-0.0
10,CV-charge,23,7476.134573942066,91455.39351161532,4.199999999999999,6.817972947404434,6.817972947404434,27679.649088618065,20451.66307116959,-2.31167450308282e-19,4.199999999999999,-0.0
10,CV-charge,24,7548.861846669339,91528.12078434258,4.200000000000001,6.5407352086720945,6.5407352086720945,27578.864915351533,20561.912170357085,-2.3119734184133676e-19,4.200000000000001,-0.0
10,CV-charge,25,7621.589119396611,91600.84805706986,4.200000000000001,6.279204633453857,6.279204633453857,27482.11946557133,20667.729064484472,-2.3125166281316893e-19,4.200000000000001,-0.0
10,CV-charge,26,7694.316392123884,91673.57532979712,4.2,6.032097399591627,6.032097399591627,27389.18921221892,20769.36034231751,-2.312327793278088e-19,4.2,-0.0
10,CV-charge,27,7767.043664851157,91746.3026025244,4.199999999999999,5.798264084300669,5.798264084300669,27299.86850008748,20867.03277746903,-2.31098141485777e-19,4.199999999999999,-0.0
10,CV-charge,28,7839.770937578429,91819.02987525167,4.200000000000001,5.576672981457243,5.576672981457243,27213.967710514335,20960.955372456512,-2.3111033386066715e-19,4.200000000000001,-0.0
10,CV-charge,29,7912.498210305703,91891.75714797895,4.2,5.366395798482665,5.366395798482665,27131.311649578947,21051.321152665423,-2.308761660125989e-19,4.2,-0.0
10,CV-charge,30,7985.225483032975,91964.48442070621,4.2,5.1665953524200345,5.1665953524200345,27051.738128574623,21138.30874537958,-2.3073970523255544e-19,4.2,-0.0
10,CV-charge,31,8057.952755760248,92037.21169343349,4.2,4.976514951476918,4.976514951476918,26975.096710344977,21222.083773512582,-2.3044137843936173e-19,4.2,-0.0
10,CV-charge,32,8130.680028487521,92109.93896616076,4.200000000000001,4.795469202467374,4.795469202467374,26901.247599156617,21302.800089099863,-2.304397715484496e-19,4.200000000000001,-0.0
10,CV-charge,33,8203.407301214793,92182.66623888804,4.200000000000001,4.622836028641938,4.622836028641938,26830.060655168694,21380.600867781075,-2.3036306445624545e-19,4.200000000000001,-0.0
10,CV-charge,34,8276.134573942065,92255.39351161532,4.199999999999999,4.458049718264159,4.458049718264159,26761.414517358404,21455.61958234043,-2.305116897156988e-19,4.199999999999999,-0.0
10,CV-charge,35,8348.861846669339,92328.12078434258,4.200000000000001,4.300594853762526,4.300594853762526,26695.19582115106,21527.980870728097,-2.304884729062283e-19,4.200000000000001,-0.0
10,CV-charge,36,8421.58911939661,92400.84805706986,4.2,4.150000995382636,4.150000995382636,26631.298498937194,21597.801311760064,-2.304044822259237e-19,4.2,-0.0
10,CV-charge,37,8494.316392123885,92473.57532979712,4.199999999999999,4.0058380132688445,4.0058380132688445,26569.623153353685,21665.190119819457,-2.3040678684050697e-19,4.199999999999999,-0.0
10,CV-charge,38,8567.043664851157,92546.3026025244,4.200000000000001,3.867711978374035,3.867711978374035,26510.076494598343,21730.249768327107,-2.3033877276503274e-19,4.200000000000001,-0.0
10,CV-charge,39,8639.770937578429,92619.02987525167,4.2,3.7352615363040176,3.7352615363040176,26452.570834228896,21793.076550393667,-2.303236466963887e-19,4.2,-0.0
10,CV-charge,40,8712.498210305703,92691.75714797895,4.199999999999999,3.608154699627846,3.608154699627846,26397.02362891663,21853.761083959675,-2.3021893725463223e-19,4.199999999999999,-0.0
10,CV-charge,41,8785.225483032975,92764.48442070621,4.199999999999999,3.486086003741168,3.486086003741168,26343.357068482444,21912.388767740023,-2.3023165694106323e-19,4.199999999999999,-0.0
10,CV-charge,42,8857.952755760249,92837.21169343349,4.200000000000001,3.3687739793426683,3.3687739793426683,26291.497703266952,21969.040193487588,-2.3030463069365996e-19,4.200000000000001,-0.0
10,CV-charge,43,8930.68002848752,92909.93896616076,4.2,3.255958901357297,3.255958901357297,26241.37610653227,22023.791519387658,-2.3033326525127185e-19,4.2,-0.0
10,CV-charge,44,9003.407301214793,92982.66623888804,4.2,3.1474007797841184,3.1474007797841184,26192.92656811545,22076.71480877062,-2.3036400705239535e-19,4.2,-0.0
10,CV-charge,45,9076.134573942065,93055.39351161532,4.199999999999999,3.0428775627529325,3.0428775627529325,26146.08681602572,22127.87833783954,-2.3036554041493705e-19,4.199999999999999,-0.0
10,CV-charge,46,9148.861846669339,93128.12078434258,4.2,2.9421835261774545,2.9421835261774545,26100.797763084287,22177.34687564374,-2.3034648851086147e-19,4.2,-0.0
10,CV-charge,47,9221.58911939661,93200.84805706986,4.200000000000001,2.845127827805334,2.845127827805334,26057.003276035357,22225.181939147467,-2.30381022919777e-19,4.200000000000001,-0.0
10,CV-charge,48,9294.316392123885,93273.57532979712,4.2,2.751533206462862,2.751533206462862,26014.649964873228,22271.442025910874,-2.3037731049912003e-19,4.2,-0.0
10,CV-charge,49,9314.346571097683,93293.60550877092,4.200000000000001,2.7263936618115,2.7263936618115,26003.25487481982,22283.88809059906,-2.3038141994650466e-19,4.200000000000001,-0.0
11,CC-discharge,0,0.0,93293.60550877092,3.855304470692966,-27.263836618115,-27.263836618115,26003.25487481982,22283.88809059906,-2.3038141994650466e-19,3.855304470692966,0.0
11,CC-discharge,1,72.72727272727273,93366.3327814982,3.831258228460838,-27.263836618115,-27.263836618115,26568.374587392005,21749.38821391764,-2.303814153488598e-19,3.831258228460838,0.5507845781437374
11,CC-discharge,2,145.45454545454547,93439.06005422547,3.815003538212495,-27.263836618115,-27.263836618115,26987.96242617643,21295.908250706492,-2.3038142804106303e-19,3.815003538212495,1.1015691562874748
11,CC-discharge,3,218.1818181818182,93511.78732695275,3.799844284157874,-27.263836618115,-27.263836618115,27405.689015719945,20842.452908530206,-2.303814284055451e-19,3.799844284157874,1.652353734431212
11,CC-discharge,4,290.90909090909093,93584.51459968001,3.7855156535187717,-27.263836618115,-27.263836618115,27823.386542096046,20388.99751770776,-2.3038142734088262e-19,3.7855156535187717,2.2031383125749495
11,CC-discharge,5,363.6363636363637,93657.24187240729,3.771856877052549,-27.263836618115,-27.263836618115,28241.08181994268,19935.542126169334,-2.3038142829867267e-19,3.771856877052549,2.753922890718687
11,CC-discharge,6,436.3636363636364,93729.96914513456,3.758761925569536,-27.263836618115,-27.263836618115,28658.776923062076,19482.086734619937,-2.3038142797368523e-19,3.758761925569536,3.304707468862424
11,CC-discharge,7,509.0909090909091,93802.69641786184,3.746137310620349,-27.263836618115,-27.263836618115,29076.472012538205,19028.631343070483,-2.303814284240247e-19,3.746137310620349,3.8554920470061615
11,CC-discharge,8,581.8181818181819,93875.4236905891,3.7339265173599885,-27.263836618115,-27.263836618115,29494.167100943414,18575.175951521476,-2.3038142798283533e-19,3.7339265173599885,4.406276625149899
11,CC-discharge,9,654.5454545454546,93948.15096331638,3.7220823487554826,-27.263836618115,-27.263836618115,29911.8621892636,18121.720559971807,-2.303814279486884e-19,3.7220823487554826,4.9570612032936365
11,CC-discharge,10,727.2727272727274,94020.87823604365,3.7105686406014966,-27.263836618115,-27.263836618115,30329.55727757709,17668.265168422513,-2.3038142770141084e-19,3.7105686406014966,5.507845781437374
11,CC-discharge,11,800.0000000000001,94093.60550877092,3.699357431798979,-27.263836618115,-27.263836618115,30747.252365889908,17214.80977687291,-2.3038142775417323e-19,3.699357431798979,6.0586303595811115
11,CC-discharge,12,872.7272727272727,94166.3327814982,3.6884268843032344,-27.263836618115,-27.263836618115,31164.94745420224,16761.35438532295,-2.3038142820210765e-19,3.6884268843032344,6.609414937724848
11,CC-discharge,13,945.4545454545455,94239.06005422547,3.6777597208673263,-27.263836618115,-27.263836618115,31582.642542515743,16307.898993773671,-2.303814278784192e-19,3.6777597208673263,7.160199515868586
11,CC-discharge,14,1018.1818181818182,94311.78732695275,3.667342024077601,-27.263836618115,-27.263836618115,32000.337630828755,15854.443602224674,-2.3038142811386077e-19,3.667342024077601,7.710984094012323
11,CC-discharge,15,1090.909090909091,94384.51459968001,3.657162287178823,-27.263836618115,-27.263836618115,32418.032719141545,15400.988210675514,-2.303814285927066e-19,3.657162287178823,8.26176867215606
11,CC-discharge,16,1163.6363636363637,94457.24187240729,3.6472106390753685,-27.263836618115,-27.263836618115,32835.72780745408,14947.532819126285,-2.3038142828649555e-19,3.6472106390753685,8.812553250299798
11,CC-discharge,17,1236.3636363636365,94529.96914513456,3.637478185650739,-27.263836618115,-27.263836618115,33253.42289576701,14494.07742757702,-2.3038142799888608e-19,3.637478185650739,9.363337828443536
11,CC-discharge,18,1309.0909090909092,94602.69641786184,3.627956422765243,-27.263836618115,-27.263836618115,33671.117984079974,14040.622036028042,-2.3038142763746693e-19,3.627956422765243,9.914122406587273
11,CC-discharge,19,1381.818181818182,94675.4236905891,3.618636684474045,-27.263836618115,-27.263836618115,34088.81307239267,13587.166644478979,-2.3038142709413956e-19,3.618636684474045,10.46490698473101
11,CC-discharge,20,1454.5454545454547,94748.15096331638,3.6095095947158424,-27.263836618115,-27.263836618115,34506.50816070556,13133.711252930078,-2.3038142636124074e-19,3.6095095947158424,11.015691562874748
11,CC-discharge,21,1527.2727272727275,94820.87823604365,3.6005644937914276,-27.263836618115,-27.263836618115,34924.20324901853,12680.255861381185,-2.3038142728130003e-19,3.6005644937914276,11.566476141018486
11,CC-discharge,22,1600.0000000000002,94893.60550877092,3.591788804224,-27.263836618115,-27.263836618115,35341.89833733104,12226.800469831727,-2.303814264884487e-19,3.591788804224,12.117260719162223
11,CC-discharge,23,1672.727272727273,94966.3327814982,3.5831667392579982,-27.263836618115,-27.263836618115,35759.59342564328,11773.345078282251,-2.3038142664033697e-19,3.5831667392579982,12.66804529730596
11,CC-discharge,24,1745.4545454545455,95039.06005422547,3.5746810555249957,-27.263836618115,-27.263836618115,36177.288513956104,11319.889686732437,-2.3038142903642253e-19,3.5746810555249957,13.218829875449696
11,CC-discharge,25,1818.1818181818182,95111.78732695275,3.566307639535286,-27.263836618115,-27.263836618115,36594.98360226931,10866.434295183451,-2.3038143226011147e-19,3.566307639535286,13.769614453593434
11,CC-discharge,26,1890.909090909091,95184.51459968001,3.5580176283259073,-27.263836618115,-27.263836618115,37012.6786905826,10412.978903634668,-2.303814314036264e-19,3.5580176283259073,14.320399031737171
11,CC-discharge,27,1963.6363636363637,95257.24187240729,3.549775011473028,-27.263836618115,-27.263836618115,37430.373778895206,9959.523512085356,-2.303814334963793e-19,3.549775011473028,14.871183609880909
11,CC-discharge,28,2036.3636363636365,95329.96914513456,3.541534808859057,-27.263836618115,-27.263836618115,37848.06886720782,9506.068120536342,-2.303813995232209e-19,3.541534808859057,15.421968188024646
11,CC-discharge,29,2109.0909090909095,95402.69641786184,3.533240748512233,-27.263836618115,-27.263836618115,38265.763955520815,9052.612728987078,-2.303814272376815e-19,3.533240748512233,15.972752766168385
11,CC-discharge,30,2181.818181818182,95475.4236905891,3.5248225243514706,-27.263836618115,-27.263836618115,38683.459043833725,8599.157337437824,-2.303812925218506e-19,3.5248225243514706,16.52353734431212
11,CC-discharge,31,2254.545454545455,95548.15096331638,3.5161924001193006,-27.263836618115,-27.263836618115,39101.15413214659,8145.701945888636,-2.3038132301348133e-19,3.5161924001193006,17.07432192245586
11,CC-discharge,32,2327.2727272727275,95620.87823604365,3.5072413016857897,-27.263836618115,-27.263836618115,39518.849220459284,7692.24655433944,-2.3038135296776895e-19,3.5072413016857897,17.625106500599596
11,CC-discharge,33,2400.0,95693.60550877092,3.497832209782455,-27.263836618115,-27.263836618115,39936.54430877201,7238.791162790484,-2.303814372271149e-19,3.497832209782455,18.175891078743334
11,CC-discharge,34,2472.727272727273,95766.3327814982,3.4877967733805804,-27.263836618115,-27.263836618115,40354.239397084595,6785.335771241388,-2.303816703102438e-19,3.4877967733805804,18.726675656887075
11,CC-discharge,35,2545.4545454545455,95839.06005422547,3.476924751224843,-27.263836618115,-27.263836618115,40771.93448539757,6331.880379692261,-2.3038143688878977e-19,3.476924751224843,19.277460235030812
11,CC-discharge,36,2618.1818181818185,95911.78732695275,3.464956252630233,-27.263836618115,-27.263836618115,41189.62957370991,5878.424988143118,-2.303815411770376e-19,3.464956252630233,19.82824481317455
11,CC-discharge,37,2690.909090909091,95984.51459968001,3.4515704808219607,-27.263836618115,-27.263836618115,41607.324662022926,5424.969596594201,-2.3038162158367184e-19,3.4515704808219607,20.379029391318287
11,CC-discharge,38,2763.636363636364,96057.24187240729,3.436372911442435,-27.263836618115,-27.263836618115,42025.01975033585,4971.51420504526,-2.303816945151229e-19,3.436372911442435,20.929813969462025
11,CC-discharge,39,2836.3636363636365,96129.96914513456,3.418880696600965,-27.263836618115,-27.263836618115,42442.71483864841,4518.058813496152,-2.3038179878845704e-19,3.418880696600965,21.480598547605762
11,CC-discharge,40,2909.0909090909095,96202.69641786184,3.3985068301519075,-27.263836618115,-27.263836618115,42860.409926961525,4064.6034219471053,-2.3038159784176747e-19,3.3985068301519075,22.0313831257495
11,CC-discharge,41,2981.818181818182,96275.4236905891,3.3745433053152736,-27.263836618115,-27.263836618115,43278.10501527428,3611.148030397964,-2.3038155039752055e-19,3.3745433053152736,22.582167703893237
11,CC-discharge,42,3054.545454545455,96348.15096331638,3.3461468931470555,-27.263836618115,-27.263836618115,43695.800103587244,3157.6926388488255,-2.3038062111384215e-19,3.3461468931470555,23.132952282036975
11,CC-discharge,43,3127.2727272727275,96420.87823604365,3.3123234941083353,-27.263836618115,-27.263836618115,44113.49519189991,2704.2372472997868,-2.3038075810385267e-19,3.3123234941083353,23.683736860180712
11,CC-discharge,44,3200.0000000000005,96493.60550877092,3.2718986706831457,-27.263836618115,-27.263836618115,44531.19028021253,2250.781855750748,-2.3038067082870786e-19,3.2718986706831457,24.23452143832445
11,CC-discharge,45,3272.727272727273,96566.3327814982,3.223358792496115,-27.263836618115,-27.263836618115,44948.885368525334,1797.3264642016522,-2.3038035573716045e-19,3.223358792496115,24.785306016468187
11,CC-discharge,46,3345.454545454546,96639.06005422547,3.1637886501541255,-27.263836618115,-27.263836618115,45366.58045683744,1343.8710726526197,-2.3038049098126583e-19,3.1637886501541255,25.336090594611925
11,CC-discharge,47,3418.1818181818185,96711.78732695275,3.080344231040448,-27.263836618115,-27.263836618115,45784.27554514994,890.4156811035944,-2.303803076365525e-19,3.080344231040448,25.886875172755662
11,CC-discharge,48,3456.7635163277696,96750.3690250987,3.0000100000000005,-27.263836618115,-27.263836618115,46005.8621000971,649.8583443118613,-2.30380434857456e-19,3.0000100000000005,26.17906548239473
11,CC-charge,0,3456.7635163277696,96750.3690250987,3.715737285545286,27.263836618115,27.263836618115,46005.8621000971,649.8583443118613,-2.30380434857456e-19,3.715737285545286,0.0
11,CC-charge,1,3529.490789055042,96823.09629782598,3.8210762508892864,27.263836618115,27.263836618115,45440.74714671942,1184.3559218175576,-2.303802543012096e-19,3.8210762508892864,-0.0
11,CC-charge,2,3602.218061782315,96895.82357055324,3.8673577399071846,27.263836618115,27.263836618115,45021.158166524365,1637.8381857717013,-2.3038052256172963e-19,3.8673577399071846,-0.0
11,CC-charge,3,3674.9453345095876,96968.55084328052,3.904751656658911,27.263836618115,27.263836618115,44603.4258165816,2091.2935252659486,-2.303806770395286e-19,3.904751656658911,-0.0
11,CC-charge,4,3747.6726072368606,97041.27811600779,3.9360002216412697,27.263836618115,27.263836618115,44185.730232217116,2544.748917194428,-2.3038049649341393e-19,3.9360002216412697,-0.0
11,CC-charge,5,3820.399879964133,97114.00538873507,3.962032745460221,27.263836618115,27.263836618115,43768.03513883762,2998.2043087389084,-2.3038047612967306e-19,3.962032745460221,-0.0
11,CC-charge,6,3893.127152691406,97186.73266146233,3.9836204613684587,27.263836618115,27.263836618115,43350.3400505887,3451.659700288026,-2.3038051736124693e-19,3.9836204613684587,-0.0
11,CC-charge,7,3965.8544254186786,97259.45993418961,4.001504213809507,27.263836618115,27.263836618115,42932.64496227625,3905.115091836978,-2.3038059652198344e-19,4.001504213809507,-0.0
11,CC-charge,8,4038.5816981459516,97332.18720691687,4.016367454499029,27.263836618115,27.263836618115,42514.949873962956,4358.570483386001,-2.3038051958260365e-19,4.016367454499029,-0.0
11,CC-charge,9,4111.308970873224,97404.91447964415,4.028813460351911,27.263836618115,27.263836618115,42097.25478564978,4812.025874934948,-2.303805571000439e-19,4.028813460351911,-0.0
11,CC-charge,10,4184.036243600497,97477.64175237142,4.039358440557805,27.263836618115,27.263836618115,41679.559697336896,5265.481266483914,-2.3038056242581476e-19,4.039358440557805,-0.0
11,CC-charge,11,4256.76351632777,97550.3690250987,4.048435367868765,27.263836618115,27.263836618115,41261.86460902367,5718.936658032845,-2.3038049299592216e-19,4.048435367868765,-0.0
11,CC-charge,12,4329.490789055042,97623.09629782598,4.056401604609017,27.263836618115,27.263836618115,40844.16952071034,6172.392049581796,-2.3038054736787116e-19,4.056401604609017,-0.0
11,CC-charge,13,4402.218061782315,97695.82357055324,4.063549649288649,27.263836618115,27.263836618115,40426.47443239711,6625.8474411307825,-2.3038056556121557e-19,4.063549649288649,-0.0
11,CC-charge,14,4474.945334509588,97768.55084328052,4.070116795290009,27.263836618115,27.263836618115,40008.77934408355,7079.302832679636,-2.3038057965162055e-19,4.070116795290009,-0.0
11,CC-charge,15,4547.67260723686,97841.27811600779,4.0762944170538375,27.263836618115,27.263836618115,39591.08425577005,7532.758224228658,-2.303806412163926e-19,4.0762944170538375,-0.0
11,CC-charge,16,4620.399879964133,97914.00538873507,4.082235953804884,27.263836618115,27.263836618115,39173.38916745674,7986.213615777542,-2.3038066356750943e-19,4.082235953804884,-0.0
11,CC-charge,17,4693.127152691406,97986.73266146233,4.088064386631228,27.263836618115,27.263836618115,38755.69407914342,8439.669007326464,-2.303806409555714e-19,4.088064386631228,-0.0
11,CC-charge,18,4765.854425418679,98059.45993418961,4.093876986974566,27.263836618115,27.263836618115,38337.998990830245,8893.124398875334,-2.303806787978852e-19,4.093876986974566,-0.0
11,CC-charge,19,4838.581698145952,98132.18720691687,4.099751237401027,27.263836618115,27.263836618115,37920.30390251702,9346.579790424428,-2.303806872259853e-19,4.099751237401027,-0.0
11,CC-charge,20,4911.308970873224,98204.91447964415,4.105748111300706,27.263836618115,27.263836618115,37502.608814204075,9800.035181973337,-2.303806854184975e-19,4.105748111300706,-0.0
11,CC-charge,21,4984.036243600497,98277.64175237142,4.111915291140197,27.263836618115,27.263836618115,37084.91372589013,10253.490573522307,-2.3038068450832825e-19,4.111915291140197,-0.0
11,CC-charge,22,5056.76351632777,98350.3690250987,4.118291466098111,27.263836618115,27.263836618115,36667.21863757677,10706.945965071256,-2.3038068419275485e-19,4.118291466098111,-0.0
11,CC-charge,23,5129.490789055042,98423.09629782598,4.124905268016866,27.263836618115,27.263836618115,36249.52354926369,11160.401356620187,-2.3038068034073685e-19,4.124905268016866,-0.0
11,CC-charge,24,5202.218061782315,98495.82357055324,4.131779626374337,27.263836618115,27.263836618115,35831.82846095051,11613.85674816889,-2.3038067952764168e-19,4.131779626374337,-0.0
11,CC-charge,25,5274.945334509588,98568.55084328052,4.138932483402783,27.263836618115,27.263836618115,35414.13337263727,12067.312139717862,-2.3038067734878316e-19,4.138932483402783,-0.0
11,CC-charge,26,5347.67260723686,98641.27811600779,4.146377936557508,27.263836618115,27.263836618115,34996.438284323805,12520.767531266327,-2.3038067642971865e-19,4.146377936557508,-0.0
11,CC-charge,27,5420.399879964133,98714.00538873507,4.154127197894638,27.263836618115,27.263836618115,34578.74319601018,12974.222922815201,-2.303806767367912e-19,4.154127197894638,-0.0
11,CC-charge,28,5493.127152691406,98786.73266146233,4.162191281908731,27.263836618115,27.263836618115,34161.04810769718,13427.678314363855,-2.30380676775193e-19,4.162191281908731,-0.0
11,CC-charge,29,5565.854425418679,98859.45993418961,4.17057472684282,27.263836618115,27.263836618115,33743.35301938381,13881.133705912704,-2.3038067186492803e-19,4.17057472684282,-0.0
11,CC-charge,30,5638.581698145952,98932.18720691687,4.179285746521287,27.263836618115,27.263836618115,33325.65793107076,14334.589097461167,-2.303806938545236e-19,4.179285746521287,-0.0
11,CC-charge,31,5711.308970873224,99004.91447964415,4.188330952459787,27.263836618115,27.263836618115,32907.96284275754,14788.044489009755,-2.303806614113381e-19,4.188330952459787,-0.0
11,CC-charge,32,5784.036243600497,99077.64175237142,4.197717298556425,27.263836618115,27.263836618115,32490.267754443958,15241.499880558538,-2.3038064342781007e-19,4.197717298556425,-0.0
11,CC-charge,33,5801.243408971242,99094.84891774217,4.199990000000001,27.263836618115,27.263836618115,32391.441713130553,15348.786756829872,-2.303806436086479e-19,4.199990000000001,-0.0
11,CV-charge,0,5801.243408971242,99094.84891774217,4.2,27.28867380092865,27.28867380092865,32391.441713130553,15348.786756829872,-2.303806436086479e-19,4.2,0.0
11,CV-charge,1,5873.970681698515,99167.57619046945,4.199999999999999,24.207025168359753,24.207025168359753,31869.52259046807,15843.83786660718,-2.1472043229933062e-19,4.199999999999999,-0.0
11,CV-charge,2,5946.697954425787,99240.30346319672,4.199999999999999,22.26102823540585,22.26102823540585,31523.09646956527,16223.970534640997,-2.0308971661648426e-19,4.199999999999999,-0.0
11,CV-charge,3,6019.42522715306,99313.030735924,4.200000000000001,20.56160858452444,20.56160858452444,31205.12808645512,16574.3361763116,-2.2481319393199816e-19,4.200000000000001,-0.0
11,CV-charge,4,6092.152499880333,99385.75800865126,4.200000000000001,19.06030540488161,19.06030540488161,30910.294431429225,16899.01329400844,-2.2239062705075194e-19,4.200000000000001,-0.0
11,CV-charge,5,6164.879772607606,99458.48528137854,4.200000000000001,17.727925256308424,17.727925256308424,30636.190405795838,17200.663311721088,-2.25376625408144e-19,4.200000000000001,-0.0
11,CV-charge,6,6237.607045334878,99531.2125541058,4.2,16.53945350239655,16.53945350239655,30380.571036376987,17481.800922316215,-2.2635247322459696e-19,4.2,-0.0
11,CV-charge,7,6310.334318062151,99603.93982683308,4.2,15.474225351582714,15.474225351582714,30141.507390654762,17744.584738351557,-2.2394890695086187e-19,4.2,-0.0
11,CV-charge,8,6383.061590789424,99676.66709956035,4.2,14.515134838195223,14.515134838195223,29917.34095675071,17990.868558050257,-2.221341673079265e-19,4.2,-0.0
11,CV-charge,9,6455.788863516697,99749.39437228763,4.2,13.647923601963218,13.647923601963218,29706.637217597738,18222.25405762527,-2.3401404190869215e-19,4.2,-0.0
11,CV-charge,10,6528.516136243969,99822.1216450149,4.200000000000001,12.860653230826395,12.860653230826395,29508.150042068406,18440.131126672222,-2.240278637973711e-19,4.200000000000001,-0.0
11,CV-charge,11,6601.243408971242,99894.84891774217,4.200000000000001,12.14327548029071,12.14327548029071,29320.79202073841,18645.711426692385,-2.1903770701248676e-19,4.200000000000001,-0.0
11,CV-charge,12,6673.970681698515,99967.57619046945,4.200000000000001,11.487237179077868,11.487237179077868,29143.597368145754,18840.069966800867,-2.188728535899408e-19,4.200000000000001,-0.0
11,CV-charge,13,6746.697954425788,100040.30346319672,4.2,10.885337667123977,10.885337667123977,28975.73320634727,19024.133162553364,-2.1703774163212626e-19,4.2,-0.0
11,CV-charge,14,6819.42522715306,100113.030735924,4.199999999999999,10.330971319895461,10.330971319895461,28816.33326811039,19198.86195564327,-2.188145116246671e-19,4.199999999999999,-0.0
11,CV-charge,15,6892.152499880333,100185.75800865126,4.2,9.819261262653766,9.819261262653766,28664.85651187564,19364.858611133197,-2.1853769268833743e-19,4.2,-0.0
11,CV-charge,16,6964.879772607606,100258.48528137854,4.2,9.345617553726017,9.345617553726017,28520.71157519879,19522.779358731972,-2.1836059513199153e-19,4.2,-0.0
11,CV-charge,17,7037.607045334878,100331.2125541058,4.199999999999999,8.906056919799514,8.906056919799514,28383.367926526735,19673.212415858856,-2.1837199443972924e-19,4.199999999999999,-0.0
11,CV-charge,18,7110.334318062151,100403.93982683308,4.2,8.49712319689751,8.49712319689751,28252.34964943961,19816.685088288657,-2.183582676319998e-19,4.2,-0.0
11,CV-charge,19,7183.061590789424,100476.66709956035,4.200000000000001,8.115793921361478,8.115793921361478,28127.22781804168,19953.672311736933,-2.1839977423792663e-19,4.200000000000001,-0.0
11,CV-charge,20,7255.788863516697,100549.39437228763,4.200000000000001,7.759421758184021,7.759421758184021,28007.61482627885,20084.60300741556,-2.184687148406355e-19,4.200000000000001,-0.0
11,CV-charge,21,7328.51613624397,100622.1216450149,4.2,7.42567874602225,7.42567874602225,27893.159383349997,20209.865685156354,-2.184449280667019e-19,4.2,-0.0
11,CV-charge,22,7401.243408971242,100694.84891774217,4.200000000000001,7.112510882262459,7.112510882262459,27783.54222281702,20329.813243074932,-2.1842595873110228e-19,4.200000000000001,-0.0
11,CV-charge,23,7473.970681698515,100767.57619046945,4.2,6.818103854281696,6.818103854281696,27678.473772225214,20444.765594413857,-2.183787009364484e-19,4.2,-0.0
11,CV-charge,24,7546.697954425788,100840.30346319672,4.2,6.540842339825803,6.540842339825803,27577.687906786206,20555.016601774343,-2.1836120220749383e-19,4.2,-0.0
11,CV-charge,25,7619.42522715306,100913.030735924,4.199999999999999,6.2792885956558315,6.2792885956558315,27480.9411211292,20660.835015477034,-2.1840754975120355e-19,4.199999999999999,-0.0
11,CV-charge,26,7692.152499880333,100985.75800865126,4.199999999999999,6.03215880045201,6.03215880045201,27388.00987887464,20762.467434397775,-2.184104636147647e-19,4.199999999999999,-0.0
11,CV-charge,27,7764.879772607606,101058.48528137854,4.2,5.798303528022832,5.798303528022832,27298.688515545324,20860.140642220653,-2.1800649768740093e-19,4.2,-0.0
11,CV-charge,28,7837.607045334878,101131.2125541058,4.2,5.57669106583796,5.57669106583796,27212.78740330255,20954.063651442262,-2.1807419753707173e-19,4.2,-0.0
11,CV-charge,29,7910.334318062152,101203.93982683308,4.2,5.366393112867694,5.366393112867694,27130.13133917507,21044.42949729889,-2.181050551654073e-19,4.2,-0.0
11,CV-charge,30,7983.061590789424,101276.66709956035,4.2,5.166572476401931,5.166572476401931,27050.558125552994,21131.41681676581,-2.180447589018755e-19,4.2,-0.0
11,CV-charge,31,8055.788863516697,101349.39437228763,4.200000000000001,4.976472454149972,4.976472454149972,26973.91731653767,21215.19124227871,-2.1793994413866175e-19,4.200000000000001,-0.0
11,CV-charge,32,8128.51613624397,101422.1216450149,4.2,4.795407642105707,4.795407642105707,26900.069107818865,21295.90663521758,-2.1764574900116324e-19,4.2,-0.0
11,CV-charge,33,8201.243408971242,101494.84891774217,4.2,4.622755952697039,4.622755952697039,26828.88335114337,21373.70618038374,-2.176259262626859e-19,4.2,-0.0
11,CV-charge,34,8273.970681698516,101567.57619046945,4.2,4.457951663604865,4.457951663604865,26760.238677242705,21448.72335954646,-2.1742043509313057e-19,4.2,-0.0
11,CV-charge,35,8346.697954425788,101640.30346319672,4.199999999999999,4.3004793470771565,4.3004793470771565,26694.02171345053,21521.082819471118,-2.1727275560104474e-19,4.199999999999999,-0.0
11,CV-charge,36,8419.42522715306,101713.030735924,4.200000000000001,4.149868553711467,4.149868553711467,26630.126384216357,21590.901147623204,-2.171356412108309e-19,4.200000000000001,-0.0
11,CV-charge,37,8492.152499880332,101785.75800865126,4.2,4.005689144613774,4.005689144613774,26568.453284375446,21658.287566884628,-2.171459605932651e-19,4.2,-0.0
11,CV-charge,38,8564.879772607606,101858.48528137854,4.200000000000001,3.86754718236723,3.86754718236723,26508.909116454775,21723.344559025893,-2.1703650180354396e-19,4.200000000000001,-0.0
11,CV-charge,39,8637.607045334878,101931.2125541058,4.200000000000001,3.735081304887944,3.735081304887944,26451.406184457504,21786.168425384236,-2.1699609937569497e-19,4.200000000000001,-0.0
11,CV-charge,40,8710.334318062152,102003.93982683308,4.2,3.6079595177651216,3.6079595177651216,26395.861937613765,21846.849792000627,-2.1706844009051034e-19,4.2,-0.0
11,CV-charge,41,8783.061590789424,102076.66709956035,4.2,3.4858763500903374,3.4858763500903374,26342.198558396638,21905.474065584076,-2.1697334963673477e-19,4.2,-0.0
11,CV-charge,42,8855.788863516696,102149.39437228763,4.2,3.368550326933758,3.368550326933758,26290.34258988908,21962.121845784826,-2.1705244938369977e-19,4.2,-0.0
11,CV-charge,43,8928.51613624397,102222.1216450149,4.199999999999999,3.255721718225308,3.255721718225308,26240.224598172892,22016.869298597736,-2.171271638769771e-19,4.199999999999999,-0.0
11,CV-charge,44,9001.243408971242,102294.84891774217,4.2,3.1471505295648474,3.1471505295648474,26191.778865972825,22069.788495087538,-2.170853435300545e-19,4.2,-0.0
11,CV-charge,45,9073.970681698516,102367.57619046945,4.2,3.0426147052408226,3.0426147052408226,26144.9431142477,22120.947719125,-2.1712396006227387e-19,4.2,-0.0
11,CV-charge,46,9146.697954425788,102440.30346319672,4.2,2.9419085178225206,2.9419085178225206,26099.658248817654,22170.41174736765,-2.170923361481168e-19,4.2,-0.0
11,CV-charge,47,9219.42522715306,102513.030735924,4.2,2.8448411221656267,2.8448411221656267,26055.86812947309,22218.242104340337,-2.1702480003922122e-19,4.2,-0.0
11,CV-charge,48,9292.152499880332,102585.75800865126,4.199999999999999,2.751235254599566,2.751235254599566,26013.51935929348,22264.497295117104,-2.1704552370002827e-19,4.199999999999999,-0.0
11,CV-charge,49,9311.941799023514,102605.54730779445,4.199999999999999,2.7263936618115,2.7263936618115,26002.261967726332,22276.792978878417,-2.170517913408341e-19,4.199999999999999,-0.0
12,CC-discharge,0,0.0,102605.54730779445,3.8553264395938602,-27.263836618115,-27.263836618115,26002.261967726332,22276.792978878417,-2.170517913408341e-19,3.8553264395938602,0.0
12,CC-discharge,1,72.72727272727273,102678.27458052173,3.831274249248492,-27.263836618115,-27.263836618115,26567.381674598724,21742.293108297836,-2.170517790387516e-19,3.831274249248492,0.5507845781437374
12,CC-discharge,2,145.45454545454547,102751.00185324899,3.8150163137871735,-27.263836618115,-27.263836618115,26986.96950575432,21288.813139073376,-2.1705179922710367e-19,3.8150163137871735,1.1015691562874748
12,CC-discharge,3,218.1818181818182,102823.72912597627,3.799854510207252,-27.263836618115,-27.263836618115,27404.69610729184,20835.35779681136,-2.170517990467317e-19,3.799854510207252,1.652353734431212
12,CC-discharge,4,290.90909090909093,102896.45639870354,3.7855238762585466,-27.263836618115,-27.263836618115,27822.39363487327,20381.902405988276,-2.1705179834840415e-19,3.7855238762585466,2.2031383125749495
12,CC-discharge,5,363.6363636363637,102969.18367143082,3.7718634884502538,-27.263836618115,-27.263836618115,28240.08891283664,19928.44701444975,-2.1705179801924654e-19,3.7718634884502538,2.753922890718687
12,CC-discharge,6,436.3636363636364,103041.91094415808,3.7587672430775743,-27.263836618115,-27.263836618115,28657.784015966783,19474.991622900663,-2.1705179799591886e-19,3.7587672430775743,3.304707468862424
12,CC-discharge,7,509.0909090909091,103114.63821688536,3.7461415524561734,-27.263836618115,-27.263836618115,29075.47910544371,19021.53623135104,-2.1705179814820233e-19,3.7461415524561734,3.8554920470061615
12,CC-discharge,8,581.8181818181819,103187.36548961262,3.733929869934583,-27.263836618115,-27.263836618115,29493.17419384877,18568.080839801733,-2.1705179795970873e-19,3.733929869934583,4.406276625149899
12,CC-discharge,9,654.5454545454546,103260.0927623399,3.722084960802873,-27.263836618115,-27.263836618115,29910.869282168554,18114.6254482527,-2.170517972545853e-19,3.722084960802873,4.9570612032936365
12,CC-discharge,10,727.2727272727274,103332.82003506717,3.710570631403745,-27.263836618115,-27.263836618115,30328.564370482007,17661.17005670299,-2.1705179722084834e-19,3.710570631403745,5.507845781437374
12,CC-discharge,11,800.0000000000001,103405.54730779445,3.6993588969731523,-27.263836618115,-27.263836618115,30746.259458795135,17207.71466515348,-2.17051797427178e-19,3.6993588969731523,6.0586303595811115
12,CC-discharge,12,872.7272727272727,103478.27458052173,3.6884278998101734,-27.263836618115,-27.263836618115,31163.954547108206,16754.25927360435,-2.1705179655282374e-19,3.6884278998101734,6.609414937724848
12,CC-discharge,13,945.4545454545455,103551.00185324899,3.6777603456632706,-27.263836618115,-27.263836618115,31581.649635421374,16300.803882055126,-2.170517960290176e-19,3.6777603456632706,7.160199515868586
12,CC-discharge,14,1018.1818181818182,103623.72912597627,3.6673423016733757,-27.263836618115,-27.263836618115,31999.344723734648,15847.348490506378,-2.1705179619702605e-19,3.6673423016733757,7.710984094012323
12,CC-discharge,15,1090.909090909091,103696.45639870354,3.657162246256839,-27.263836618115,-27.263836618115,32417.039812047486,15393.893098957255,-2.170517964957764e-19,3.657162246256839,8.26176867215606
12,CC-discharge,16,1163.6363636363637,103769.18367143082,3.647210293237129,-27.263836618115,-27.263836618115,32834.73490036059,14940.437707408015,-2.170517951455886e-19,3.647210293237129,8.812553250299798
12,CC-discharge,17,1236.3636363636365,103841.91094415808,3.6374775323003057,-27.263836618115,-27.263836618115,33252.42998867325,14486.982315858508,-2.170517959648824e-19,3.6374775323003057,9.363337828443536
12,CC-discharge,18,1309.0909090909092,103914.63821688536,3.627955441077355,-27.263836618115,-27.263836618115,33670.1250769857,14033.5269243091,-2.170517970944778e-19,3.627955441077355,9.914122406587273
12,CC-discharge,19,1381.818181818182,103987.36548961262,3.6186353323416625,-27.263836618115,-27.263836618115,34087.82016529869,13580.071532760236,-2.17051797256044e-19,3.6186353323416625,10.46490698473101
12,CC-discharge,20,1454.5454545454547,104060.0927623399,3.609507804515622,-27.263836618115,-27.263836618115,34505.515253611564,13126.61614121124,-2.170517972445963e-19,3.609507804515622,11.015691562874748
12,CC-discharge,21,1527.2727272727275,104132.82003506717,3.6005621667489387,-27.263836618115,-27.263836618115,34923.21034192392,12673.160749662526,-2.1705179692252935e-19,3.6005621667489387,11.566476141018486
12,CC-discharge,22,1600.0000000000002,104205.54730779445,3.59178580306138,-27.263836618115,-27.263836618115,35340.90543023626,12219.705358112657,-2.1705179652356006e-19,3.59178580306138,12.117260719162223
12,CC-discharge,23,1672.727272727273,104278.27458052173,3.5831628836269087,-27.263836618115,-27.263836618115,35758.60051854897,11766.249966563262,-2.170517974180735e-19,3.5831628836269087,12.66804529730596
12,CC-discharge,24,1745.4545454545455,104351.00185324899,3.5746760943285403,-27.263836618115,-27.263836618115,36176.29560686126,11312.79457501415,-2.1705179971045224e-19,3.5746760943285403,13.218829875449696
12,CC-discharge,25,1818.1818181818182,104423.72912597627,3.5663012524329827,-27.263836618115,-27.263836618115,36593.99069517398,10859.339183465061,-2.170517998321084e-19,3.5663012524329827,13.769614453593434
12,CC-discharge,26,1890.909090909091,104496.45639870354,3.5580094013690062,-27.263836618115,-27.263836618115,37011.68578348681,10405.883791915501,-2.170518000247211e-19,3.5580094013690062,14.320399031737171
12,CC-discharge,27,1963.6363636363637,104569.18367143082,3.5497644135753155,-27.263836618115,-27.263836618115,37429.38087179915,9952.428400366338,-2.17051798159077e-19,3.5497644135753155,14.871183609880909
12,CC-discharge,28,2036.3636363636365,104641.91094415808,3.541521161385884,-27.263836618115,-27.263836618115,37847.075960111455,9498.973008817138,-2.170517936458715e-19,3.541521161385884,15.421968188024646
12,CC-discharge,29,2109.0909090909095,104714.63821688536,3.533223187606269,-27.263836618115,-27.263836618115,38264.77104842397,9045.51761726795,-2.1705178632214415e-19,3.533223187606269,15.972752766168385
12,CC-discharge,30,2181.818181818182,104787.36548961262,3.5247999556676977,-27.263836618115,-27.263836618115,38682.466136736635,8592.06222571894,-2.1705177593176265e-19,3.5247999556676977,16.52353734431212
12,CC-discharge,31,2254.545454545455,104860.0927623399,3.5161641183446926,-27.263836618115,-27.263836618115,39100.161225049225,8138.60683416994,-2.170516567187683e-19,3.5161641183446926,17.07432192245586
12,CC-discharge,32,2327.2727272727275,104932.82003506717,3.5072042077582384,-27.263836618115,-27.263836618115,39517.856313362245,7685.151442620783,-2.1705160155685484e-19,3.5072042077582384,17.625106500599596
12,CC-discharge,33,2400.0,105005.54730779445,3.49778481127132,-27.263836618115,-27.263836618115,39935.55140167496,7231.696051071836,-2.1705155861304557e-19,3.49778481127132,18.175891078743334
12,CC-discharge,34,2472.727272727273,105078.27458052173,3.4877363318243844,-27.263836618115,-27.263836618115,40353.24648998764,6778.240659522756,-2.170517516751372e-19,3.4877363318243844,18.726675656887075
12,CC-discharge,35,2545.4545454545455,105151.00185324899,3.476847859240813,-27.263836618115,-27.263836618115,40770.941578300146,6324.785267973536,-2.17051770001669e-19,3.476847859240813,19.277460235030812
12,CC-discharge,36,2618.1818181818185,105223.72912597627,3.46485867471764,-27.263836618115,-27.263836618115,41188.63666661258,5871.329876424443,-2.1705184595103965e-19,3.46485867471764,19.82824481317455
12,CC-discharge,37,2690.909090909091,105296.45639870354,3.4514469737281748,-27.263836618115,-27.263836618115,41606.33175492489,5417.874484875263,-2.1705180485773083e-19,3.4514469737281748,20.379029391318287
12,CC-discharge,38,2763.636363636364,105369.18367143082,3.436217017175455,-27.263836618115,-27.263836618115,42024.02684323758,4964.419093326065,-2.1705174995484195e-19,3.436217017175455,20.929813969462025
12,CC-discharge,39,2836.3636363636365,105441.91094415808,3.4186845121262315,-27.263836618115,-27.263836618115,42441.72193155024,4510.963701777005,-2.1705180360114205e-19,3.4186845121262315,21.480598547605762
12,CC-discharge,40,2909.0909090909095,105514.63821688536,3.398260759510067,-27.263836618115,-27.263836618115,42859.41701986321,4057.5083102278995,-2.170518712191404e-19,3.398260759510067,22.0313831257495
12,CC-discharge,41,2981.818181818182,105587.36548961262,3.3742358487194366,-27.263836618115,-27.263836618115,43277.112108175716,3604.0529186787976,-2.170519654110918e-19,3.3742358487194366,22.582167703893237
12,CC-discharge,42,3054.545454545455,105660.0927623399,3.345764410705016,-27.263836618115,-27.263836618115,43694.80719648826,3150.5975271297225,-2.1705187372373893e-19,3.345764410705016,23.132952282036975
12,CC-discharge,43,3127.2727272727275,105732.82003506717,3.3118499982873084,-27.263836618115,-27.263836618115,44112.50228480158,2697.1421355807106,-2.1705220432672823e-19,3.3118499982873084,23.683736860180712
12,CC-discharge,44,3200.0000000000005,105805.54730779445,3.2713149561036756,-27.263836618115,-27.263836618115,44530.1973731144,2243.686744031664,-2.1705294105701773e-19,3.2713149561036756,24.23452143832445
12,CC-discharge,45,3272.727272727273,105878.27458052173,3.2226368828557366,-27.263836618115,-27.263836618115,44947.89246142717,1790.231352482633,-2.170527355474558e-19,3.2226368828557366,24.785306016468187
12,CC-discharge,46,3345.454545454546,105951.00185324899,3.162853632075919,-27.263836618115,-27.263836618115,45365.58754973984,1336.7759609335988,-2.1705305503640823e-19,3.162853632075919,25.336090594611925
12,CC-discharge,47,3418.1818181818185,106023.72912597627,3.078725187952777,-27.263836618115,-27.263836618115,45783.282638052544,883.3205693845603,-2.1705345684638325e-19,3.078725187952777,25.886875172755662
12,CC-discharge,48,3455.6684788856437,106061.21578668008,3.0000099999999996,-27.263836618115,-27.263836618115,45998.5800562851,649.5908037839226,-2.170528734664149e-19,3.0000099999999996,26.17077244853005
12,CC-charge,0,3455.6684788856437,106061.21578668008,3.7157071703637197,27.263836618115,27.263836618115,45998.5800562851,649.5908037839226,-2.170528734664149e-19,3.7157071703637197,0.0
12,CC-charge,1,3528.3957516129162,106133.94305940736,3.8211115090363683,27.263836618115,27.263836618115,45433.46510285333,1184.0883813913892,-2.1705244905265085e-19,3.8211115090363683,-0.0
12,CC-charge,2,3601.123024340189,106206.67033213463,3.8673976752578922,27.263836618115,27.263836618115,45013.87613497565,1637.570645101619,-2.170527879557076e-19,3.8673976752578922,-0.0
12,CC-charge,3,3673.8502970674617,106279.39760486191,3.9047940295351067,27.263836618115,27.263836618115,44596.14377296892,2091.0259847391117,-2.1705313982177437e-19,3.9047940295351067,-0.0
12,CC-charge,4,3746.5775697947347,106352.12487758917,3.93604523298616,27.263836618115,27.263836618115,44178.44818840902,2544.481376666508,-2.170527911191957e-19,3.93604523298616,-0.0
12,CC-charge,5,3819.304842522007,106424.85215031645,3.962080673076408,27.263836618115,27.263836618115,43760.75309502611,2997.9367682109814,-2.1705288724214983e-19,3.962080673076408,-0.0
12,CC-charge,6,3892.03211524928,106497.57942304372,3.983671460866,27.263836618115,27.263836618115,43343.05800677728,3451.3921597600533,-2.1705279698627497e-19,3.983671460866,-0.0
12,CC-charge,7,3964.7593879765527,106570.306695771,4.001558356348857,27.263836618115,27.263836618115,42925.362918464176,3904.8475513090025,-2.17052669025835e-19,4.001558356348857,-0.0
12,CC-charge,8,4037.4866607038257,106643.03396849826,4.016424769128383,27.263836618115,27.263836618115,42507.66783015103,4358.3029428579375,-2.1705263060572e-19,4.016424769128383,-0.0
12,CC-charge,9,4110.213933431099,106715.76124122554,4.028873959834261,27.263836618115,27.263836618115,42089.97274183786,4811.758334406944,-2.1705265811211087e-19,4.028873959834261,-0.0
12,CC-charge,10,4182.941206158371,106788.4885139528,4.039422135347861,27.263836618115,27.263836618115,41672.27765352413,5265.213725955906,-2.170526801640079e-19,4.039422135347861,-0.0
12,CC-charge,11,4255.668478885644,106861.21578668008,4.048502271827523,27.263836618115,27.263836618115,41254.58256521095,5718.669117504936,-2.1705276188020174e-19,4.048502271827523,-0.0
12,CC-charge,12,4328.395751612917,106933.94305940736,4.056471738050024,27.263836618115,27.263836618115,40836.88747689733,6172.124509053675,-2.170527364261764e-19,4.056471738050024,-0.0
12,CC-charge,13,4401.12302434019,107006.67033213463,4.0636230384963,27.263836618115,27.263836618115,40419.19238858406,6625.579900602834,-2.170526563089462e-19,4.0636230384963,-0.0
12,CC-charge,14,4473.850297067462,107079.39760486191,4.070193471764413,27.263836618115,27.263836618115,40001.49730027031,7079.035292151651,-2.1705272695741315e-19,4.070193471764413,-0.0
12,CC-charge,15,4546.577569794735,107152.12487758917,4.076374416248917,27.263836618115,27.263836618115,39583.80221195661,7532.490683700491,-2.1705272820812925e-19,4.076374416248917,-0.0
12,CC-charge,16,4619.304842522008,107224.85215031645,4.0823193137512925,27.263836618115,27.263836618115,39166.10712364313,7985.9460752493305,-2.1705273312766697e-19,4.0823193137512925,-0.0
12,CC-charge,17,4692.03211524928,107297.57942304372,4.088151147077697,27.263836618115,27.263836618115,38748.41203532996,8439.401466798296,-2.170527349214106e-19,4.088151147077697,-0.0
12,CC-charge,18,4764.759387976553,107370.306695771,4.093967188091955,27.263836618115,27.263836618115,38330.71694701644,8892.856858347033,-2.1705271055773276e-19,4.093967188091955,-0.0
12,CC-charge,19,4837.486660703826,107443.03396849826,4.099844919176685,27.263836618115,27.263836618115,37913.02185870374,9346.312249895962,-2.1705268457751635e-19,4.099844919176685,-0.0
12,CC-charge,20,4910.213933431099,107515.76124122554,4.105845313242003,27.263836618115,27.263836618115,37495.326770390566,9799.767641444889,-2.1705267508004874e-19,4.105845313242003,-0.0
12,CC-charge,21,4982.941206158372,107588.4885139528,4.112016051615192,27.263836618115,27.263836618115,37077.63168207758,10253.223032993792,-2.1705267454408714e-19,4.112016051615192,-0.0
12,CC-charge,22,5055.668478885644,107661.21578668008,4.118395823813635,27.263836618115,27.263836618115,36659.936593764294,10706.678424542994,-2.170526751296929e-19,4.118395823813635,-0.0
12,CC-charge,23,5128.395751612917,107733.94305940736,4.125013260819315,27.263836618115,27.263836618115,36242.24150545109,11160.133816091995,-2.1705267412057625e-19,4.125013260819315,-0.0
12,CC-charge,24,5201.12302434019,107806.67033213463,4.131891292352607,27.263836618115,27.263836618115,35824.5464171382,11613.589207640505,-2.17052674103922e-19,4.131891292352607,-0.0
12,CC-charge,25,5273.850297067462,107879.39760486191,4.139047861896956,27.263836618115,27.263836618115,35406.85132882479,12067.044599189416,-2.1705267588101946e-19,4.139047861896956,-0.0
12,CC-charge,26,5346.577569794735,107952.12487758917,4.14649706929161,27.263836618115,27.263836618115,34989.156240511125,12520.499990738264,-2.170526732780618e-19,4.14649706929161,-0.0
12,CC-charge,27,5419.304842522008,108024.85215031645,4.154250130559011,27.263836618115,27.263836618115,34571.46115219745,12973.955382286955,-2.1705267623642277e-19,4.154250130559011,-0.0
12,CC-charge,28,5492.03211524928,108097.57942304372,4.16231806574148,27.263836618115,27.263836618115,34153.766063884825,13427.410773835809,-2.170526757575334e-19,4.16231806574148,-0.0
12,CC-charge,29,5564.759387976554,108170.306695771,4.17070542245722,27.263836618115,27.263836618115,33736.07097557171,13880.86616538467,-2.170526760643029e-19,4.17070542245722,-0.0
12,CC-charge,30,5637.486660703826,108243.03396849826,4.179420425717551,27.263836618115,27.263836618115,33318.375887258866,14334.321556933453,-2.17052659820371e-19,4.179420425717551,-0.0
12,CC-charge,31,5710.213933431099,108315.76124122554,4.188469702441839,27.263836618115,27.263836618115,32900.68079894546,14787.776948482264,-2.170526567962659e-19,4.188469702441839,-0.0
12,CC-charge,32,5782.941206158372,108388.4885139528,4.197860226881479,27.263836618115,27.263836618115,32482.98571063209,15241.232340030974,-2.1705265042802894e-19,4.197860226881479,-0.0
12,CC-charge,33,5799.063659297197,108404.61096709163,4.199990000000001,27.263836618115,27.263836618115,32390.389505176954,15341.756022916912,-2.17052650712312e-19,4.199990000000001,-0.0
12,CV-charge,0,5799.063659297197,108404.61096709163,4.2,27.28864665197245,27.28864665197245,32390.389505176954,15341.756022916912,-2.17052650712312e-19,4.2,0.0
12,CV-charge,1,5871.79093202447,108477.33823981891,4.199999999999998,24.207210862280835,24.207210862280835,31868.468025676495,15836.809259055659,-2.0247625725817863e-19,4.199999999999998,-0.0
12,CV-charge,2,5944.518204751742,108550.06551254618,4.200000000000001,22.261345088726,22.261345088726,31522.037218873174,16216.946628082242,-1.9648090317611241e-19,4.200000000000001,-0.0
12,CV-charge,3,6017.245477479015,108622.79278527346,4.2,20.56201074111932,20.56201074111932,31204.062460049703,16567.318871098712,-1.444556421753926e-19,4.2,-0.0
12,CV-charge,4,6089.972750206288,108695.52005800072,4.200000000000001,19.06076189538507,19.06076189538507,30909.221830685987,16892.00337618748,-1.4786627399288866e-19,4.200000000000001,-0.0
12,CV-charge,5,6162.700022933561,108768.247330728,4.199999999999999,17.728412245848155,17.728412245848155,30635.110280562843,17193.661456575715,-1.4676315397899733e-19,4.199999999999999,-0.0
12,CV-charge,6,6235.427295660833,108840.97460345527,4.2,16.539953988694393,16.539953988694393,30379.48316918175,17474.80742034553,-1.4426866381631877e-19,4.2,-0.0
12,CV-charge,7,6308.154568388106,108913.70187618255,4.199999999999999,15.47472690180479,15.47472690180479,30140.411748706993,17737.599665145328,-1.5288682234485384e-19,4.199999999999999,-0.0
12,CV-charge,8,6380.881841115379,108986.42914890981,4.2,14.515628576183039,14.515628576183039,29916.237652933545,17983.891819852397,-1.5090698650399397e-19,4.2,-0.0
12,CV-charge,9,6453.609113842652,109059.15642163709,4.2,13.648403112601796,13.648403112601796,29705.526463953243,18215.285444993933,-1.6334128055156399e-19,4.2,-0.0
12,CV-charge,10,6526.336386569924,109131.88369436435,4.200000000000001,12.861113890284704,12.861113890284704,29507.03210659024,18433.170363874473,-1.825694424279847e-19,4.200000000000001,-0.0
12,CV-charge,11,6599.063659297197,109204.61096709163,4.2,12.143714101681228,12.143714101681228,29319.667238814505,18638.758159846657,-1.7520422065971453e-19,4.2,-0.0
12,CV-charge,12,6671.79093202447,109277.33823981891,4.2,11.487651601930843,11.487651601930843,29142.466108489145,18833.123802828475,-1.7320581604359865e-19,4.2,-0.0
12,CV-charge,13,6744.518204751743,109350.06551254618,4.2,10.885323199578535,10.885323199578535,28974.48162899457,19017.31898261413,-1.6851674036607577e-19,4.2,-0.0
12,CV-charge,14,6817.245477479015,109422.79278527346,4.2,10.331372417928872,10.331372417928872,28815.20146381635,19191.916333985628,-1.769011098293729e-19,4.2,-0.0
12,CV-charge,15,6889.972750206288,109495.52005800072,4.199999999999999,9.819632631313938,9.819632631313938,28663.71904492763,19357.91931251603,-1.7674879165005626e-19,4.199999999999999,-0.0
12,CV-charge,16,6962.700022933561,109568.247330728,4.199999999999999,9.346366459994172,9.346366459994172,28519.694768734713,19515.707839443883,-1.7414152369624658e-19,4.199999999999999,-0.0
12,CV-charge,17,7035.427295660833,109640.97460345527,4.200000000000001,8.90674926220705,8.90674926220705,28382.34048000463,19666.152702956624,-1.7414719653387786e-19,4.200000000000001,-0.0
12,CV-charge,18,7108.154568388106,109713.70187618255,4.199999999999999,8.497760766747747,8.497760766747747,28251.312322687674,19809.63626439315,-1.7414351156576076e-19,4.199999999999999,-0.0
12,CV-charge,19,7180.881841115379,109786.42914890981,4.2,8.116379814991282,8.116379814991282,28126.18141322123,19946.633499007577,-1.7413531102258084e-19,4.2,-0.0
12,CV-charge,20,7253.609113842652,109859.15642163709,4.2,7.759958817245341,7.759958817245341,28006.560098327536,20077.573377590066,-1.7409067965838214e-19,4.2,-0.0
12,CV-charge,21,7326.336386569925,109931.88369436435,4.199999999999999,7.426169587769008,7.426169587769008,27892.097046495,20202.844454920698,-1.7402658924919413e-19,4.199999999999999,-0.0
12,CV-charge,22,7399.063659297197,110004.61096709163,4.199999999999999,7.112957919854708,7.112957919854708,27782.47295366163,20322.79967057489,-1.740209017757212e-19,4.199999999999999,-0.0
12,CV-charge,23,7471.79093202447,110077.33823981891,4.2,6.818509293553567,6.818509293553567,27677.398204526933,20437.758985025594,-1.7404440198726516e-19,4.2,-0.0
12,CV-charge,24,7544.518204751743,110150.06551254618,4.2,6.541208242508028,6.541208242508028,27576.60665038158,20548.016287137776,-1.7408097970592792e-19,4.2,-0.0
12,CV-charge,25,7617.245477479015,110222.79278527346,4.199999999999999,6.279616872355699,6.279616872355699,27479.854756395358,20653.84035974195,-1.7407735910458589e-19,4.199999999999999,-0.0
12,CV-charge,26,7689.972750206288,110295.52005800072,4.2,6.032451224711893,6.032451224711893,27386.918958735754,20755.47783193332,-1.7407915205160262e-19,4.2,-0.0
12,CV-charge,27,7762.700022933561,110368.247330728,4.199999999999999,5.7985617493679165,5.7985617493679165,27297.593567404365,20853.155515479124,-1.7422323791925486e-19,4.199999999999999,-0.0
12,CV-charge,28,7835.427295660833,110440.97460345527,4.2,5.576916621575991,5.576916621575991,27211.688930784214,20947.082449031772,-1.7406748503703243e-19,4.2,-0.0
12,CV-charge,29,7908.154568388107,110513.70187618255,4.2,5.366587438762837,5.366587438762837,27129.029823703728,21037.451692237748,-1.7434815682286718e-19,4.2,-0.0
12,CV-charge,30,7980.881841115379,110586.42914890981,4.2,5.166736916325411,5.166736916325411,27049.45402777966,21124.441904904772,-1.7447071787182704e-19,4.2,-0.0
12,CV-charge,31,8053.609113842652,110659.15642163709,4.2,4.976608268801233,4.976608268801233,26972.81107763034,21208.218740872595,-1.7430446393038152e-19,4.2,-0.0
12,CV-charge,32,8126.336386569925,110731.88369436435,4.2,4.795516016908536,4.795516016908536,26898.961150633422,21288.936081629403,-1.7423278432064665e-19,4.2,-0.0
12,CV-charge,33,8199.063659297197,110804.61096709163,4.199999999999998,4.622838004940032,4.622838004940032,26827.774081282496,21366.737130915666,-1.7420435605453225e-19,4.199999999999998,-0.0
12,CV-charge,34,8271.790932024469,110877.33823981891,4.199999999999999,4.458008448898245,4.458008448898245,26759.128484010766,21441.755388383717,-1.7410654504503626e-19,4.199999999999999,-0.0
12,CV-charge,35,8344.518204751743,110950.06551254618,4.200000000000001,4.3005118652166034,4.3005118652166034,26692.910970723846,21514.11551771628,-1.739683424911151e-19,4.200000000000001,-0.0
12,CV-charge,36,8417.245477479015,111022.79278527346,4.199999999999999,4.14987775397792,4.14987775397792,26629.01545122492,21583.934122432485,-1.7391947987530703e-19,4.199999999999999,-0.0
12,CV-charge,37,8489.972750206289,111095.52005800072,4.199999999999999,4.005675930589554,4.005675930589554,26567.342506414225,21651.32044068143,-1.7391646358509406e-19,4.199999999999999,-0.0
12,CV-charge,38,8562.70002293356,111168.247330728,4.2,3.867512416300231,3.867512416300231,26507.79882552538,21716.376968793076,-1.7395586161363903e-19,4.2,-0.0
12,CV-charge,39,8635.427295660833,111240.97460345527,4.200000000000001,3.735025811657521,3.735025811657521,26450.296699850565,21779.200022017223,-1.7385230047904384e-19,4.200000000000001,-0.0
12,CV-charge,40,8708.154568388107,111313.70187618255,4.2,3.607884088467572,3.607884088467572,26394.753566429383,21839.880239729337,-1.7381283824561993e-19,4.2,-0.0
12,CV-charge,41,8780.881841115379,111386.42914890981,4.2,3.4857817453087265,3.4857817453087265,26341.091596023096,21898.503041449592,-1.7368831792320756e-19,4.2,-0.0
12,CV-charge,42,8853.609113842653,111459.15642163709,4.200000000000001,3.3684372796881705,3.3684372796881705,26289.237320428918,21955.14903916365,-1.73733417575443e-19,4.200000000000001,-0.0
12,CV-charge,43,8926.336386569925,111531.88369436435,4.199999999999999,3.2555909366500613,3.2555909366500613,26239.121294829052,22009.894410773853,-1.7372437243114958e-19,4.199999999999999,-0.0
12,CV-charge,44,8999.063659297197,111604.61096709163,4.200000000000001,3.1470026993318383,3.1470026993318383,26190.677791398717,22062.811238864906,-1.7363458600504247e-19,4.200000000000001,-0.0
12,CV-charge,45,9071.790932024469,111677.33823981891,4.200000000000001,3.0424504917415596,3.0424504917415596,26143.844520861454,22113.967818480876,-1.7368261871516028e-19,4.200000000000001,-0.0
12,CV-charge,46,9144.518204751743,111750.06551254618,4.199999999999999,2.9417285681367162,2.9417285681367162,26098.56237908772,22163.42893713951,-1.736878205380701e-19,4.199999999999999,-0.0
12,CV-charge,47,9217.245477479015,111822.79278527346,4.200000000000001,2.844646066827534,2.844646066827534,26054.775216174687,22211.256129937567,-1.7365189838652642e-19,4.200000000000001,-0.0
12,CV-charge,48,9289.972750206289,111895.52005800072,4.2,2.7510257091735952,2.7510257091735952,26012.429625740097,22257.5079122657,-1.7365091511110095e-19,4.2,-0.0
12,CV-charge,49,9309.591300473843,111915.13860826829,4.199999999999999,2.7263936618115,2.7263936618115,26001.269831309422,22269.697014822286,-1.736500330225746e-19,4.199999999999999,-0.0
13,CC-discharge,0,0.0,111915.13860826829,3.8553483753002444,-27.263836618115,-27.263836618115,26001.269831309422,22269.697014822286,-1.736500330225746e-19,3.8553483753002444,0.0
13,CC-discharge,1,72.72727272727273,111987.86588099557,3.8312902395461306,-27.263836618115,-27.263836618115,26566.38953248738,21735.197150340107,-1.7365006962950979e-19,3.8312902395461306,0.5507845781437374
13,CC-discharge,2,145.45454545454547,112060.59315372283,3.8150290609477238,-27.263836618115,-27.263836618115,26985.97735600273,21281.717175103775,-1.736500269927392e-19,3.8150290609477238,1.1015691562874748
13,CC-discharge,3,218.1818181818182,112133.32042645011,3.7998647096804246,-27.263836618115,-27.263836618115,27403.70396953915,20828.26183275654,-1.7365002806869629e-19,3.7998647096804246,1.652353734431212
13,CC-discharge,4,290.90909090909093,112206.04769917738,3.7855320741498595,-27.263836618115,-27.263836618115,27821.40149832766,20374.80644193212,-1.7365002791400357e-19,3.7855320741498595,2.2031383125749495
13,CC-discharge,5,363.6363636363637,112278.77497190466,3.771870076566124,-27.263836618115,-27.263836618115,28239.096776407598,19921.35105039327,-1.7365002777820382e-19,3.771870076566124,2.753922890718687
13,CC-discharge,6,436.3636363636364,112351.50224463192,3.7587725387620488,-27.263836618115,-27.263836618115,28656.79187954909,19467.89565884456,-1.7365002795865072e-19,3.7587725387620488,3.304707468862424
13,CC-discharge,7,509.0909090909091,112424.2295173592,3.7461457737583723,-27.263836618115,-27.263836618115,29074.486969026548,19014.440267295126,-1.7365002877403137e-19,3.7461457737583723,3.8554920470061615
13,CC-discharge,8,581.8181818181819,112496.95679008646,3.73393320314943,-27.263836618115,-27.263836618115,29492.18205743096,18560.984875745395,-1.7365002933241768e-19,3.73393320314943,4.406276625149899
13,CC-discharge,9,654.5454545454546,112569.68406281374,3.722087554556629,-27.263836618115,-27.263836618115,29909.877145751332,18107.529484196442,-1.736500291460259e-19,3.722087554556629,4.9570612032936365
13,CC-discharge,10,727.2727272727274,112642.41133554101,3.7105726048751504,-27.263836618115,-27.263836618115,30327.572234064177,17654.074092647654,-1.7365002872366666e-19,3.7105726048751504,5.507845781437374
13,CC-discharge,11,800.0000000000001,112715.13860826829,3.6993603456760393,-27.263836618115,-27.263836618115,30745.267322377196,17200.61870109839,-1.736500277538066e-19,3.6993603456760393,6.0586303595811115
13,CC-discharge,12,872.7272727272727,112787.86588099557,3.6884288995976555,-27.263836618115,-27.263836618115,31162.962410690234,16747.16330954863,-1.73650027404166e-19,3.6884288995976555,6.609414937724848
13,CC-discharge,13,945.4545454545455,112860.59315372283,3.6777609553741444,-27.263836618115,-27.263836618115,31580.657499003275,16293.707917999242,-1.7365002729037048e-19,3.6777609553741444,7.160199515868586
13,CC-discharge,14,1018.1818181818182,112933.32042645011,3.6673425646853497,-27.263836618115,-27.263836618115,31998.35258731654,15840.252526449955,-1.736500272237733e-19,3.6673425646853497,7.710984094012323
13,CC-discharge,15,1090.909090909091,113006.04769917738,3.6571621910965124,-27.263836618115,-27.263836618115,32416.04767562881,15386.797134900806,-1.7365002664988315e-19,3.6571621910965124,8.26176867215606
13,CC-discharge,16,1163.6363636363637,113078.77497190466,3.6472099333190524,-27.263836618115,-27.263836618115,32833.74276394176,14933.341743351195,-1.7365002667757956e-19,3.6472099333190524,8.812553250299798
13,CC-discharge,17,1236.3636363636365,113151.50224463192,3.6374768648002225,-27.263836618115,-27.263836618115,33251.43785225506,14479.886351801979,-1.7365002655384381e-19,3.6374768648002225,9.363337828443536
13,CC-discharge,18,1309.0909090909092,113224.2295173592,3.6279544448879038,-27.263836618115,-27.263836618115,33669.13294056794,14026.430960252914,-1.736500262060554e-19,3.6279544448879038,9.914122406587273
13,CC-discharge,19,1381.818181818182,113296.95679008646,3.618633965004485,-27.263836618115,-27.263836618115,34086.828028880955,13572.975568704318,-1.7365002768917605e-19,3.618633965004485,10.46490698473101
13,CC-discharge,20,1454.5454545454547,113369.68406281374,3.609505997967708,-27.263836618115,-27.263836618115,34504.5231171937,13119.52017715508,-1.7365002762939225e-19,3.609505997967708,11.015691562874748
13,CC-discharge,21,1527.2727272727275,113442.41133554101,3.600559821664235,-27.263836618115,-27.263836618115,34922.21820550632,12666.064785606119,-1.7365002712303618e-19,3.600559821664235,11.566476141018486
13,CC-discharge,22,1600.0000000000002,113515.13860826829,3.5917827814690177,-27.263836618115,-27.263836618115,35339.913293819256,12212.609394056657,-1.7365002709921515e-19,3.5917827814690177,12.117260719162223
13,CC-discharge,23,1672.727272727273,113587.86588099557,3.583159004294415,-27.263836618115,-27.263836618115,35757.60838213196,11759.154002507363,-1.736500256711964e-19,3.583159004294415,12.66804529730596
13,CC-discharge,24,1745.4545454545455,113660.59315372283,3.57467110507099,-27.263836618115,-27.263836618115,36175.30347044482,11305.698610958052,-1.7365002554948764e-19,3.57467110507099,13.218829875449696
13,CC-discharge,25,1818.1818181818182,113733.32042645011,3.5662948315403615,-27.263836618115,-27.263836618115,36592.99855875804,10852.243219409153,-1.736500261275556e-19,3.5662948315403615,13.769614453593434
13,CC-discharge,26,1890.909090909091,113806.04769917738,3.558001133176646,-27.263836618115,-27.263836618115,37010.693647071064,10398.787827859911,-1.736500257632785e-19,3.558001133176646,14.320399031737171
13,CC-discharge,27,1963.6363636363637,113878.77497190466,3.5497537648509367,-27.263836618115,-27.263836618115,37428.38873538413,9945.33243631074,-1.7364996999866272e-19,3.5497537648509367,14.871183609880909
13,CC-discharge,28,2036.3636363636365,113951.50224463192,3.5415074507746214,-27.263836618115,-27.263836618115,37846.08382369655,9491.877044761524,-1.7364994036573062e-19,3.5415074507746214,15.421968188024646
13,CC-discharge,29,2109.0909090909095,114024.2295173592,3.5332055478745876,-27.263836618115,-27.263836618115,38263.77891200888,9038.42165321254,-1.73649920490246e-19,3.5332055478745876,15.972752766168385
13,CC-discharge,30,2181.818181818182,114096.95679008646,3.524777288259275,-27.263836618115,-27.263836618115,38681.47400032163,8584.966261663267,-1.7364988057719135e-19,3.524777288259275,16.52353734431212
13,CC-discharge,31,2254.545454545455,114169.68406281374,3.5161350312789494,-27.263836618115,-27.263836618115,39099.16908863434,8131.510870114156,-1.736498770384724e-19,3.5161350312789494,17.07432192245586
13,CC-discharge,32,2327.2727272727275,114242.41133554101,3.5071669583358953,-27.263836618115,-27.263836618115,39516.86417694753,7678.055478564902,-1.7364990308208072e-19,3.5071669583358953,17.625106500599596
13,CC-discharge,33,2400.0,114315.13860826829,3.497737217554646,-27.263836618115,-27.263836618115,39934.55926526015,7224.600087015744,-1.7365010855802548e-19,3.497737217554646,18.175891078743334
13,CC-discharge,34,2472.727272727273,114387.86588099557,3.487675645355588,-27.263836618115,-27.263836618115,40352.25435357294,6771.144695466513,-1.7365016361025382e-19,3.487675645355588,18.726675656887075
13,CC-discharge,35,2545.4545454545455,114460.59315372283,3.4767706604354203,-27.263836618115,-27.263836618115,40769.94944188522,6317.6893039174865,-1.7365029237556628e-19,3.4767706604354203,19.277460235030812
13,CC-discharge,36,2618.1818181818185,114533.32042645011,3.464760713125908,-27.263836618115,-27.263836618115,41187.64453019792,5864.233912368462,-1.7365002859737812e-19,3.464760713125908,19.82824481317455
13,CC-discharge,37,2690.909090909091,114606.04769917738,3.4513229879726413,-27.263836618115,-27.263836618115,41605.339618510756,5410.778520819337,-1.736498019869261e-19,3.4513229879726413,20.379029391318287
13,CC-discharge,38,2763.636363636364,114678.77497190466,3.436060527522436,-27.263836618115,-27.263836618115,42023.0347068236,4957.323129270302,-1.7364988021832377e-19,3.436060527522436,20.929813969462025
13,CC-discharge,39,2836.3636363636365,114751.50224463192,3.4184875898493274,-27.263836618115,-27.263836618115,42440.72979513689,4503.867737721198,-1.7365016718992723e-19,3.4184875898493274,21.480598547605762
13,CC-discharge,40,2909.0909090909095,114824.2295173592,3.398013779034846,-27.263836618115,-27.263836618115,42858.42488344872,4050.4123461722074,-1.7365004781237116e-19,3.398013779034846,22.0313831257495
13,CC-discharge,41,2981.818181818182,114896.95679008646,3.373927276581613,-27.263836618115,-27.263836618115,43276.11997176127,3596.9569546231496,-1.7364983052919526e-19,3.373927276581613,22.582167703893237
13,CC-discharge,42,3054.545454545455,114969.68406281374,3.345380570367149,-27.263836618115,-27.263836618115,43693.81506007459,3143.5015630741423,-1.7364938890548607e-19,3.345380570367149,23.132952282036975
13,CC-discharge,43,3127.2727272727275,115042.41133554101,3.311374859674866,-27.263836618115,-27.263836618115,44111.51014838814,2690.046171525155,-1.736493066750924e-19,3.311374859674866,23.683736860180712
13,CC-discharge,44,3200.0000000000005,115115.13860826829,3.2707292411633184,-27.263836618115,-27.263836618115,44529.20523670017,2236.5907799760853,-1.7364881400675034e-19,3.2707292411633184,24.23452143832445
13,CC-discharge,45,3272.727272727273,115187.86588099557,3.2219123466735273,-27.263836618115,-27.263836618115,44946.90032501291,1783.1353884269993,-1.7364912755203027e-19,3.2219123466735273,24.785306016468187
13,CC-discharge,46,3345.454545454546,115260.59315372283,3.161913654536578,-27.263836618115,-27.263836618115,45364.595413325354,1329.6799968779653,-1.736497431326174e-19,3.161913654536578,25.336090594611925
13,CC-discharge,47,3418.1818181818185,115333.32042645011,3.0770819310299182,-27.263836618115,-27.263836618115,45782.290501638534,876.2246053289235,-1.7364961987843726e-19,3.0770819310299182,25.886875172755662
13,CC-discharge,48,3454.580247461922,115369.71885573021,3.0000100000000005,-27.263836618115,-27.263836618115,45991.33787221156,649.2799753154545,-1.7365024039459953e-19,3.0000100000000005,26.16253095860254
13,CC-charge,0,3454.580247461922,115369.71885573021,3.7156600739919567,27.263836618115,27.263836618115,45991.33787221156,649.2799753154545,-1.7365024039459953e-19,3.7156600739919567,0.0
13,CC-charge,1,3527.3075201891947,115442.4461284575,3.8211415758539675,27.263836618115,27.263836618115,45426.22291873261,1183.7775530272604,-1.7365065917241624e-19,3.8211415758539675,-0.0
13,CC-charge,2,3600.0347929164677,115515.17340118476,3.8674336588959144,27.263836618115,27.263836618115,45006.63396517187,1637.2598164675833,-1.7365091562890118e-19,3.8674336588959144,-0.0
13,CC-charge,3,3672.7620656437402,115587.90067391204,3.9048331235781304,27.263836618115,27.263836618115,44588.901589127214,2090.7151562720037,-1.736509403524994e-19,3.9048331235781304,-0.0
13,CC-charge,4,3745.489338371013,115660.6279466393,3.9360875159484174,27.263836618115,27.263836618115,44171.206004338805,2544.1705481980553,-1.736510818034013e-19,3.9360875159484174,-0.0
13,CC-charge,5,3818.2166110982857,115733.35521936658,3.9621263444744224,27.263836618115,27.263836618115,43753.51091095217,2997.6259397425047,-1.7365101384975216e-19,3.9621263444744224,-0.0
13,CC-charge,6,3890.9438838255587,115806.08249209385,3.983720601836915,27.263836618115,27.263836618115,43335.81582270352,3451.081331291621,-1.7365109614490728e-19,3.983720601836915,-0.0
13,CC-charge,7,3963.6711565528312,115878.80976482113,4.001610967941772,27.263836618115,27.263836618115,42918.120734390504,3904.5367228405394,-1.7365111060267545e-19,4.001610967941772,-0.0
13,CC-charge,8,4036.398429280104,115951.53703754839,4.016480817488989,27.263836618115,27.263836618115,42500.425646077434,4357.992114389533,-1.736511020972924e-19,4.016480817488989,-0.0
13,CC-charge,9,4109.125702007377,116024.26431027567,4.028933403253235,27.263836618115,27.263836618115,42082.73055776434,4811.447505938447,-1.7365105726251127e-19,4.028933403253235,-0.0
13,CC-charge,10,4181.852974734649,116096.99158300293,4.039484938274567,27.263836618115,27.263836618115,41665.035469450886,5264.902897487427,-1.7365111935806116e-19,4.039484938274567,-0.0
13,CC-charge,11,4254.580247461922,116169.71885573021,4.048568409827644,27.263836618115,27.263836618115,41247.34038113739,5718.358289036287,-1.7365111139183916e-19,4.048568409827644,-0.0
13,CC-charge,12,4327.307520189195,116242.4461284575,4.056541200031561,27.263836618115,27.263836618115,40829.645292823756,6171.8136805853055,-1.7365110530195854e-19,4.056541200031561,-0.0
13,CC-charge,13,4400.034792916467,116315.17340118476,4.063695825144463,27.263836618115,27.263836618115,40411.95020451031,6625.2690721343215,-1.7365096805432877e-19,4.063695825144463,-0.0
13,CC-charge,14,4472.76206564374,116387.90067391204,4.070269593862754,27.263836618115,27.263836618115,39994.25511619695,7078.724463683157,-1.7365098150865335e-19,4.070269593862754,-0.0
13,CC-charge,15,4545.489338371013,116460.6279466393,4.07645389257433,27.263836618115,27.263836618115,39576.56002788357,7532.1798552321225,-1.7365094228414876e-19,4.07645389257433,-0.0
13,CC-charge,16,4618.216611098286,116533.35521936658,4.082402168955258,27.263836618115,27.263836618115,39158.86493957049,7985.635246781049,-1.736509616664159e-19,4.082402168955258,-0.0
13,CC-charge,17,4690.943883825559,116606.08249209385,4.088237410263847,27.263836618115,27.263836618115,38741.16985125708,8439.09063832998,-1.7365098591772214e-19,4.088237410263847,-0.0
13,CC-charge,18,4763.671156552831,116678.80976482113,4.094056890954417,27.263836618115,27.263836618115,38323.474762944075,8892.546029878986,-1.7365098536175775e-19,4.094056890954417,-0.0
13,CC-charge,19,4836.398429280104,116751.53703754839,4.099938094954116,27.263836618115,27.263836618115,37905.77967463105,9346.001421427809,-1.736509939367162e-19,4.099938094954116,-0.0
13,CC-charge,20,4909.125702007377,116824.26431027567,4.105941996148357,27.263836618115,27.263836618115,37488.084586317855,9799.456812976548,-1.73650989263388e-19,4.105941996148357,-0.0
13,CC-charge,21,4981.852974734649,116896.99158300293,4.1121162758180825,27.263836618115,27.263836618115,37070.38949800439,10252.912204525448,-1.7365098924330542e-19,4.1121162758180825,-0.0
13,CC-charge,22,5054.580247461922,116969.71885573021,4.118499624797162,27.263836618115,27.263836618115,36652.694409690914,10706.367596073947,-1.736509888644053e-19,4.118499624797162,-0.0
13,CC-charge,23,5127.307520189195,117042.4461284575,4.125120673895687,27.263836618115,27.263836618115,36234.99932137768,11159.822987622601,-1.736510009187398e-19,4.125120673895687,-0.0
13,CC-charge,24,5200.034792916467,117115.17340118476,4.132002353636469,27.263836618115,27.263836618115,35817.30423306434,11613.278379171534,-1.7365100214497119e-19,4.132002353636469,-0.0
13,CC-charge,25,5272.76206564374,117187.90067391204,4.139162609207917,27.263836618115,27.263836618115,35399.60914475137,12066.733770720379,-1.7365100446535205e-19,4.139162609207917,-0.0
13,CC-charge,26,5345.489338371013,117260.6279466393,4.1466155431823015,27.263836618115,27.263836618115,34981.91405643783,12520.189162269055,-1.7365100094497186e-19,4.1466155431823015,-0.0
13,CC-charge,27,5418.216611098286,117333.35521936658,4.154372375821245,27.263836618115,27.263836618115,34564.21896812449,12973.644553817649,-1.7365099831938856e-19,4.154372375821245,-0.0
13,CC-charge,28,5490.943883825559,117406.08249209385,4.162444132866544,27.263836618115,27.263836618115,34146.52387981142,13427.099945366386,-1.7365099918928733e-19,4.162444132866544,-0.0
13,CC-charge,29,5563.671156552831,117478.80976482113,4.17083537158442,27.263836618115,27.263836618115,33728.82879149789,13880.555336915288,-1.7365099932312008e-19,4.17083537158442,-0.0
13,CC-charge,30,5636.398429280104,117551.53703754839,4.179554328231114,27.263836618115,27.263836618115,33311.133703184794,14334.01072846404,-1.7365100646359288e-19,4.179554328231114,-0.0
13,CC-charge,31,5709.125702007377,117624.26431027567,4.188607645204435,27.263836618115,27.263836618115,32893.43861487187,14787.466120012798,-1.7365102095132665e-19,4.188607645204435,-0.0
13,CC-charge,32,5781.852974734649,117696.99158300293,4.198002317151973,27.263836618115,27.263836618115,32475.743526558454,15240.921511561299,-1.7365100455724206e-19,4.198002317151973,-0.0
13,CC-charge,33,5796.898037277251,117712.03664554554,4.199990000000001,27.263836618115,27.263836618115,32389.335106556475,15334.727651545652,-1.73651004668997e-19,4.199990000000001,-0.0
13,CV-charge,0,5796.898037277251,117712.03664554554,4.2,27.28859892250589,27.28859892250589,32389.335106556475,15334.727651545652,-1.73651004668997e-19,4.2,0.0
13,CV-charge,1,5869.625310004524,117784.76391827282,4.199999999999999,24.20737978589772,24.20737978589772,31867.411642220723,15829.78266047461,-1.7330410274302376e-19,4.199999999999999,-0.0
13,CV-charge,2,5942.352582731796,117857.49119100008,4.199999999999999,22.261647420243143,22.261647420243143,31520.976377290783,16209.92447762034,-1.7637323133613244e-19,4.199999999999999,-0.0
13,CV-charge,3,6015.079855459069,117930.21846372736,4.2,20.562400242936214,20.562400242936214,31202.995440211336,16560.303101853995,-1.9634224583452623e-19,4.2,-0.0
13,CV-charge,4,6087.807128186342,118002.94573645463,4.200000000000001,19.061207294621813,19.061207294621813,30908.14800923844,16884.994801966546,-2.0370727691824385e-19,4.200000000000001,-0.0
13,CV-charge,5,6160.534400913615,118075.6730091819,4.2,17.728889461018912,17.728889461018912,30634.029086825467,17186.66077571264,-2.0506688433184716e-19,4.2,-0.0
13,CV-charge,6,6233.261673640887,118148.40028190917,4.2,16.540445815424167,16.540445815424167,30378.39436825173,17467.814942896322,-2.022528445367914e-19,4.2,-0.0
13,CV-charge,7,6305.98894636816,118221.12755463645,4.200000000000001,15.47522074082134,15.47522074082134,30139.31529294025,17730.615483344805,-1.990708722690995e-19,4.200000000000001,-0.0
13,CV-charge,8,6378.716219095433,118293.85482736371,4.2,14.516115414042437,14.516115414042437,29915.133642521734,17976.915854149123,-2.0098482566005977e-19,4.2,-0.0
13,CV-charge,9,6451.443491822706,118366.582100091,4.200000000000001,13.648876420579832,13.648876420579832,29704.415100050595,18208.31749812159,-2.0975692552769752e-19,4.200000000000001,-0.0
13,CV-charge,10,6524.170764549978,118439.30937281826,4.200000000000002,12.861568949912053,12.861568949912053,29505.91364781011,18426.21017057599,-2.25404187318892e-19,4.200000000000002,-0.0
13,CV-charge,11,6596.898037277251,118512.03664554554,4.200000000000001,12.144147646488742,12.144147646488742,29318.54201236753,18631.80537536529,-2.3064256800213704e-19,4.200000000000001,-0.0
13,CV-charge,12,6669.625310004524,118584.76391827282,4.2,11.488061404640947,11.488061404640947,29141.334475984782,18826.17804200648,-2.3487430243567176e-19,4.2,-0.0
13,CV-charge,13,6742.352582731797,118657.49119100008,4.2,10.886111031426266,10.886111031426266,28973.45820924955,19010.25452833749,-2.334088793718641e-19,4.2,-0.0
13,CV-charge,14,6815.079855459069,118730.21846372736,4.200000000000001,10.332102719340508,10.332102719340508,28814.166724201466,19184.86440671318,-2.22173265496155e-19,4.200000000000001,-0.0
13,CV-charge,15,6887.807128186342,118802.94573645463,4.199999999999999,9.82030836626459,9.82030836626459,28662.673836953385,19350.878915666268,-2.2175097671543907e-19,4.199999999999999,-0.0
13,CV-charge,16,6960.534400913615,118875.6730091819,4.2,9.346583324697423,9.346583324697423,28518.5139266299,19508.816160083574,-2.2149317636676227e-19,4.2,-0.0
13,CV-charge,17,7033.261673640887,118948.40028190917,4.199999999999999,8.906944351389951,8.906944351389951,28381.15652041354,19659.264387731513,-2.2148897628152665e-19,4.199999999999999,-0.0
13,CV-charge,18,7105.98894636816,119021.12755463645,4.199999999999999,8.497935197562564,8.497935197562564,28250.12565088519,19802.750957044365,-2.215050697188576e-19,4.199999999999999,-0.0
13,CV-charge,19,7178.716219095433,119093.85482736371,4.2,8.116533351496939,8.116533351496939,28124.992347595202,19939.75085234028,-2.2155574674444815e-19,4.2,-0.0
13,CV-charge,20,7251.443491822706,119166.582100091,4.200000000000001,7.760091389919919,7.760091389919919,28005.36896124917,20070.69304201767,-2.21417369875684e-19,4.200000000000001,-0.0
13,CV-charge,21,7324.170764549979,119239.30937281826,4.200000000000001,7.42628124909711,7.42628124909711,27890.904159426067,20195.966081384322,-2.214495340798964e-19,4.200000000000001,-0.0
13,CV-charge,22,7396.898037277251,119312.03664554554,4.2,7.113048816443711,7.113048816443711,27781.27863577844,20315.922912195223,-2.2144474215609486e-19,4.2,-0.0
13,CV-charge,23,7469.625310004524,119384.76391827282,4.199999999999999,6.818579625402882,6.818579625402882,27676.20276474138,20430.883505966583,-2.214694704312164e-19,4.199999999999999,-0.0
13,CV-charge,24,7542.352582731797,119457.49119100008,4.2,6.54125828436635,6.54125828436635,27575.410400140037,20541.141748455604,-2.2149138245792606e-19,4.2,-0.0
13,CV-charge,25,7615.079855459069,119530.21846372736,4.2,6.279646941337978,6.279646941337978,27478.65800245331,20646.966427507796,-2.2150537865085545e-19,4.2,-0.0
13,CV-charge,26,7687.807128186342,119602.94573645463,4.2,6.032461669590645,6.032461669590645,27385.722002552237,20748.604177861715,-2.214909908059565e-19,4.2,-0.0
13,CV-charge,27,7760.534400913615,119675.6730091819,4.199999999999999,5.798552942451863,5.798552942451863,27296.396704774164,20846.281817360523,-2.2134307333727592e-19,4.199999999999999,-0.0
13,CV-charge,28,7833.261673640887,119748.40028190917,4.200000000000001,5.576888952388428,5.576888952388428,27210.492451562182,20940.208391049215,-2.2123868865570974e-19,4.200000000000001,-0.0
13,CV-charge,29,7905.988946368161,119821.12755463645,4.2,5.3665413091555925,5.3665413091555925,27127.83401160736,21030.576965196768,-2.2125913316551204e-19,4.2,-0.0
13,CV-charge,30,7978.716219095433,119893.85482736371,4.2,5.166672736720283,5.166672736720283,27048.25916025192,21117.56620639474,-2.2116914956440697e-19,4.2,-0.0
13,CV-charge,31,8051.443491822706,119966.582100091,4.2,4.9765264553259305,4.9765264553259305,26971.617425747398,21201.34177537651,-2.21089168452128e-19,4.2,-0.0
13,CV-charge,32,8124.170764549979,120039.30937281826,4.2,4.7954169892376015,4.7954169892376015,26897.768979045653,21282.057560594014,-2.2103127413805374e-19,4.2,-0.0
13,CV-charge,33,8196.898037277251,120112.03664554554,4.2,4.622722184694842,4.622722184694842,26826.58364818179,21359.85677279194,-2.209013140574118e-19,4.2,-0.0
13,CV-charge,34,8269.625310004525,120184.76391827282,4.199999999999999,4.457876258497631,4.457876258497631,26757.940041119382,21434.872918641682,-2.2105526858511713e-19,4.199999999999999,-0.0
13,CV-charge,35,8342.352582731797,120257.49119100008,4.2,4.300363727056802,4.300363727056802,26691.724763289847,21507.23066885612,-2.2105219356256805e-19,4.2,-0.0
13,CV-charge,36,8415.07985545907,120330.21846372736,4.2,4.149714089901318,4.149714089901318,26627.83171803218,21577.046633972914,-2.208494415870991e-19,4.2,-0.0
13,CV-charge,37,8487.807128186341,120402.94573645463,4.2,4.005497161559782,4.005497161559782,26566.16147979574,21644.430059146416,-2.208818695619519e-19,4.2,-0.0
13,CV-charge,38,8560.534400913615,120475.6730091819,4.199999999999999,3.8673189622333495,3.8673189622333495,26506.620731376694,21709.483447697014,-2.2088208111905986e-19,4.199999999999999,-0.0
13,CV-charge,39,8633.261673640887,120548.40028190917,4.200000000000001,3.7348180913878166,3.7348180913878166,26449.121757649184,21772.303121845973,-2.209219429225321e-19,4.200000000000001,-0.0
13,CV-charge,40,8705.988946368161,120621.12755463645,4.200000000000001,3.6076625197932235,3.6076625197932235,26393.5819892492,21832.9797279239,-2.2088082652324784e-19,4.200000000000001,-0.0
13,CV-charge,41,8778.716219095433,120693.85482736371,4.200000000000001,3.4855467451125848,3.4855467451125848,26339.92359055038,21891.59869238766,-2.207962913678966e-19,4.200000000000001,-0.0
13,CV-charge,42,8851.443491822705,120766.582100091,4.2,3.3681892640871527,3.3681892640871527,26288.073086972512,21948.24063414911,-2.206888751504689e-19,4.2,-0.0
13,CV-charge,43,8924.17076454998,120839.30937281826,4.2,3.2553303211822797,3.2553303211822797,26237.961027331174,22002.981738025144,-2.206616984397416e-19,4.2,-0.0
13,CV-charge,44,8996.898037277251,120912.03664554554,4.2,3.146729899144035,3.146729899144035,26189.5216774404,22055.894093507097,-2.2069880786470644e-19,4.2,-0.0
13,CV-charge,45,9069.625310004525,120984.76391827282,4.2,3.0421659217797217,3.0421659217797217,26142.69274166636,22107.04600254114,-2.2069373557966905e-19,4.2,-0.0
13,CV-charge,46,9142.352582731797,121057.49119100008,4.2,2.941432643324031,2.941432643324031,26097.415109523896,22156.50225954621,-2.2068188838770387e-19,4.2,-0.0
13,CV-charge,47,9215.07985545907,121130.21846372736,4.200000000000001,2.844339202216255,2.844339202216255,26053.632624750615,22204.32440652048,-2.207203177093089e-19,4.200000000000001,-0.0
13,CV-charge,48,9287.807128186341,121202.94573645463,4.2,2.7507083200773788,2.7507083200773788,26011.291874602874,22250.57096576126,-2.2064312578718245e-19,4.2,-0.0
13,CV-charge,49,9307.169509035466,121222.30811730375,4.2,2.7263936618115006,2.7263936618115006,26000.27846039163,22262.600204085782,-2.206564171559707e-19,4.2,-0.0
14,CC-discharge,0,0.0,121222.30811730375,3.855370278059367,-27.263836618115,-27.263836618115,26000.27846039163,22262.600204085782,-2.206564171559707e-19,3.855370278059367,0.0
14,CC-discharge,1,72.72727272727273,121295.03539003103,3.8313061995741022,-27.263836618115,-27.263836618115,26565.398155880437,21728.100345701612,-2.2065643392506606e-19,3.8313061995741022,0.5507845781437374
14,CC-discharge,2,145.45454545454547,121367.7626627583,3.8150417798993677,-27.263836618115,-27.263836618115,26984.985971745285,21274.620364454608,-2.206564500157382e-19,3.8150417798993677,1.1015691562874748
14,CC-discharge,3,218.1818181818182,121440.48993548557,3.7998748827704474,-27.263836618115,-27.263836618115,27402.712597285892,20821.165022020956,-2.2065645013994514e-19,3.7998748827704474,1.652353734431212
14,CC-discharge,4,290.90909090909093,121513.21720821284,3.785540247375931,-27.263836618115,-27.263836618115,27820.41012728194,20367.709631194935,-2.206564518476754e-19,3.785540247375931,2.2031383125749495
14,CC-discharge,5,363.6363636363637,121585.94448094012,3.771876641575126,-27.263836618115,-27.263836618115,28238.1054054784,19914.2542396559,-2.206564518916314e-19,3.771876641575126,2.753922890718687
14,CC-discharge,6,436.3636363636364,121658.67175366738,3.7587778127909037,-27.263836618115,-27.263836618115,28655.80050863095,19460.798848106908,-2.206564524138487e-19,3.7587778127909037,3.304707468862424
14,CC-discharge,7,509.0909090909091,121731.39902639466,3.7461499746885925,-27.263836618115,-27.263836618115,29073.49559811004,19007.343456557508,-2.2065645094160135e-19,3.7461499746885925,3.8554920470061615
14,CC-discharge,8,581.8181818181819,121804.12629912193,3.7339365171605303,-27.263836618115,-27.263836618115,29491.19068651527,18553.888065007657,-2.206564504527628e-19,3.7339365171605303,4.406276625149899
14,CC-discharge,9,654.5454545454546,121876.8535718492,3.722090130167618,-27.263836618115,-27.263836618115,29908.885774835668,18100.43267345842,-2.206564503939872e-19,3.722090130167618,4.9570612032936365
14,CC-discharge,10,727.2727272727274,121949.58084457647,3.710574561161658,-27.263836618115,-27.263836618115,30326.580863148934,17646.977281908836,-2.206564506638486e-19,3.710574561161658,5.507845781437374
14,CC-discharge,11,800.0000000000001,122022.30811730375,3.6993617780488703,-27.263836618115,-27.263836618115,30744.2759514616,17193.52189035975,-2.2065644878811744e-19,3.6993617780488703,6.0586303595811115
14,CC-discharge,12,872.7272727272727,122095.03539003103,3.6884298838022174,-27.263836618115,-27.263836618115,31161.97103977464,16740.066498810495,-2.2065644930286743e-19,3.6884298838022174,6.609414937724848
14,CC-discharge,13,945.4545454545455,122167.7626627583,3.6777615501317165,-27.263836618115,-27.263836618115,31579.666128087156,16286.611107261282,-2.206564490525132e-19,3.6777615501317165,7.160199515868586
14,CC-discharge,14,1018.1818181818182,122240.48993548557,3.6673428132403094,-27.263836618115,-27.263836618115,31997.361216400328,15833.15571571231,-2.2065645007755407e-19,3.6673428132403094,7.710984094012323
14,CC-discharge,15,1090.909090909091,122313.21720821284,3.6571621218192325,-27.263836618115,-27.263836618115,32415.056304713464,15379.700324163407,-2.20656449951964e-19,3.6571621218192325,8.26176867215606
14,CC-discharge,16,1163.6363636363637,122385.94448094012,3.6472095594366487,-27.263836618115,-27.263836618115,32832.75139302652,14926.244932614067,-2.2065644859229066e-19,3.6472095594366487,8.812553250299798
14,CC-discharge,17,1236.3636363636365,122458.67175366738,3.637476183259489,-27.263836618115,-27.263836618115,33250.4464813391,14472.7895410646,-2.2065645089349436e-19,3.637476183259489,9.363337828443536
14,CC-discharge,18,1309.0909090909092,122531.39902639466,3.6279534342984388,-27.263836618115,-27.263836618115,33668.141569651736,14019.33414951558,-2.2065645052539595e-19,3.6279534342984388,9.914122406587273
14,CC-discharge,19,1381.818181818182,122604.12629912193,3.618632582555358,-27.263836618115,-27.263836618115,34085.8366579651,13565.878757966215,-2.206564501113508e-19,3.618632582555358,10.46490698473101
14,CC-discharge,20,1454.5454545454547,122676.8535718492,3.6095041751547385,-27.263836618115,-27.263836618115,34503.53174627769,13112.423366416811,-2.2065645099583915e-19,3.6095041751547385,11.015691562874748
14,CC-discharge,21,1527.2727272727275,122749.58084457647,3.600557458607808,-27.263836618115,-27.263836618115,34921.22683459065,12658.967974867586,-2.206564501574829e-19,3.600557458607808,11.566476141018486
14,CC-discharge,22,1600.0000000000002,122822.30811730375,3.5917797395028064,-27.263836618115,-27.263836618115,35338.921922903246,12205.512583318497,-2.2065645041553585e-19,3.5917797395028064,12.117260719162223
14,CC-discharge,23,1672.727272727273,122895.03539003103,3.583155101298549,-27.263836618115,-27.263836618115,35756.61701121612,11752.057191769441,-2.2065644977003322e-19,3.583155101298549,12.66804529730596
14,CC-discharge,24,1745.4545454545455,122967.7626627583,3.5746660877688514,-27.263836618115,-27.263836618115,36174.31209952927,11298.601800220133,-2.2065644956139675e-19,3.5746660877688514,13.218829875449696
14,CC-discharge,25,1818.1818181818182,123040.48993548557,3.5662883768475804,-27.263836618115,-27.263836618115,36592.007187842064,10845.146408671613,-2.206564506741252e-19,3.5662883768475804,13.769614453593434
14,CC-discharge,26,1890.909090909091,123113.21720821284,3.5579928237066136,-27.263836618115,-27.263836618115,37009.70227615429,10391.691017122219,-2.206564507007064e-19,3.5579928237066136,14.320399031737171
14,CC-discharge,27,1963.6363636363637,123185.94448094012,3.549743065217445,-27.263836618115,-27.263836618115,37427.39736446701,9938.235625572886,-2.2065645591865143e-19,3.549743065217445,14.871183609880909
14,CC-discharge,28,2036.3636363636365,123258.67175366738,3.541493676893297,-27.263836618115,-27.263836618115,37845.09245277934,9484.78023402396,-2.206564722814082e-19,3.541493676893297,15.421968188024646
14,CC-discharge,29,2109.0909090909095,123331.39902639466,3.533187829123964,-27.263836618115,-27.263836618115,38262.78754109184,9031.324842474436,-2.206564661217717e-19,3.533187829123964,15.972752766168385
14,CC-discharge,30,2181.818181818182,123404.12629912193,3.524754521857279,-27.263836618115,-27.263836618115,38680.4826294044,8577.8694509253,-2.2065638352207777e-19,3.524754521857279,16.52353734431212
14,CC-discharge,31,2254.545454545455,123476.8535718492,3.516105819920364,-27.263836618115,-27.263836618115,39098.17771771725,8124.414059376163,-2.206564422101287e-19,3.516105819920364,17.07432192245586
14,CC-discharge,32,2327.2727272727275,123549.58084457647,3.5071295529429882,-27.263836618115,-27.263836618115,39515.87280602988,7670.958667826845,-2.20656421096814e-19,3.5071295529429882,17.625106500599596
14,CC-discharge,33,2400.0,123622.30811730375,3.497689427979463,-27.263836618115,-27.263836618115,39933.56789434266,7217.5032762776555,-2.206565515239126e-19,3.497689427979463,18.175891078743334
14,CC-discharge,34,2472.727272727273,123695.03539003103,3.487614713179481,-27.263836618115,-27.263836618115,40351.262982655295,6764.047884728417,-2.2065644163681287e-19,3.487614713179481,18.726675656887075
14,CC-discharge,35,2545.4545454545455,123767.7626627583,3.476693153800549,-27.263836618115,-27.263836618115,40768.95807096781,6310.5924931792115,-2.2065632896091847e-19,3.476693153800549,19.277460235030812
14,CC-discharge,36,2618.1818181818185,123840.48993548557,3.4646623665876954,-27.263836618115,-27.263836618115,41186.65315928016,5857.137101630182,-2.206562726487428e-19,3.4646623665876954,19.82824481317455
14,CC-discharge,37,2690.909090909091,123913.21720821284,3.4511985219758787,-27.263836618115,-27.263836618115,41604.34824759298,5403.681710081111,-2.2065643293520205e-19,3.4511985219758787,20.379029391318287
14,CC-discharge,38,2763.636363636364,123985.94448094012,3.4359034405326963,-27.263836618115,-27.263836618115,42022.043335905146,4950.226318531983,-2.206563794047977e-19,3.4359034405326963,20.929813969462025
14,CC-discharge,39,2836.3636363636365,124058.67175366738,3.4182899273860117,-27.263836618115,-27.263836618115,42439.73842421803,4496.770926982841,-2.2065656835994103e-19,3.4182899273860117,21.480598547605762
14,CC-discharge,40,2909.0909090909095,124131.39902639466,3.3977658858515647,-27.263836618115,-27.263836618115,42857.43351253115,4043.315535433771,-2.206565016779583e-19,3.3977658858515647,22.0313831257495
14,CC-discharge,41,2981.818181818182,124204.12629912193,3.3736175854782178,-27.263836618115,-27.263836618115,43275.128600843775,3589.8601438847563,-2.2065650277907214e-19,3.3736175854782178,22.582167703893237
14,CC-discharge,42,3054.545454545455,124276.8535718492,3.3449953681136537,-27.263836618115,-27.263836618115,43692.82368915642,3136.4047523356508,-2.2065690772813087e-19,3.3449953681136537,23.132952282036975
14,CC-discharge,43,3127.2727272727275,124349.58084457647,3.3108980734890365,-27.263836618115,-27.263836618115,44110.51877746889,2682.949360786525,-2.206571936662222e-19,3.3108980734890365,23.683736860180712
14,CC-discharge,44,3200.0000000000005,124422.30811730375,3.270141519267418,-27.263836618115,-27.263836618115,44528.2138657818,2229.4939692373864,-2.206572145749824e-19,3.270141519267418,24.23452143832445
14,CC-discharge,45,3272.727272727273,124495.03539003103,3.2211851685916195,-27.263836618115,-27.263836618115,44945.90895409461,1776.0385776883538,-2.206573564601299e-19,3.2211851685916195,24.785306016468187
14,CC-discharge,46,3345.454545454546,124567.7626627583,3.1609686374179593,-27.263836618115,-27.263836618115,45363.60404240773,1322.5831861392949,-2.2065757052290224e-19,3.1609686374179593,25.336090594611925
14,CC-discharge,47,3418.1818181818185,124640.48993548557,3.0754135993418137,-27.263836618115,-27.263836618115,45781.29913072029,869.1277945902725,-2.206581203885381e-19,3.0754135993418137,25.886875172755662
14,CC-discharge,48,3453.4901008362053,124675.79821813996,3.0000100000000014,-27.263836618115,-27.263836618115,45984.085454040935,648.9802414706882,-2.2065683362690607e-19,3.0000100000000014,26.154274964298835
14,CC-charge,0,3453.4901008362053,124675.79821813996,3.715617018502296,27.263836618115,27.263836618115,45984.085454040935,648.9802414706882,-2.2065683362690607e-19,3.715617018502296,0.0
14,CC-charge,1,3526.217373563478,124748.52549086724,3.821172888753598,27.263836618115,27.263836618115,45418.970500534575,1183.4778192687363,-2.206570405281281e-19,3.821172888753598,-0.0
14,CC-charge,2,3598.944646290751,124821.2527635945,3.8674706064984674,27.263836618115,27.263836618115,44999.38156078674,1636.9600824625923,-2.206569180344086e-19,3.8674706064984674,-0.0
14,CC-charge,3,3671.6719190180233,124893.98003632178,3.9048730320627856,27.263836618115,27.263836618115,44581.64917118023,2090.4154224284753,-2.206569202062219e-19,3.9048730320627856,-0.0
14,CC-charge,4,3744.3991917452963,124966.70730904904,3.9361304900609975,27.263836618115,27.263836618115,44163.95358617257,2543.8708143532162,-2.2065686530384837e-19,3.9361304900609975,-0.0
14,CC-charge,5,3817.126464472569,125039.43458177632,3.9621726003700473,27.263836618115,27.263836618115,43746.25849278238,2997.326205897793,-2.206569100636929e-19,3.9621726003700473,-0.0
14,CC-charge,6,3889.853737199842,125112.16185450359,3.983770237157501,27.263836618115,27.263836618115,43328.563404533474,3450.7815974469086,-2.2065697922177345e-19,3.983770237157501,-0.0
14,CC-charge,7,3962.5810099271143,125184.88912723087,4.001663999683144,27.263836618115,27.263836618115,42910.8683162209,3904.2369889959527,-2.2065694839518054e-19,4.001663999683144,-0.0
14,CC-charge,8,4035.3082826543873,125257.61639995813,4.016537226311411,27.263836618115,27.263836618115,42493.17322790724,4357.6923805448705,-2.2065698215011136e-19,4.016537226311411,-0.0
14,CC-charge,9,4108.03555538166,125330.34367268541,4.028993160118648,27.263836618115,27.263836618115,42075.478139594285,4811.147772093793,-2.206568808364681e-19,4.028993160118648,-0.0
14,CC-charge,10,4180.762828108933,125403.07094541268,4.039548018377482,27.263836618115,27.263836618115,41657.783051280276,5264.6031636427515,-2.2065679932402165e-19,4.039548018377482,-0.0
14,CC-charge,11,4253.490100836206,125475.79821813996,4.048634797693476,27.263836618115,27.263836618115,41240.0879629672,5718.058555191588,-2.206567610224711e-19,4.048634797693476,-0.0
14,CC-charge,12,4326.217373563478,125548.52549086724,4.056610891910866,27.263836618115,27.263836618115,40822.392874653895,6171.513946740446,-2.206566611943441e-19,4.056610891910866,-0.0
14,CC-charge,13,4398.944646290751,125621.2527635945,4.063768827695346,27.263836618115,27.263836618115,40404.697786340796,6624.9693382894,-2.206566253969989e-19,4.063768827695346,-0.0
14,CC-charge,14,4471.671919018024,125693.98003632178,4.070345922684956,27.263836618115,27.263836618115,39987.00269802745,7078.424729838476,-2.206566590231849e-19,4.070345922684956,-0.0
14,CC-charge,15,4544.399191745297,125766.70730904904,4.076533570302304,27.263836618115,27.263836618115,39569.307609713986,7531.8801213874385,-2.2065665091941296e-19,4.076533570302304,-0.0
14,CC-charge,16,4617.126464472569,125839.43458177632,4.082485223315719,27.263836618115,27.263836618115,39151.61252140058,7985.335512936404,-2.206565980905016e-19,4.082485223315719,-0.0
14,CC-charge,17,4689.853737199842,125912.16185450359,4.088323872787852,27.263836618115,27.263836618115,38733.91743308767,8438.790904485197,-2.206566435837597e-19,4.088323872787852,-0.0
14,CC-charge,18,4762.581009927115,125984.88912723087,4.094146795252774,27.263836618115,27.263836618115,38316.22234477438,8892.246296034142,-2.2065662909125134e-19,4.094146795252774,-0.0
14,CC-charge,19,4835.308282654387,126057.61639995813,4.100031475777899,27.263836618115,27.263836618115,37898.52725646069,9345.70168758273,-2.2065662299111577e-19,4.100031475777899,-0.0
14,CC-charge,20,4908.03555538166,126130.34367268541,4.106038888887201,27.263836618115,27.263836618115,37480.83216814748,9799.157079131845,-2.206566283086974e-19,4.106038888887201,-0.0
14,CC-charge,21,4980.762828108933,126203.07094541268,4.112216715567968,27.263836618115,27.263836618115,37063.13707983449,10252.612470680486,-2.2065662756789126e-19,4.112216715567968,-0.0
14,CC-charge,22,5053.490100836206,126275.79821813996,4.1186036477524866,27.263836618115,27.263836618115,36645.441991520696,10706.067862229636,-2.206566269340134e-19,4.1186036477524866,-0.0
14,CC-charge,23,5126.217373563479,126348.52549086724,4.125228315935423,27.263836618115,27.263836618115,36227.74690320768,11159.52325377856,-2.2065661919839826e-19,4.125228315935423,-0.0
14,CC-charge,24,5198.944646290751,126421.2527635945,4.132113651331857,27.263836618115,27.263836618115,35810.05181489422,11612.978645327103,-2.206566188442105e-19,4.132113651331857,-0.0
14,CC-charge,25,5271.671919018024,126493.98003632178,4.139277600756668,27.263836618115,27.263836618115,35392.35672658047,12066.434036876,-2.206566183966506e-19,4.139277600756668,-0.0
14,CC-charge,26,5344.399191745297,126566.70730904904,4.146734269466845,27.263836618115,27.263836618115,34974.661638266785,12519.889428425175,-2.206566168336662e-19,4.146734269466845,-0.0
14,CC-charge,27,5417.126464472569,126639.43458177632,4.154494881940796,27.263836618115,27.263836618115,34556.96654995337,12973.344819974267,-2.2065661762919113e-19,4.154494881940796,-0.0
14,CC-charge,28,5489.853737199842,126712.16185450359,4.162570469637113,27.263836618115,27.263836618115,34139.27146163985,13426.800211522717,-2.206566183735801e-19,4.162570469637113,-0.0
14,CC-charge,29,5562.581009927115,126784.88912723087,4.170965599466042,27.263836618115,27.263836618115,33721.576373326934,13880.25560307151,-2.206566006106529e-19,4.170965599466042,-0.0
14,CC-charge,30,5635.308282654387,126857.61639995813,4.179688518994867,27.263836618115,27.263836618115,33303.881285013595,14333.710994620618,-2.2065658265879913e-19,4.179688518994867,-0.0
14,CC-charge,31,5708.035555381661,126930.34367268541,4.188745886178747,27.263836618115,27.263836618115,32886.18619670003,14787.166386169452,-2.206565581165591e-19,4.188745886178747,-0.0
14,CC-charge,32,5780.762828108933,127003.07094541268,4.198144716172598,27.263836618115,27.263836618115,32468.491108386475,15240.621777718534,-2.2065656639283027e-19,4.198144716172598,-0.0
14,CC-charge,33,5794.7291061374035,127017.03722344115,4.199990000000001,27.263836618115,27.263836618115,32388.27847953701,15327.70168370695,-2.206565664524145e-19,4.199990000000001,-0.0
14,CV-charge,0,5794.7291061374035,127017.03722344115,4.2,27.288530383541207,27.288530383541207,32388.27847953701,15327.70168370695,-2.206565664524145e-19,4.2,0.0
14,CV-charge,1,5867.4563788646765,127089.76449616843,4.200000000000001,24.207531748808474,24.207531748808474,31866.35340656169,15822.758107870068,-2.1796250587212157e-19,4.200000000000001,-0.0
14,CV-charge,2,5940.183651591949,127162.49176889569,4.2,22.261935062617326,22.261935062617326,31519.913913898414,16202.904117361613,-2.040068049826575e-19,4.2,-0.0
14,CV-charge,3,6012.9109243192215,127235.21904162297,4.2,20.562776942132388,20.562776942132388,31201.926998326704,16553.28890012147,-2.0526438734357057e-19,4.2,-0.0
14,CV-charge,4,6085.6381970464945,127307.94631435024,4.2,19.061641471342178,19.061641471342178,30907.072940513994,16877.987600622953,-2.1296969035823561e-19,4.2,-0.0
14,CV-charge,5,6158.3654697737675,127380.67358707752,4.2,17.72935678477423,17.72935678477423,30632.946799831618,17179.66129638898,-2.1464447232771433e-19,4.2,-0.0
14,CV-charge,6,6231.0927425010395,127453.40085980478,4.199999999999999,16.54092887774268,16.54092887774268,30377.30461046354,17460.823515418906,-2.1711363002053736e-19,4.199999999999999,-0.0
14,CV-charge,7,6303.8200152283125,127526.12813253206,4.2,15.475706774319516,15.475706774319516,30138.218001694535,17723.63221677735,-2.1658263452120352e-19,4.2,-0.0
14,CV-charge,8,6376.5472879555855,127598.85540525932,4.199999999999999,14.51659526660565,14.51659526660565,29914.028905179242,17969.940683304118,-2.272399692218446e-19,4.199999999999999,-0.0
14,CV-charge,9,6449.2745606828585,127671.5826779866,4.2,13.649343448683652,13.649343448683652,29703.30310675077,18201.350238045958,-2.275295381231607e-19,4.2,-0.0
14,CV-charge,10,6522.0018334101305,127744.30995071387,4.2,12.862018339463495,12.862018339463495,29504.794647680756,18419.250566609255,-2.3946108704608677e-19,4.2,-0.0
14,CV-charge,11,6594.7291061374035,127817.03722344115,4.2,12.144576050591425,12.144576050591425,29317.416324346075,18624.853091982775,-2.413697482171884e-19,4.2,-0.0
14,CV-charge,12,6667.4563788646765,127889.76449616843,4.2,11.488466528476769,11.488466528476769,29140.202454490453,18819.232702063433,-2.4609036987995483e-19,4.2,-0.0
14,CV-charge,13,6740.1836515919495,127962.49176889569,4.200000000000001,10.886088603287773,10.886088603287773,28972.20615499814,19003.440858676036,-2.3891146381988273e-19,4.200000000000001,-0.0
14,CV-charge,14,6812.9109243192215,128035.21904162297,4.2,10.33208584901453,10.33208584901453,28812.914804556283,19178.05050654613,-2.4846632073614816e-19,4.2,-0.0
14,CV-charge,15,6885.6381970464945,128107.94631435024,4.2,9.820293444408799,9.820293444408799,28661.42213924108,19344.064764377617,-2.4856689604518237e-19,4.2,-0.0
14,CV-charge,16,6958.3654697737675,128180.67358707752,4.199999999999999,9.346567144443942,9.346567144443942,28517.26246757482,19502.001751277807,-2.485025593334125e-19,4.199999999999999,-0.0
14,CV-charge,17,7031.0927425010395,128253.40085980478,4.199999999999999,8.906924342173063,8.906924342173063,28379.905356660627,19652.449667961697,-2.4851320950369866e-19,4.199999999999999,-0.0
14,CV-charge,18,7103.8200152283125,128326.12813253206,4.2,8.4979092773156,8.4979092773156,28248.874870724372,19795.93583698719,-2.485602913625056e-19,4.2,-0.0
14,CV-charge,19,7176.5472879555855,128398.85540525932,4.200000000000001,8.11649985611639,8.11649985611639,28123.74206529908,19932.935213170378,-2.485626999367826e-19,4.200000000000001,-0.0
14,CV-charge,20,7249.2745606828585,128471.5826779866,4.2,7.760048989287343,7.760048989287343,28004.119311856462,20063.87674131915,-2.485373710022532e-19,4.2,-0.0
14,CV-charge,21,7322.001833410131,128544.30995071387,4.2,7.426228885603984,7.426228885603984,27889.655294477176,20189.148957975915,-2.4849649335315757e-19,4.2,-0.0
14,CV-charge,22,7394.7291061374035,128617.03722344115,4.200000000000001,7.112985655710579,7.112985655710579,27780.030719815706,20309.10479007674,-2.484825157119238e-19,4.200000000000001,-0.0
14,CV-charge,23,7467.4563788646765,128689.76449616843,4.199999999999999,6.818504999332877,6.818504999332877,27674.955966144043,20424.064204518414,-2.4846462360507687e-19,4.199999999999999,-0.0
14,CV-charge,24,7540.1836515919495,128762.49176889569,4.199999999999999,6.541171694368708,6.541171694368708,27574.1649012704,20534.321071241007,-2.48443363521376e-19,4.199999999999999,-0.0
14,CV-charge,25,7612.9109243192215,128835.21904162297,4.2,6.279548014965509,6.279548014965509,27477.41399170151,20640.144171205284,-2.4844197322553507e-19,4.2,-0.0
14,CV-charge,26,7685.6381970464945,128907.94631435024,4.2,6.032350139102168,6.032350139102168,27384.47967259986,20741.780134162123,-2.4842812490264444e-19,4.2,-0.0
14,CV-charge,27,7758.3654697737675,128980.67358707752,4.200000000000001,5.798428627525349,5.798428627525349,27295.156251229862,20839.455774504622,-2.4848233508983603e-19,4.200000000000001,-0.0
14,CV-charge,28,7831.0927425010395,129053.40085980478,4.199999999999999,5.576751745952186,5.576751745952186,27209.254071812313,20933.38013512079,-2.4840253548302206e-19,4.199999999999999,-0.0
14,CV-charge,29,7903.820015228313,129126.12813253206,4.200000000000001,5.36639116576402,5.36639116576402,27126.597903851,21023.746281205596,-2.4846121226531576e-19,4.200000000000001,-0.0
14,CV-charge,30,7976.5472879555855,129198.85540525932,4.200000000000001,5.1665096629886085,5.1665096629886085,27047.02552268521,21110.73287919326,-2.484178864099118e-19,4.200000000000001,-0.0
14,CV-charge,31,8049.2745606828585,129271.5826779866,4.2,4.9763505020482,4.9763505020482,26970.386455871627,21194.505590433007,-2.4833312199535247e-19,4.2,-0.0
14,CV-charge,32,8122.001833410131,129344.30995071387,4.2,4.795228244881355,4.795228244881355,26896.54087308054,21275.218304654372,-2.484242067967377e-19,4.2,-0.0
14,CV-charge,33,8194.729106137404,129417.03722344115,4.2,4.622520770012531,4.622520770012531,26825.358600557276,21353.014234443144,-2.483925121667654e-19,4.2,-0.0
14,CV-charge,34,8267.456378864677,129489.76449616843,4.199999999999999,4.457662322074062,4.457662322074062,26756.71824404344,21428.026888798286,-2.483448422730051e-19,4.199999999999999,-0.0
14,CV-charge,35,8340.18365159195,129562.49176889569,4.2,4.3001374416116835,4.3001374416116835,26690.506406370365,21500.380941179283,-2.4824111552637334e-19,4.2,-0.0
14,CV-charge,36,8412.910924319222,129635.21904162297,4.2,4.149475649225246,4.149475649225246,26626.616987950696,21570.1930052375,-2.4820993157310796e-19,4.2,-0.0
14,CV-charge,37,8485.638197046494,129707.94631435024,4.2,4.005246777959667,4.005246777959667,26564.950560016732,21637.572329562518,-2.482426403908751e-19,4.2,-0.0
14,CV-charge,38,8558.365469773767,129780.67358707752,4.199999999999999,3.867056864410289,3.867056864410289,26505.413801893952,21702.621421193908,-2.48190996017763e-19,4.199999999999999,-0.0
14,CV-charge,39,8631.09274250104,129853.40085980478,4.199999999999999,3.7345445226619995,3.7345445226619995,26447.91899475607,21765.436606322713,-2.482254466766217e-19,4.199999999999999,-0.0
14,CV-charge,40,8703.820015228313,129926.12813253206,4.200000000000001,3.6073777366277535,3.6073777366277535,26392.38356533877,21826.10853547588,-2.4819334215371057e-19,4.200000000000001,-0.0
14,CV-charge,41,8776.547287955585,129998.85540525932,4.2,3.4852510158546925,3.4852510158546925,26338.729673925838,21884.72263951296,-2.481576612810332e-19,4.2,-0.0
14,CV-charge,42,8849.274560682858,130071.5826779866,4.200000000000001,3.3678828679222996,3.3678828679222996,26286.883841682695,21941.359541930557,-2.4814503566926767e-19,4.200000000000001,-0.0
14,CV-charge,43,8922.001833410131,130144.30995071387,4.199999999999999,3.2550135472333044,3.2550135472333044,26236.7766130164,21996.095432302758,-2.4820141986841453e-19,4.199999999999999,-0.0
14,CV-charge,44,8994.729106137404,130217.03722344115,4.2,3.146403045694498,3.146403045694498,26188.342249189016,22049.00240503424,-2.4818165037511653e-19,4.2,-0.0
14,CV-charge,45,9067.456378864677,130289.76449616843,4.200000000000001,3.0418292956019553,3.0418292956019553,26141.518449885294,22100.148767129078,-2.4818555021317095e-19,4.200000000000001,-0.0
14,CV-charge,46,9140.18365159195,130362.49176889569,4.2,2.9410865590751247,2.9410865590751247,26096.246099814543,22149.5993181973,-2.481471644150396e-19,4.2,-0.0
14,CV-charge,47,9212.910924319222,130435.21904162297,4.199999999999999,2.843983981902855,2.843983981902855,26052.469037796593,22197.415605554215,-2.481549782255543e-19,4.199999999999999,-0.0
14,CV-charge,48,9285.638197046494,130507.94631435024,4.2,2.7503442925535886,2.7503442925535886,26010.13384606413,22243.656156931553,-2.4812654168977766e-19,4.2,-0.0
14,CV-charge,49,9304.707499409302,130527.01561671305,4.200000000000001,2.7263936618115,2.7263936618115,25999.28785639477,22255.502545140185,-2.4813175580679247e-19,4.200000000000001,-0.0
15,CC-discharge,0,0.0,130527.01561671305,3.855392147818099,-27.263836618115,-27.263836618115,25999.28785639477,22255.502545140185,-2.4813175580679247e-19,3.855392147818099,0.0
15,CC-discharge,1,72.72727272727273,130599.74288944033,3.831322129287197,-27.263836618115,-27.263836618115,26564.40754619964,21721.00269285431,-2.481317592023247e-19,3.831322129287197,0.5507845781437374
15,CC-discharge,2,145.45454545454547,130672.47016216759,3.8150544706003657,-27.263836618115,-27.263836618115,26983.99535440199,21267.522705596388,-2.4813175253630766e-19,3.8150544706003657,1.1015691562874748
15,CC-discharge,3,218.1818181818182,130745.19743489487,3.7998850294379296,-27.263836618115,-27.263836618115,27401.721991951694,20814.0673630767,-2.481317535156064e-19,3.7998850294379296,1.652353734431212
15,CC-discharge,4,290.90909090909093,130817.92470762214,3.785548395899199,-27.263836618115,-27.263836618115,27819.419523156146,20360.611972249688,-2.481317550532056e-19,3.785548395899199,2.2031383125749495
15,CC-discharge,5,363.6363636363637,130890.65198034942,3.77188318344101,-27.263836618115,-27.263836618115,28237.114801469394,19907.156580711053,-2.481317540286413e-19,3.77188318344101,2.753922890718687
15,CC-discharge,6,436.3636363636364,130963.37925307668,3.758783065128961,-27.263836618115,-27.263836618115,28654.809904632428,19453.701189161467,-2.481317537409893e-19,3.758783065128961,3.304707468862424
15,CC-discharge,7,509.0909090909091,131036.10652580396,3.7461541552124538,-27.263836618115,-27.263836618115,29072.504994112227,19000.245797611966,-2.481317538534792e-19,3.7461541552124538,3.8554920470061615
15,CC-discharge,8,581.8181818181819,131108.83379853124,3.733939811934079,-27.263836618115,-27.263836618115,29490.20008251737,18546.79040606223,-2.4813175406473987e-19,3.733939811934079,4.406276625149899
15,CC-discharge,9,654.5454545454546,131181.5610712585,3.7220926876023457,-27.263836618115,-27.263836618115,29907.895170837473,18093.335014512726,-2.481317538626529e-19,3.7220926876023457,4.9570612032936365
15,CC-discharge,10,727.2727272727274,131254.28834398577,3.7105765002299096,-27.263836618115,-27.263836618115,30325.590259151053,17639.879622963577,-2.48131753217614e-19,3.7105765002299096,5.507845781437374
15,CC-discharge,11,800.0000000000001,131327.01561671306,3.6993631940581384,-27.263836618115,-27.263836618115,30743.285347463785,17186.424231414447,-2.481317545852566e-19,3.6993631940581384,6.0586303595811115
15,CC-discharge,12,872.7272727272727,131399.74288944033,3.6884308523899345,-27.263836618115,-27.263836618115,31160.980435776946,16732.96883986547,-2.481317547531519e-19,3.6884308523899345,6.609414937724848
15,CC-discharge,13,945.4545454545455,131472.4701621676,3.677762129901314,-27.263836618115,-27.263836618115,31578.675524089504,16279.513448316215,-2.4813175516316945e-19,3.677762129901314,7.160199515868586
15,CC-discharge,14,1018.1818181818182,131545.19743489486,3.667343047302411,-27.263836618115,-27.263836618115,31996.37061240277,15826.058056766828,-2.4813175568152753e-19,3.667343047302411,7.710984094012323
15,CC-discharge,15,1090.909090909091,131617.92470762215,3.6571620383875336,-27.263836618115,-27.263836618115,32414.06570071561,15372.602665217864,-2.481317547047946e-19,3.6571620383875336,8.26176867215606
15,CC-discharge,16,1163.6363636363637,131690.65198034942,3.6472091715501134,-27.263836618115,-27.263836618115,32831.76078902862,14919.147273668055,-2.481317555802233e-19,3.6472091715501134,8.812553250299798
15,CC-discharge,17,1236.3636363636365,131763.37925307668,3.637475487635072,-27.263836618115,-27.263836618115,33249.45587734153,14465.69188211876,-2.48131754949053e-19,3.637475487635072,9.363337828443536
15,CC-discharge,18,1309.0909090909092,131836.10652580395,3.6279524092616438,-27.263836618115,-27.263836618115,33667.150965654306,14012.236490569176,-2.4813175296479505e-19,3.6279524092616438,9.914122406587273
15,CC-discharge,19,1381.818181818182,131908.83379853124,3.6186311849414188,-27.263836618115,-27.263836618115,34084.84605396679,13558.781099019721,-2.4813175292888936e-19,3.6186311849414188,10.46490698473101
15,CC-discharge,20,1454.5454545454547,131981.5610712585,3.609502336016563,-27.263836618115,-27.263836618115,34502.54114227927,13105.325707470294,-2.4813175351365413e-19,3.609502336016563,11.015691562874748
15,CC-discharge,21,1527.2727272727275,132054.28834398577,3.6005550775101005,-27.263836618115,-27.263836618115,34920.236230591734,12651.870315920953,-2.481317526746724e-19,3.6005550775101005,11.566476141018486
15,CC-discharge,22,1600.0000000000002,132127.01561671306,3.591776677081046,-27.263836618115,-27.263836618115,35337.93131890469,12198.414924371507,-2.4813175205350976e-19,3.591776677081046,12.117260719162223
15,CC-discharge,23,1672.727272727273,132199.74288944033,3.583151174541983,-27.263836618115,-27.263836618115,35755.62640721758,11744.959532822642,-2.481317549088338e-19,3.583151174541983,12.66804529730596
15,CC-discharge,24,1745.4545454545455,132272.4701621676,3.574661042305135,-27.263836618115,-27.263836618115,36173.321495530145,11291.504141272917,-2.4813175578541864e-19,3.574661042305135,13.218829875449696
15,CC-discharge,25,1818.1818181818182,132345.19743489486,3.5662818882127048,-27.263836618115,-27.263836618115,36591.01658384326,10838.048749723619,-2.4813175491516245e-19,3.5662818882127048,13.769614453593434
15,CC-discharge,26,1890.909090909091,132417.92470762215,3.5579844727854657,-27.263836618115,-27.263836618115,37008.71167215585,10384.59335817472,-2.4813175587616215e-19,3.5579844727854657,14.320399031737171
15,CC-discharge,27,1963.6363636363637,132490.65198034942,3.5497323144613744,-27.263836618115,-27.263836618115,37426.40676046839,9931.13796662543,-2.4813175179837836e-19,3.5497323144613744,14.871183609880909
15,CC-discharge,28,2036.3636363636365,132563.37925307668,3.5414798394782916,-27.263836618115,-27.263836618115,37844.10184878121,9477.682575076427,-2.481317443867451e-19,3.5414798394782916,15.421968188024646
15,CC-discharge,29,2109.0909090909095,132636.10652580395,3.5331700310279355,-27.263836618115,-27.263836618115,38261.79693709381,9024.227183527286,-2.481317282610723e-19,3.5331700310279355,15.972752766168385
15,CC-discharge,30,2181.818181818182,132708.83379853124,3.5247316560565936,-27.263836618115,-27.263836618115,38679.49202540681,8570.771791978188,-2.481317324744307e-19,3.5247316560565936,16.52353734431212
15,CC-discharge,31,2254.545454545455,132781.5610712585,3.5160764837664824,-27.263836618115,-27.263836618115,39097.18711371928,8117.3164004288965,-2.481317362187249e-19,3.5160764837664824,17.07432192245586
15,CC-discharge,32,2327.2727272727275,132854.28834398577,3.5070919909564284,-27.263836618115,-27.263836618115,39514.88220203228,7663.861008879736,-2.4813162769061106e-19,3.5070919909564284,17.625106500599596
15,CC-discharge,33,2400.0,132927.01561671303,3.4976414417692507,-27.263836618115,-27.263836618115,39932.57729034508,7210.405617330647,-2.4813168947462043e-19,3.4976414417692507,18.175891078743334
15,CC-discharge,34,2472.727272727273,132999.74288944033,3.487553534332788,-27.263836618115,-27.263836618115,40350.27237865776,6756.9502257816075,-2.4813150887036974e-19,3.487553534332788,18.726675656887075
15,CC-discharge,35,2545.4545454545455,133072.4701621676,3.4766153381522265,-27.263836618115,-27.263836618115,40767.96746697016,6303.494834232405,-2.4813143878999757e-19,3.4766153381522265,19.277460235030812
15,CC-discharge,36,2618.1818181818185,133145.19743489486,3.464563633630348,-27.263836618115,-27.263836618115,41185.66255528314,5850.039442683443,-2.4813124680199175e-19,3.464563633630348,19.82824481317455
15,CC-discharge,37,2690.909090909091,133217.92470762215,3.4510735739265663,-27.263836618115,-27.263836618115,41603.357643595795,5396.584051134489,-2.4813112947311835e-19,3.4510735739265663,20.379029391318287
15,CC-discharge,38,2763.636363636364,133290.65198034942,3.4357457539901506,-27.263836618115,-27.263836618115,42021.0527319083,4943.128659585395,-2.4813100333999166e-19,3.4357457539901506,20.929813969462025
15,CC-discharge,39,2836.3636363636365,133363.37925307668,3.4180915220445445,-27.263836618115,-27.263836618115,42438.7478202213,4489.673268036243,-2.4813082503309714e-19,3.4180915220445445,21.480598547605762
15,CC-discharge,40,2909.0909090909095,133436.10652580395,3.3975170767259533,-27.263836618115,-27.263836618115,42856.442908533434,4036.2178764871405,-2.481308843645532e-19,3.3975170767259533,22.0313831257495
15,CC-discharge,41,2981.818181818182,133508.83379853124,3.373306771561655,-27.263836618115,-27.263836618115,43274.13799684695,3582.7624849380463,-2.481310194044969e-19,3.373306771561655,22.582167703893237
15,CC-discharge,42,3054.545454545455,133581.5610712585,3.344608799421343,-27.263836618115,-27.263836618115,43691.83308515961,3129.307093389016,-2.481307285286187e-19,3.344608799421343,23.132952282036975
15,CC-discharge,43,3127.2727272727275,133654.28834398577,3.3104196343433894,-27.263836618115,-27.263836618115,44109.52817347256,2675.85170184006,-2.481316370797164e-19,3.3104196343433894,23.683736860180712
15,CC-discharge,44,3200.0000000000005,133727.01561671306,3.2695517830635934,-27.263836618115,-27.263836618115,44527.22326178536,2222.3963102909943,-2.481315791584617e-19,3.2695517830635934,24.23452143832445
15,CC-discharge,45,3272.727272727273,133799.74288944033,3.220455332095618,-27.263836618115,-27.263836618115,44944.91835009836,1768.940918741977,-2.481317458509639e-19,3.220455332095618,24.785306016468187
15,CC-discharge,46,3345.454545454546,133872.4701621676,3.160018496941146,-27.263836618115,-27.263836618115,45362.61343841125,1315.4855271929487,-2.4813117648310182e-19,3.160018496941146,25.336090594611925
15,CC-discharge,47,3418.1818181818185,133945.19743489486,3.07371929077203,-27.263836618115,-27.263836618115,45780.30852672386,862.0301356439111,-2.4813034293128667e-19,3.07371929077203,25.886875172755662
15,CC-discharge,48,3452.3909241540428,133979.4065408671,3.0000100000000005,-27.263836618115,-27.263836618115,45976.781940401095,648.7359619252259,-2.4813013643736727e-19,3.0000100000000005,26.14595058277747
15,CC-charge,0,3452.3909241540428,133979.4065408671,3.7155952388823312,27.263836618115,27.263836618115,45976.781940401095,648.7359619252259,-2.4813013643736727e-19,3.7155952388823312,0.0
15,CC-charge,1,3525.1181968813153,134052.13381359435,3.8212107031143767,27.263836618115,27.263836618115,45411.66698688297,1183.2335397915301,-2.4813006688778664e-19,3.8212107031143767,-0.0
15,CC-charge,2,3597.8454696085882,134124.86108632165,3.8675125290834256,27.263836618115,27.263836618115,44992.07805839941,1636.715802786178,-2.4813016180794904e-19,3.8675125290834256,-0.0
15,CC-charge,3,3670.5727423358608,134197.5883590489,3.9049170950509757,27.263836618115,27.263836618115,44574.34565772079,2090.171142884129,-2.481303091628733e-19,3.9049170950509757,-0.0
15,CC-charge,4,3743.3000150631337,134270.31563177617,3.9361769459177043,27.263836618115,27.263836618115,44156.65007253502,2543.6265348077695,-2.4813014034922455e-19,3.9361769459177043,-0.0
15,CC-charge,5,3816.0272877904063,134343.04290450344,3.9622217592801268,27.263836618115,27.263836618115,43738.95497914082,2997.0819263522976,-2.4813024303971847e-19,3.9622217592801268,-0.0
15,CC-charge,6,3888.7545605176792,134415.77017723073,3.983822287434795,27.263836618115,27.263836618115,43321.25989089234,3450.537317901348,-2.481302355123449e-19,3.983822287434795,-0.0
15,CC-charge,7,3961.4818332449518,134488.497449958,4.001719044445768,27.263836618115,27.263836618115,42903.56480258002,3903.992709450392,-2.481302865880428e-19,4.001719044445768,-0.0
15,CC-charge,8,4034.2091059722247,134561.22472268526,4.016595323875493,27.263836618115,27.263836618115,42485.869714267115,4357.448100999329,-2.4813025349351175e-19,4.016595323875493,-0.0
15,CC-charge,9,4106.936378699497,134633.95199541253,4.0290543488858015,27.263836618115,27.263836618115,42068.17462595396,4810.903492548264,-2.481301491202995e-19,4.0290543488858015,-0.0
15,CC-charge,10,4179.66365142677,134706.67926813982,4.03961233058169,27.263836618115,27.263836618115,41650.47953764074,5264.358884097294,-2.4813016976295327e-19,4.03961233058169,-0.0
15,CC-charge,11,4252.390924154043,134779.4065408671,4.048702265369858,27.263836618115,27.263836618115,41232.784449327366,5717.814275646056,-2.481301696344955e-19,4.048702265369858,-0.0
15,CC-charge,12,4325.118196881315,134852.13381359435,4.05668155026367,27.263836618115,27.263836618115,40815.089361013954,6171.269667195119,-2.481302878644666e-19,4.05668155026367,-0.0
15,CC-charge,13,4397.845469608588,134924.86108632165,4.063842715112619,27.263836618115,27.263836618115,40397.39427270073,6624.72505874411,-2.481302974740851e-19,4.063842715112619,-0.0
15,CC-charge,14,4470.572742335861,134997.5883590489,4.070423080412654,27.263836618115,27.263836618115,39979.6991843873,7078.180450293076,-2.481303330870551e-19,4.070423080412654,-0.0
15,CC-charge,15,4543.300015063134,135070.31563177617,4.076614041584797,27.263836618115,27.263836618115,39562.004096074124,7531.63584184204,-2.481303923497679e-19,4.076614041584797,-0.0
15,CC-charge,16,4616.027287790406,135143.04290450344,4.082569052378449,27.263836618115,27.263836618115,39144.309007760894,7985.091233391,-2.4813040390723096e-19,4.082569052378449,-0.0
15,CC-charge,17,4688.754560517679,135215.77017723073,4.088411104253579,27.263836618115,27.263836618115,38726.61391944738,8438.546624939943,-2.481303935113605e-19,4.088411104253579,-0.0
15,CC-charge,18,4761.481833244952,135288.497449958,4.094237473127471,27.263836618115,27.263836618115,38308.91883113375,8892.00201648882,-2.4813037845157485e-19,4.094237473127471,-0.0
15,CC-charge,19,4834.209105972224,135361.22472268526,4.100125643063889,27.263836618115,27.263836618115,37891.22374282008,9345.457408037759,-2.481303700182872e-19,4.100125643063889,-0.0
15,CC-charge,20,4906.936378699497,135433.95199541253,4.1061365874267555,27.263836618115,27.263836618115,37473.52865450655,9798.912799586502,-2.4813037005662163e-19,4.1061365874267555,-0.0
15,CC-charge,21,4979.66365142677,135506.67926813982,4.112317985569169,27.263836618115,27.263836618115,37055.83356619301,10252.368191135414,-2.4813037009392073e-19,4.112317985569169,-0.0
15,CC-charge,22,5052.390924154043,135579.4065408671,4.118708529328062,27.263836618115,27.263836618115,36638.1384778792,10705.823582684083,-2.481303704635073e-19,4.118708529328062,-0.0
15,CC-charge,23,5125.118196881316,135652.13381359435,4.125336848060763,27.263836618115,27.263836618115,36220.443389565866,11159.27897423308,-2.481303677914049e-19,4.125336848060763,-0.0
15,CC-charge,24,5197.845469608588,135724.86108632165,4.132225873018282,27.263836618115,27.263836618115,35802.74830125267,11612.734365781793,-2.481303679588207e-19,4.132225873018282,-0.0
15,CC-charge,25,5270.572742335861,135797.5883590489,4.13939355212941,27.263836618115,27.263836618115,35385.053212939536,12066.189757330289,-2.4813036726014757e-19,4.13939355212941,-0.0
15,CC-charge,26,5343.300015063134,135870.31563177617,4.146853992964103,27.263836618115,27.263836618115,34967.35812462622,12519.645148879128,-2.481303628216205e-19,4.146853992964103,-0.0
15,CC-charge,27,5416.027287790406,135943.04290450344,4.1546184239550925,27.263836618115,27.263836618115,34549.66303631276,12973.100540428102,-2.4813036124237887e-19,4.1546184239550925,-0.0
15,CC-charge,28,5488.754560517679,136015.77017723073,4.162697882186377,27.263836618115,27.263836618115,34131.96794799949,13426.555931977242,-2.4813036160379205e-19,4.162697882186377,-0.0
15,CC-charge,29,5561.481833244952,136088.497449958,4.17109694398361,27.263836618115,27.263836618115,33714.27285968649,13880.011323526101,-2.4813035176547605e-19,4.17109694398361,-0.0
15,CC-charge,30,5634.209105972224,136161.22472268526,4.179823868299143,27.263836618115,27.263836618115,33296.57777137339,14333.46671507497,-2.481303607381526e-19,4.179823868299143,-0.0
15,CC-charge,31,5706.936378699498,136233.95199541253,4.188885328729632,27.263836618115,27.263836618115,32878.88268306039,14786.922106623937,-2.48130351503939e-19,4.188885328729632,-0.0
15,CC-charge,32,5779.66365142677,136306.67926813982,4.1982883611065,27.263836618115,27.263836618115,32461.187594747003,15240.377498172456,-2.4813035722248073e-19,4.1982883611065,-0.0
15,CC-charge,33,5792.542657682452,136319.5582743955,4.19999,27.263836618115,27.263836618115,32387.219501985965,15320.678252008358,-2.481303570867439e-19,4.19999,-0.0
15,CV-charge,0,5792.542657682452,136319.5582743955,4.199999999999999,27.2884402836309,27.2884402836309,32387.219501985965,15320.678252008358,-2.481303570867439e-19,4.199999999999999,0.0
15,CV-charge,1,5865.269930409725,136392.28554712277,4.199999999999998,24.20766612914581,24.20766612914581,31865.29321028954,15815.73572081502,-2.38958892959361e-19,4.199999999999998,-0.0
15,CV-charge,2,5937.997203136997,136465.01281985006,4.2,22.262207471020258,22.262207471020258,31518.849728816163,16195.885657428347,-2.3706720423910196e-19,4.2,-0.0
15,CV-charge,3,6010.72447586427,136537.74009257733,4.199999999999999,20.56314035852987,20.56314035852987,31200.857042002524,16546.276367699913,-2.5908731984926384e-19,4.199999999999999,-0.0
15,CV-charge,4,6083.451748591543,136610.4673653046,4.2,19.062064000090853,19.062064000090853,30905.996538739208,16870.981866598886,-2.581088972465269e-19,4.2,-0.0
15,CV-charge,5,6156.179021318816,136683.19463803185,4.199999999999999,17.729813838262107,17.729813838262107,30631.863339702137,17172.663106503423,-2.6429577820840113e-19,4.199999999999999,-0.0
15,CV-charge,6,6228.906294046088,136755.92191075915,4.2,16.54140283668374,16.54140283668374,30376.213821209443,17453.833219967313,-2.640443786677108e-19,4.2,-0.0
15,CV-charge,7,6301.633566773361,136828.6491834864,4.200000000000001,15.476184697650982,15.476184697650982,30137.119805096707,17716.649942253025,-2.571775250214848e-19,4.200000000000001,-0.0
15,CV-charge,8,6374.360839500634,136901.37645621368,4.2,14.517067858883713,14.517067858883713,29912.92337530106,17962.96637940004,-2.541799595238908e-19,4.2,-0.0
15,CV-charge,9,6447.088112227907,136974.10372894094,4.2,13.649803947704747,13.649803947704747,29702.190422317304,18194.383732572238,-2.546557334748891e-19,4.2,-0.0
15,CV-charge,10,6519.815384955179,137046.83100166824,4.200000000000001,12.86246183223836,12.86246183223836,29503.675047982404,18412.291615891274,-2.4989187030497866e-19,4.200000000000001,-0.0
15,CV-charge,11,6592.542657682452,137119.5582743955,4.200000000000001,12.144999107028102,12.144999107028102,29316.290119739697,18617.90137006877,-2.474203172318239e-19,4.200000000000001,-0.0
15,CV-charge,12,6665.269930409725,137192.28554712277,4.2,11.488866783868355,11.488866783868355,29139.06999193631,18812.287840124354,-2.4663958537953823e-19,4.2,-0.0
15,CV-charge,13,6737.997203136998,137265.01281985006,4.2,10.886867178633471,10.886867178633471,28971.181887238075,18996.377322200053,-2.3937290959763726e-19,4.2,-0.0
15,CV-charge,14,6810.72447586427,137337.74009257733,4.2,10.332398024490871,10.332398024490871,28811.75990864356,19171.130344954323,-2.360675431514465e-19,4.2,-0.0
15,CV-charge,15,6883.451748591543,137410.4673653046,4.200000000000001,9.82058275989904,9.82058275989904,28660.262662587844,19337.14955646699,-2.3612823144463726e-19,4.200000000000001,-0.0
15,CV-charge,16,6956.179021318816,137483.19463803185,4.200000000000001,9.34683297472614,9.34683297472614,28516.098868017394,19495.091091301823,-2.357552777564211e-19,4.200000000000001,-0.0
15,CV-charge,17,7028.906294046088,137555.92191075915,4.2,8.907166396636699,8.907166396636699,28378.737998044548,19645.54315933033,-2.35734434962564e-19,4.2,-0.0
15,CV-charge,18,7101.633566773361,137628.6491834864,4.199999999999999,8.498127467093047,8.498127467093047,28247.7041204724,19789.033081282214,-2.357471258341927e-19,4.199999999999999,-0.0
15,CV-charge,19,7174.360839500634,137701.37645621368,4.2,8.11669426117188,8.11669426117188,28122.568289488183,19926.03581284373,-2.3571438424984174e-19,4.2,-0.0
15,CV-charge,20,7247.088112227907,137774.10372894094,4.200000000000001,7.760219810752517,7.760219810752517,28002.942873438646,20056.980301830434,-2.357371783570992e-19,4.200000000000001,-0.0
15,CV-charge,21,7319.81538495518,137846.83100166824,4.200000000000001,7.426376414889602,7.426376414889602,27888.476551867163,20182.255089417868,-2.357135624651141e-19,4.200000000000001,-0.0
15,CV-charge,22,7392.542657682452,137919.5582743955,4.200000000000001,7.113110250812251,7.113110250812251,27778.85002584507,20302.213108386444,-2.357105042672766e-19,4.200000000000001,-0.0
15,CV-charge,23,7465.269930409725,137992.28554712277,4.200000000000001,6.818607047550425,6.818607047550425,27673.773660339895,20417.174340049896,-2.3567124740901775e-19,4.200000000000001,-0.0
15,CV-charge,24,7537.997203136998,138065.01281985006,4.199999999999999,6.541251637507464,6.541251637507464,27572.981323217853,20527.432653992157,-2.3568083370810044e-19,4.199999999999999,-0.0
15,CV-charge,25,7610.72447586427,138137.74009257733,4.200000000000001,6.279606319287756,6.279606319287756,27476.229473974767,20633.256838760197,-2.3568655504359485e-19,4.200000000000001,-0.0
15,CV-charge,26,7683.451748591543,138210.4673653046,4.199999999999999,6.03238728690396,6.03238728690396,27383.294540402774,20734.893532051818,-2.35686917417565e-19,4.199999999999999,-0.0
15,CV-charge,27,7756.179021318816,138283.19463803185,4.2,5.79844511095823,5.79844511095823,27293.970822237698,20832.569556399547,-2.3570186850571307e-19,4.2,-0.0
15,CV-charge,28,7828.906294046088,138355.92191075915,4.2,5.57674806237757,5.57674806237757,27208.06865608516,20926.493962939236,-2.359159969032491e-19,4.2,-0.0
15,CV-charge,29,7901.633566773362,138428.6491834864,4.2,5.366367814298442,5.366367814298442,27125.412803800853,21016.859825161402,-2.3583054708211433e-19,4.2,-0.0
15,CV-charge,30,7974.360839500634,138501.37645621368,4.2,5.166467141983577,5.166467141983577,27045.841033082943,21103.845817796417,-2.357115070319927e-19,4.2,-0.0
15,CV-charge,31,8047.088112227907,138574.10372894094,4.200000000000002,4.976289307301986,4.976289307301986,26969.202863886105,21187.617610454214,-2.3555959327478633e-19,4.200000000000002,-0.0
15,CV-charge,32,8119.81538495518,138646.83100166824,4.199999999999999,4.795148868401481,4.795148868401481,26895.358458330287,21268.329101068608,-2.354318358027502e-19,4.199999999999999,-0.0
15,CV-charge,33,8192.542657682452,138719.5582743955,4.199999999999999,4.622423699235172,4.622423699235172,26824.177635184158,21346.123510357702,-2.3552094962960473e-19,4.199999999999999,-0.0
15,CV-charge,34,8265.269930409726,138792.28554712277,4.2,4.457548039403909,4.457548039403909,26755.538992785405,21421.13435537223,-2.354860403866841e-19,4.2,-0.0
15,CV-charge,35,8337.997203136998,138865.01281985006,4.2,4.300006424236653,4.300006424236653,26689.329126644003,21493.486317535127,-2.354754182737697e-19,4.2,-0.0
15,CV-charge,36,8410.72447586427,138937.74009257733,4.2,4.149328369116612,4.149328369116612,26625.44192992999,21563.29601837601,-2.354323132018527e-19,4.2,-0.0
15,CV-charge,37,8483.451748591542,139010.4673653046,4.200000000000001,4.005083702023341,4.005083702023341,26563.77796671138,21630.672714276796,-2.3535856968081417e-19,4.200000000000001,-0.0
15,CV-charge,38,8556.179021318816,139083.19463803185,4.2,3.866878454745697,3.866878454745697,26504.243909224213,21695.718919987634,-2.3538437365443603e-19,4.2,-0.0
15,CV-charge,39,8628.906294046088,139155.92191075915,4.200000000000001,3.7343512368943372,3.7343512368943372,26446.752031622826,21758.53096933401,-2.3544597067039247e-19,4.200000000000001,-0.0
15,CV-charge,40,8701.633566773362,139228.6491834864,4.199999999999998,3.6071700282839902,3.6071700282839902,26391.21975368534,21819.19952040999,-2.3540227168967977e-19,4.199999999999998,-0.0
15,CV-charge,41,8774.360839500634,139301.37645621368,4.2,3.485029334774318,3.485029334774318,26337.569228797467,21877.810011572838,-2.353752861799397e-19,4.2,-0.0
15,CV-charge,42,8847.088112227906,139374.10372894094,4.2,3.36764766067169,3.36764766067169,26285.726971276006,21934.443073765724,-2.35395101335653e-19,4.2,-0.0
15,CV-charge,43,8919.81538495518,139446.83100166824,4.200000000000001,3.254765257519161,3.254765257519161,26235.623518724235,21989.174903955573,-2.3538694367124734e-19,4.200000000000001,-0.0
15,CV-charge,44,8992.542657682452,139519.5582743955,4.2,3.1461421147637214,3.1461421147637214,26187.193125640402,22042.07760390033,-2.354032984379647e-19,4.2,-0.0
15,CV-charge,45,9065.269930409726,139592.28554712277,4.2,3.0415561626143597,3.0415561626143597,26140.373484976622,22093.219487917944,-2.353474632571171e-19,4.2,-0.0
15,CV-charge,46,9137.997203136998,139665.01281985006,4.199999999999999,2.940801661447085,2.940801661447085,26095.10547473731,22142.66536290313,-2.3531857119900927e-19,4.199999999999999,-0.0
15,CV-charge,47,9210.72447586427,139737.74009257733,4.200000000000001,2.843687755610716,2.843687755610716,26051.332927060255,22190.47678343034,-2.3532285503953385e-19,4.200000000000001,-0.0
15,CV-charge,48,9283.451748591542,139810.4673653046,4.2,2.7500371724003996,2.7500371724003996,26009.002417514752,22236.712284467016,-2.353263020400607e-19,4.2,-0.0
15,CV-charge,49,9302.273136527974,139829.288753241,4.200000000000001,2.7263936618115,2.7263936618115,25998.298020293576,22248.404036909964,-2.3533141086445953e-19,4.200000000000001,-0.0
16,CC-discharge,0,0.0,139829.288753241,3.8554139845434654,-27.263836618115,-27.263836618115,25998.298020293576,22248.404036909964,-2.3533141086445953e-19,3.8554139845434654,0.0
16,CC-discharge,1,72.72727272727273,139902.01602596827,3.831338028658006,-27.263836618115,-27.263836618115,26563.417704419615,21713.90419072028,-2.353313904848323e-19,3.831338028658006,0.5507845781437374
16,CC-discharge,2,145.45454545454547,139974.74329869557,3.8150671330254573,-27.263836618115,-27.263836618115,26983.005504948862,21260.42419745466,-2.3533138487115398e-19,3.8150671330254573,1.1015691562874748
16,CC-discharge,3,218.1818181818182,140047.47057142283,3.7998951496590214,-27.263836618115,-27.263836618115,27400.732154511825,20806.968854848437,-2.353313874380749e-19,3.7998951496590214,1.652353734431212
16,CC-discharge,4,290.90909090909093,140120.1978441501,3.7855565196968075,-27.263836618115,-27.263836618115,27818.429686925425,20353.513464020147,-2.353313858467287e-19,3.7855565196968075,2.2031383125749495
16,CC-discharge,5,363.6363636363637,140192.92511687736,3.7718897021416424,-27.263836618115,-27.263836618115,28236.12496535569,19900.05807248113,-2.3533138583434154e-19,3.7718897021416424,2.753922890718687
16,CC-discharge,6,436.3636363636364,140265.65238960466,3.7587882957545813,-27.263836618115,-27.263836618115,28653.82006853007,19446.602680932476,-2.3533138548001087e-19,3.7587882957545813,3.304707468862424
16,CC-discharge,7,509.0909090909091,140338.37966233192,3.7461583153085742,-27.263836618115,-27.263836618115,29071.515158010545,18993.14728938264,-2.3533138532230013e-19,3.7461583153085742,3.8554920470061615
16,CC-discharge,8,581.8181818181819,140411.1069350592,3.7339430874487562,-27.263836618115,-27.263836618115,29489.2102464164,18539.69189783319,-2.3533138623778693e-19,3.7339430874487562,4.406276625149899
16,CC-discharge,9,654.5454545454546,140483.83420778645,3.7220952268394174,-27.263836618115,-27.263836618115,29906.90533473691,18086.236506284225,-2.3533138633382685e-19,3.7220952268394174,4.9570612032936365
16,CC-discharge,10,727.2727272727274,140556.56148051374,3.7105784220583002,-27.263836618115,-27.263836618115,30324.600423050026,17632.781114734862,-2.353313861738422e-19,3.7105784220583002,5.507845781437374
16,CC-discharge,11,800.0000000000001,140629.288753241,3.6993645936818034,-27.263836618115,-27.263836618115,30742.29551136325,17179.325723185775,-2.353313862083275e-19,3.6993645936818034,6.0586303595811115
16,CC-discharge,12,872.7272727272727,140702.01602596827,3.688431805338091,-27.263836618115,-27.263836618115,31159.990599676257,16725.87033163646,-2.3533138718061245e-19,3.688431805338091,6.609414937724848
16,CC-discharge,13,945.4545454545455,140774.74329869557,3.677762694659213,-27.263836618115,-27.263836618115,31577.68568798874,16272.414940087003,-2.3533138858562183e-19,3.677762694659213,7.160199515868586
16,CC-discharge,14,1018.1818181818182,140847.47057142283,3.6673432668465287,-27.263836618115,-27.263836618115,31995.380776301776,15818.959548537314,-2.353313885113205e-19,3.6673432668465287,7.710984094012323
16,CC-discharge,15,1090.909090909091,140920.1978441501,3.6571619407743317,-27.263836618115,-27.263836618115,32413.07586461437,15365.50415698775,-2.3533138945216406e-19,3.6571619407743317,8.26176867215606
16,CC-discharge,16,1163.6363636363637,140992.92511687736,3.6472087696297875,-27.263836618115,-27.263836618115,32830.77095292665,14912.048765438289,-2.3533139011871112e-19,3.6472087696297875,8.812553250299798
16,CC-discharge,17,1236.3636363636365,141065.65238960466,3.6374747778939054,-27.263836618115,-27.263836618115,33248.46604123979,14458.593373889156,-2.353313879499349e-19,3.6374747778939054,9.363337828443536
16,CC-discharge,18,1309.0909090909092,141138.37966233192,3.6279513697400025,-27.263836618115,-27.263836618115,33666.16112955237,14005.137982340242,-2.353313880954724e-19,3.6279513697400025,9.914122406587273
16,CC-discharge,19,1381.818181818182,141211.1069350592,3.6186297721192573,-27.263836618115,-27.263836618115,34083.8562178654,13551.682590790719,-2.353313878508713e-19,3.6186297721192573,10.46490698473101
16,CC-discharge,20,1454.5454545454547,141283.83420778645,3.609500480502253,-27.263836618115,-27.263836618115,34501.551306177935,13098.22719924137,-2.3533138877348185e-19,3.609500480502253,11.015691562874748
16,CC-discharge,21,1527.2727272727275,141356.56148051374,3.6005526783105073,-27.263836618115,-27.263836618115,34919.246394491,12644.771807692148,-2.353313881783685e-19,3.6005526783105073,11.566476141018486
16,CC-discharge,22,1600.0000000000002,141429.288753241,3.5917735941308235,-27.263836618115,-27.263836618115,35336.94148280376,12191.316416142945,-2.3533138749998855e-19,3.5917735941308235,12.117260719162223
16,CC-discharge,23,1672.727272727273,141502.01602596827,3.5831472239359585,-27.263836618115,-27.263836618115,35754.63657111649,11737.861024593185,-2.3533138861869e-19,3.5831472239359585,12.66804529730596
16,CC-discharge,24,1745.4545454545455,141574.74329869557,3.574655968571185,-27.263836618115,-27.263836618115,36172.33165942871,11284.40563304385,-2.3533138945123277e-19,3.574655968571185,13.218829875449696
16,CC-discharge,25,1818.1818181818182,141647.47057142283,3.5662753655019777,-27.263836618115,-27.263836618115,36590.02674774117,10830.950241494544,-2.353313856143147e-19,3.5662753655019777,13.769614453593434
16,CC-discharge,26,1890.909090909091,141720.1978441501,3.5579760802477876,-27.263836618115,-27.263836618115,37007.72183605417,10377.494849945673,-2.353313862350462e-19,3.5579760802477876,14.320399031737171
16,CC-discharge,27,1963.6363636363637,141792.92511687736,3.549721512377096,-27.263836618115,-27.263836618115,37425.416924366866,9924.039458396506,-2.353314097432861e-19,3.549721512377096,14.871183609880909
16,CC-discharge,28,2036.3636363636365,141865.65238960466,3.541465938273692,-27.263836618115,-27.263836618115,37843.11201267964,9470.584066847423,-2.353314905075239e-19,3.541465938273692,15.421968188024646
16,CC-discharge,29,2109.0909090909095,141938.37966233192,3.53315215326755,-27.263836618115,-27.263836618115,38260.80710099237,9017.12867529845,-2.3533143301300864e-19,3.53315215326755,15.972752766168385
16,CC-discharge,30,2181.818181818182,142011.1069350592,3.524708690459497,-27.263836618115,-27.263836618115,38678.5021893049,8563.67328374941,-2.353313929150475e-19,3.524708690459497,16.52353734431212
16,CC-discharge,31,2254.545454545455,142083.83420778645,3.5160470223221076,-27.263836618115,-27.263836618115,39096.1972776175,8110.217892200247,-2.3533138480758153e-19,3.5160470223221076,17.07432192245586
16,CC-discharge,32,2327.2727272727275,142156.56148051374,3.5070542717603583,-27.263836618115,-27.263836618115,39513.89236593047,7656.762500651207,-2.3533136629467036e-19,3.5070542717603583,17.625106500599596
16,CC-discharge,33,2400.0,142229.288753241,3.4975932581546445,-27.263836618115,-27.263836618115,39931.58745424322,7203.307109102139,-2.353313786166371e-19,3.4975932581546445,18.175891078743334
16,CC-discharge,34,2472.727272727273,142302.01602596827,3.4874921078594165,-27.263836618115,-27.263836618115,40349.28254255602,6749.8517175532415,-2.3533176227049523e-19,3.4874921078594165,18.726675656887075
16,CC-discharge,35,2545.4545454545455,142374.74329869557,3.4765372122879192,-27.263836618115,-27.263836618115,40766.97763086873,6296.396326004198,-2.3533195473467365e-19,3.4765372122879192,19.277460235030812
16,CC-discharge,36,2618.1818181818185,142447.47057142283,3.464464512788809,-27.263836618115,-27.263836618115,41184.67271918145,5842.940934455096,-2.3533213534948036e-19,3.464464512788809,19.82824481317455
16,CC-discharge,37,2690.909090909091,142520.1978441501,3.4509481420214567,-27.263836618115,-27.263836618115,41602.36780749399,5389.485542906058,-2.3533244846653074e-19,3.4509481420214567,20.379029391318287
16,CC-discharge,38,2763.636363636364,142592.92511687736,3.4355874656875716,-27.263836618115,-27.263836618115,42020.062895807256,4936.0301513569775,-2.353325476408955e-19,3.4355874656875716,20.929813969462025
16,CC-discharge,39,2836.3636363636365,142665.65238960466,3.4178923711433327,-27.263836618115,-27.263836618115,42437.75798412021,4482.574759807953,-2.353325041779616e-19,3.4178923711433327,21.480598547605762
16,CC-discharge,40,2909.0909090909095,142738.37966233192,3.3972673484357125,-27.263836618115,-27.263836618115,42855.45307243284,4029.119368258892,-2.353322913562295e-19,3.3972673484357125,22.0313831257495
16,CC-discharge,41,2981.818181818182,142811.1069350592,3.372994830999086,-27.263836618115,-27.263836618115,43273.14816074579,3575.663976709797,-2.353322366296978e-19,3.372994830999086,22.582167703893237
16,CC-discharge,42,3054.545454545455,142883.83420778645,3.344220859785059,-27.263836618115,-27.263836618115,43690.84324905893,3122.2085851606853,-2.3533175087980463e-19,3.344220859785059,23.132952282036975
16,CC-discharge,43,3127.2727272727275,142956.56148051374,3.3099395368690043,-27.263836618115,-27.263836618115,44108.53833737205,2668.753193611619,-2.3533160555567438e-19,3.3099395368690043,23.683736860180712
16,CC-discharge,44,3200.0000000000005,143029.288753241,3.268960025184825,-27.263836618115,-27.263836618115,44526.23342568526,2215.297802062575,-2.3533120418386215e-19,3.268960025184825,24.23452143832445
16,CC-discharge,45,3272.727272727273,143102.01602596827,3.219722820403543,-27.263836618115,-27.263836618115,44943.92851399785,1761.842410513537,-2.3533134298930083e-19,3.219722820403543,24.785306016468187
16,CC-discharge,46,3345.454545454546,143174.74329869557,3.159063146702435,-27.263836618115,-27.263836618115,45361.62360231018,1308.3870189644858,-2.353321548716758e-19,3.159063146702435,25.336090594611925
16,CC-discharge,47,3418.1818181818185,143247.47057142283,3.0719980618087845,-27.263836618115,-27.263836618115,45779.31869062301,854.9316274154363,-2.3533254944373337e-19,3.0719980618087845,25.886875172755662
16,CC-discharge,48,3451.2942377795653,143280.58299102058,3.0000099999999996,-27.263836618115,-27.263836618115,45969.49349725993,648.4753060002428,-2.3533284022756986e-19,3.0000099999999996,26.137645061073282
16,CC-charge,0,3451.2942377795653,143280.58299102058,3.715566896819909,27.263836618115,27.263836618115,45969.49349725993,648.4753060002428,-2.3533284022756986e-19,3.715566896819909,0.0
16,CC-charge,1,3524.021510506838,143353.31026374784,3.821246513536874,27.263836618115,27.263836618115,45404.378543744744,1182.9728839179766,-2.3533361966846866e-19,3.821246513536874,-0.0
16,CC-charge,2,3596.7487832341108,143426.03753647514,3.8675529335619805,27.263836618115,27.263836618115,44984.78962728182,1636.4551467211027,-2.353335641820391e-19,3.8675529335619805,-0.0
16,CC-charge,3,3669.4760559613833,143498.7648092024,3.904959905650107,27.263836618115,27.263836618115,44567.05721477144,2089.910486960232,-2.3533367789058505e-19,3.904959905650107,-0.0
16,CC-charge,4,3742.2033286886563,143571.49208192967,3.936222366320795,27.263836618115,27.263836618115,44149.36162939539,2543.3658788827674,-2.3533373962697112e-19,3.936222366320795,-0.0
16,CC-charge,5,3814.930601415929,143644.21935465693,3.9622700683845014,27.263836618115,27.263836618115,43731.66653599954,2996.821270427282,-2.3533370631564355e-19,3.9622700683845014,-0.0
16,CC-charge,6,3887.6578741432018,143716.94662738423,3.9838736560892953,27.263836618115,27.263836618115,43313.971447752185,3450.2766619763515,-2.3533362551953762e-19,3.9838736560892953,-0.0
16,CC-charge,7,3960.3851468704743,143789.6739001115,4.001773524312432,27.263836618115,27.263836618115,42896.27635943824,3903.732053525337,-2.3533351984879326e-19,4.001773524312432,-0.0
16,CC-charge,8,4033.1124195977472,143862.40117283876,4.016652960660993,27.263836618115,27.263836618115,42478.58127112479,4357.187445074359,-2.353334542703862e-19,4.016652960660993,-0.0
16,CC-charge,9,4105.83969232502,143935.12844556602,4.029115159754852,27.263836618115,27.263836618115,42060.886182811446,4810.64283662327,-2.353334306495734e-19,4.029115159754852,-0.0
16,CC-charge,10,4178.566965052292,144007.85571829331,4.039676329853706,27.263836618115,27.263836618115,41643.191094497975,5264.098228172154,-2.353333702996204e-19,4.039676329853706,-0.0
16,CC-charge,11,4251.294237779565,144080.58299102058,4.048769470175096,27.263836618115,27.263836618115,41225.49600618475,5717.553619721085,-2.3533333107630404e-19,4.048769470175096,-0.0
16,CC-charge,12,4324.021510506838,144153.31026374784,4.056751983580442,27.263836618115,27.263836618115,40807.80091787106,6171.0090112699245,-2.3533342042833266e-19,4.056751983580442,-0.0
16,CC-charge,13,4396.74878323411,144226.03753647514,4.063916405357321,27.263836618115,27.263836618115,40390.10582955746,6624.464402818535,-2.3533346532788306e-19,4.063916405357321,-0.0
16,CC-charge,14,4469.476055961383,144298.7648092024,4.07050006075285,27.263836618115,27.263836618115,39972.41074124403,7077.919794367628,-2.3533339706216012e-19,4.07050006075285,-0.0
16,CC-charge,15,4542.203328688656,144371.49208192967,4.076694348751981,27.263836618115,27.263836618115,39554.71565293043,7531.37518591635,-2.3533341123814096e-19,4.076694348751981,-0.0
16,CC-charge,16,4614.930601415929,144444.21935465693,4.082652725363476,27.263836618115,27.263836618115,39137.02056461685,7984.830577465147,-2.353333988287367e-19,4.082652725363476,-0.0
16,CC-charge,17,4687.657874143202,144516.94662738423,4.0884981835047824,27.263836618115,27.263836618115,38719.32547630341,8438.285969014141,-2.353333901818916e-19,4.0884981835047824,-0.0
16,CC-charge,18,4760.385146870474,144589.6739001115,4.09432799931869,27.263836618115,27.263836618115,38301.63038799024,8891.741360562892,-2.353333475050064e-19,4.09432799931869,-0.0
16,CC-charge,19,4833.112419597747,144662.40117283876,4.100219656538004,27.263836618115,27.263836618115,37883.935299676916,9345.196752111917,-2.353333455740307e-19,4.100219656538004,-0.0
16,CC-charge,20,4905.83969232502,144735.12844556602,4.106234127934974,27.263836618115,27.263836618115,37466.24021136408,9798.65214366088,-2.353333425959805e-19,4.106234127934974,-0.0
16,CC-charge,21,4978.566965052292,144807.85571829331,4.112419091658198,27.263836618115,27.263836618115,37048.545123050375,10252.107535209712,-2.353333422289181e-19,4.112419091658198,-0.0
16,CC-charge,22,5051.294237779565,144880.58299102058,4.118813239835224,27.263836618115,27.263836618115,36630.850034736875,10705.562926758364,-2.3533334090976737e-19,4.118813239835224,-0.0
16,CC-charge,23,5124.021510506838,144953.31026374784,4.125445200962894,27.263836618115,27.263836618115,36213.15494642403,11159.018318306986,-2.353333176804088e-19,4.125445200962894,-0.0
16,CC-charge,24,5196.74878323411,145026.03753647514,4.132337906556673,27.263836618115,27.263836618115,35795.45985811067,11612.473709855913,-2.3533331738048855e-19,4.132337906556673,-0.0
16,CC-charge,25,5269.476055961383,145098.7648092024,4.139509305849826,27.263836618115,27.263836618115,35377.76476979722,12065.929101404967,-2.353333172791929e-19,4.139509305849826,-0.0
16,CC-charge,26,5342.203328688656,145171.49208192967,4.146973508878007,27.263836618115,27.263836618115,34960.06968148367,12519.384492954252,-2.3533331465409185e-19,4.146973508878007,-0.0
16,CC-charge,27,5414.930601415929,145244.21935465693,4.154741748155381,27.263836618115,27.263836618115,34542.37459317026,12972.839884503097,-2.3533331250623936e-19,4.154741748155381,-0.0
16,CC-charge,28,5487.657874143202,145316.94662738423,4.1628250664771045,27.263836618115,27.263836618115,34124.67950485695,13426.295276052299,-2.353333127834809e-19,4.1628250664771045,-0.0
16,CC-charge,29,5560.385146870474,145389.6739001115,4.1712280497207335,27.263836618115,27.263836618115,33706.984416543775,13879.750667600614,-2.353333309880178e-19,4.1712280497207335,-0.0
16,CC-charge,30,5633.112419597747,145462.40117283876,4.179958968286502,27.263836618115,27.263836618115,33289.28932823063,14333.206059149074,-2.3533335131571795e-19,4.179958968286502,-0.0
16,CC-charge,31,5705.83969232502,145535.12844556602,4.189024511490445,27.263836618115,27.263836618115,32871.59423991751,14786.661450697611,-2.3533334055816825e-19,4.189024511490445,-0.0
16,CC-charge,32,5778.566965052292,145607.85571829331,4.198431735918492,27.263836618115,27.263836618115,32453.899151604324,15240.116842246565,-2.3533331783598716e-19,4.198431735918492,-0.0
16,CC-charge,33,5790.360508118873,145619.64926135988,4.199990000000001,27.263836618115,27.263836618115,32386.16520767931,15313.649720470286,-2.3533331801403476e-19,4.199990000000001,-0.0
16,CV-charge,0,5790.360508118873,145619.64926135988,4.2,27.288372175488767,27.288372175488767,32386.16520767931,15313.649720470286,-2.3533331801403476e-19,4.2,0.0
16,CV-charge,1,5863.087780846146,145692.37653408715,4.199999999999999,24.207818893047676,24.207818893047676,31864.237293035618,15808.708617875636,-2.2519787010982153e-19,4.199999999999999,-0.0
16,CV-charge,2,5935.8150535734185,145765.10380681444,4.2,22.262496110346255,22.262496110346255,31517.789568953947,16188.862762460652,-2.2628991102137055e-19,4.2,-0.0
16,CV-charge,3,6008.5423263006915,145837.8310795417,4.2,20.563518191915875,20.563518191915875,31199.790886229395,16539.259649575393,-2.2848062970889217e-19,4.2,-0.0
16,CV-charge,4,6081.269599027964,145910.55835226897,4.2,19.062499402251387,19.062499402251387,30904.923737375022,16863.972168923166,-2.3200378657267673e-19,4.2,-0.0
16,CV-charge,5,6153.996871755237,145983.28562499624,4.199999999999999,17.730282441915623,17.730282441915623,30630.783300404,17165.661152006738,-2.318024147823785e-19,4.199999999999999,-0.0
16,CV-charge,6,6226.7241444825095,146056.01289772353,4.2,16.54188720572253,16.54188720572253,30375.12629109469,17446.839338955095,-2.3120976768834586e-19,4.2,-0.0
16,CV-charge,7,6299.451417209782,146128.7401704508,4.200000000000001,15.476672042416633,15.476672042416633,30136.024721357768,17709.664244016214,-2.289363485351958e-19,4.200000000000001,-0.0
16,CV-charge,8,6372.178689937055,146201.46744317806,4.2,14.517549011210928,14.517549011210928,29911.820825439703,17955.988798647988,-2.2473348181120932e-19,4.2,-0.0
16,CV-charge,9,6444.905962664328,146274.19471590532,4.2,13.650272252617375,13.650272252617375,29701.080596823576,18187.414084010667,-2.1984497985979836e-19,4.2,-0.0
16,CV-charge,10,6517.6332353916005,146346.92198863262,4.200000000000001,12.862912467415557,12.862912467415557,29502.558196457747,18405.329644370348,-2.1588756652103266e-19,4.200000000000001,-0.0
16,CV-charge,11,6590.360508118873,146419.64926135988,4.199999999999999,12.145428719503228,12.145428719503228,29315.16656166464,18610.946739493444,-2.227285070077112e-19,4.199999999999999,-0.0
16,CV-charge,12,6663.087780846146,146492.37653408715,4.2,11.48887844819194,11.48887844819194,29137.831732827304,18805.45904490427,-2.2430097369787825e-19,4.2,-0.0
16,CV-charge,13,6735.8150535734185,146565.10380681444,4.2,10.8864836448471,10.8864836448471,28969.829311975525,18989.673842894037,-2.26261225995672e-19,4.2,-0.0
16,CV-charge,14,6808.5423263006915,146637.8310795417,4.199999999999999,10.33204857939868,10.33204857939868,28810.412692852562,19164.420873339623,-2.2174255865884767e-19,4.199999999999999,-0.0
16,CV-charge,15,6881.269599027964,146710.55835226897,4.2,9.820669369924119,9.820669369924119,28659.04327487834,19330.299906038465,-2.236278862304544e-19,4.2,-0.0
16,CV-charge,16,6953.996871755237,146783.28562499624,4.2,9.3469114337502,9.3469114337502,28514.87834724815,19488.242779904067,-2.238993818742788e-19,4.2,-0.0
16,CV-charge,17,7026.72414448251,146856.01289772353,4.199999999999999,8.907234344122012,8.907234344122012,28377.516409010317,19638.696035287274,-2.2387733627809647e-19,4.199999999999999,-0.0
16,CV-charge,18,7099.451417209782,146928.7401704508,4.2,8.498183493597637,8.498183493597637,28246.481647807384,19782.186951062336,-2.2385737766389124e-19,4.2,-0.0
16,CV-charge,19,7172.178689937055,147001.46744317806,4.2,8.116737283986975,8.116737283986975,28121.345131698945,19919.190464325224,-2.238443540989468e-19,4.2,-0.0
16,CV-charge,20,7244.905962664328,147074.19471590532,4.200000000000001,7.760249010691669,7.760249010691669,28001.71924192312,20050.135508135205,-2.2398186653011887e-19,4.200000000000001,-0.0
16,CV-charge,21,7317.6332353916005,147146.92198863262,4.2,7.426391184669017,7.426391184669017,27887.252667496723,20175.410612714935,-2.2403433426017015e-19,4.2,-0.0
16,CV-charge,22,7390.360508118873,147219.64926135988,4.2,7.11311015428346,7.11311015428346,27777.62611628876,20295.36870292618,-2.2402704739020185e-19,4.2,-0.0
16,CV-charge,23,7463.087780846146,147292.37653408715,4.2,6.818591769265691,6.818591769265691,27672.549951376484,20410.32976182123,-2.240266573010236e-19,4.2,-0.0
16,CV-charge,24,7535.8150535734185,147365.10380681444,4.199999999999999,6.541220993248411,6.541220993248411,27571.75804995166,20520.587648336987,-2.240588000855766e-19,4.199999999999999,-0.0
16,CV-charge,25,7608.5423263006915,147437.8310795417,4.199999999999999,6.2795602171244544,6.2795602171244544,27475.00687317673,20626.41114897554,-2.2406896683812993e-19,4.199999999999999,-0.0
16,CV-charge,26,7681.269599027964,147510.55835226897,4.2,6.032325710079529,6.032325710079529,27382.072849233096,20728.046900775174,-2.2405519305783596e-19,4.2,-0.0
16,CV-charge,27,7753.996871755237,147583.28562499624,4.2,5.798368104296725,5.798368104296725,27292.75027728327,20825.72172669747,-2.2420517331426053e-19,4.2,-0.0
16,CV-charge,28,7826.72414448251,147656.01289772353,4.200000000000002,5.576655721278747,5.576655721278747,27206.84949256442,20919.64467920667,-2.238733059783641e-19,4.200000000000002,-0.0
16,CV-charge,29,7899.451417209782,147728.7401704508,4.200000000000001,5.366260275832388,5.366260275832388,27124.195254909653,21010.008833860145,-2.239946619350133e-19,4.200000000000001,-0.0
16,CV-charge,30,7972.178689937055,147801.46744317806,4.2,5.166344577669721,5.166344577669721,27044.62532945388,21096.99286806185,-2.2365507711756344e-19,4.2,-0.0
16,CV-charge,31,8044.905962664328,147874.19471590532,4.2,4.976151917247436,4.976151917247436,26967.989233137778,21180.762454605956,-2.234808803826591e-19,4.2,-0.0
16,CV-charge,32,8117.6332353916005,147946.92198863262,4.2,4.7949968765554845,4.7949968765554845,26894.147124695362,21261.47149502633,-2.235728684992186e-19,4.2,-0.0
16,CV-charge,33,8190.360508118873,148019.64926135988,4.2,4.622257349532608,4.622257349532608,26822.968819195583,21339.263213996364,-2.236250407406688e-19,4.2,-0.0
16,CV-charge,34,8263.087780846146,148092.37653408715,4.200000000000001,4.457367592646025,4.457367592646025,26754.33291101311,21414.271132815742,-2.2367185364175635e-19,4.200000000000001,-0.0
16,CV-charge,35,8335.815053573418,148165.10380681444,4.2,4.299812155557594,4.299812155557594,26688.125991470297,21486.619937411506,-2.236425054905932e-19,4.2,-0.0
16,CV-charge,36,8408.542326300692,148237.8310795417,4.200000000000001,4.149120565938512,4.149120565938512,26624.24194935554,21556.42625403022,-2.23673591278351e-19,4.200000000000001,-0.0
16,CV-charge,37,8481.269599027964,148310.55835226897,4.200000000000001,4.004862662413557,4.004862662413557,26562.581344193342,21623.799343954535,-2.237091920867152e-19,4.200000000000001,-0.0
16,CV-charge,38,8553.996871755236,148383.28562499624,4.200000000000001,3.8666444860776163,3.8666444860776163,26503.050843527155,21688.84172699941,-2.2367190489109557e-19,4.200000000000001,-0.0
16,CV-charge,39,8626.72414448251,148456.01289772353,4.2,3.734104654783386,3.734104654783386,26445.562716693617,21751.649742196467,-2.236222513998142e-19,4.2,-0.0
16,CV-charge,40,8699.451417209782,148528.7401704508,4.2,3.6069111557190223,3.6069111557190223,26390.034378536166,21812.314052971986,-2.2369651040201994e-19,4.2,-0.0
16,CV-charge,41,8772.178689937056,148601.46744317806,4.2,3.4847585014243365,3.4847585014243365,26336.38797740298,21870.920103133736,-2.236954389475739e-19,4.2,-0.0
16,CV-charge,42,8844.905962664328,148674.19471590532,4.199999999999999,3.367365202323195,3.367365202323195,26284.550022479893,21927.54852917753,-2.2365434533369326e-19,4.199999999999999,-0.0
16,CV-charge,43,8917.6332353916,148746.92198863262,4.2,3.254471515612724,3.254471515612724,26234.45104615012,21982.275533718537,-2.2369251832995694e-19,4.2,-0.0
16,CV-charge,44,8990.360508118874,148819.64926135988,4.199999999999999,3.1458374360136445,3.1458374360136445,26186.025297611923,22035.173224253493,-2.236690588034229e-19,4.199999999999999,-0.0
16,CV-charge,45,9063.087780846146,148892.37653408715,4.200000000000001,3.041240898676931,3.041240898676931,26139.210464438587,22086.309920923173,-2.2370134588283513e-19,4.200000000000001,-0.0
16,CV-charge,46,9135.81505357342,148965.10380681444,4.2,2.940476168642164,2.940476168642164,26093.947419186326,22135.75043652357,-2.2370180797781687e-19,4.2,-0.0
16,CV-charge,47,9208.542326300692,149037.8310795417,4.199999999999999,2.84335239466132,2.84335239466132,26050.179988476633,22183.556331606367,-2.237098569867347e-19,4.199999999999999,-0.0
16,CV-charge,48,9281.269599027964,149110.55835226897,4.200000000000001,2.7496923081849323,2.7496923081849323,26007.85474229578,22229.786147184634,-2.2373672085104233e-19,4.200000000000001,-0.0
16,CV-charge,49,9299.813212127856,149129.10196536887,4.2,2.7263936618114997,2.7263936618114997,25997.308950152226,22241.304681516245,-2.23739878399265e-19,4.2,-0.0
17,CC-discharge,0,0.0,149129.10196536887,3.855435788335067,-27.263836618115,-27.263836618115,25997.308950152226,22241.304681516245,-2.23739878399265e-19,3.855435788335067,0.0
17,CC-discharge,1,72.72727272727273,149201.82923809614,3.831353897776386,-27.263836618115,-27.263836618115,26562.42862860414,21706.80484142109,-2.237398862844259e-19,3.831353897776386,0.5507845781437374
17,CC-discharge,2,145.45454545454547,149274.55651082343,3.815079767258508,-27.263836618115,-27.263836618115,26982.01642144924,21253.324842148748,-2.2373987811292443e-19,3.815079767258508,1.1015691562874748
17,CC-discharge,3,218.1818181818182,149347.2837835507,3.7999052435125087,-27.263836618115,-27.263836618115,27399.743083031015,20799.869499455246,-2.2373987951386277e-19,3.7999052435125087,1.652353734431212
17,CC-discharge,4,290.90909090909093,149420.01105627796,3.7855646188434426,-27.263836618115,-27.263836618115,27817.44061665468,20346.41410862591,-2.237398794906091e-19,3.7855646188434426,2.2031383125749495
17,CC-discharge,5,363.6363636363637,149492.73832900522,3.771896197748174,-27.263836618115,-27.263836618115,28235.135895201667,19892.958717087477,-2.2373987814496666e-19,3.771896197748174,2.753922890718687
17,CC-discharge,6,436.3636363636364,149565.46560173252,3.758793504735886,-27.263836618115,-27.263836618115,28652.830998387075,19439.503325537782,-2.237398774152518e-19,3.758793504735886,3.304707468862424
17,CC-discharge,7,509.0909090909091,149638.19287445978,3.7461624550422243,-27.263836618115,-27.263836618115,29070.526087869,18986.047933988393,-2.237398781414325e-19,3.7461624550422243,3.8554920470061615
17,CC-discharge,8,581.8181818181819,149710.92014718705,3.733946343767295,-27.263836618115,-27.263836618115,29488.22117627435,18532.592542438855,-2.2373987774583424e-19,3.733946343767295,4.406276625149899
17,CC-discharge,9,654.5454545454546,149783.6474199143,3.722097747939121,-27.263836618115,-27.263836618115,29905.91626459444,18079.137150889594,-2.2373987729895306e-19,3.722097747939121,4.9570612032936365
17,CC-discharge,10,727.2727272727274,149856.3746926416,3.7105803267046342,-27.263836618115,-27.263836618115,30323.61135290827,17625.68175934026,-2.2373987616477676e-19,3.7105803267046342,5.507845781437374
17,CC-discharge,11,800.0000000000001,149929.10196536887,3.699365976975226,-27.263836618115,-27.263836618115,30741.306441220997,17172.22636779109,-2.2373987573530907e-19,3.699365976975226,6.0586303595811115
17,CC-discharge,12,872.7272727272727,150001.82923809614,3.688432742699438,-27.263836618115,-27.263836618115,31159.00152953429,16718.770976241896,-2.2373987576517986e-19,3.688432742699438,6.609414937724848
17,CC-discharge,13,945.4545454545455,150074.55651082343,3.6777632444553463,-27.263836618115,-27.263836618115,31576.69661784721,16265.315584692109,-2.237398769689769e-19,3.6777632444553463,7.160199515868586
17,CC-discharge,14,1018.1818181818182,150147.2837835507,3.6673434719194633,-27.263836618115,-27.263836618115,31994.391706160426,15811.86019314261,-2.237398771990549e-19,3.6673434719194633,7.710984094012323
17,CC-discharge,15,1090.909090909091,150220.01105627796,3.657161829022841,-27.263836618115,-27.263836618115,32412.086794473733,15358.404801593084,-2.2373987641130807e-19,3.657161829022841,8.26176867215606
17,CC-discharge,16,1163.6363636363637,150292.73832900522,3.6472083537146776,-27.263836618115,-27.263836618115,32829.78188278658,14904.94941004414,-2.237398775523114e-19,3.6472083537146776,8.812553250299798
17,CC-discharge,17,1236.3636363636365,150365.46560173252,3.637474054070068,-27.263836618115,-27.263836618115,33247.47697109951,14451.494018495005,-2.23739879131206e-19,3.637474054070068,9.363337828443536
17,CC-discharge,18,1309.0909090909092,150438.19287445978,3.6279503157616135,-27.263836618115,-27.263836618115,33665.172059412565,13998.038626945558,-2.2373987741713707e-19,3.6279503157616135,9.914122406587273
17,CC-discharge,19,1381.818181818182,150510.92014718705,3.6186283441098164,-27.263836618115,-27.263836618115,34082.86714772514,13544.583235396141,-2.237398772344168e-19,3.6186283441098164,10.46490698473101
17,CC-discharge,20,1454.5454545454547,150583.6474199143,3.609498608623885,-27.263836618115,-27.263836618115,34500.56223603815,13091.127843847413,-2.237398778708529e-19,3.609498608623885,11.015691562874748
17,CC-discharge,21,1527.2727272727275,150656.3746926416,3.600550261010226,-27.263836618115,-27.263836618115,34918.257324350256,12637.672452298499,-2.237398780423509e-19,3.600550261010226,11.566476141018486
17,CC-discharge,22,1600.0000000000002,150729.10196536887,3.591770490639817,-27.263836618115,-27.263836618115,35335.9524126629,12184.217060749277,-2.237398767592889e-19,3.591770490639817,12.117260719162223
17,CC-discharge,23,1672.727272727273,150801.82923809614,3.583143249451231,-27.263836618115,-27.263836618115,35753.647500975996,11730.761669199916,-2.2373987746351563e-19,3.583143249451231,12.66804529730596
17,CC-discharge,24,1745.4545454545455,150874.55651082343,3.5746508665169228,-27.263836618115,-27.263836618115,36171.342589288695,11277.306277650105,-2.2373987428816955e-19,3.5746508665169228,13.218829875449696
17,CC-discharge,25,1818.1818181818182,150947.2837835507,3.566268808639381,-27.263836618115,-27.263836618115,36589.03767760151,10823.850886100865,-2.237398749580037e-19,3.566268808639381,13.769614453593434
17,CC-discharge,26,1890.909090909091,151020.01105627796,3.5579676459853404,-27.263836618115,-27.263836618115,37006.73276591409,10370.3954945518,-2.2373987604522977e-19,3.5579676459853404,14.320399031737171
17,CC-discharge,27,1963.6363636363637,151092.73832900522,3.549710658815849,-27.263836618115,-27.263836618115,37424.42785422668,9916.940103002742,-2.237399350149812e-19,3.549710658815849,14.871183609880909
17,CC-discharge,28,2036.3636363636365,151165.46560173252,3.5414519730804277,-27.263836618115,-27.263836618115,37842.122942539194,9463.484711453655,-2.2373993337818657e-19,3.5414519730804277,15.421968188024646
17,CC-discharge,29,2109.0909090909095,151238.19287445978,3.5331341955811033,-27.263836618115,-27.263836618115,38259.818030852075,9010.029319904394,-2.237399402806505e-19,3.5331341955811033,15.972752766168385
17,CC-discharge,30,2181.818181818182,151310.92014718705,3.524685624726387,-27.263836618115,-27.263836618115,38677.513119165,8556.573928355307,-2.2374001860791323e-19,3.524685624726387,16.52353734431212
17,CC-discharge,31,2254.545454545455,151383.6474199143,3.51601743515174,-27.263836618115,-27.263836618115,39095.20820747744,8103.118536806002,-2.2374006093234e-19,3.51601743515174,17.07432192245586
17,CC-discharge,32,2327.2727272727275,151456.3746926416,3.50701639480092,-27.263836618115,-27.263836618115,39512.90329579062,7649.663145256785,-2.2374003315888245e-19,3.50701639480092,17.625106500599596
17,CC-discharge,33,2400.0,151529.10196536887,3.4975448764315638,-27.263836618115,-27.263836618115,39930.59838410333,7196.207753707705,-2.237399688671906e-19,3.4975448764315638,18.175891078743334
17,CC-discharge,34,2472.727272727273,151601.82923809614,3.487430432873094,-27.263836618115,-27.263836618115,40348.2934724162,6742.752362158712,-2.237398708142526e-19,3.487430432873094,18.726675656887075
17,CC-discharge,35,2545.4545454545455,151674.55651082343,3.4764587751066047,-27.263836618115,-27.263836618115,40765.988560729056,6289.296970609579,-2.237399620053352e-19,3.4764587751066047,19.277460235030812
17,CC-discharge,36,2618.1818181818185,151747.2837835507,3.464365002681881,-27.263836618115,-27.263836618115,41183.683649041785,5835.841579060428,-2.2374014813772115e-19,3.464365002681881,19.82824481317455
17,CC-discharge,37,2690.909090909091,151820.01105627796,3.450822224551536,-27.263836618115,-27.263836618115,41601.37873735389,5382.3861875113835,-2.237400659314353e-19,3.450822224551536,20.379029391318287
17,CC-discharge,38,2763.636363636364,151892.73832900522,3.4354285735253747,-27.263836618115,-27.263836618115,42019.07382566697,4928.930795962283,-2.237400501171414e-19,3.4354285735253747,20.929813969462025
17,CC-discharge,39,2836.3636363636365,151965.46560173252,3.4176924721254807,-27.263836618115,-27.263836618115,42436.76891398009,4475.475404413263,-2.2373999525367853e-19,3.4176924721254807,21.480598547605762
17,CC-discharge,40,2909.0909090909095,152038.19287445978,3.3970166979050793,-27.263836618115,-27.263836618115,42854.46400229248,4022.020012864094,-2.2374007824898017e-19,3.3970166979050793,22.0313831257495
17,CC-discharge,41,2981.818181818182,152110.92014718705,3.372681760131471,-27.263836618115,-27.263836618115,43272.15909060581,3568.56462131493,-2.2373994759074312e-19,3.372681760131471,22.582167703893237
17,CC-discharge,42,3054.545454545455,152183.6474199143,3.3438315449068883,-27.263836618115,-27.263836618115,43689.854178918395,3115.109229765869,-2.2374010985076994e-19,3.3438315449068883,23.132952282036975
17,CC-discharge,43,3127.2727272727275,152256.3746926416,3.3094577759403236,-27.263836618115,-27.263836618115,44107.54926723098,2661.653838216757,-2.2374046300050347e-19,3.3094577759403236,23.683736860180712
17,CC-discharge,44,3200.0000000000005,152329.10196536887,3.2683662385191243,-27.263836618115,-27.263836618115,44525.24435554344,2208.1984466676986,-2.2373984089531245e-19,3.2683662385191243,24.23452143832445
17,CC-discharge,45,3272.727272727273,152401.82923809614,3.218987616783931,-27.263836618115,-27.263836618115,44942.939443856274,1754.7430551185987,-2.2373967114711984e-19,3.218987616783931,24.785306016468187
17,CC-discharge,46,3345.454545454546,152474.55651082343,3.1581024979898484,-27.263836618115,-27.263836618115,45360.63453216867,1301.2876635695707,-2.237396720131777e-19,3.1581024979898484,25.336090594611925
17,CC-discharge,47,3418.1818181818185,152547.2837835507,3.0702489260723898,-27.263836618115,-27.263836618115,45778.32962048126,847.8322720205341,-2.2373992613562874e-19,3.0702489260723898,25.886875172755662
17,CC-discharge,48,3450.199139350502,152579.30110471937,3.0000099999999996,-27.263836618115,-27.263836618115,45962.21494013597,648.203902050713,-2.2373948111038053e-19,3.0000099999999996,26.129351565336968
17,CC-charge,0,3450.199139350502,152579.30110471937,3.715534161214678,27.263836618115,27.263836618115,45962.21494013597,648.203902050713,-2.2373948111038053e-19,3.715534161214678,0.0
17,CC-charge,1,3522.9264120777743,152652.02837744664,3.82128098632045,27.263836618115,27.263836618115,45397.09998663789,1182.701480010142,-2.237396567515793e-19,3.82128098632045,-0.0
17,CC-charge,2,3595.6536848050473,152724.75565017393,3.867592328900486,27.263836618115,27.263836618115,44977.511082698744,1636.1837426253544,-2.237395200255687e-19,3.867592328900486,-0.0
17,CC-charge,3,3668.38095753232,152797.4829229012,3.9050018876489943,27.263836618115,27.263836618115,44559.77865784962,2089.639083011914,-2.237392766699083e-19,3.9050018876489943,-0.0
17,CC-charge,4,3741.108230259593,152870.21019562846,3.9362671052664595,27.263836618115,27.263836618115,44142.083072276975,2543.094474933279,-2.2373915917910464e-19,3.9362671052664595,-0.0
17,CC-charge,5,3813.8355029868653,152942.93746835573,3.9623178217272605,27.263836618115,27.263836618115,43724.387978876985,2996.5498664777697,-2.237391630074961e-19,3.9623178217272605,-0.0
17,CC-charge,6,3886.5627757141383,153015.66474108302,3.98392456258335,27.263836618115,27.263836618115,43306.6928906295,3450.005258026855,-2.237391809773011e-19,3.98392456258335,-0.0
17,CC-charge,7,3959.290048441411,153088.39201381028,4.001827641195846,27.263836618115,27.263836618115,42888.997802315935,3903.4606495758417,-2.2373900000428865e-19,4.001827641195846,-0.0
17,CC-charge,8,4032.017321168684,153161.11928653755,4.016710084179216,27.263836618115,27.263836618115,42471.302714002326,4356.916041124847,-2.237389835859051e-19,4.016710084179216,-0.0
17,CC-charge,9,4104.744593895956,153233.8465592648,4.029175734411853,27.263836618115,27.263836618115,42053.607625688564,4810.371432673854,-2.237389032759332e-19,4.029175734411853,-0.0
17,CC-charge,10,4177.471866623229,153306.5738319921,4.039740137118952,27.263836618115,27.263836618115,41635.912537375254,5263.826824222829,-2.23738847830035e-19,4.039740137118952,-0.0
17,CC-charge,11,4250.199139350502,153379.30110471937,4.048836517166694,27.263836618115,27.263836618115,41218.2174490614,5717.282215771807,-2.237389482572344e-19,4.048836517166694,-0.0
17,CC-charge,12,4322.926412077774,153452.02837744664,4.056822285062497,27.263836618115,27.263836618115,40800.52236074822,6170.737607320764,-2.237389400852082e-19,4.056822285062497,-0.0
17,CC-charge,13,4395.653684805047,153524.75565017393,4.063989983043308,27.263836618115,27.263836618115,40382.827272435024,6624.192998869717,-2.237388890279897e-19,4.063989983043308,-0.0
17,CC-charge,14,4468.38095753232,153597.4829229012,4.070576942375367,27.263836618115,27.263836618115,39965.132184121576,7077.648390418639,-2.2373889142408236e-19,4.070576942375367,-0.0
17,CC-charge,15,4541.108230259593,153670.21019562846,4.076774566655688,27.263836618115,27.263836618115,39547.437095808455,7531.103781967625,-2.237389222948413e-19,4.076774566655688,-0.0
17,CC-charge,16,4613.835502986865,153742.93746835573,4.082736315008277,27.263836618115,27.263836618115,39129.742007495115,7984.559173516302,-2.2373889897644937e-19,4.082736315008277,-0.0
17,CC-charge,17,4686.562775714138,153815.66474108302,4.088585182518098,27.263836618115,27.263836618115,38712.046919182016,8438.01456506525,-2.2373889626206605e-19,4.088585182518098,-0.0
17,CC-charge,18,4759.290048441411,153888.39201381028,4.094418446118481,27.263836618115,27.263836618115,38294.35183086856,8891.469956614143,-2.2373884907293436e-19,4.094418446118481,-0.0
17,CC-charge,19,4832.017321168683,153961.11928653755,4.100313589663195,27.263836618115,27.263836618115,37876.65674255507,9344.925348163086,-2.237388254896057e-19,4.100313589663195,-0.0
17,CC-charge,20,4904.744593895956,154033.8465592648,4.106331585715709,27.263836618115,27.263836618115,37458.961654241815,9798.380739711814,-2.2373883760419377e-19,4.106331585715709,-0.0
17,CC-charge,21,4977.471866623229,154106.5738319921,4.112520111511042,27.263836618115,27.263836618115,37041.26656592845,10251.83613126055,-2.2373883744499187e-19,4.112520111511042,-0.0
17,CC-charge,22,5050.199139350502,154179.30110471937,4.118917859729575,27.263836618115,27.263836618115,36623.57147761517,10705.291522809379,-2.237388374257141e-19,4.118917859729575,-0.0
17,CC-charge,23,5122.926412077775,154252.02837744664,4.125553458198425,27.263836618115,27.263836618115,36205.87638930194,11158.746914358213,-2.2373885263141984e-19,4.125553458198425,-0.0
17,CC-charge,24,5195.653684805047,154324.75565017393,4.132449838856607,27.263836618115,27.263836618115,35788.181300988595,11612.202305906958,-2.237388524418542e-19,4.132449838856607,-0.0
17,CC-charge,25,5268.38095753232,154397.4829229012,4.13962495237736,27.263836618115,27.263836618115,35370.486212675256,12065.657697455812,-2.237388545905131e-19,4.13962495237736,-0.0
17,CC-charge,26,5341.108230259593,154470.21019562846,4.147092911373651,27.263836618115,27.263836618115,34952.791124361895,12519.113089004644,-2.2373885869958127e-19,4.147092911373651,-0.0
17,CC-charge,27,5413.835502986865,154542.93746835573,4.154864952537698,27.263836618115,27.263836618115,34535.09603604867,12972.568480553666,-2.2373885888005434e-19,4.154864952537698,-0.0
17,CC-charge,28,5486.562775714138,154615.66474108302,4.162952124447634,27.263836618115,27.263836618115,34117.40094773525,13426.023872102249,-2.237388592256542e-19,4.162952124447634,-0.0
17,CC-charge,29,5559.290048441411,154688.39201381028,4.171359022640799,27.263836618115,27.263836618115,33699.705859421796,13879.479263651383,-2.2373883422760943e-19,4.171359022640799,-0.0
17,CC-charge,30,5632.017321168683,154761.11928653755,4.180093929029024,27.263836618115,27.263836618115,33282.01077110868,14332.934655200745,-2.2373886020181726e-19,4.180093929029024,-0.0
17,CC-charge,31,5704.744593895957,154833.8465592648,4.189163548726079,27.263836618115,27.263836618115,32864.31568279565,14786.39004674971,-2.2373886388499265e-19,4.189163548726079,-0.0
17,CC-charge,32,5777.471866623229,154906.5738319921,4.198574959157642,27.263836618115,27.263836618115,32446.620594482334,15239.845438298385,-2.2373884591625684e-19,4.198574959157642,-0.0
17,CC-charge,33,5788.178467790722,154917.28043315958,4.199990000000001,27.263836618115,27.263836618115,32385.129292079666,15306.601221136092,-2.237388461829125e-19,4.199990000000001,-0.0
17,CV-charge,0,5788.178467790722,154917.28043315958,4.2,27.288410833939967,27.288410833939967,32385.129292079666,15306.601221136092,-2.237388461829125e-19,4.2,0.0
17,CV-charge,1,5860.905740517995,154990.00770588685,4.200000000000002,24.208060053687174,24.208060053687174,31863.197804388623,15801.66339988329,-2.1305536603130492e-19,4.200000000000002,-0.0
17,CV-charge,2,5933.633013245267,155062.73497861414,4.200000000000001,22.262862235084985,22.262862235084985,31516.744624702413,16181.823096344639,-2.038644275844122e-19,4.200000000000001,-0.0
17,CV-charge,3,6006.36028597254,155135.4622513414,4.2,20.563964369756192,20.563964369756192,31198.738880516605,16532.22734478186,-2.7200850456839675e-19,4.2,-0.0
17,CV-charge,4,6079.087558699813,155208.18952406867,4.2,19.06299541947647,19.06299541947647,30903.86414311945,16856.947932207608,-2.7842147341544464e-19,4.2,-0.0
17,CV-charge,5,6151.814831427086,155280.91679679594,4.199999999999999,17.73080508038151,17.73080508038151,30629.715627636284,17158.645591376353,-2.821808101908707e-19,4.199999999999999,-0.0
17,CV-charge,6,6224.542104154358,155353.64406952323,4.2,16.542419979093953,16.542419979093953,30374.050375155635,17439.832685971,-2.8695880069680976e-19,4.2,-0.0
17,CV-charge,7,6297.269376881631,155426.3713422505,4.200000000000001,15.477202944947424,15.477202944947424,30134.940575127628,17702.666523357686,-2.832767914711877e-19,4.200000000000001,-0.0
17,CV-charge,8,6369.996649608904,155499.09861497776,4.2,14.518069528602428,14.518069528602428,29910.728601901683,17948.999871903074,-2.934439176777073e-19,4.2,-0.0
17,CV-charge,9,6442.723922336177,155571.82588770502,4.2,13.650776276770888,13.650776276770888,29699.98054335803,18180.433702424525,-2.921319024069877e-19,4.2,-0.0
17,CV-charge,10,6515.451195063449,155644.55316043232,4.2,12.86339563563216,12.86339563563216,29501.450612206456,18398.357497587618,-2.8907721624659086e-19,4.2,-0.0
17,CV-charge,11,6588.178467790722,155717.28043315958,4.2,12.14588806798326,12.14588806798326,29314.05180969958,18603.982442888224,-2.7844865752084084e-19,4.2,-0.0
17,CV-charge,12,6660.905740517995,155790.00770588685,4.2,11.489706636231325,11.489706636231325,29136.818556132595,18798.383305722822,-2.87835230861095e-19,4.2,-0.0
17,CV-charge,13,6733.633013245268,155862.73497861414,4.2,10.887655108975887,10.887655108975887,28968.91812100669,18982.486326401682,-2.9870664371608247e-19,4.2,-0.0
17,CV-charge,14,6806.36028597254,155935.4622513414,4.199999999999999,10.333541992955235,10.333541992955235,28809.604072594608,19157.12100910212,-3.041305891525949e-19,4.199999999999999,-0.0
17,CV-charge,15,6879.087558699813,156008.18952406867,4.2,9.822050332121558,9.822050332121558,28658.21328221828,19323.023666507524,-3.0802345642438902e-19,4.2,-0.0
17,CV-charge,16,6951.814831427086,156080.91679679594,4.2,9.348189113618522,9.348189113618522,28514.02857064789,19480.988333536912,-3.082222355644928e-19,4.2,-0.0
17,CV-charge,17,7024.542104154358,156153.64406952323,4.200000000000001,8.908416674962304,8.908416674962304,28376.648326789167,19631.461750754526,-3.0825547630947495e-19,4.200000000000001,-0.0
17,CV-charge,18,7097.269376881631,156226.3713422505,4.199999999999999,8.499277538838093,8.499277538838093,28245.59662859411,19774.97132101818,-3.0821826163957224e-19,4.199999999999999,-0.0
17,CV-charge,19,7169.996649608904,156299.09861497776,4.200000000000001,8.117749382792239,8.117749382792239,28120.444445083147,19911.992091125816,-3.0816370685182394e-19,4.200000000000001,-0.0
17,CV-charge,20,7242.723922336177,156371.82588770502,4.2,7.761184859485732,7.761184859485732,28000.804068618112,20042.953092595762,-3.081654083346612e-19,4.2,-0.0
17,CV-charge,21,7315.45119506345,156444.55316043232,4.2,7.42725591607887,7.42725591607887,27886.32410818092,20168.242944268837,-3.0810384795587015e-19,4.2,-0.0
17,CV-charge,22,7388.178467790722,156517.28043315958,4.2,7.113908405271248,7.113908405271248,27776.68519935898,20288.21465099185,-3.0808148635078547e-19,4.2,-0.0
17,CV-charge,23,7460.905740517995,156590.00770588685,4.200000000000001,6.819327714413193,6.819327714413193,27671.597630407752,20403.188278556674,-3.080844808090401e-19,4.200000000000001,-0.0
17,CV-charge,24,7533.633013245268,156662.73497861414,4.2,6.541898448897142,6.541898448897142,27570.795228614643,20513.457741014674,-3.080802203701355e-19,4.2,-0.0
17,CV-charge,25,7606.36028597254,156735.4622513414,4.200000000000001,6.280182659091812,6.280182659091812,27474.034401348963,20619.291884386843,-3.0809918927302265e-19,4.200000000000001,-0.0
17,CV-charge,26,7679.087558699813,156808.18952406867,4.2,6.032896311922288,6.032896311922288,27381.09152756644,20720.937400072125,-3.0808171849615207e-19,4.2,-0.0
17,CV-charge,27,7751.814831427086,156880.91679679594,4.2,5.798889771050224,5.798889771050224,27291.76086139246,20818.621160749793,-3.0803940307841115e-19,4.2,-0.0
17,CV-charge,28,7824.542104154358,156953.64406952323,4.200000000000001,5.5771311189660056,5.5771311189660056,27205.85269674609,20912.55226446955,-3.079570010597527e-19,4.200000000000001,-0.0
17,CV-charge,29,7897.269376881632,157026.3713422505,4.199999999999999,5.366691857343025,5.366691857343025,27123.191755455573,21002.92382869827,-3.07593519399259e-19,4.199999999999999,-0.0
17,CV-charge,30,7969.996649608904,157099.09861497776,4.199999999999999,5.166734605531098,5.166734605531098,27043.615767615007,21089.914569463916,-3.0722340614299974e-19,4.199999999999999,-0.0
17,CV-charge,31,8042.723922336177,157171.82588770502,4.200000000000001,4.976502483685425,4.976502483685425,26966.97421777172,21173.69019524621,-3.070582111809947e-19,4.200000000000001,-0.0
17,CV-charge,32,8115.45119506345,157244.55316043232,4.2,4.795309921218564,4.795309921218564,26893.127234639425,21254.404640637735,-3.0709810415675942e-19,4.2,-0.0
17,CV-charge,33,8188.178467790722,157317.28043315958,4.2,4.622534675184617,4.622534675184617,26821.944605394023,21332.201161009518,-3.069594559884582e-19,4.2,-0.0
17,CV-charge,34,8260.905740517996,157390.00770588685,4.200000000000001,4.457610879092237,4.457610879092237,26753.304898429345,21407.213306242527,-3.0681770941263267e-19,4.200000000000001,-0.0
17,CV-charge,35,8333.633013245268,157462.73497861414,4.2,4.300022972025195,4.300022972025195,26687.094680804476,21479.56578894162,-3.068197520601821e-19,4.2,-0.0
17,CV-charge,36,8406.36028597254,157535.4622513414,4.200000000000001,4.149300382111391,4.149300382111391,26623.207818593128,21549.375260315268,-3.0675161693129353e-19,4.200000000000001,-0.0
17,CV-charge,37,8479.087558699812,157608.18952406867,4.199999999999999,4.00501285827231,4.00501285827231,26561.544849996495,21616.75100506916,-3.0681514556626657e-19,4.199999999999999,-0.0
17,CV-charge,38,8551.814831427086,157680.91679679594,4.2,3.866766360711106,3.866766360711106,26502.01242249456,21681.795565047443,-3.068859955617258e-19,4.2,-0.0
17,CV-charge,39,8624.542104154358,157753.64406952323,4.2,3.7341994342655584,3.7341994342655584,26444.522786492736,21744.605300055693,-3.0691530755855205e-19,4.2,-0.0
17,CV-charge,40,8697.269376881632,157826.3713422505,4.199999999999998,3.6069800001807812,3.6069800001807812,26388.99333892845,21805.270893160778,-3.0686092733392263e-19,4.199999999999998,-0.0
17,CV-charge,41,8769.996649608904,157899.09861497776,4.2,3.4848025113963836,3.4848025113963836,26335.346211169483,21863.877806785236,-3.0686840670097806e-19,4.2,-0.0
17,CV-charge,42,8842.723922336176,157971.82588770502,4.2,3.3673854244373316,3.3673854244373316,26283.50789625861,21920.506695112974,-3.0692254622162348e-19,4.2,-0.0
17,CV-charge,43,8915.45119506345,158044.55316043232,4.2,3.2544689477217035,3.2544689477217035,26233.40891119269,21975.233777614703,-3.0686404005823344e-19,4.2,-0.0
17,CV-charge,44,8988.178467790722,158117.28043315958,4.199999999999999,3.1458130318036304,3.1458130318036304,26184.98349047081,22028.131177877018,-3.0680316339654846e-19,4.199999999999999,-0.0
17,CV-charge,45,9060.905740517996,158190.00770588685,4.2,3.041195571806289,3.041195571806289,26138.16930758752,22079.26723144776,-3.067760911867488e-19,4.2,-0.0
17,CV-charge,46,9133.633013245268,158262.73497861414,4.2,2.9404107964661645,2.9404107964661645,26092.907221584428,22128.70676590383,-3.0679355088845843e-19,4.2,-0.0
17,CV-charge,47,9206.36028597254,158335.4622513414,4.2,2.843267821574688,2.843267821574688,26049.14104607919,22176.511356014464,-3.067269276289959e-19,4.2,-0.0
17,CV-charge,48,9279.087558699812,158408.18952406867,4.2,2.7495893486230725,2.7495893486230725,26006.817338521218,22222.739556496006,-3.066974633855236e-19,4.2,-0.0
17,CV-charge,49,9297.545194658243,158426.64716002712,4.2,2.7263936618115,2.7263936618115,25996.320646792872,22234.204477995394,-3.067014483373335e-19,4.2,-0.0
18,CC-discharge,0,0.0,158426.64716002712,3.8554575591665965,-27.263836618115,-27.263836618115,25996.320646792872,22234.204477995394,-3.067014483373335e-19,3.8554575591665965,0.0
18,CC-discharge,1,72.72727272727273,158499.37443275438,3.8313697366208257,-27.263836618115,-27.263836618115,26561.440319575704,21699.704643994883,-3.067014142986319e-19,3.8313697366208257,0.5507845781437374
18,CC-discharge,2,145.45454545454547,158572.10170548168,3.8150923732797684,-27.263836618115,-27.263836618115,26981.02810472583,21246.224638714793,-3.067014162846642e-19,3.8150923732797684,1.1015691562874748
18,CC-discharge,3,218.1818181818182,158644.82897820894,3.7999153109797197,-27.263836618115,-27.263836618115,27398.754778331677,20792.769295935235,-3.0670141576596214e-19,3.7999153109797197,1.652353734431212
18,CC-discharge,4,290.90909090909093,158717.5562509362,3.7855726933211793,-27.263836618115,-27.263836618115,27816.452313166556,20339.313905104056,-3.0670141266791575e-19,3.7855726933211793,2.2031383125749495
18,CC-discharge,5,363.6363636363637,158790.28352366347,3.7719026702431453,-27.263836618115,-27.263836618115,28234.147591830642,19885.85851356552,-3.067014110475693e-19,3.7719026702431453,2.753922890718687
18,CC-discharge,6,436.3636363636364,158863.01079639076,3.758798692055744,-27.263836618115,-27.263836618115,28651.84269502737,19432.403122016232,-3.06701411931316e-19,3.758798692055744,3.304707468862424
18,CC-discharge,7,509.0909090909091,158935.73806911803,3.746166574396421,-27.263836618115,-27.263836618115,29069.537784510732,18978.94773046663,-3.0670141177414747e-19,3.746166574396421,3.8554920470061615
18,CC-discharge,8,581.8181818181819,159008.4653418453,3.733949580872637,-27.263836618115,-27.263836618115,29487.23287291579,18525.492338917782,-3.067014112800443e-19,3.733949580872637,4.406276625149899
18,CC-discharge,9,654.5454545454546,159081.19261457256,3.7221002508841896,-27.263836618115,-27.263836618115,29904.92796123595,18072.03694736796,-3.067014120731012e-19,3.7221002508841896,4.9570612032936365
18,CC-discharge,10,727.2727272727274,159153.91988729985,3.7105822141513563,-27.263836618115,-27.263836618115,30322.623049549184,17618.58155581881,-3.067014114974287e-19,3.7105822141513563,5.507845781437374
18,CC-discharge,11,800.0000000000001,159226.64716002712,3.6993673439202794,-27.263836618115,-27.263836618115,30740.318137861865,17165.126164269597,-3.067014118610064e-19,3.6993673439202794,6.0586303595811115
18,CC-discharge,12,872.7272727272727,159299.37443275438,3.688433664455075,-27.263836618115,-27.263836618115,31158.013226174684,16711.670772720463,-3.067014128386806e-19,3.688433664455075,6.609414937724848
18,CC-discharge,13,945.4545454545455,159372.10170548168,3.6777637792697333,-27.263836618115,-27.263836618115,31575.70831448747,16258.215381171234,-3.067014129708714e-19,3.6777637792697333,7.160199515868586
18,CC-discharge,14,1018.1818181818182,159444.82897820894,3.66734366249973,-27.263836618115,-27.263836618115,31993.403402799813,15804.759989622002,-3.067014129129871e-19,3.66734366249973,7.710984094012323
18,CC-discharge,15,1090.909090909091,159517.5562509362,3.657161703109578,-27.263836618115,-27.263836618115,32411.098491112796,15351.304598072224,-3.067014120711776e-19,3.657161703109578,8.26176867215606
18,CC-discharge,16,1163.6363636363637,159590.28352366347,3.6472079237786423,-27.263836618115,-27.263836618115,32828.793579425794,14897.849206523171,-3.067014126533838e-19,3.6472079237786423,8.812553250299798
18,CC-discharge,17,1236.3636363636365,159663.01079639076,3.637473316133872,-27.263836618115,-27.263836618115,33246.48866773832,14444.393814973846,-3.0670141182294625e-19,3.637473316133872,9.363337828443536
18,CC-discharge,18,1309.0909090909092,159735.73806911803,3.6279492472922232,-27.263836618115,-27.263836618115,33664.18375605135,13990.938423424976,-3.067014118942386e-19,3.6279492472922232,9.914122406587273
18,CC-discharge,19,1381.818181818182,159808.4653418453,3.6186269008728367,-27.263836618115,-27.263836618115,34081.87884436453,13537.483031875783,-3.067014118483559e-19,3.6186269008728367,10.46490698473101
18,CC-discharge,20,1454.5454545454547,159881.19261457256,3.6094967203335657,-27.263836618115,-27.263836618115,34499.57393267774,13084.027640326398,-3.0670141154826434e-19,3.6094967203335657,11.015691562874748
18,CC-discharge,21,1527.2727272727275,159953.91988729985,3.6005478255515175,-27.263836618115,-27.263836618115,34917.26902099026,12630.572248777133,-3.0670141157489283e-19,3.6005478255515175,11.566476141018486
18,CC-discharge,22,1600.0000000000002,160026.64716002712,3.591767366537783,-27.263836618115,-27.263836618115,35334.96410930276,12177.116857227982,-3.067014120935435e-19,3.591767366537783,12.117260719162223
18,CC-discharge,23,1672.727272727273,160099.37443275438,3.583139251001541,-27.263836618115,-27.263836618115,35752.6591976156,11723.661465678646,-3.067014146058416e-19,3.583139251001541,12.66804529730596
18,CC-discharge,24,1745.4545454545455,160172.10170548168,3.5746457360360138,-27.263836618115,-27.263836618115,36170.354285928704,11270.206074129623,-3.06701415923665e-19,3.5746457360360138,13.218829875449696
18,CC-discharge,25,1818.1818181818182,160244.82897820894,3.5662622174932257,-27.263836618115,-27.263836618115,36588.04937424153,10816.75068258034,-3.0670141179862156e-19,3.5662622174932257,13.769614453593434
18,CC-discharge,26,1890.909090909091,160317.5562509362,3.55795916983444,-27.263836618115,-27.263836618115,37005.74446255431,10363.29529103114,-3.0670141231564516e-19,3.55795916983444,14.320399031737171
18,CC-discharge,27,1963.6363636363637,160390.28352366347,3.5496997535733965,-27.263836618115,-27.263836618115,37423.43955086731,9909.839899481902,-3.0670139588011594e-19,3.5496997535733965,14.871183609880909
18,CC-discharge,28,2036.3636363636365,160463.01079639076,3.541437943643532,-27.263836618115,-27.263836618115,37841.13463918025,9456.384507932775,-3.067013806546887e-19,3.541437943643532,15.421968188024646
18,CC-discharge,29,2109.0909090909095,160535.73806911803,3.5331161576501273,-27.263836618115,-27.263836618115,38258.82972749315,9002.929116383537,-3.067014139025199e-19,3.5331161576501273,15.972752766168385
18,CC-discharge,30,2181.818181818182,160608.4653418453,3.52466245845945,-27.263836618115,-27.263836618115,38676.52481580599,8549.473724834328,-3.0670132365175747e-19,3.52466245845945,16.52353734431212
18,CC-discharge,31,2254.545454545455,160681.19261457256,3.51598772175947,-27.263836618115,-27.263836618115,39094.219904118734,8096.018333285267,-3.0670125431253447e-19,3.51598772175947,17.07432192245586
18,CC-discharge,32,2327.2727272727275,160753.91988729985,3.5069783594607293,-27.263836618115,-27.263836618115,39511.91499243186,7642.5629417360915,-3.0670125595315643e-19,3.5069783594607293,17.625106500599596
18,CC-discharge,33,2400.0,160826.64716002712,3.497496295828092,-27.263836618115,-27.263836618115,39929.61008074482,7189.107550186693,-3.06701218601345e-19,3.497496295828092,18.175891078743334
18,CC-discharge,34,2472.727272727273,160899.37443275438,3.4873685084140287,-27.263836618115,-27.263836618115,40347.30516905761,6735.652158637552,-3.067010693421919e-19,3.4873685084140287,18.726675656887075
18,CC-discharge,35,2545.4545454545455,160972.10170548168,3.476380025417862,-27.263836618115,-27.263836618115,40765.00025737048,6282.196767088413,-3.0670102269361875e-19,3.476380025417862,19.277460235030812
18,CC-discharge,36,2618.1818181818185,161044.82897820894,3.464265101837895,-27.263836618115,-27.263836618115,41182.69534568315,5828.7413755392745,-3.0670092431786243e-19,3.464265101837895,19.82824481317455
18,CC-discharge,37,2690.909090909091,161117.5562509362,3.4506958197051985,-27.263836618115,-27.263836618115,41600.39043399562,5375.2859839900275,-3.0670111601626573e-19,3.4506958197051985,20.379029391318287
18,CC-discharge,38,2763.636363636364,161190.28352366347,3.435269075286112,-27.263836618115,-27.263836618115,42018.085522308524,4921.83059244087,-3.0670121116382883e-19,3.435269075286112,20.929813969462025
18,CC-discharge,39,2836.3636363636365,161263.01079639076,3.4174918222973423,-27.263836618115,-27.263836618115,42435.78061062055,4468.375200891794,-3.0670115649002946e-19,3.4174918222973423,21.480598547605762
18,CC-discharge,40,2909.0909090909095,161335.73806911803,3.396765121898237,-27.263836618115,-27.263836618115,42853.47569893314,4014.919809342736,-3.0670119917161547e-19,3.396765121898237,22.0313831257495
18,CC-discharge,41,2981.818181818182,161408.4653418453,3.372367555111284,-27.263836618115,-27.263836618115,43271.170787245785,3561.464417793653,-3.0670120728113784e-19,3.372367555111284,22.582167703893237
18,CC-discharge,42,3054.545454545455,161481.19261457256,3.34344085026514,-27.263836618115,-27.263836618115,43688.86587555904,3108.009026244597,-3.067013431602412e-19,3.34344085026514,23.132952282036975
18,CC-discharge,43,3127.2727272727275,161553.91988729985,3.308974346160255,-27.263836618115,-27.263836618115,44106.560963871576,2654.553634695537,-3.0670120175464763e-19,3.308974346160255,23.683736860180712
18,CC-discharge,44,3200.0000000000005,161626.64716002712,3.2677704155914906,-27.263836618115,-27.263836618115,44524.256052184595,2201.098243146481,-3.067011049293111e-19,3.2677704155914906,24.23452143832445
18,CC-discharge,45,3272.727272727273,161699.37443275438,3.218249703800729,-27.263836618115,-27.263836618115,44941.951140496836,1747.6428515974387,-3.0670165946370005e-19,3.218249703800729,24.785306016468187
18,CC-discharge,46,3345.454545454546,161772.10170548168,3.1571364587294406,-27.263836618115,-27.263836618115,45359.64622880938,1294.1874600483823,-3.067022356818318e-19,3.1571364587294406,25.336090594611925
18,CC-discharge,47,3418.1818181818185,161844.82897820894,3.0684708503422966,-27.263836618115,-27.263836618115,45777.34131712168,840.7320684993574,-3.0670285083383836e-19,3.0684708503422966,25.886875172755662
18,CC-discharge,48,3449.1052743222444,161875.75243434936,3.0000099999999987,-27.263836618115,-27.263836618115,45954.94423359484,647.9239597065264,-3.067022075075239e-19,3.0000099999999987,26.12106741050011
18,CC-charge,0,3449.1052743222444,161875.75243434936,3.715497878666224,27.263836618115,27.263836618115,45954.94423359484,647.9239597065264,-3.067022075075239e-19,3.715497878666224,0.0
18,CC-charge,1,3521.832547049517,161948.47970707662,3.8213143830507605,27.263836618115,27.263836618115,45389.82928012956,1182.42153769613,-3.0670237841162757e-19,3.8213143830507605,-0.0
18,CC-charge,2,3594.55981977679,162021.20697980392,3.8676309150427772,27.263836618115,27.263836618115,44970.240389111124,1635.903800129843,-3.06702078322591e-19,3.8676309150427772,-0.0
18,CC-charge,3,3667.2870925040625,162093.93425253118,3.90504320751592,27.263836618115,27.263836618115,44552.507951515116,2089.359140668911,-3.067020073246007e-19,3.90504320751592,-0.0
18,CC-charge,4,3740.0143652313354,162166.66152525845,3.9363113017849662,27.263836618115,27.263836618115,44134.81236573781,2542.814532589041,-3.0670180447385105e-19,3.9363113017849662,-0.0
18,CC-charge,5,3812.741637958608,162239.3887979857,3.9623651347739046,27.263836618115,27.263836618115,43717.11727233411,2996.2699241336477,-3.0670179746111834e-19,3.9623651347739046,-0.0
18,CC-charge,6,3885.468910685881,162312.116070713,3.983975114611022,27.263836618115,27.263836618115,43299.422184087016,3449.725315682713,-3.06701803763812e-19,3.983975114611022,-0.0
18,CC-charge,7,3958.1961834131534,162384.84334344027,4.001881474357176,27.263836618115,27.263836618115,42881.72709577314,3903.1807072316506,-3.067018752543892e-19,4.001881474357176,-0.0
18,CC-charge,8,4030.9234561404264,162457.57061616753,4.01676720241068,27.263836618115,27.263836618115,42464.032007459755,4356.636098780581,-3.0670197366496718e-19,4.01676720241068,-0.0
18,CC-charge,9,4103.650728867699,162530.2978888948,4.029236128453859,27.263836618115,27.263836618115,42046.33691914634,4810.091490329561,-3.067019677340105e-19,4.029236128453859,-0.0
18,CC-charge,10,4176.3780015949715,162603.0251616221,4.039803799816974,27.263836618115,27.263836618115,41628.64183083252,5263.546881878505,-3.0670204029191416e-19,4.039803799816974,-0.0
18,CC-charge,11,4249.105274322244,162675.75243434936,4.048903447548602,27.263836618115,27.263836618115,41210.94674251905,5717.002273427459,-3.067020787404753e-19,4.048903447548602,-0.0
18,CC-charge,12,4321.832547049517,162748.47970707662,4.056892491253993,27.263836618115,27.263836618115,40793.25165420578,6170.457664976252,-3.0670206896340705e-19,4.056892491253993,-0.0
18,CC-charge,13,4394.55981977679,162821.20697980392,4.064063481338813,27.263836618115,27.263836618115,40375.55656589276,6623.913056525074,-3.0670203937476325e-19,4.064063481338813,-0.0
18,CC-charge,14,4467.2870925040625,162893.93425253118,4.070653756110824,27.263836618115,27.263836618115,39957.86147757978,7077.368448073906,-3.067020729995549e-19,4.070653756110824,-0.0
18,CC-charge,15,4540.014365231335,162966.66152525845,4.076854724623984,27.263836618115,27.263836618115,39540.16638926643,7530.823839623029,-3.0670210684110263e-19,4.076854724623984,-0.0
18,CC-charge,16,4612.741637958608,163039.3887979857,4.082819849807521,27.263836618115,27.263836618115,39122.47130095288,7984.279231171977,-3.067021295443817e-19,4.082819849807521,-0.0
18,CC-charge,17,4685.4689106858805,163112.116070713,4.088672129486542,27.263836618115,27.263836618115,38704.77621264018,8437.734622720736,-3.067021243219767e-19,4.088672129486542,-0.0
18,CC-charge,18,4758.196183413153,163184.84334344027,4.094508841840992,27.263836618115,27.263836618115,38287.08112432634,8891.190014269478,-3.067021430347366e-19,4.094508841840992,-0.0
18,CC-charge,19,4830.923456140426,163257.57061616753,4.100407471210872,27.263836618115,27.263836618115,37869.38603601314,9344.645405818545,-3.0670215470567274e-19,4.100407471210872,-0.0
18,CC-charge,20,4903.650728867699,163330.2978888948,4.106428990260916,27.263836618115,27.263836618115,37451.69094770007,9798.100797367317,-3.0670214918035133e-19,4.106428990260916,-0.0
18,CC-charge,21,4976.378001594972,163403.0251616221,4.112621075549068,27.263836618115,27.263836618115,37033.99585938659,10251.556188916222,-3.0670214903516606e-19,4.112621075549068,-0.0
18,CC-charge,22,5049.105274322244,163475.75243434936,4.119022420522128,27.263836618115,27.263836618115,36616.300771073176,10705.011580465063,-3.067021491944206e-19,4.119022420522128,-0.0
18,CC-charge,23,5121.832547049517,163548.47970707662,4.125661652494429,27.263836618115,27.263836618115,36198.605682760215,11158.466972014432,-3.067021557125219e-19,4.125661652494429,-0.0
18,CC-charge,24,5194.55981977679,163621.20697980392,4.13256170396042,27.263836618115,27.263836618115,35780.91059444717,11611.922363563343,-3.0670215593850103e-19,4.13256170396042,-0.0
18,CC-charge,25,5267.2870925040625,163693.93425253118,4.139740527147222,27.263836618115,27.263836618115,35363.215506133456,12065.377755112211,-3.0670215650791686e-19,4.139740527147222,-0.0
18,CC-charge,26,5340.014365231335,163766.66152525845,4.147212237340569,27.263836618115,27.263836618115,34945.52041782014,12518.833146661073,-3.067021553529292e-19,4.147212237340569,-0.0
18,CC-charge,27,5412.741637958608,163839.3887979857,4.1549880754953685,27.263836618115,27.263836618115,34527.82532950712,12972.28853820942,-3.0670215219627856e-19,4.1549880754953685,-0.0
18,CC-charge,28,5485.4689106858805,163912.116070713,4.1630790960391435,27.263836618115,27.263836618115,34110.13024119368,13425.743929758255,-3.0670215205784604e-19,4.1630790960391435,-0.0
18,CC-charge,29,5558.196183413154,163984.84334344027,4.171489904265696,27.263836618115,27.263836618115,33692.43515288043,13879.199321306844,-3.06702181047427e-19,4.171489904265696,-0.0
18,CC-charge,30,5630.923456140426,164057.57061616753,4.1802287936625735,27.263836618115,27.263836618115,33274.74006456733,14332.654712855936,-3.0670217492406536e-19,4.1802287936625735,-0.0
18,CC-charge,31,5703.650728867699,164130.2978888948,4.189302485219958,27.263836618115,27.263836618115,32857.04497625386,14786.110104404717,-3.0670214103579495e-19,4.189302485219958,-0.0
18,CC-charge,32,5776.378001594972,164203.0251616221,4.198718077291356,27.263836618115,27.263836618115,32439.34988794046,15239.565495953164,-3.0670212401071873e-19,4.198718077291356,-0.0
18,CC-charge,33,5785.999310923988,164212.6464709511,4.199990000000001,27.263836618115,27.263836618115,32384.09175025473,15299.55447155192,-3.067021241607068e-19,4.199990000000001,-0.0
18,CV-charge,0,5785.999310923988,164212.6464709511,4.2,27.28843239522211,27.28843239522211,32384.09175025473,15299.55447155192,-3.067021241607068e-19,4.2,0.0
18,CV-charge,1,5858.726583651261,164285.37374367836,4.200000000000001,24.2082873209848,24.2082873209848,31862.156997998743,15794.619638422517,-2.987101694173974e-19,4.200000000000001,-0.0
18,CV-charge,2,5931.453856378533,164358.10101640565,4.2,22.26321635564663,22.26321635564663,31515.698551061214,16174.78467757484,-2.888359564671234e-19,4.2,-0.0
18,CV-charge,3,6004.181129105806,164430.8282891329,4.2,20.564400110029396,20.564400110029396,31197.685908299813,16525.196105650943,-3.181154745530902e-19,4.2,-0.0
18,CV-charge,4,6076.908401833079,164503.55556186018,4.199999999999999,19.06348230912669,19.06348230912669,30902.803724536556,16849.924602739786,-3.2548172091314557e-19,4.199999999999999,-0.0
18,CV-charge,5,6149.635674560352,164576.28283458744,4.2,17.73131969275749,17.73131969275749,30628.647255541346,17151.63079887114,-3.271470778592808e-19,4.2,-0.0
18,CV-charge,6,6222.362947287624,164649.01010731474,4.199999999999999,16.542945657200303,16.542945657200303,30372.973870342965,17432.826678317866,-3.373771013493294e-19,4.199999999999999,-0.0
18,CV-charge,7,6295.090220014897,164721.737380042,4.199999999999999,15.477727542494748,15.477727542494748,30133.855938090484,17695.66933912009,-3.385881246715082e-19,4.199999999999999,-0.0
18,CV-charge,8,6367.81749274217,164794.46465276927,4.199999999999998,14.51858441557745,14.51858441557745,29909.63597506632,17942.01138449123,-3.374201160357884e-19,4.199999999999998,-0.0
18,CV-charge,9,6440.544765469443,164867.19192549653,4.2,13.651275249464163,13.651275249464163,29698.88016506587,18173.45367319543,-3.33879257925391e-19,4.2,-0.0
18,CV-charge,10,6513.272038196715,164939.91919822383,4.2,12.86387425181525,12.86387425181525,29500.34277382782,18391.385624869115,-3.34927124485581e-19,4.2,-0.0
18,CV-charge,11,6585.999310923988,165012.6464709511,4.2,12.146343297047384,12.146343297047384,29312.936867542485,18597.018349605365,-3.2333249004696817e-19,4.2,-0.0
18,CV-charge,12,6658.726583651261,165085.37374367836,4.199999999999999,11.489742373723393,11.489742373723393,29135.58869898204,18791.545284535998,-3.1884667988934546e-19,4.199999999999999,-0.0
18,CV-charge,13,6731.453856378534,165158.10101640565,4.200000000000001,10.887695948797903,10.887695948797903,28967.687535787638,18975.649029999993,-3.2688547750111447e-19,4.200000000000001,-0.0
18,CV-charge,14,6804.181129105806,165230.8282891329,4.2,10.333174815014925,10.333174815014925,28808.253566461397,19150.4152190014,-3.2659398431097615e-19,4.2,-0.0
18,CV-charge,15,6876.908401833079,165303.55556186018,4.200000000000001,9.821303006958882,9.821303006958882,28656.74514714943,19316.446725938815,-3.266965228695927e-19,4.200000000000001,-0.0
18,CV-charge,16,6949.635674560352,165376.28283458744,4.2,9.34749363154345,9.34749363154345,28512.57109256077,19474.399574289753,-3.26664354441368e-19,4.2,-0.0
18,CV-charge,17,7022.362947287624,165449.01010731474,4.2,8.907765485251536,8.907765485251536,28375.200911703192,19624.861932118616,-3.2662403324270307e-19,4.2,-0.0
18,CV-charge,18,7095.090220014897,165521.737380042,4.2,8.49866373465164,8.49866373465164,28244.15868885831,19768.36109979456,-3.266147754789335e-19,4.2,-0.0
18,CV-charge,19,7167.81749274217,165594.46465276927,4.2,8.117167086291024,8.117167086291024,28119.01548792805,19905.37202051649,-3.2664599858645345e-19,4.2,-0.0
18,CV-charge,20,7240.544765469443,165667.19192549653,4.2,7.76062904162923,7.76062904162923,27999.383679661052,20036.32363799953,-3.265749691511518e-19,4.2,-0.0
18,CV-charge,21,7313.272038196716,165739.91919822383,4.2,7.426722261309633,7.426722261309633,27884.911940352315,20161.60449579452,-3.2657377862657527e-19,4.2,-0.0
18,CV-charge,22,7385.999310923988,165812.6464709511,4.2,7.113393200264085,7.113393200264085,27775.280963468802,20281.56753404328,-3.2656674802393547e-19,4.2,-0.0
18,CV-charge,23,7458.726583651261,165885.37374367836,4.2,6.818827743489821,6.818827743489821,27670.201082487107,20396.53276795099,-3.2657136130245456e-19,4.2,-0.0
18,CV-charge,24,7531.453856378534,165958.10101640565,4.2,6.541410944020801,6.541410944020801,27569.40617227216,20506.794058455835,-3.265811112008344e-19,4.2,-0.0
18,CV-charge,25,7604.181129105806,166030.8282891329,4.2,6.279705224275417,6.279705224275417,27472.652677674683,20612.620209774042,-3.265761947627603e-19,4.2,-0.0
18,CV-charge,26,7676.908401833079,166103.55556186018,4.2,6.0324268703095765,6.0324268703095765,27379.717010077606,20714.2578771142,-3.265789578981145e-19,4.2,-0.0
18,CV-charge,27,7749.635674560352,166176.28283458744,4.2,5.798426520714344,5.798426520714344,27290.39345174361,20811.93390176085,-3.266770650880863e-19,4.2,-0.0
18,CV-charge,28,7822.362947287624,166249.01010731474,4.2,5.576672495707723,5.576672495707723,27204.492321014164,20905.857354517695,-3.265342701673553e-19,4.2,-0.0
18,CV-charge,29,7895.090220014898,166321.737380042,4.199999999999999,5.366236503294941,5.366236503294941,27121.838360923113,20996.221329195672,-3.264794089161083e-19,4.199999999999999,-0.0
18,CV-charge,30,7967.81749274217,166394.46465276927,4.2,5.166281342544541,5.166281342544541,27042.26931996356,21083.204521296,-3.2659590730668365e-19,4.2,-0.0
18,CV-charge,31,8040.544765469443,166467.19192549653,4.2,4.976050290718098,4.976050290718098,26965.6346986322,21166.972621500267,-3.266957521107667e-19,4.2,-0.0
18,CV-charge,32,8113.272038196716,166539.91919822383,4.199999999999999,4.794857915058909,4.794857915058909,26891.794639445474,21247.6795489942,-3.265182359547906e-19,4.199999999999999,-0.0
18,CV-charge,33,8185.999310923988,166612.6464709511,4.200000000000001,4.622082093956401,4.622082093956401,26820.61894148894,21325.468545846787,-3.263897522975809e-19,4.200000000000001,-0.0
18,CV-charge,34,8258.72658365126,166685.37374367836,4.199999999999999,4.457157068113879,4.457157068113879,26751.9861833968,21400.473150491332,-3.261966967121592e-19,4.199999999999999,-0.0
18,CV-charge,35,8331.453856378534,166758.10101640565,4.2,4.299567371646958,4.299567371646958,26685.782940991554,21472.818065731237,-3.2612634361149303e-19,4.2,-0.0
18,CV-charge,36,8404.181129105806,166830.8282891329,4.2,4.148842517217792,4.148842517217792,26621.903087793256,21542.619934429997,-3.259430462110669e-19,4.2,-0.0
18,CV-charge,37,8476.90840183308,166903.55556186018,4.2,4.004552329203098,4.004552329203098,26560.247168276732,21609.98803425438,-3.258984229920825e-19,4.2,-0.0
18,CV-charge,38,8549.635674560352,166976.28283458744,4.2,3.8663028353792703,3.8663028353792703,26500.721835143962,21675.0249011712,-3.258136963289658e-19,4.2,-0.0
18,CV-charge,39,8622.362947287624,167049.01010731474,4.2,3.733732641301023,3.733732641301023,26443.23934307873,21737.826890156543,-3.2579288122760035e-19,4.2,-0.0
18,CV-charge,40,8695.090220014898,167121.737380042,4.2,3.606509722946275,3.606509722946275,26387.7170924488,21798.484680385838,-3.257142662084841e-19,4.2,-0.0
18,CV-charge,41,8767.81749274217,167194.46465276927,4.200000000000001,3.4843285827366164,3.4843285827366164,26334.07721728139,21857.083731243874,-3.2571237133131666e-19,4.200000000000001,-0.0
18,CV-charge,42,8840.544765469444,167267.19192549653,4.2,3.366907722069854,3.366907722069854,26282.246212583043,21913.704694646767,-3.256467554021884e-19,4.2,-0.0
18,CV-charge,43,8913.272038196716,167339.91919822383,4.199999999999998,3.253987390168266,3.253987390168266,26232.15459668226,21968.42378849399,-3.2562490838840706e-19,4.199999999999998,-0.0
18,CV-charge,44,8985.999310923988,167412.6464709511,4.200000000000001,3.145327574776186,3.145327574776186,26183.736604830436,22021.313135443652,-3.256088027358862e-19,4.200000000000001,-0.0
18,CV-charge,45,9058.72658365126,167485.37374367836,4.2,3.0407062050007605,3.0407062050007605,26136.929910750103,22072.441070692283,-3.255695845991883e-19,4.2,-0.0
18,CV-charge,46,9131.453856378534,167558.10101640565,4.199999999999999,2.9399175406856095,2.9399175406856095,26091.675373227674,22121.87242200023,-3.255938703593958e-19,4.199999999999999,-0.0
18,CV-charge,47,9204.181129105806,167630.8282891329,4.199999999999998,2.8427707261396056,2.8427707261396056,26047.916805183017,22169.668764807077,-3.2562582079376403e-19,4.199999999999998,-0.0
18,CV-charge,48,9276.90840183308,167703.55556186018,4.200000000000001,2.7490884890321974,2.7490884890321974,26005.600762961818,22215.88865494799,-3.2559095962244205e-19,4.200000000000001,-0.0
18,CV-charge,49,9294.964736181862,167721.61189620895,4.199999999999999,2.7263936618115006,2.7263936618115006,25995.333106675313,22227.10343030626,-3.2559066894281834e-19,4.199999999999999,-0.0
19,CC-discharge,0,0.0,167721.61189620895,3.8554792972110286,-27.263836618115,-27.263836618115,25995.333106675313,22227.10343030626,-3.2559066894281834e-19,3.8554792972110286,0.0
19,CC-discharge,1,72.72727272727273,167794.33916893622,3.83138554534603,-27.263836618115,-27.263836618115,26560.452773793917,21692.603602400755,-3.255906492650097e-19,3.83138554534603,0.5507845781437374
19,CC-discharge,2,145.45454545454547,167867.0664416635,3.815104951233455,-27.263836618115,-27.263836618115,26980.040551238162,21239.123591114527,-3.255906552883035e-19,3.815104951233455,1.1015691562874748
19,CC-discharge,3,218.1818181818182,167939.79371439078,3.7999253521963037,-27.263836618115,-27.263836618115,27397.76723687293,20785.6682482475,-3.255906518111356e-19,3.7999253521963037,1.652353734431212
19,CC-discharge,4,290.90909090909093,168012.52098711804,3.7855807432587123,-27.263836618115,-27.263836618115,27815.464772920015,20332.212857415725,-3.255906505730626e-19,3.7855807432587123,2.2031383125749495
19,CC-discharge,5,363.6363636363637,168085.2482598453,3.771909119749378,-27.263836618115,-27.263836618115,28233.160051701594,19878.757465876868,-3.255906513347994e-19,3.771909119749378,2.753922890718687
19,CC-discharge,6,436.3636363636364,168157.9755325726,3.758803857831968,-27.263836618115,-27.263836618115,28650.855154908775,19425.302074327738,-3.2559065095788147e-19,3.758803857831968,3.304707468862424
19,CC-discharge,7,509.0909090909091,168230.70280529986,3.746170673484485,-27.263836618115,-27.263836618115,29068.550244392856,18971.84668277858,-3.255906507929317e-19,3.746170673484485,3.8554920470061615
19,CC-discharge,8,581.8181818181819,168303.43007802713,3.733952798873996,-27.263836618115,-27.263836618115,29486.245332797942,18518.391291229404,-3.2559065038566336e-19,3.733952798873996,4.406276625149899
19,CC-discharge,9,654.5454545454546,168376.1573507544,3.7221027357800236,-27.263836618115,-27.263836618115,29903.94042111866,18064.935899679862,-3.25590649706661e-19,3.7221027357800236,4.9570612032936365
19,CC-discharge,10,727.2727272727274,168448.8846234817,3.7105840845001725,-27.263836618115,-27.263836618115,30321.635509431642,17611.480508130546,-3.255906494298744e-19,3.7105840845001725,5.507845781437374
19,CC-discharge,11,800.0000000000001,168521.61189620895,3.699368694615077,-27.263836618115,-27.263836618115,30739.330597744203,17158.025116581197,-3.2559064940359933e-19,3.699368694615077,6.0586303595811115
19,CC-discharge,12,872.7272727272727,168594.33916893622,3.6884345706994557,-27.263836618115,-27.263836618115,31157.02568605642,16704.569725032205,-3.2559064994142957e-19,3.6884345706994557,6.609414937724848
19,CC-discharge,13,945.4545454545455,168667.0664416635,3.677764299193003,-27.263836618115,-27.263836618115,31574.720774369183,16251.114333483505,-3.255906503450363e-19,3.677764299193003,7.160199515868586
19,CC-discharge,14,1018.1818181818182,168739.79371439078,3.6673438386738266,-27.263836618115,-27.263836618115,31992.415862682217,15797.658941933909,-3.255906505435824e-19,3.6673438386738266,7.710984094012323
19,CC-discharge,15,1090.909090909091,168812.52098711804,3.657161563116541,-27.263836618115,-27.263836618115,32410.110950995,15344.203550384838,-3.2559065174288117e-19,3.657161563116541,8.26176867215606
19,CC-discharge,16,1163.6363636363637,168885.2482598453,3.6472074798986305,-27.263836618115,-27.263836618115,32827.80603930748,14890.748158835551,-3.2559065002089055e-19,3.6472074798986305,8.812553250299798
19,CC-discharge,17,1236.3636363636365,168957.9755325726,3.63747256415646,-27.263836618115,-27.263836618115,33245.50112761984,14437.29276728637,-3.2559065020770065e-19,3.63747256415646,9.363337828443536
19,CC-discharge,18,1309.0909090909092,169030.70280529986,3.6279481643961864,-27.263836618115,-27.263836618115,33663.19621593286,13983.837375737156,-3.2559065067690143e-19,3.6279481643961864,9.914122406587273
19,CC-discharge,19,1381.818181818182,169103.43007802713,3.6186254424646913,-27.263836618115,-27.263836618115,34080.891304245306,13530.38198418757,-3.2559065205776436e-19,3.6186254424646913,10.46490698473101
19,CC-discharge,20,1454.5454545454547,169176.1573507544,3.609494815678044,-27.263836618115,-27.263836618115,34498.58639255788,13076.926592638289,-3.255906521415952e-19,3.609494815678044,11.015691562874748
19,CC-discharge,21,1527.2727272727275,169248.8846234817,3.6005453719695,-27.263836618115,-27.263836618115,34916.2814808702,12623.47120108911,-3.2559065147695276e-19,3.6005453719695,11.566476141018486
19,CC-discharge,22,1600.0000000000002,169321.61189620895,3.5917642218456143,-27.263836618115,-27.263836618115,35333.97656918267,12170.015809539915,-3.255906512997109e-19,3.5917642218456143,12.117260719162223
19,CC-discharge,23,1672.727272727273,169394.33916893622,3.5831352285901854,-27.263836618115,-27.263836618115,35751.67165749506,11716.560417990611,-3.255906500515681e-19,3.5831352285901854,12.66804529730596
19,CC-discharge,24,1745.4545454545455,169467.0664416635,3.574640577110313,-27.263836618115,-27.263836618115,36169.36674580844,11263.105026441524,-3.2559064902009747e-19,3.574640577110313,13.218829875449696
19,CC-discharge,25,1818.1818181818182,169539.79371439078,3.5662555920189205,-27.263836618115,-27.263836618115,36587.06183412081,10809.64963489224,-3.2559065190541016e-19,3.5662555920189205,13.769614453593434
19,CC-discharge,26,1890.909090909091,169612.52098711804,3.557950651717814,-27.263836618115,-27.263836618115,37004.756922433706,10356.19424334343,-3.2559065186326267e-19,3.557950651717814,14.320399031737171
19,CC-discharge,27,1963.6363636363637,169685.2482598453,3.5496887965315826,-27.263836618115,-27.263836618115,37422.452010746725,9902.738851794245,-3.255906790843695e-19,3.5496887965315826,14.871183609880909
19,CC-discharge,28,2036.3636363636365,169757.9755325726,3.541423849794345,-27.263836618115,-27.263836618115,37840.14709905942,9449.283460245013,-3.255906830451093e-19,3.541423849794345,15.421968188024646
19,CC-discharge,29,2109.0909090909095,169830.70280529986,3.5330980392432707,-27.263836618115,-27.263836618115,38257.842187372575,8995.82806869588,-3.255906506743162e-19,3.5330980392432707,15.972752766168385
19,CC-discharge,30,2181.818181818182,169903.43007802713,3.524639191349622,-27.263836618115,-27.263836618115,38675.537275685194,8542.372677146821,-3.255907095709447e-19,3.524639191349622,16.52353734431212
19,CC-discharge,31,2254.545454545455,169976.1573507544,3.5159578817407975,-27.263836618115,-27.263836618115,39093.23236399806,8088.917285597533,-3.2559059428667925e-19,3.5159578817407975,17.07432192245586
19,CC-discharge,32,2327.2727272727275,170048.8846234817,3.506940165217755,-27.263836618115,-27.263836618115,39510.92745231038,7635.461894048334,-3.255907199987597e-19,3.506940165217755,17.625106500599596
19,CC-discharge,33,2400.0,170121.61189620895,3.4974475156731484,-27.263836618115,-27.263836618115,39928.62254062307,7182.0065024991445,-3.2559045980515613e-19,3.4974475156731484,18.175891078743334
19,CC-discharge,34,2472.727272727273,170194.33916893622,3.487306333630731,-27.263836618115,-27.263836618115,40346.317628935714,6728.5511109499685,-3.255901709595626e-19,3.487306333630731,18.726675656887075
19,CC-discharge,35,2545.4545454545455,170267.0664416635,3.476300962149491,-27.263836618115,-27.263836618115,40764.01271724874,6275.095719401039,-3.2559008834630164e-19,3.476300962149491,19.277460235030812
19,CC-discharge,36,2618.1818181818185,170339.79371439078,3.464164808916386,-27.263836618115,-27.263836618115,41181.70780556127,5821.640327851996,-3.255902948922169e-19,3.464164808916386,19.82824481317455
19,CC-discharge,37,2690.909090909091,170412.52098711804,3.450568925818836,-27.263836618115,-27.263836618115,41599.40289387394,5368.184936302612,-3.2559014317326127e-19,3.450568925818836,20.379029391318287
19,CC-discharge,38,2763.636363636364,170485.2482598453,3.4351089689218304,-27.263836618115,-27.263836618115,42017.09798218678,4914.729544753616,-3.255899419943274e-19,3.4351089689218304,20.929813969462025
19,CC-discharge,39,2836.3636363636365,170557.9755325726,3.4172904191620415,-27.263836618115,-27.263836618115,42434.79307049929,4461.274153204482,-3.2559000398310984e-19,3.4172904191620415,21.480598547605762
19,CC-discharge,40,2909.0909090909095,170630.70280529986,3.3965126174106843,-27.263836618115,-27.263836618115,42852.48815881166,4007.8187616554105,-3.255899205542216e-19,3.3965126174106843,22.0313831257495
19,CC-discharge,41,2981.818181818182,170703.43007802713,3.3720522123653534,-27.263836618115,-27.263836618115,43270.18324712408,3554.363370106384,-3.2559022749529296e-19,3.3720522123653534,22.582167703893237
19,CC-discharge,42,3054.545454545455,170776.1573507544,3.343048771652964,-27.263836618115,-27.263836618115,43687.87833543757,3100.9079785573663,-3.2559083499796657e-19,3.343048771652964,23.132952282036975
19,CC-discharge,43,3127.2727272727275,170848.8846234817,3.3084892425181636,-27.263836618115,-27.263836618115,44105.57342375026,2647.452587008239,-3.255905157037662e-19,3.3084892425181636,23.683736860180712
19,CC-discharge,44,3200.0000000000005,170921.61189620895,3.2671725493512627,-27.263836618115,-27.263836618115,44523.26851206254,2193.9971954591742,-3.2559124451138543e-19,3.2671725493512627,24.23452143832445
19,CC-discharge,45,3272.727272727273,170994.33916893622,3.2175090642568405,-27.263836618115,-27.263836618115,44940.96360037517,1740.5418039101232,-3.255914727591213e-19,3.2175090642568405,24.785306016468187
19,CC-discharge,46,3345.454545454546,171067.0664416635,3.1561702637904356,-27.263836618115,-27.263836618115,45358.65868868761,1287.086412361072,-3.255913987410214e-19,3.1561702637904356,25.336090594611925
19,CC-discharge,47,3418.1818181818185,171139.79371439078,3.066662754201422,-27.263836618115,-27.263836618115,45776.353776999764,833.6310208120419,-3.2559143987076667e-19,3.066662754201422,25.886875172755662
19,CC-discharge,48,3448.0111415860924,171169.62303779504,3.000009999999999,-27.263836618115,-27.263836618115,45947.67275276265,647.6448423580359,-3.255907067881334e-19,3.000009999999999,26.112781228234283
19,CC-charge,0,3448.0111415860924,171169.62303779504,3.715461688684183,27.263836618115,27.263836618115,45947.67275276265,647.6448423580359,-3.255907067881334e-19,3.715461688684183,0.0
19,CC-charge,1,3520.738414313365,171242.3503105223,3.8213478134094876,27.263836618115,27.263836618115,45382.55779934459,1182.1424203645738,-3.2559113435145605e-19,3.8213478134094876,-0.0
19,CC-charge,2,3593.465687040638,171315.0775832496,3.8676695389019335,27.263836618115,27.263836618115,44962.9689212166,1635.6246826300578,-3.255911458293081e-19,3.8676695389019335,-0.0
19,CC-charge,3,3666.1929597679105,171387.80485597686,3.905084570487186,27.263836618115,27.263836618115,44545.236470890246,2089.080023321669,-3.255912931760631e-19,3.905084570487186,-0.0
19,CC-charge,4,3738.9202324951834,171460.53212870413,3.93635554509542,27.263836618115,27.263836618115,44127.54088491001,2542.5354152405725,-3.2559107152176076e-19,3.93635554509542,-0.0
19,CC-charge,5,3811.647505222456,171533.2594014314,3.9624124970706807,27.263836618115,27.263836618115,43709.84579150312,2995.9908067851793,-3.2559109425389395e-19,3.9624124970706807,-0.0
19,CC-charge,6,3884.374777949729,171605.9866741587,3.9840257177107357,27.263836618115,27.263836618115,43292.150703256266,3449.446198334253,-3.2559111418183683e-19,3.9840257177107357,-0.0
19,CC-charge,7,3957.1020506770014,171678.71394688595,4.001935360136379,27.263836618115,27.263836618115,42874.455614943196,3902.901589883128,-3.2559107307860934e-19,4.001935360136379,-0.0
19,CC-charge,8,4029.8293234042744,171751.44121961322,4.016824374725256,27.263836618115,27.263836618115,42456.76052662969,4356.3569814320135,-3.2559108949034663e-19,4.016824374725256,-0.0
19,CC-charge,9,4102.556596131547,171824.16849234048,4.029296578057349,27.263836618115,27.263836618115,42039.06543831693,4809.812372980888,-3.2559101008000503e-19,4.029296578057349,-0.0
19,CC-charge,10,4175.28386885882,171896.89576506778,4.039867519597877,27.263836618115,27.263836618115,41621.37035000386,5263.267764529922,-3.255909554981898e-19,4.039867519597877,-0.0
19,CC-charge,11,4248.011141586093,171969.62303779504,4.0489704365832875,27.263836618115,27.263836618115,41203.67526169063,5716.723156078806,-3.255911175416998e-19,4.0489704365832875,-0.0
19,CC-charge,12,4320.738414313365,172042.3503105223,4.056962757703458,27.263836618115,27.263836618115,40785.980173377335,6170.178547627801,-3.2559123672486853e-19,4.056962757703458,-0.0
19,CC-charge,13,4393.465687040638,172115.0775832496,4.06413704151621,27.263836618115,27.263836618115,40368.285085063864,6623.633939176879,-3.2559121460638173e-19,4.06413704151621,-0.0
19,CC-charge,14,4466.192959767911,172187.80485597686,4.070730633353028,27.263836618115,27.263836618115,39950.58999675003,7077.089330725801,-3.255912176356966e-19,4.070730633353028,-0.0
19,CC-charge,15,4538.920232495184,172260.53212870413,4.076934947708781,27.263836618115,27.263836618115,39532.894908436996,7530.544722274859,-3.255912430077304e-19,4.076934947708781,-0.0
19,CC-charge,16,4611.647505222456,172333.2594014314,4.082903451305192,27.263836618115,27.263836618115,39115.199820123766,7984.000113823674,-3.2559123119513967e-19,4.082903451305192,-0.0
19,CC-charge,17,4684.374777949729,172405.9866741587,4.088759144697636,27.263836618115,27.263836618115,38697.50473181055,8437.455505372642,-3.255912323522322e-19,4.088759144697636,-0.0
19,CC-charge,18,4757.102050677002,172478.71394688595,4.094599307307253,27.263836618115,27.263836618115,38279.80964349726,8890.910896921549,-3.255912647794045e-19,4.094599307307253,-0.0
19,CC-charge,19,4829.829323404274,172551.44121961322,4.100501423958366,27.263836618115,27.263836618115,37862.11455518404,9344.366288470468,-3.2559125085172924e-19,4.100501423958366,-0.0
19,CC-charge,20,4902.556596131547,172624.16849234048,4.106526467418424,27.263836618115,27.263836618115,37444.41946687018,9797.8216800193,-3.2559123713460146e-19,4.106526467418424,-0.0
19,CC-charge,21,4975.28386885882,172696.89576506778,4.1127221135739545,27.263836618115,27.263836618115,37026.724378557425,10251.277071568064,-3.255912370135935e-19,4.1127221135739545,-0.0
19,CC-charge,22,5048.011141586093,172769.62303779504,4.1191270566459055,27.263836618115,27.263836618115,36609.029290244274,10704.732463117041,-3.2559123668127024e-19,4.1191270566459055,-0.0
19,CC-charge,23,5120.738414313366,172842.3503105223,4.125769923449572,27.263836618115,27.263836618115,36191.33420193127,11158.187854665886,-3.2559123926425165e-19,4.125769923449572,-0.0
19,CC-charge,24,5193.465687040638,172915.0775832496,4.132673647051496,27.263836618115,27.263836618115,35773.63911361776,11611.643246214433,-3.255912404085421e-19,4.132673647051496,-0.0
19,CC-charge,25,5266.192959767911,172987.80485597686,4.139856181254961,27.263836618115,27.263836618115,35355.94402530447,12065.098637763544,-3.2559124000722535e-19,4.139856181254961,-0.0
19,CC-charge,26,5338.920232495184,173060.53212870413,4.1473316440457975,27.263836618115,27.263836618115,34938.248936991135,12518.55402931249,-3.255912391233694e-19,4.1473316440457975,-0.0
19,CC-charge,27,5411.647505222456,173133.2594014314,4.1551112806756265,27.263836618115,27.263836618115,34520.553848678544,12972.009420860795,-3.2559123844263506e-19,4.1551112806756265,-0.0
19,CC-charge,28,5484.374777949729,173205.9866741587,4.163206151465,27.263836618115,27.263836618115,34102.858760364776,13425.464812409655,-3.2559123876039154e-19,4.163206151465,-0.0
19,CC-charge,29,5557.102050677002,173278.71394688595,4.171620871513574,27.263836618115,27.263836618115,33685.16367205135,13878.920203958649,-3.2559124437996835e-19,4.171620871513574,-0.0
19,CC-charge,30,5629.829323404274,173351.44121961322,4.180363745950663,27.263836618115,27.263836618115,33267.46858373799,14332.375595507301,-3.255912523556432e-19,4.180363745950663,-0.0
19,CC-charge,31,5702.556596131548,173424.16849234048,4.18944151172285,27.263836618115,27.263836618115,32849.7734954246,14785.830987056028,-3.255912370747223e-19,4.18944151172285,-0.0
19,CC-charge,32,5775.28386885882,173496.89576506778,4.19886128821224,27.263836618115,27.263836618115,32432.07840711142,15239.28637860492,-3.255912456717898e-19,4.19886128821224,-0.0
19,CC-charge,33,5783.820143387218,173505.43203959617,4.199990000000001,27.263836618115,27.263836618115,32383.05195789518,15292.510149598713,-3.255912455402429e-19,4.199990000000001,-0.0
19,CV-charge,0,5783.820143387218,173505.43203959617,4.2,27.288432998728123,27.288432998728123,32383.05195789518,15292.510149598713,-3.255912455402429e-19,4.2,0.0
19,CV-charge,1,5856.547416114491,173578.15931232343,4.199999999999999,24.20849750538592,24.20849750538592,31861.11431997236,15787.57794447051,-3.296432971332286e-19,4.199999999999999,-0.0
19,CV-charge,2,5929.274688841763,173650.88658505073,4.200000000000001,22.26355568079103,22.26355568079103,31514.650837843496,16167.748068692168,-3.213157228684682e-19,4.200000000000001,-0.0
19,CV-charge,3,6002.001961569036,173723.613857778,4.2,20.56482295491695,20.56482295491695,31196.631497718783,16518.16645210241,-3.3440232957119805e-19,4.2,-0.0
19,CV-charge,4,6074.729234296309,173796.34113050526,4.2,19.06395789498881,19.06395789498881,30901.742043624545,16842.90266280912,-3.418202670159767e-19,4.2,-0.0
19,CV-charge,5,6147.456507023582,173869.06840323252,4.2,17.731824342252864,17.731824342252864,30627.57777625131,17144.617223325247,-3.451287291487845e-19,4.2,-0.0
19,CV-charge,6,6220.183779750854,173941.79567595982,4.2,16.543462507821715,16.543462507821715,30371.896395717016,17425.821734963294,-3.469658319118197e-19,4.2,-0.0
19,CV-charge,7,6292.911052478127,174014.52294868708,4.200000000000001,15.478244278655167,15.478244278655167,30132.770453491226,17688.673083475718,-3.5479777739132093e-19,4.200000000000001,-0.0
19,CV-charge,8,6365.6383252054,174087.25022141435,4.2,14.519092267577914,14.519092267577914,29908.54260998883,17935.023704440475,-3.4590012073323256e-19,4.2,-0.0
19,CV-charge,9,6438.365597932673,174159.9774941416,4.199999999999999,13.65176789796488,13.65176789796488,29697.77914675444,18166.47434250137,-3.2296348657473553e-19,4.199999999999999,-0.0
19,CV-charge,10,6511.092870659945,174232.7047668689,4.199999999999999,12.864347158259905,12.864347158259905,29499.234384093947,18384.414352536787,-3.245216769462923e-19,4.199999999999999,-0.0
19,CV-charge,11,6583.820143387218,174305.43203959617,4.2,12.146793349806007,12.146793349806007,29311.821454358214,18590.054767862137,-3.198429705049097e-19,4.2,-0.0
19,CV-charge,12,6656.547416114491,174378.15931232343,4.199999999999999,11.490561562058465,11.490561562058465,29134.57484147821,18784.470280835154,-3.2589667017217243e-19,4.199999999999999,-0.0
19,CV-charge,13,6729.274688841764,174450.88658505073,4.2,10.888456995907891,10.888456995907891,28966.66185975145,18968.587078209726,-3.401251719786491e-19,4.2,-0.0
19,CV-charge,14,6802.001961569036,174523.613857778,4.2,10.334289274951736,10.334289274951736,28807.33610151473,19143.234634601355,-3.4499924262186116e-19,4.2,-0.0
19,CV-charge,15,6874.729234296309,174596.34113050526,4.200000000000001,9.82274223112009,9.82274223112009,28655.934451529043,19309.149245530025,-3.587942126543604e-19,4.200000000000001,-0.0
19,CV-charge,16,6947.456507023582,174669.06840323252,4.2,9.348825851328579,9.348825851328579,28511.739861881,19467.124800110345,-3.5859313286017313e-19,4.2,-0.0
19,CV-charge,17,7020.183779750854,174741.79567595982,4.2,8.90899852372766,8.90899852372766,28374.350588112586,19617.608183772525,-3.58605498064268e-19,4.2,-0.0
19,CV-charge,18,7092.911052478127,174814.52294868708,4.199999999999999,8.499805041799123,8.499805041799123,28243.29069747854,19761.126809874502,-3.586360809814705e-19,4.199999999999999,-0.0
19,CV-charge,19,7165.6383252054,174887.25022141435,4.2,8.11822333246417,8.11822333246417,28118.13114663417,19898.155737875306,-3.585925173825903e-19,4.2,-0.0
19,CV-charge,20,7238.365597932673,174959.9774941416,4.2,7.761606214650516,7.761606214650516,27998.48421300289,20029.12401497005,-3.585015579649603e-19,4.2,-0.0
19,CV-charge,21,7311.092870659946,175032.7047668689,4.199999999999999,7.427625750844733,7.427625750844733,27883.998488833695,20154.420277787613,-3.58535617699513e-19,4.199999999999999,-0.0
19,CV-charge,22,7383.820143387218,175105.43203959617,4.2,7.114227870749569,7.114227870749569,27774.35459176728,20274.397550393405,-3.5854973238364667e-19,4.2,-0.0
19,CV-charge,23,7456.547416114491,175178.15931232343,4.199999999999999,6.8195979710948125,6.8195979710948125,27669.26277718692,20389.375934365806,-3.5853787604638553e-19,4.199999999999999,-0.0
19,CV-charge,24,7529.274688841764,175250.88658505073,4.2,6.542120724916565,6.542120724916565,27568.456867384804,20499.64934871669,-3.5856431097734063e-19,4.2,-0.0
19,CV-charge,25,7602.001961569036,175323.613857778,4.199999999999999,6.280358194854857,6.280358194854857,27471.693250922573,20605.486659952865,-3.58559034603968e-19,4.199999999999999,-0.0
19,CV-charge,26,7674.729234296309,175396.34113050526,4.2,6.033026347899139,6.033026347899139,27378.7482877233,20707.134580122354,-3.5858779719987537e-19,4.2,-0.0
19,CV-charge,27,7747.456507023582,175469.06840323252,4.199999999999999,5.798975539401368,5.798975539401368,27289.41621300488,20804.820002448447,-3.583970922070754e-19,4.199999999999999,-0.0
19,CV-charge,28,7820.183779750854,175541.79567595982,4.2,5.577173837645407,5.577173837645407,27203.50730198615,20898.75204532164,-3.584210901149446e-19,4.2,-0.0
19,CV-charge,29,7892.911052478128,175614.52294868708,4.2,5.366692726127515,5.366692726127515,27120.84625807044,20989.1238462621,-3.5802721737995747e-19,4.2,-0.0
19,CV-charge,30,7965.6383252054,175687.25022141435,4.200000000000001,5.16669480349973,5.16669480349973,27041.270793236803,21076.114141022616,-3.5796809344524154e-19,4.200000000000001,-0.0
19,CV-charge,31,8038.365597932673,175759.9774941416,4.2,4.976423167829663,4.976423167829663,26964.63037425874,21159.8886574449,-3.57918768266053e-19,4.2,-0.0
19,CV-charge,32,8111.092870659946,175832.7047668689,4.200000000000001,4.79519222588034,4.79519222588034,26890.78511242146,21240.60134910887,-3.5796315833273672e-19,4.200000000000001,-0.0
19,CV-charge,33,8183.820143387218,175905.43203959617,4.200000000000001,4.622379712130683,4.622379712130683,26819.604777818833,21318.395489996503,-3.578719566888508e-19,4.200000000000001,-0.0
19,CV-charge,34,8256.547416114492,175978.15931232343,4.2,4.457419738053716,4.457419738053716,26750.967922101594,21393.4046482315,-3.5763778736893816e-19,4.2,-0.0
19,CV-charge,35,8329.274688841764,176050.88658505073,4.2,4.299796721583532,4.299796721583532,26684.761095914513,21465.75355430234,-3.5751475904496185e-19,4.2,-0.0
19,CV-charge,36,8402.001961569036,176123.613857778,4.199999999999999,4.149040070811675,4.149040070811675,26620.878149224376,21535.558876963543,-3.5744202308308017e-19,4.199999999999999,-0.0
19,CV-charge,37,8474.729234296308,176196.34113050526,4.200000000000001,4.0047195159076265,4.0047195159076265,26559.219604417536,21602.929918147634,-3.572885896384352e-19,4.200000000000001,-0.0
19,CV-charge,38,8547.456507023582,176269.06840323252,4.199999999999999,3.8664409996971565,3.8664409996971565,26499.692093427813,21667.96923662575,-3.5727104797279964e-19,4.199999999999999,-0.0
19,CV-charge,39,8620.183779750854,176341.79567595982,4.2,3.7338430510635203,3.7338430510635203,26442.207851360712,21730.773208863295,-3.57205451764826e-19,4.2,-0.0
19,CV-charge,40,8692.911052478128,176414.52294868708,4.2,3.6065935767367314,3.6065935767367314,26386.68426008156,21791.432534334734,-3.571486666406359e-19,4.2,-0.0
19,CV-charge,41,8765.6383252054,176487.25022141435,4.2,3.4843870165547397,3.4843870165547397,26333.043436088796,21850.03269164445,-3.571737979517891e-19,4.2,-0.0
19,CV-charge,42,8838.365597932672,176559.9774941416,4.199999999999999,3.3669418153062503,3.3669418153062503,26281.211857737384,21906.65435095621,-3.5719662016644636e-19,4.199999999999999,-0.0
19,CV-charge,43,8911.092870659946,176632.7047668689,4.199999999999999,3.2539981709818377,3.2539981709818377,26231.120027501547,21961.373747539412,-3.5710282823805873e-19,4.199999999999999,-0.0
19,CV-charge,44,8983.820143387218,176705.43203959617,4.2,3.1453160249236345,3.1453160249236345,26182.702165498336,22014.263020623202,-3.570549937941674e-19,4.2,-0.0
19,CV-charge,45,9056.547416114492,176778.15931232343,4.200000000000001,3.040673264179069,3.040673264179069,26135.895930968916,22065.390521252448,-3.5705626576562626e-19,4.200000000000001,-0.0
19,CV-charge,46,9129.274688841764,176850.88658505073,4.2,2.9398641104324397,2.9398641104324397,26090.642168809893,22114.82109238292,-3.5708578352995667e-19,4.2,-0.0
19,CV-charge,47,9202.001961569036,176923.613857778,4.200000000000001,2.842697673342882,2.842697673342882,26046.884678590504,22162.6163240528,-3.570986861511521e-19,4.200000000000001,-0.0
19,CV-charge,48,9274.729234296308,176996.34113050526,4.2,2.748996649072056,2.748996649072056,26004.57000379479,22208.83478615747,-3.5707540905771526e-19,4.2,-0.0
19,CV-charge,49,9292.708520886274,177014.32041709524,4.2,2.7263936618115,2.7263936618115,25994.346331019384,22220.001537013217,-3.570797185779088e-19,4.2,-0.0
20,CC-discharge,0,0.0,177014.32041709524,3.8555010024237713,-27.263836618115,-27.263836618115,25994.346331019384,22220.001537013217,-3.570797185779088e-19,3.8555010024237713,0.0
20,CC-discharge,1,72.72727272727273,177087.0476898225,3.8314013239143168,-27.263836618115,-27.263836618115,26559.465992478716,21685.501715200826,-3.570797005660792e-19,3.8314013239143168,0.5507845781437374
20,CC-discharge,2,145.45454545454547,177159.7749625498,3.8151175010847576,-27.263836618115,-27.263836618115,26979.053762206408,21232.02169790944,-3.570797150030666e-19,3.8151175010847576,1.1015691562874748
20,CC-discharge,3,218.1818181818182,177232.50223527706,3.7999353671294207,-27.263836618115,-27.263836618115,27396.7804598747,20778.566354955638,-3.57079714476268e-19,3.7999353671294207,1.652353734431212
20,CC-discharge,4,290.90909090909093,177305.22950800433,3.785588768624698,-27.263836618115,-27.263836618115,27814.47799713417,20325.11096412277,-3.5707971703284976e-19,3.785588768624698,2.2031383125749495
20,CC-discharge,5,363.6363636363637,177377.9567807316,3.771915546236612,-27.263836618115,-27.263836618115,28232.173276032885,19871.655572583964,-3.570797160507957e-19,3.771915546236612,2.753922890718687
20,CC-discharge,6,436.3636363636364,177450.68405345888,3.758809002035084,-27.263836618115,-27.263836618115,28649.868379251682,19418.200181034754,-3.570797164662587e-19,3.758809002035084,3.304707468862424
20,CC-discharge,7,509.0909090909091,177523.41132618615,3.7461747522774442,-27.263836618115,-27.263836618115,29067.563468736593,18964.74478948561,-3.57079716797127e-19,3.7461747522774442,3.8554920470061615
20,CC-discharge,8,581.8181818181819,177596.1385989134,3.7339559977427346,-27.263836618115,-27.263836618115,29485.2585571422,18511.289397936314,-3.5707971724523077e-19,3.7339559977427346,4.406276625149899
20,CC-discharge,9,654.5454545454546,177668.86587164068,3.72210520259818,-27.263836618115,-27.263836618115,29902.953645461937,18057.83400638748,-3.5707971700331384e-19,3.72210520259818,4.9570612032936365
20,CC-discharge,10,727.2727272727274,177741.59314436797,3.7105859377225805,-27.263836618115,-27.263836618115,30320.648733775764,17604.37861483826,-3.5707971730395526e-19,3.7105859377225805,5.507845781437374
20,CC-discharge,11,800.0000000000001,177814.32041709524,3.699370029030829,-27.263836618115,-27.263836618115,30738.34382208851,17150.9232232892,-3.5707971619700974e-19,3.699370029030829,6.0586303595811115
20,CC-discharge,12,872.7272727272727,177887.0476898225,3.68843546140321,-27.263836618115,-27.263836618115,31156.038910401312,16697.467831739665,-3.570797157844648e-19,3.68843546140321,6.609414937724848
20,CC-discharge,13,945.4545454545455,177959.7749625498,3.6777648041948945,-27.263836618115,-27.263836618115,31573.733998714175,16244.012440190078,-3.570797167326385e-19,3.6777648041948945,7.160199515868586
20,CC-discharge,14,1018.1818181818182,178032.50223527706,3.6673440004102575,-27.263836618115,-27.263836618115,31991.429087026925,15790.557048640918,-3.570797171050604e-19,3.6673440004102575,7.710984094012323
20,CC-discharge,15,1090.909090909091,178105.22950800433,3.6571614090103877,-27.263836618115,-27.263836618115,32409.124175339413,15337.101657091665,-3.5707971814176647e-19,3.6571614090103877,8.26176867215606
20,CC-discharge,16,1163.6363636363637,178177.9567807316,3.6472070220387716,-27.263836618115,-27.263836618115,32826.81926365228,14883.646265542446,-3.5707971813261835e-19,3.6472070220387716,8.812553250299798
20,CC-discharge,17,1236.3636363636365,178250.68405345888,3.6374717980986055,-27.263836618115,-27.263836618115,33244.514351964855,14430.190873993246,-3.570797198806835e-19,3.6374717980986055,9.363337828443536
20,CC-discharge,18,1309.0909090909092,178323.41132618615,3.627947067029839,-27.263836618115,-27.263836618115,33662.20944027742,13976.735482443777,-3.5707971977422196e-19,3.627947067029839,9.914122406587273
20,CC-discharge,19,1381.818181818182,178396.1385989134,3.6186239688358572,-27.263836618115,-27.263836618115,34079.90452859051,13523.280090894219,-3.5707971980175265e-19,3.6186239688358572,10.46490698473101
20,CC-discharge,20,1454.5454545454547,178468.86587164068,3.609492894600221,-27.263836618115,-27.263836618115,34497.59961690357,13069.824699345105,-3.5707972023951753e-19,3.609492894600221,11.015691562874748
20,CC-discharge,21,1527.2727272727275,178541.59314436797,3.6005429001973464,-27.263836618115,-27.263836618115,34915.29470521629,12616.369307796116,-3.570797204599043e-19,3.6005429001973464,11.566476141018486
20,CC-discharge,22,1600.0000000000002,178614.32041709524,3.5917610564840325,-27.263836618115,-27.263836618115,35332.98979352914,12162.913916246924,-3.5707972060911904e-19,3.5917610564840325,12.117260719162223
20,CC-discharge,23,1672.727272727273,178687.0476898225,3.583131182121851,-27.263836618115,-27.263836618115,35750.68488184218,11709.458524697502,-3.5707972081455655e-19,3.583131182121851,12.66804529730596
20,CC-discharge,24,1745.4545454545455,178759.7749625498,3.5746353896243837,-27.263836618115,-27.263836618115,36168.379970154965,11256.003133148706,-3.570797190897673e-19,3.5746353896243837,13.218829875449696
20,CC-discharge,25,1818.1818181818182,178832.50223527706,3.5662489320755233,-27.263836618115,-27.263836618115,36586.07505846773,10802.547741599124,-3.570797193309296e-19,3.5662489320755233,13.769614453593434
20,CC-discharge,26,1890.909090909091,178905.22950800433,3.5579420914623676,-27.263836618115,-27.263836618115,37003.77014678014,10349.092350049945,-3.570797182981685e-19,3.5579420914623676,14.320399031737171
20,CC-discharge,27,1963.6363636363637,178977.9567807316,3.549677787476457,-27.263836618115,-27.263836618115,37421.465235093114,9895.636958500807,-3.5707970125171696e-19,3.549677787476457,14.871183609880909
20,CC-discharge,28,2036.3636363636365,179050.68405345888,3.541409691267768,-27.263836618115,-27.263836618115,37839.16032340604,9442.1815669515,-3.570797285386665e-19,3.541409691267768,15.421968188024646
20,CC-discharge,29,2109.0909090909095,179123.41132618615,3.533079840031356,-27.263836618115,-27.263836618115,38256.85541171886,8988.726175402528,-3.570796621052067e-19,3.533079840031356,15.972752766168385
20,CC-discharge,30,2181.818181818182,179196.1385989134,3.524615822987582,-27.263836618115,-27.263836618115,38674.55050003199,8535.270783853312,-3.570796961092487e-19,3.524615822987582,16.52353734431212
20,CC-discharge,31,2254.545454545455,179268.86587164068,3.515927914587329,-27.263836618115,-27.263836618115,39092.245588344646,8081.815392304137,-3.5707974651422287e-19,3.515927914587329,17.07432192245586
20,CC-discharge,32,2327.2727272727275,179341.59314436797,3.506901811440793,-27.263836618115,-27.263836618115,39509.940676657585,7628.3600007549485,-3.5707974035898505e-19,3.506901811440793,17.625106500599596
20,CC-discharge,33,2400.0,179414.32041709524,3.4973985351792765,-27.263836618115,-27.263836618115,39927.63576496993,7174.904609205857,-3.5707965925870377e-19,3.4973985351792765,18.175891078743334
20,CC-discharge,34,2472.727272727273,179487.0476898225,3.4872439075457784,-27.263836618115,-27.263836618115,40345.33085328245,6721.449217656693,-3.5707992461432307e-19,3.4872439075457784,18.726675656887075
20,CC-discharge,35,2545.4545454545455,179559.7749625498,3.476221584090845,-27.263836618115,-27.263836618115,40763.02594159494,6267.993826107456,-3.5707992309768742e-19,3.476221584090845,19.277460235030812
20,CC-discharge,36,2618.1818181818185,179632.50223527706,3.4640641224222737,-27.263836618115,-27.263836618115,41180.72102990774,5814.538434558374,-3.5708014782687323e-19,3.4640641224222737,19.82824481317455
20,CC-discharge,37,2690.909090909091,179705.22950800433,3.450441541053618,-27.263836618115,-27.263836618115,41598.41611822047,5361.083043009168,-3.570803920682918e-19,3.450441541053618,20.379029391318287
20,CC-discharge,38,2763.636363636364,179777.9567807316,3.434948252183352,-27.263836618115,-27.263836618115,42016.11120653353,4907.627651460118,-3.5708060691087656e-19,3.434948252183352,20.929813969462025
20,CC-discharge,39,2836.3636363636365,179850.68405345888,3.417088259989037,-27.263836618115,-27.263836618115,42433.80629484619,4454.172259910957,-3.570806518735459e-19,3.417088259989037,21.480598547605762
20,CC-discharge,40,2909.0909090909095,179923.41132618615,3.396259181164016,-27.263836618115,-27.263836618115,42851.501383158866,4000.7168683618675,-3.5708058348694976e-19,3.396259181164016,22.0313831257495
20,CC-discharge,41,2981.818181818182,179996.1385989134,3.3717357279971534,-27.263836618115,-27.263836618115,43269.19647147115,3547.261476812779,-3.5708060818658737e-19,3.3717357279971534,22.582167703893237
20,CC-discharge,42,3054.545454545455,180068.86587164068,3.342655304516892,-27.263836618115,-27.263836618115,43686.89155978364,3093.806085263685,-3.57080599458992e-19,3.342655304516892,23.132952282036975
20,CC-discharge,43,3127.2727272727275,180141.59314436797,3.3080024595395323,-27.263836618115,-27.263836618115,44104.58664809657,2640.350693714514,-3.5708023397808544e-19,3.3080024595395323,23.683736860180712
20,CC-discharge,44,3200.0000000000005,180214.32041709524,3.266572632151724,-27.263836618115,-27.263836618115,44522.28173640958,2186.8953021654997,-3.570802203520648e-19,3.266572632151724,24.23452143832445
20,CC-discharge,45,3272.727272727273,180287.0476898225,3.216765679951033,-27.263836618115,-27.263836618115,44939.97682472206,1733.4399106164667,-3.5707997359733655e-19,3.216765679951033,24.785306016468187
20,CC-discharge,46,3345.454545454546,180359.7749625498,3.155192921417192,-27.263836618115,-27.263836618115,45357.67191303487,1279.9845190674275,-3.570793706772601e-19,3.155192921417192,25.336090594611925
20,CC-discharge,47,3418.1818181818185,180432.50223527706,3.0648235046261445,-27.263836618115,-27.263836618115,45775.367001347375,826.5291275184005,-3.5707955877683395e-19,3.0648235046261445,25.886875172755662
20,CC-discharge,48,3446.917849363792,180461.23826645903,3.0000100000000005,-27.263836618115,-27.263836618115,45940.40686372915,647.3596387895774,-3.570797457896265e-19,3.0000100000000005,26.10450141142188
20,CC-charge,0,3446.917849363792,180461.23826645903,3.7154228948362165,27.263836618115,27.263836618115,45940.40686372915,647.3596387895774,-3.570797457896265e-19,3.7154228948362165,0.0
20,CC-charge,1,3519.6451220910644,180533.9655391863,3.8213804585367788,27.263836618115,27.263836618115,45375.29191037576,1181.8572167996815,-3.5707995123095074e-19,3.8213804585367788,-0.0
20,CC-charge,2,3592.3723948183374,180606.69281191358,3.867707575789577,27.263836618115,27.263836618115,44955.70304542313,1635.3394789065064,-3.570794922234236e-19,3.867707575789577,-0.0
20,CC-charge,3,3665.09966754561,180679.42008464085,3.905125456338662,27.263836618115,27.263836618115,44537.97058206704,2088.794819754399,-3.5707973540744887e-19,3.905125456338662,-0.0
20,CC-charge,4,3737.826940272883,180752.1473573681,3.9363994005014957,27.263836618115,27.263836618115,44120.27499588012,2542.250211672072,-3.570795367445487e-19,3.9363994005014957,-0.0
20,CC-charge,5,3810.5542130001554,180824.87463009538,3.962459547412313,27.263836618115,27.263836618115,43702.579902469115,2995.705603216648,-3.5707953671151977e-19,3.962459547412313,-0.0
20,CC-charge,6,3883.2814857274284,180897.60190282267,3.9840760726273334,27.263836618115,27.263836618115,43284.88481422351,3449.1609947658612,-3.570795330113614e-19,3.9840760726273334,-0.0
20,CC-charge,7,3956.008758454701,180970.32917554994,4.001989050311996,27.263836618115,27.263836618115,42867.18972590945,3902.6163863148126,-3.570796020877155e-19,4.001989050311996,-0.0
20,CC-charge,8,4028.736031181974,181043.0564482772,4.016881394108793,27.263836618115,27.263836618115,42449.494637596006,4356.071777863769,-3.570795356448681e-19,4.016881394108793,-0.0
20,CC-charge,9,4101.463303909247,181115.78372100447,4.029356908874199,27.263836618115,27.263836618115,42031.799549282034,4809.527169412721,-3.570795141231458e-19,4.029356908874199,-0.0
20,CC-charge,10,4174.190576636519,181188.51099373176,4.039931147576713,27.263836618115,27.263836618115,41614.10446096866,5262.9825609617155,-3.570794131602071e-19,4.039931147576713,-0.0
20,CC-charge,11,4246.917849363792,181261.23826645903,4.049037354845127,27.263836618115,27.263836618115,41196.40937265531,5716.437952510722,-3.5707945102477166e-19,4.049037354845127,-0.0
20,CC-charge,12,4319.645122091065,181333.9655391863,4.057032969521184,27.263836618115,27.263836618115,40778.7142843419,6169.893344059622,-3.57079514512009e-19,4.057032969521184,-0.0
20,CC-charge,13,4392.372394818338,181406.69281191358,4.064210559210008,27.263836618115,27.263836618115,40361.01919602837,6623.3487356085625,-3.5707961340565155e-19,4.064210559210008,-0.0
20,CC-charge,14,4465.09966754561,181479.42008464085,4.070807477016347,27.263836618115,27.263836618115,39943.32410771543,7076.804127157403,-3.570795927047591e-19,4.070807477016347,-0.0
20,CC-charge,15,4537.826940272883,181552.1473573681,4.077015143495211,27.263836618115,27.263836618115,39525.6290194019,7530.259518706109,-3.570796440195352e-19,4.077015143495211,-0.0
20,CC-charge,16,4610.554213000156,181624.87463009538,4.082987029666523,27.263836618115,27.263836618115,39107.933931088155,7983.71491025507,-3.5707965413554826e-19,4.082987029666523,-0.0
20,CC-charge,17,4683.281485727428,181697.60190282267,4.088846139235831,27.263836618115,27.263836618115,38690.238842774874,8437.170301803972,-3.570796098486029e-19,4.088846139235831,-0.0
20,CC-charge,18,4756.008758454701,181770.32917554994,4.094689753200663,27.263836618115,27.263836618115,38272.54375446155,8890.625693352831,-3.5707961461183773e-19,4.094689753200663,-0.0
20,CC-charge,19,4828.736031181974,181843.0564482772,4.100595357138682,27.263836618115,27.263836618115,37854.84866614848,9344.081084901798,-3.5707961614501375e-19,4.100595357138682,-0.0
20,CC-charge,20,4901.463303909247,181915.78372100447,4.106623924149215,27.263836618115,27.263836618115,37437.153577835306,9797.536476450678,-3.5707961022396858e-19,4.106623924149215,-0.0
20,CC-charge,21,4974.19057663652,181988.51099373176,4.112823129623447,27.263836618115,27.263836618115,37019.45848952137,10250.99186799941,-3.5707961096597835e-19,4.112823129623447,-0.0
20,CC-charge,22,5046.917849363792,182061.23826645903,4.119231668716093,27.263836618115,27.263836618115,36601.76340120812,10704.447259548171,-3.570796102851674e-19,4.119231668716093,-0.0
20,CC-charge,23,5119.645122091065,182133.9655391863,4.125878167862904,27.263836618115,27.263836618115,36184.06831289493,11157.902651096589,-3.570796247085257e-19,4.125878167862904,-0.0
20,CC-charge,24,5192.372394818338,182206.69281191358,4.132785560804179,27.263836618115,27.263836618115,35766.37322458169,11611.358042645777,-3.5707962471495427e-19,4.132785560804179,-0.0
20,CC-charge,25,5265.09966754561,182279.42008464085,4.139971803009386,27.263836618115,27.263836618115,35348.67813626807,12064.81343419404,-3.5707962413085347e-19,4.139971803009386,-0.0
20,CC-charge,26,5337.826940272883,182352.1473573681,4.1474510152420905,27.263836618115,27.263836618115,34930.983047954986,12518.268825742776,-3.5707962592196707e-19,4.1474510152420905,-0.0
20,CC-charge,27,5410.554213000156,182424.87463009538,4.155234447122131,27.263836618115,27.263836618115,34513.28795964181,12971.72421729179,-3.5707962541567884e-19,4.155234447122131,-0.0
20,CC-charge,28,5483.281485727428,182497.60190282267,4.16333316492359,27.263836618115,27.263836618115,34095.59287132841,13425.179608840512,-3.5707962552054375e-19,4.16333316492359,-0.0
20,CC-charge,29,5556.008758454702,182570.32917554994,4.1717517936364965,27.263836618115,27.263836618115,33677.89778301446,13878.635000389546,-3.570796128392719e-19,4.1717517936364965,-0.0
20,CC-charge,30,5628.736031181974,182643.0564482772,4.1804986500967205,27.263836618115,27.263836618115,33260.202694700776,14332.090391938313,-3.5707959667924075e-19,4.1804986500967205,-0.0
20,CC-charge,31,5701.463303909247,182715.78372100447,4.189580487286565,27.263836618115,27.263836618115,32842.50760638783,14785.545783486958,-3.570795899627746e-19,4.189580487286565,-0.0
20,CC-charge,32,5774.19057663652,182788.51099373176,4.199004445708532,27.263836618115,27.263836618115,32424.812518074883,15239.001175035677,-3.5707959095768773e-19,4.199004445708532,-0.0
20,CC-charge,33,5781.643181170753,182795.96359826598,4.19999,27.263836618115,27.263836618115,32382.009918824762,15285.468251008671,-3.5707959079871507e-19,4.19999,-0.0
20,CV-charge,0,5781.643181170753,182795.96359826598,4.2,27.288412672983554,27.288412672983554,32382.009918824762,15285.468251008671,-3.5707959079871507e-19,4.2,0.0
20,CV-charge,1,5854.370453898026,182868.69087099325,4.200000000000001,24.208690629127677,24.208690629127677,31860.069773631873,15780.538314236537,-3.5008533052388454e-19,4.200000000000001,-0.0
20,CV-charge,2,5927.0977266252985,182941.41814372054,4.200000000000001,22.26388022918779,22.26388022918779,31513.601488077988,16160.713266233515,-3.580024495430355e-19,4.200000000000001,-0.0
20,CV-charge,3,5999.8249993525715,183014.1454164478,4.2,20.565232920302183,20.565232920302183,31195.575651551604,16511.138380952892,-3.6972850482556254e-19,4.2,-0.0
20,CV-charge,4,6072.552272079844,183086.87268917507,4.199999999999999,19.064422190753014,19.064422190753014,30900.679102949383,16835.8821094707,-3.7193778725217383e-19,4.199999999999999,-0.0
20,CV-charge,5,6145.279544807117,183159.59996190234,4.200000000000001,17.73231904079289,17.73231904079289,30626.507192146295,17137.604862001055,-3.777397531296621e-19,4.200000000000001,-0.0
20,CV-charge,6,6218.0068175343895,183232.32723462963,4.200000000000001,16.5439705414473,16.5439705414473,30370.817953494097,17418.817853351033,-3.750428830146241e-19,4.200000000000001,-0.0
20,CV-charge,7,6290.7340902616625,183305.0545073569,4.2,15.478753162733154,15.478753162733154,30131.68412339998,17681.67775402884,-3.6593868675497817e-19,4.2,-0.0
20,CV-charge,8,6363.461362988935,183377.78178008416,4.199999999999999,14.51959309292847,14.51959309292847,29907.44850861021,17928.036829497316,-3.6843757857663295e-19,4.199999999999999,-0.0
20,CV-charge,9,6436.188635716208,183450.50905281142,4.199999999999999,13.652254229778851,13.652254229778851,29696.677490248847,18159.49570821881,-3.5643605495593784e-19,4.199999999999999,-0.0
20,CV-charge,10,6508.9159084434805,183523.23632553872,4.199999999999999,12.864814361779647,12.864814361779647,29498.125444724697,18377.44367858363,-3.634568581539438e-19,4.199999999999999,-0.0
20,CV-charge,11,6581.643181170753,183595.96359826598,4.199999999999999,12.147238232476246,12.147238232476246,29310.705571769304,18583.09169575618,-3.5599126874097243e-19,4.199999999999999,-0.0
20,CV-charge,12,6654.370453898026,183668.69087099325,4.199999999999999,11.490981964301913,11.490981964301913,29133.452388768692,18777.51441273888,-3.4970425845842923e-19,4.199999999999999,-0.0
20,CV-charge,13,6727.097726625299,183741.41814372054,4.2,10.888851489943967,10.888851489943967,28965.53323374977,18961.63798801331,-3.4312069585263317e-19,4.2,-0.0
20,CV-charge,14,6799.8249993525715,183814.1454164478,4.2,10.334657004373257,10.334657004373257,28806.2017122317,19136.291880124467,-3.4027160742558055e-19,4.2,-0.0
20,CV-charge,15,6872.552272079844,183886.87268917507,4.2,9.822674622319619,9.822674622319619,28654.67213618379,19302.346775419,-3.4009429313093647e-19,4.2,-0.0
20,CV-charge,16,6945.279544807117,183959.59996190234,4.199999999999999,9.348760418490953,9.348760418490953,28510.47844955278,19460.321249606313,-3.4006011609160275e-19,4.199999999999999,-0.0
20,CV-charge,17,7018.0068175343895,184032.32723462963,4.199999999999999,8.908932828397752,8.908932828397752,28373.090180970245,19610.80354327811,-3.4007697891151097e-19,4.199999999999999,-0.0
20,CV-charge,18,7090.7340902616625,184105.0545073569,4.200000000000001,8.499736627933943,8.499736627933943,28242.03133107804,19754.321045867677,-3.400662252159408e-19,4.200000000000001,-0.0
20,CV-charge,19,7163.461362988935,184177.78178008416,4.199999999999999,8.118150217590392,8.118150217590392,28116.872890690694,19891.348780950244,-3.400956498501728e-19,4.199999999999999,-0.0
20,CV-charge,20,7236.188635716208,184250.50905281142,4.200000000000001,7.7615267898093245,7.7615267898093245,27997.227162248357,20022.315767324988,-3.4000949823813295e-19,4.200000000000001,-0.0
20,CV-charge,21,7308.915908443481,184323.23632553872,4.200000000000001,7.427538713598812,7.427538713598812,27882.742758322926,20147.61061860022,-3.399838902682934e-19,4.200000000000001,-0.0
20,CV-charge,22,7381.643181170753,184395.96359826598,4.2,7.114132171057668,7.114132171057668,27773.100312921688,20267.586340282767,-3.4003052176775734e-19,4.2,-0.0
20,CV-charge,23,7454.370453898026,184468.69087099325,4.2,6.819492750624152,6.819492750624152,27668.01008835918,20382.563025889507,-3.400266690964633e-19,4.2,-0.0
20,CV-charge,24,7527.097726625299,184541.41814372054,4.199999999999999,6.5420053161453176,6.5420053161453176,27567.20592340511,20492.834575848512,-3.400283289881543e-19,4.199999999999999,-0.0
20,CV-charge,25,7599.8249993525715,184614.1454164478,4.200000000000001,6.280232075193267,6.280232075193267,27470.44421497931,20598.669847188503,-3.4001901794102244e-19,4.200000000000001,-0.0
20,CV-charge,26,7672.552272079844,184686.87268917507,4.2,6.032889115822982,6.032889115822982,27377.501329378712,20700.31554466045,-3.3999613088629353e-19,4.2,-0.0
20,CV-charge,27,7745.279544807117,184759.59996190234,4.2,5.798826895079379,5.798826895079379,27288.17150660699,20797.99855597642,-3.400729061799305e-19,4.2,-0.0
20,CV-charge,28,7818.0068175343895,184832.32723462963,4.199999999999999,5.577013566993733,5.577013566993733,27202.26502532477,20891.927995524096,-3.3990442912346075e-19,4.199999999999999,-0.0
20,CV-charge,29,7890.734090261663,184905.0545073569,4.199999999999999,5.366520687660359,5.366520687660359,27119.606591240357,20982.29699809657,-3.398797860656745e-19,4.199999999999999,-0.0
20,CV-charge,30,7963.461362988935,184977.78178008416,4.199999999999998,5.166510917457616,5.166510917457616,27040.033917673976,21069.284297800612,-3.398827111221278e-19,4.199999999999998,-0.0
20,CV-charge,31,8036.188635716208,185050.50905281142,4.2,4.976227407159692,4.976227407159692,26963.396471912863,21153.055621755786,-3.398861943448508e-19,4.2,-0.0
20,CV-charge,32,8108.915908443481,185123.23632553872,4.2,4.794984608753271,4.794984608753271,26889.55436505082,21233.764923610517,-3.3971361947943473e-19,4.2,-0.0
20,CV-charge,33,8181.643181170753,185195.96359826598,4.199999999999999,4.622160295708227,4.622160295708227,26818.377366381297,21311.55547809597,-3.394929560539035e-19,4.199999999999999,-0.0
20,CV-charge,34,8254.370453898027,185268.69087099325,4.2,4.457188613293209,4.457188613293209,26749.744026227538,21386.560854673076,-3.3939493426723344e-19,4.2,-0.0
20,CV-charge,35,8327.0977266253,185341.41814372054,4.200000000000001,4.2995540088943,4.2995540088943,26683.540893446192,21458.905785680574,-3.3930873390783285e-19,4.200000000000001,-0.0
20,CV-charge,36,8399.824999352571,185414.1454164478,4.2,4.148785916425825,4.148785916425825,26619.66181581517,21528.706942170455,-3.3931403811727115e-19,4.2,-0.0
20,CV-charge,37,8472.552272079844,185486.87268917507,4.2,4.004454088829656,4.004454088829656,26558.007313175654,21596.07362876722,-3.3928014965136034e-19,4.2,-0.0
20,CV-charge,38,8545.279544807117,185559.59996190234,4.199999999999999,3.866164489145369,3.866164489145369,26498.484014603346,21661.108407285592,-3.391622238053637e-19,4.199999999999999,-0.0
20,CV-charge,39,8618.00681753439,185632.32723462963,4.200000000000001,3.733555664311192,3.733555664311192,26441.004152063528,21723.90765754176,-3.3916101740554586e-19,4.200000000000001,-0.0
20,CV-charge,40,8690.734090261663,185705.0545073569,4.199999999999999,3.606295537288799,3.606295537288799,26385.485104030628,21784.56208264301,-3.3918473136326336e-19,4.199999999999999,-0.0
20,CV-charge,41,8763.461362988935,185777.78178008416,4.2,3.4840785625950454,3.4840785625950454,26331.848983383035,21843.157165078857,-3.3914548525565767e-19,4.2,-0.0
20,CV-charge,42,8836.188635716208,185850.50905281142,4.199999999999999,3.366623198375985,3.366623198375985,26280.02226464936,21899.7735791278,-3.3915365938002273e-19,4.199999999999999,-0.0
20,CV-charge,43,8908.915908443481,185923.23632553872,4.199999999999999,3.253669654839142,3.253669654839142,26229.935446287713,21954.48756438101,-3.3915887105294495e-19,4.199999999999999,-0.0
20,CV-charge,44,8981.643181170753,185995.96359826598,4.2,3.144977884556552,3.144977884556552,26181.522744225156,22007.371264580343,-3.391831328166043e-19,4.2,-0.0
20,CV-charge,45,9054.370453898027,186068.69087099325,4.200000000000001,3.0403257849340757,3.0403257849340757,26134.721813351385,22058.493035466017,-3.392097336322269e-19,4.200000000000001,-0.0
20,CV-charge,46,9127.0977266253,186141.41814372054,4.2,2.939507587248663,2.939507587248663,26089.47349406523,22107.917724846448,-3.392161141944041e-19,4.2,-0.0
20,CV-charge,47,9199.824999352571,186214.1454164478,4.199999999999999,2.842332410051865,2.842332410051865,26045.721581298778,22155.706927766416,-3.3918982625436127e-19,4.199999999999999,-0.0
20,CV-charge,48,9272.552272079844,186286.87268917507,4.2,2.7486229577603942,2.7486229577603942,26003.412613771685,22201.919219269697,-3.3916009667297095e-19,4.2,-0.0
20,CV-charge,49,9290.231171844902,186304.55158894014,4.2,2.7263936618114997,2.7263936618114997,25993.360319204312,22212.898798867926,-3.391611777861431e-19,4.2,-0.0
21,CC-discharge,0,0.0,186304.55158894014,3.8555226748445515,-27.263836618115,-27.263836618115,25993.360319204312,22212.898798867926,-3.391611777861431e-19,3.8555226748445515,0.0
21,CC-discharge,1,72.72727272727273,186377.2788616674,3.831417072362667,-27.263836618115,-27.263836618115,26558.47997500839,21678.398983147985,-3.391612045902675e-19,3.831417072362667,0.5507845781437374
21,CC-discharge,2,145.45454545454547,186450.0061343947,3.8151300228684155,-27.263836618115,-27.263836618115,26978.067737008965,21224.918959852625,-3.391611890824537e-19,3.8151300228684155,1.1015691562874748
21,CC-discharge,3,218.1818181818182,186522.73340712197,3.799945355811641,-27.263836618115,-27.263836618115,27395.794446716147,20771.46361681133,-3.391611876135687e-19,3.799945355811641,1.652353734431212
21,CC-discharge,4,290.90909090909093,186595.46067984923,3.7855967694499,-27.263836618115,-27.263836618115,27813.491985189412,20318.00822597719,-3.3916118681326333e-19,3.7855967694499,2.2031383125749495
21,CC-discharge,5,363.6363636363637,186668.1879525765,3.7719219497339926,-27.263836618115,-27.263836618115,28231.18726420521,19864.552834438433,-3.3916118648235116e-19,3.7719219497339926,2.753922890718687
21,CC-discharge,6,436.3636363636364,186740.9152253038,3.758814124692845,-27.263836618115,-27.263836618115,28648.882367434955,19411.097442888986,-3.391611862305307e-19,3.758814124692845,3.304707468862424
21,CC-discharge,7,509.0909090909091,186813.64249803105,3.746178810801625,-27.263836618115,-27.263836618115,29066.5774569212,18957.642051339808,-3.3916118727037375e-19,3.746178810801625,3.8554920470061615
21,CC-discharge,8,581.8181818181819,186886.36977075832,3.733959177503853,-27.263836618115,-27.263836618115,29484.272545326112,18504.186659790506,-3.391611868973837e-19,3.733959177503853,4.406276625149899
21,CC-discharge,9,654.5454545454546,186959.09704348558,3.722107651362195,-27.263836618115,-27.263836618115,29901.967633646513,18050.731268241103,-3.391611874497244e-19,3.722107651362195,4.9570612032936365
21,CC-discharge,10,727.2727272727274,187031.82431621288,3.710587773840703,-27.263836618115,-27.263836618115,30319.66272196027,17597.27587669181,-3.391611880016471e-19,3.710587773840703,5.507845781437374
21,CC-discharge,11,800.0000000000001,187104.55158894014,3.6993713471881007,-27.263836618115,-27.263836618115,30737.357810273337,17143.820485142816,-3.3916118842664138e-19,3.6993713471881007,6.0586303595811115
21,CC-discharge,12,872.7272727272727,187177.2788616674,3.6884363365851924,-27.263836618115,-27.263836618115,31155.052898586364,16690.365093593507,-3.3916118868692084e-19,3.6884363365851924,6.609414937724848
21,CC-discharge,13,945.4545454545455,187250.0061343947,3.6777652942922447,-27.263836618115,-27.263836618115,31572.74798689954,16236.90970204391,-3.39161189244221e-19,3.6777652942922447,7.160199515868586
21,CC-discharge,14,1018.1818181818182,187322.73340712197,3.6673441477234343,-27.263836618115,-27.263836618115,31990.443075212148,15783.454310495012,-3.391611890169502e-19,3.6673441477234343,7.710984094012323
21,CC-discharge,15,1090.909090909091,187395.46067984923,3.657161240802658,-27.263836618115,-27.263836618115,32408.138163524927,15329.998918945923,-3.3916118843460413e-19,3.657161240802658,8.26176867215606
21,CC-discharge,16,1163.6363636363637,187468.1879525765,3.647206550207117,-27.263836618115,-27.263836618115,32825.83325183766,14876.543527396776,-3.3916118848481996e-19,3.647206550207117,8.812553250299798
21,CC-discharge,17,1236.3636363636365,187540.9152253038,3.637471017964034,-27.263836618115,-27.263836618115,33243.52834015024,14423.088135847647,-3.3916119012092133e-19,3.637471017964034,9.363337828443536
21,CC-discharge,18,1309.0909090909092,187613.64249803105,3.6279459551915183,-27.263836618115,-27.263836618115,33661.22342846287,13969.632744298744,-3.391611912707471e-19,3.6279459551915183,9.914122406587273
21,CC-discharge,19,1381.818181818182,187686.36977075832,3.618622479978006,-27.263836618115,-27.263836618115,34078.918516775666,13516.177352749248,-3.3916119201559676e-19,3.618622479978006,10.46490698473101
21,CC-discharge,20,1454.5454545454547,187759.09704348558,3.60949095708342,-27.263836618115,-27.263836618115,34496.61360508821,13062.721961200194,-3.391611914316266e-19,3.60949095708342,11.015691562874748
21,CC-discharge,21,1527.2727272727275,187831.82431621288,3.600540410207858,-27.263836618115,-27.263836618115,34914.30869340149,12609.266569650772,-3.3916119151608217e-19,3.600540410207858,11.566476141018486
21,CC-discharge,22,1600.0000000000002,187904.55158894014,3.5917578704126556,-27.263836618115,-27.263836618115,35332.00378171396,12155.811178101869,-3.3916119143762696e-19,3.5917578704126556,12.117260719162223
21,CC-discharge,23,1672.727272727273,187977.2788616674,3.5831271115394747,-27.263836618115,-27.263836618115,35749.69887002691,11702.355786552527,-3.391611928547075e-19,3.5831271115394747,12.66804529730596
21,CC-discharge,24,1745.4545454545455,188050.0061343947,3.5746301735003967,-27.263836618115,-27.263836618115,36167.39395833952,11248.900395002995,-3.391611943573318e-19,3.5746301735003967,13.218829875449696
21,CC-discharge,25,1818.1818181818182,188122.73340712197,3.5662422375592495,-27.263836618115,-27.263836618115,36585.08904665206,10795.445003453824,-3.391611950746053e-19,3.5662422375592495,13.769614453593434
21,CC-discharge,26,1890.909090909091,188195.46067984923,3.557933488931778,-27.263836618115,-27.263836618115,37002.78413496507,10341.98961190489,-3.3916119369421967e-19,3.557933488931778,14.320399031737171
21,CC-discharge,27,1963.6363636363637,188268.1879525765,3.549666726230636,-27.263836618115,-27.263836618115,37420.479223277835,9888.534220355838,-3.3916121853304087e-19,3.549666726230636,14.871183609880909
21,CC-discharge,28,2036.3636363636365,188340.9152253038,3.5413954678352955,-27.263836618115,-27.263836618115,37838.174311590905,9435.078828806605,-3.3916120798142975e-19,3.5413954678352955,15.421968188024646
21,CC-discharge,29,2109.0909090909095,188413.64249803105,3.5330615597220407,-27.263836618115,-27.263836618115,38255.86939990365,8981.623437257505,-3.3916124201910374e-19,3.5330615597220407,15.972752766168385
21,CC-discharge,30,2181.818181818182,188486.36977075832,3.5245923530014585,-27.263836618115,-27.263836618115,38673.56448821662,8528.168045708373,-3.3916121542115465e-19,3.5245923530014585,16.52353734431212
21,CC-discharge,31,2254.545454545455,188559.09704348558,3.5158978198291253,-27.263836618115,-27.263836618115,39091.2595765295,8074.712654159418,-3.391612825782751e-19,3.5158978198291253,17.07432192245586
21,CC-discharge,32,2327.2727272727275,188631.82431621288,3.5068632975386933,-27.263836618115,-27.263836618115,39508.95466484264,7621.257262610114,-3.3916132476195926e-19,3.5068632975386933,17.625106500599596
21,CC-discharge,33,2400.0,188704.55158894014,3.497349353601189,-27.263836618115,-27.263836618115,39926.64975315563,7167.8018710609,-3.3916110960449986e-19,3.497349353601189,18.175891078743334
21,CC-discharge,34,2472.727272727273,188777.2788616674,3.487181229226886,-27.263836618115,-27.263836618115,40344.344841468264,6714.346479511621,-3.391614564115165e-19,3.487181229226886,18.726675656887075
21,CC-discharge,35,2545.4545454545455,188850.0061343947,3.4761418900804055,-27.263836618115,-27.263836618115,40762.039929780905,6260.891087962405,-3.391615463687559e-19,3.4761418900804055,19.277460235030812
21,CC-discharge,36,2618.1818181818185,188922.73340712197,3.463963040914907,-27.263836618115,-27.263836618115,41179.73501809347,5807.435696413302,-3.391615346351919e-19,3.463963040914907,19.82824481317455
21,CC-discharge,37,2690.909090909091,188995.46067984923,3.4503136636320177,-27.263836618115,-27.263836618115,41597.43010640674,5353.9803048641315,-3.391617656370645e-19,3.4503136636320177,20.379029391318287
21,CC-discharge,38,2763.636363636364,189068.1879525765,3.434786922891767,-27.263836618115,-27.263836618115,42015.12519471895,4900.524913315085,-3.3916197199190384e-19,3.434786922891767,20.929813969462025
21,CC-discharge,39,2836.3636363636365,189140.9152253038,3.416885342129529,-27.263836618115,-27.263836618115,42432.820283031884,4447.069521766121,-3.391618743756565e-19,3.416885342129529,21.480598547605762
21,CC-discharge,40,2909.0909090909095,189213.64249803105,3.396004809976371,-27.263836618115,-27.263836618115,42850.515371344314,3993.6141302170113,-3.3916192991750224e-19,3.396004809976371,22.0313831257495
21,CC-discharge,41,2981.818181818182,189286.36977075832,3.37141809822529,-27.263836618115,-27.263836618115,43268.21045965757,3540.1587386680153,-3.3916201521835754e-19,3.37141809822529,22.582167703893237
21,CC-discharge,42,3054.545454545455,189359.09704348558,3.342261366309082,-27.263836618115,-27.263836618115,43685.90554796985,3086.7033471189698,-3.391623193249715e-19,3.342261366309082,23.132952282036975
21,CC-discharge,43,3127.2727272727275,189431.82431621288,3.307513991909783,-27.263836618115,-27.263836618115,44103.60063628342,2633.24795556994,-3.391623579864699e-19,3.307513991909783,23.683736860180712
21,CC-discharge,44,3200.0000000000005,189504.55158894014,3.265970656496733,-27.263836618115,-27.263836618115,44521.29572459578,2179.7925640208714,-3.3916204973668635e-19,3.265970656496733,24.23452143832445
21,CC-discharge,45,3272.727272727273,189577.2788616674,3.2160195325720777,-27.263836618115,-27.263836618115,44938.990812908836,1726.3371724718309,-3.3916269572987764e-19,3.2160195325720777,24.785306016468187
21,CC-discharge,46,3345.454545454546,189650.0061343947,3.154209883449931,-27.263836618115,-27.263836618115,45356.68590122176,1272.8817809227767,-3.3916359198464032e-19,3.154209883449931,25.336090594611925
21,CC-discharge,47,3418.1818181818185,189722.73340712197,3.062957130360507,-27.263836618115,-27.263836618115,45774.3809895344,819.4263893737526,-3.3916378736082526e-19,3.062957130360507,25.886875172755662
21,CC-discharge,48,3445.822401346482,189750.37399028664,3.000009999999999,-27.263836618115,-27.263836618115,45933.12935714201,647.0870317770818,-3.391639626587819e-19,3.000009999999999,26.096205268153106
21,CC-charge,0,3445.822401346482,189750.37399028664,3.7153887909291763,27.263836618115,27.263836618115,45933.12935714201,647.0870317770818,-3.391639626587819e-19,3.7153887909291763,0.0
21,CC-charge,1,3518.5496740737544,189823.1012630139,3.8214145337466103,27.263836618115,27.263836618115,45368.01440386588,1181.584609777405,-3.391634694708792e-19,3.8214145337466103,-0.0
21,CC-charge,2,3591.2769468010274,189895.8285357412,3.8677467156787255,27.263836618115,27.263836618115,44948.42555151227,1635.0668717453834,-3.3916352819359413e-19,3.8677467156787255,-0.0
21,CC-charge,3,3664.0042195283,189968.55580846846,3.905167272387928,27.263836618115,27.263836618115,44530.69307568032,2088.5222127430325,-3.391635829353432e-19,3.905167272387928,-0.0
21,CC-charge,4,3736.731492255573,190041.28308119572,3.936444043928034,27.263836618115,27.263836618115,44112.99748929546,2541.977604659519,-3.391635306326854e-19,3.936444043928034,-0.0
21,CC-charge,5,3809.4587649828454,190114.010353923,3.962507262914533,27.263836618115,27.263836618115,43695.302395882805,2995.4329962041243,-3.3916361705816637e-19,3.962507262914533,-0.0
21,CC-charge,6,3882.1860377101184,190186.73762665028,3.984126988897702,27.263836618115,27.263836618115,43277.607307635386,3448.888387753187,-3.391635073288177e-19,3.984126988897702,-0.0
21,CC-charge,7,3954.913310437391,190259.46489937755,4.002043216375917,27.263836618115,27.263836618115,42859.912219321785,3902.343779302096,-3.391633392626205e-19,4.002043216375917,-0.0
21,CC-charge,8,4027.640583164664,190332.1921721048,4.016938820589498,27.263836618115,27.263836618115,42442.21713100801,4355.79917085107,-3.391632546565332e-19,4.016938820589498,-0.0
21,CC-charge,9,4100.367855891936,190404.91944483208,4.029417592572019,27.263836618115,27.263836618115,42024.52204269436,4809.254562400062,-3.391632293580427e-19,4.029417592572019,-0.0
21,CC-charge,10,4173.095128619209,190477.64671755937,4.03999508654234,27.263836618115,27.263836618115,41606.826954380835,5262.709953949133,-3.391632904164592e-19,4.03999508654234,-0.0
21,CC-charge,11,4245.822401346482,190550.37399028664,4.049104552482377,27.263836618115,27.263836618115,41189.13186606759,5716.165345498055,-3.39163338156644e-19,4.049104552482377,-0.0
21,CC-charge,12,4318.549674073754,190623.1012630139,4.057103437530558,27.263836618115,27.263836618115,40771.4367777545,6169.620737047004,-3.391633403350572e-19,4.057103437530558,-0.0
21,CC-charge,13,4391.276946801027,190695.8285357412,4.064284316768541,27.263836618115,27.263836618115,40353.74168944094,6623.076128596008,-3.3916329193212085e-19,4.064284316768541,-0.0
21,CC-charge,14,4464.0042195283,190768.55580846846,4.0708845497484685,27.263836618115,27.263836618115,39936.04660112767,7076.531520144934,-3.3916330679106374e-19,4.0708845497484685,-0.0
21,CC-charge,15,4536.731492255572,190841.28308119572,4.0770955619868685,27.263836618115,27.263836618115,39518.3515128144,7529.986911693914,-3.3916334252781682e-19,4.0770955619868685,-0.0
21,CC-charge,16,4609.458764982845,190914.010353923,4.083070827905358,27.263836618115,27.263836618115,39100.65642450115,7983.442303242755,-3.391632968773685e-19,4.083070827905358,-0.0
21,CC-charge,17,4682.186037710118,190986.73762665028,4.08893335361723,27.263836618115,27.263836618115,38682.961336188026,8436.897694791747,-3.391632345084483e-19,4.08893335361723,-0.0
21,CC-charge,18,4754.913310437391,191059.46489937755,4.0947804211107615,27.263836618115,27.263836618115,38265.266247874686,8890.353086340616,-3.3916320652838473e-19,4.0947804211107615,-0.0
21,CC-charge,19,4827.640583164664,191132.1921721048,4.100689516253204,27.263836618115,27.263836618115,37847.57115956163,9343.808477889721,-3.391632045271167e-19,4.100689516253204,-0.0
21,CC-charge,20,4900.367855891936,191204.91944483208,4.106721612089174,27.263836618115,27.263836618115,37429.876071248385,9797.2638694386,-3.391632060780804e-19,4.106721612089174,-0.0
21,CC-charge,21,4973.095128619209,191277.64671755937,4.112924383230056,27.263836618115,27.263836618115,37012.180982935075,10250.719260987387,-3.3916320633101587e-19,4.112924383230056,-0.0
21,CC-charge,22,5045.822401346482,191350.37399028664,4.119336525513196,27.263836618115,27.263836618115,36594.48589462135,10704.174652536201,-3.3916320636625894e-19,4.119336525513196,-0.0
21,CC-charge,23,5118.549674073754,191423.1012630139,4.1259866648285355,27.263836618115,27.263836618115,36176.79080630763,11157.630044085152,-3.3916318939127125e-19,4.1259866648285355,-0.0
21,CC-charge,24,5191.276946801027,191495.8285357412,4.132897735462086,27.263836618115,27.263836618115,35759.0957179944,11611.085435633862,-3.391631896008193e-19,4.132897735462086,-0.0
21,CC-charge,25,5264.0042195283,191568.55580846846,4.140087694456796,27.263836618115,27.263836618115,35341.400629681215,12064.540827183257,-3.3916318812319194e-19,4.140087694456796,-0.0
21,CC-charge,26,5336.731492255572,191641.28308119572,4.147570665295749,27.263836618115,27.263836618115,34923.70554136763,12517.996218732078,-3.3916318916701135e-19,4.147570665295749,-0.0
21,CC-charge,27,5409.458764982845,191714.010353923,4.155357901937692,27.263836618115,27.263836618115,34506.01045305439,12971.451610281149,-3.391631896676872e-19,4.155357901937692,-0.0
21,CC-charge,28,5482.186037710118,191786.73762665028,4.163460476625562,27.263836618115,27.263836618115,34088.315364741306,13424.90700183022,-3.391631887241073e-19,4.163460476625562,-0.0
21,CC-charge,29,5554.913310437391,191859.46489937755,4.171883024230134,27.263836618115,27.263836618115,33670.62027642803,13878.362393378671,-3.3916320307983706e-19,4.171883024230134,-0.0
21,CC-charge,30,5627.640583164664,191932.1921721048,4.18063387336285,27.263836618115,27.263836618115,33252.92518811502,14331.81778492724,-3.3916318971360784e-19,4.18063387336285,-0.0
21,CC-charge,31,5700.367855891936,192004.91944483208,4.189719793124183,27.263836618115,27.263836618115,32835.23009980212,14785.27317647611,-3.391631471763651e-19,4.189719793124183,-0.0
21,CC-charge,32,5773.095128619209,192077.64671755937,4.199147945254469,27.263836618115,27.263836618115,32417.535011488657,15238.728568024542,-3.3916312792796124e-19,4.199147945254469,-0.0
21,CC-charge,33,5779.462327975132,192084.01391691528,4.199990000000001,27.263836618115,27.263836618115,32380.966227901114,15278.42813008344,-3.391631277047864e-19,4.199990000000001,-0.0
21,CV-charge,0,5779.462327975132,192084.01391691528,4.2,27.288375103765127,27.288375103765127,32380.966227901114,15278.42813008344,-3.391631277047864e-19,4.2,0.0
21,CV-charge,1,5852.189600702405,192156.74118964255,4.199999999999999,24.20886973510106,24.20886973510106,31859.023886641295,15773.500165866788,-3.3261782023527887e-19,4.199999999999999,-0.0
21,CV-charge,2,5924.916873429677,192229.46846236984,4.2,22.264192662417567,22.264192662417567,31512.550987748793,16153.679734538793,-3.278413025859428e-19,4.2,-0.0
21,CV-charge,3,5997.64414615695,192302.1957350971,4.2,20.565632348978433,20.565632348978433,31194.518819254678,16504.11139716934,-3.053883447101031e-19,4.2,-0.0
21,CV-charge,4,6070.371418884223,192374.92300782437,4.2,19.06487727017758,19.06487727017758,30899.615319699627,16828.862483553316,-3.001643561361452e-19,4.2,-0.0
21,CV-charge,5,6143.098691611496,192447.65028055164,4.200000000000001,17.732805633591315,17.732805633591315,30625.435891705794,17130.593287602565,-3.056641671419662e-19,4.200000000000001,-0.0
21,CV-charge,6,6215.825964338768,192520.37755327893,4.200000000000001,16.544471408141934,16.544471408141934,30369.738906503433,17411.81463463728,-3.048119068608679e-19,4.200000000000001,-0.0
21,CV-charge,7,6288.553237066041,192593.1048260062,4.2,15.47925567717779,15.47925567717779,30130.59728761407,17674.682977458346,-2.99909703564457e-19,4.2,-0.0
21,CV-charge,8,6361.280509793314,192665.83209873346,4.2,14.520088229367058,14.520088229367058,29906.353989955012,17921.0504093381,-2.9249926095271556e-19,4.2,-0.0
21,CV-charge,9,6434.007782520587,192738.55937146072,4.200000000000001,13.652735457052891,13.652735457052891,29695.57549576038,18152.517440833104,-2.9629093493812304e-19,4.200000000000001,-0.0
21,CV-charge,10,6506.735055247859,192811.28664418802,4.199999999999998,12.86527696497269,12.86527696497269,29497.01623882265,18370.473292405684,-2.970524389616554e-19,4.199999999999998,-0.0
21,CV-charge,11,6579.462327975132,192884.01391691528,4.2,12.147678951675228,12.147678951675228,29309.589487267578,18576.12883992963,-2.984533910088796e-19,4.2,-0.0
21,CV-charge,12,6652.189600702405,192956.74118964255,4.199999999999998,11.491398583475277,11.491398583475277,29132.32979284366,18770.558696029373,-3.0445905726219595e-19,4.199999999999998,-0.0
21,CV-charge,13,6724.916873429678,193029.46846236984,4.2,10.889242533588732,10.889242533588732,28964.404518042626,18954.688990090242,-3.150136957988214e-19,4.2,-0.0
21,CV-charge,14,6797.64414615695,193102.1957350971,4.2,10.335021575588732,10.335021575588732,28805.067282201933,19129.34916387366,-3.1812383385880483e-19,4.2,-0.0
21,CV-charge,15,6870.371418884223,193174.92300782437,4.2,9.823012431968369,9.823012431968369,28653.53246851661,19295.409824403887,-3.1826549287018685e-19,4.2,-0.0
21,CV-charge,16,6943.098691611496,193247.65028055164,4.199999999999999,9.349071284895452,9.349071284895452,28509.333959047523,19453.38961432865,-3.18200503209784e-19,4.199999999999999,-0.0
21,CV-charge,17,7015.825964338768,193320.37755327893,4.199999999999999,8.909216813389946,8.909216813389946,28371.941282901767,19603.876772912543,-3.181884659484022e-19,4.199999999999999,-0.0
21,CV-charge,18,7088.553237066041,193393.1048260062,4.200000000000001,8.499993942719156,8.499993942719156,28240.87843636552,19747.398693783638,-3.1819851737228376e-19,4.200000000000001,-0.0
21,CV-charge,19,7161.280509793314,193465.83209873346,4.200000000000001,8.118381206020205,8.118381206020205,28115.71640488895,19884.430405934116,-3.181458356725917e-19,4.200000000000001,-0.0
21,CV-charge,20,7234.007782520587,193538.55937146072,4.200000000000001,7.761731885655211,7.761731885655211,27996.06748415486,20015.400935207585,-3.1807762044387367e-19,4.200000000000001,-0.0
21,CV-charge,21,7306.73505524786,193611.28664418802,4.200000000000001,7.427718414070874,7.427718414070874,27881.580278989855,20140.698903412223,-3.1801401784258563e-19,4.200000000000001,-0.0
21,CV-charge,22,7379.462327975132,193684.01391691528,4.199999999999999,7.114287016805928,7.114287016805928,27771.93541497419,20260.677325058663,-3.180093027262015e-19,4.199999999999999,-0.0
21,CV-charge,23,7452.189600702405,193756.74118964255,4.200000000000001,6.8196232912711805,6.8196232912711805,27666.843138485343,20375.656311000337,-3.180135494448603e-19,4.200000000000001,-0.0
21,CV-charge,24,7524.916873429678,193829.46846236984,4.2,6.542112138710301,6.542112138710301,27566.03728619201,20485.92976370445,-3.1797668814303424e-19,4.2,-0.0
21,CV-charge,25,7597.64414615695,193902.1957350971,4.2,6.280315775976883,6.280315775976883,27469.27424598146,20591.76655003008,-3.179648653967582e-19,4.2,-0.0
21,CV-charge,26,7670.371418884223,193974.92300782437,4.2,6.032950293884485,6.032950293884485,27376.330374963676,20693.413384685955,-3.1796634521736075e-19,4.2,-0.0
21,CV-charge,27,7743.098691611496,194047.65028055164,4.2,5.798866147695671,5.798866147695671,27286.999903980883,20791.09716533228,-3.176577152892584e-19,4.2,-0.0
21,CV-charge,28,7815.825964338768,194120.37755327893,4.199999999999999,5.577031486411105,5.577031486411105,27201.09310260519,20885.02701623673,-3.1745012024057397e-19,4.199999999999999,-0.0
21,CV-charge,29,7888.553237066042,194193.1048260062,4.199999999999999,5.366517858844282,5.366517858844282,27118.434667562775,20975.396081962386,-3.17166350160015e-19,4.199999999999999,-0.0
21,CV-charge,30,7961.280509793314,194265.83209873346,4.2,5.166487916619147,5.166487916619147,27038.862303325994,21062.38310624804,-3.172780745292354e-19,4.2,-0.0
21,CV-charge,31,8034.007782520587,194338.55937146072,4.199999999999999,4.976184800860968,4.976184800860968,26962.225468478748,21146.153825689056,-3.171864347765411e-19,4.199999999999999,-0.0
21,CV-charge,32,8106.73505524786,194411.28664418802,4.200000000000001,4.79492295346924,4.79492295346924,26888.384265567645,21226.86220324319,-3.171779762968336e-19,4.200000000000001,-0.0
21,CV-charge,33,8179.462327975132,194484.01391691528,4.2,4.622080137718483,4.622080137718483,26817.20845549456,21304.651522781693,-3.170315762009031e-19,4.2,-0.0
21,CV-charge,34,8252.189600702404,194556.74118964255,4.200000000000001,4.457090488829866,4.457090488829866,26748.57658034553,21379.655362737492,-3.1697891344202486e-19,4.200000000000001,-0.0
21,CV-charge,35,8324.916873429678,194629.46846236984,4.200000000000001,4.299438444475329,4.299438444475329,26682.375180890394,21451.9984642564,-3.1704041121440374e-19,4.200000000000001,-0.0
21,CV-charge,36,8397.64414615695,194702.1957350971,4.2,4.14865342931969,4.14865342931969,26618.498096963325,21521.797507045765,-3.1698467835413814e-19,4.2,-0.0
21,CV-charge,37,8470.371418884224,194774.92300782437,4.199999999999999,4.004305187613741,4.004305187613741,26556.8458405955,21589.161804231597,-3.168109629380558e-19,4.199999999999999,-0.0
21,CV-charge,38,8543.098691611496,194847.65028055164,4.2,3.865999674319169,3.865999674319169,26497.325033177156,21654.19392599643,-3.1683030723901927e-19,4.2,-0.0
21,CV-charge,39,8615.825964338768,194920.37755327893,4.200000000000001,3.7333754289510885,3.7333754289510885,26439.847899105713,21716.99026039685,-3.1689795869922307e-19,4.200000000000001,-0.0
21,CV-charge,40,8688.553237066042,194993.1048260062,4.200000000000001,3.6061003677033647,3.6061003677033647,26384.33180939006,21777.641518664183,-3.1687093961859127e-19,4.200000000000001,-0.0
21,CV-charge,41,8761.280509793314,195065.83209873346,4.2,3.4838689389878805,3.4838689389878805,26330.6988695405,21836.23319130551,-3.16833299177042e-19,4.2,-0.0
21,CV-charge,42,8834.007782520588,195138.55937146072,4.200000000000001,3.3663995954824615,3.3663995954824615,26278.875546801413,21892.84596052374,-3.1672334264948047e-19,4.200000000000001,-0.0
21,CV-charge,43,8906.73505524786,195211.28664418802,4.2,3.253432542540189,3.253432542540189,26228.79233242281,21947.556073750955,-3.16789957918988e-19,4.2,-0.0
21,CV-charge,44,8979.462327975132,195284.01391691528,4.2,3.144727728450546,3.144727728450546,26180.38343518872,22000.435682496744,-3.167228618477845e-19,4.2,-0.0
21,CV-charge,45,9052.189600702404,195356.74118964255,4.2,3.0400630468785255,3.0400630468785255,26133.58650290785,22051.55315019961,-3.166968004192944e-19,4.2,-0.0
21,CV-charge,46,9124.916873429678,195429.46846236984,4.199999999999999,2.939232725837198,2.939232725837198,26088.342368945367,22100.97333231435,-3.166578640827892e-19,4.199999999999999,-0.0
21,CV-charge,47,9197.64414615695,195502.1957350971,4.200000000000001,2.8420458810533082,2.8420458810533082,26044.594821246494,22148.757831480074,-3.1667108500160683e-19,4.200000000000001,-0.0
21,CV-charge,48,9270.371418884224,195574.92300782437,4.2,2.748325214492385,2.748325214492385,26002.290391579467,22194.965230291764,-3.1669397689552033e-19,4.2,-0.0
21,CV-charge,49,9287.810184192133,195592.3617731323,4.199999999999999,2.7263936618115,2.7263936618115,25992.375070155234,22205.795217024344,-3.166946646110992e-19,4.199999999999999,-0.0
22,CC-discharge,0,0.0,195592.3617731323,3.8555443145335526,-27.263836618115,-27.263836618115,25992.375070155234,22205.795217024344,-3.166946646110992e-19,3.8555443145335526,0.0
22,CC-discharge,1,72.72727272727273,195665.08904585955,3.831432790746027,-27.263836618115,-27.263836618115,26557.49472030935,21671.29540739746,-3.1669464062202556e-19,3.831432790746027,0.5507845781437374
22,CC-discharge,2,145.45454545454547,195737.81631858685,3.8151425166358077,-27.263836618115,-27.263836618115,26977.082474571893,21217.815378098247,-3.1669463524922196e-19,3.8151425166358077,1.1015691562874748
22,CC-discharge,3,218.1818181818182,195810.5435913141,3.7999553182912624,-27.263836618115,-27.263836618115,27394.809196323302,20764.360034969595,-3.1669463524507943e-19,3.7999553182912624,1.652353734431212
22,CC-discharge,4,290.90909090909093,195883.27086404138,3.785604745780051,-27.263836618115,-27.263836618115,27812.50673601088,20310.90464413401,-3.166946336710847e-19,3.785604745780051,2.2031383125749495
22,CC-discharge,5,363.6363636363637,195955.99813676864,3.7719283302849616,-27.263836618115,-27.263836618115,28230.202015144285,19857.44925259532,-3.1669463381819236e-19,3.7719283302849616,2.753922890718687
22,CC-discharge,6,436.3636363636364,196028.72540949594,3.758819225846693,-27.263836618115,-27.263836618115,28647.89711838477,19403.993861046638,-3.1669463308519016e-19,3.758819225846693,3.304707468862424
22,CC-discharge,7,509.0909090909091,196101.4526822232,3.746182849096595,-27.263836618115,-27.263836618115,29065.5922078721,18950.53846949716,-3.1669463291353226e-19,3.746182849096595,3.8554920470061615
22,CC-discharge,8,581.8181818181819,196174.17995495046,3.7339623381950413,-27.263836618115,-27.263836618115,29483.28729627801,18497.083077947755,-3.166946327421922e-19,3.7339623381950413,4.406276625149899
22,CC-discharge,9,654.5454545454546,196246.90722767773,3.722110082108048,-27.263836618115,-27.263836618115,29900.982384598425,18043.627686398115,-3.166946316692955e-19,3.722110082108048,4.9570612032936365
22,CC-discharge,10,727.2727272727274,196319.63450040502,3.7105895928887342,-27.263836618115,-27.263836618115,30318.677472911306,17590.172294848857,-3.166946322057669e-19,3.7105895928887342,5.507845781437374
22,CC-discharge,11,800.0000000000001,196392.3617731323,3.6993726491192165,-27.263836618115,-27.263836618115,30736.3725612241,17136.716903300217,-3.166946323467059e-19,3.6993726491192165,6.0586303595811115
22,CC-discharge,12,872.7272727272727,196465.08904585955,3.688437196275672,-27.263836618115,-27.263836618115,31154.067649536897,16683.261511750912,-3.166946329579077e-19,3.688437196275672,6.609414937724848
22,CC-discharge,13,945.4545454545455,196537.81631858685,3.677765769513028,-27.263836618115,-27.263836618115,31571.762737850204,16229.806120201723,-3.1669463336210143e-19,3.677765769513028,7.160199515868586
22,CC-discharge,14,1018.1818181818182,196610.5435913141,3.6673442806386616,-27.263836618115,-27.263836618115,31989.457826163252,15776.350728652555,-3.1669463396844556e-19,3.6673442806386616,7.710984094012323
22,CC-discharge,15,1090.909090909091,196683.27086404138,3.6571610585155234,-27.263836618115,-27.263836618115,32407.152914476294,15322.895337103548,-3.166946342709301e-19,3.6571610585155234,8.26176867215606
22,CC-discharge,16,1163.6363636363637,196755.99813676864,3.6472060644220696,-27.263836618115,-27.263836618115,32824.84800278868,14869.439945554359,-3.1669463419594315e-19,3.6472060644220696,8.812553250299798
22,CC-discharge,17,1236.3636363636365,196828.72540949594,3.6374702237665613,-27.263836618115,-27.263836618115,33242.54309110175,14415.984554004846,-3.1669463451160282e-19,3.6374702237665613,9.363337828443536
22,CC-discharge,18,1309.0909090909092,196901.4526822232,3.6279448288894347,-27.263836618115,-27.263836618115,33660.238179414264,13962.529162455608,-3.1669463562421693e-19,3.6279448288894347,9.914122406587273
22,CC-discharge,19,1381.818181818182,196974.17995495046,3.618620975892384,-27.263836618115,-27.263836618115,34077.93326772707,13509.073770906598,-3.166946350364939e-19,3.618620975892384,10.46490698473101
22,CC-discharge,20,1454.5454545454547,197046.90722767773,3.6094890031202223,-27.263836618115,-27.263836618115,34495.62835603975,13055.618379357293,-3.166946350090422e-19,3.6094890031202223,11.015691562874748
22,CC-discharge,21,1527.2727272727275,197119.63450040502,3.6005379019828903,-27.263836618115,-27.263836618115,34913.32344435253,12602.162987807857,-3.166946345733672e-19,3.6005379019828903,11.566476141018486
22,CC-discharge,22,1600.0000000000002,197192.3617731323,3.591754663599879,-27.263836618115,-27.263836618115,35331.01853266543,12148.707596258628,-3.1669463388913317e-19,3.591754663599879,12.117260719162223
22,CC-discharge,23,1672.727272727273,197265.08904585955,3.58312301679451,-27.263836618115,-27.263836618115,35748.713620978226,11695.252204709359,-3.1669463333997326e-19,3.58312301679451,12.66804529730596
22,CC-discharge,24,1745.4545454545455,197337.81631858685,3.574624928668853,-27.263836618115,-27.263836618115,36166.40870929091,11241.79681316025,-3.166946316119284e-19,3.574624928668853,13.218829875449696
22,CC-discharge,25,1818.1818181818182,197410.5435913141,3.5662355083743753,-27.263836618115,-27.263836618115,36584.10379760383,10788.341421610958,-3.1669463014429826e-19,3.5662355083743753,13.769614453593434
22,CC-discharge,26,1890.909090909091,197483.27086404138,3.557924843997625,-27.263836618115,-27.263836618115,37001.79888591695,10334.886030061587,-3.166946300531685e-19,3.557924843997625,14.320399031737171
22,CC-discharge,27,1963.6363636363637,197555.99813676864,3.5496556126244334,-27.263836618115,-27.263836618115,37419.49397422959,9881.430638512544,-3.166946615722234e-19,3.5496556126244334,14.871183609880909
22,CC-discharge,28,2036.3636363636365,197628.72540949594,3.5413811792759193,-27.263836618115,-27.263836618115,37837.18906254259,9427.975246963377,-3.166946217503541e-19,3.5413811792759193,15.421968188024646
22,CC-discharge,29,2109.0909090909095,197701.4526822232,3.5330431980303127,-27.263836618115,-27.263836618115,38254.88415085514,8974.519855414115,-3.166945751313635e-19,3.5330431980303127,15.972752766168385
22,CC-discharge,30,2181.818181818182,197774.17995495046,3.524568781026533,-27.263836618115,-27.263836618115,38672.57923916772,8521.06446386486,-3.166946600235147e-19,3.524568781026533,16.52353734431212
22,CC-discharge,31,2254.545454545455,197846.90722767773,3.5158675970032967,-27.263836618115,-27.263836618115,39090.27432748028,8067.609072315697,-3.1669460610172864e-19,3.5158675970032967,17.07432192245586
22,CC-discharge,32,2327.2727272727275,197919.63450040502,3.5068246229272457,-27.263836618115,-27.263836618115,39507.969415792904,7614.153680766574,-3.166946379381287e-19,3.5068246229272457,17.625106500599596
22,CC-discharge,33,2400.0,197992.3617731323,3.4972999702004928,-27.263836618115,-27.263836618115,39925.664504105844,7160.698289217363,-3.1669480342352555e-19,3.4972999702004928,18.175891078743334
22,CC-discharge,34,2472.727272727273,198065.08904585955,3.4871182977486677,-27.263836618115,-27.263836618115,40343.35959241847,6707.242897668219,-3.1669478004591097e-19,3.4871182977486677,18.726675656887075
22,CC-discharge,35,2545.4545454545455,198137.81631858685,3.476061878963644,-27.263836618115,-27.263836618115,40761.05468073125,6253.787506119162,-3.166944561999011e-19,3.476061878963644,19.277460235030812
22,CC-discharge,36,2618.1818181818185,198210.5435913141,3.4638615629608163,-27.263836618115,-27.263836618115,41178.749769044174,5800.33211457007,-3.1669409254671813e-19,3.4638615629608163,19.82824481317455
22,CC-discharge,37,2690.909090909091,198283.27086404138,3.450185291784126,-27.263836618115,-27.263836618115,41596.44485735728,5346.876723020845,-3.1669396495194547e-19,3.450185291784126,20.379029391318287
22,CC-discharge,38,2763.636363636364,198355.99813676864,3.4346249788764176,-27.263836618115,-27.263836618115,42014.13994567051,4893.421331471792,-3.166938436438291e-19,3.4346249788764176,20.929813969462025
22,CC-discharge,39,2836.3636363636365,198428.72540949594,3.4166816629441166,-27.263836618115,-27.263836618115,42431.83503398338,4439.9659399226975,-3.1669398948126635e-19,3.4166816629441166,21.480598547605762
22,CC-discharge,40,2909.0909090909095,198501.4526822232,3.395749500677081,-27.263836618115,-27.263836618115,42849.53012229626,3986.51054837362,-3.1669382356682733e-19,3.395749500677081,22.0313831257495
22,CC-discharge,41,2981.818181818182,198574.17995495046,3.3710993192822016,-27.263836618115,-27.263836618115,43267.225210608594,3533.055156824407,-3.166938905304373e-19,3.3710993192822016,22.582167703893237
22,CC-discharge,42,3054.545454545455,198646.90722767773,3.341865143388658,-27.263836618115,-27.263836618115,43684.92029892139,3079.599765275332,-3.166943067100536e-19,3.341865143388658,23.132952282036975
22,CC-discharge,43,3127.2727272727275,198719.63450040502,3.3070238343290947,-27.263836618115,-27.263836618115,44102.61538723452,2626.14437372629,-3.1669390545263227e-19,3.3070238343290947,23.683736860180712
22,CC-discharge,44,3200.0000000000005,198792.3617731323,3.2653666148648948,-27.263836618115,-27.263836618115,44520.31047554706,2172.6889821772156,-3.1669423056374764e-19,3.2653666148648948,24.23452143832445
22,CC-discharge,45,3272.727272727273,198865.08904585955,3.2152706034763963,-27.263836618115,-27.263836618115,44938.00556385911,1719.2335906281114,-3.1669493593321476e-19,3.2152706034763963,24.785306016468187
22,CC-discharge,46,3345.454545454546,198937.81631858685,3.1532210462848482,-27.263836618115,-27.263836618115,45355.70065217129,1265.778199079051,-3.1669444181673984e-19,3.1532210462848482,25.336090594611925
22,CC-discharge,47,3418.1818181818185,199010.5435913141,3.061051370843564,-27.263836618115,-27.263836618115,45773.3957404837,812.3228075300218,-3.166947219044826e-19,3.061051370843564,25.886875172755662
22,CC-discharge,48,3444.7276099335168,199037.08938306582,3.0000099999999996,-27.263836618115,-27.263836618115,45925.85638439714,646.8094871297773,-3.166951015649103e-19,3.0000099999999996,26.087914097538107
22,CC-charge,0,3444.7276099335168,199037.08938306582,3.7153525337129434,27.263836618115,27.263836618115,45925.85638439714,646.8094871297773,-3.166951015649103e-19,3.7153525337129434,0.0
22,CC-charge,1,3517.4548826607893,199109.81665579308,3.8214479608029044,27.263836618115,27.263836618115,45360.741431215196,1181.3070651067599,-3.1669497347515936e-19,3.8214479608029044,-0.0
22,CC-charge,2,3590.1821553880623,199182.54392852038,3.8677853731550664,27.263836618115,27.263836618115,44941.15259169379,1634.7893269462948,-3.16694801999531e-19,3.8677853731550664,-0.0
22,CC-charge,3,3662.909428115335,199255.27120124764,3.9052086983630763,27.263836618115,27.263836618115,44523.42010313967,2088.244668096952,-3.1669473074589125e-19,3.9052086983630763,-0.0
22,CC-charge,4,3735.6367008426078,199327.9984739749,3.936488372171367,27.263836618115,27.263836618115,44105.72451655432,2541.700060012208,-3.1669471105412424e-19,3.936488372171367,-0.0
22,CC-charge,5,3808.3639735698803,199400.72574670217,3.962554726885089,27.263836618115,27.263836618115,43688.02942313772,2995.1554515568178,-3.1669464884458373e-19,3.962554726885089,-0.0
22,CC-charge,6,3881.0912462971532,199473.45301942946,3.984177707047594,27.263836618115,27.263836618115,43270.33433489117,3448.610843105855,-3.1669447512024568e-19,3.984177707047594,-0.0
22,CC-charge,7,3953.8185190244258,199546.18029215673,4.002097228366284,27.263836618115,27.263836618115,42852.63924657773,3902.0662346547983,-3.1669448378084314e-19,4.002097228366284,-0.0
22,CC-charge,8,4026.5457917516987,199618.907564884,4.016996128780187,27.263836618115,27.263836618115,42434.944158264254,4355.521626203797,-3.1669463271311306e-19,4.016996128780187,-0.0
22,CC-charge,9,4099.273064478972,199691.63483761126,4.029478186662731,27.263836618115,27.263836618115,42017.24906995053,4808.97701775275,-3.1669461685701835e-19,4.029478186662731,-0.0
22,CC-charge,10,4172.000337206244,199764.36211033855,4.040058958627194,27.263836618115,27.263836618115,41599.55398163706,5262.432409301616,-3.1669473316780546e-19,4.040058958627194,-0.0
22,CC-charge,11,4244.727609933517,199837.08938306582,4.0491717010124475,27.263836618115,27.263836618115,41181.858893323886,5715.887800850579,-3.166947472086615e-19,4.0491717010124475,-0.0
22,CC-charge,12,4317.45488266079,199909.81665579308,4.057173870140241,27.263836618115,27.263836618115,40764.16380501042,6169.343192399639,-3.1669470644511523e-19,4.057173870140241,-0.0
22,CC-charge,13,4390.182155388062,199982.54392852038,4.0643580493116005,27.263836618115,27.263836618115,40346.46871669645,6622.798583948545,-3.166947088653227e-19,4.0643580493116005,-0.0
22,CC-charge,14,4462.909428115335,200055.27120124764,4.070961605147514,27.263836618115,27.263836618115,39928.77362838287,7076.253975497551,-3.1669471740993053e-19,4.070961605147514,-0.0
22,CC-charge,15,4535.636700842608,200127.9984739749,4.077175968639167,27.263836618115,27.263836618115,39511.078540069466,7529.709367046569,-3.1669470548520233e-19,4.077175968639167,-0.0
22,CC-charge,16,4608.363973569881,200200.72574670217,4.083154618029133,27.263836618115,27.263836618115,39093.383451756534,7983.164758595465,-3.1669468660317792e-19,4.083154618029133,-0.0
22,CC-charge,17,4681.091246297154,200273.45301942946,4.089020562186696,27.263836618115,27.263836618115,38675.688363443136,8436.620150144357,-3.1669467087836466e-19,4.089020562186696,-0.0
22,CC-charge,18,4753.818519024426,200346.18029215673,4.09487108436923,27.263836618115,27.263836618115,38257.99327512921,8890.07554169327,-3.1669463239099926e-19,4.09487108436923,-0.0
22,CC-charge,19,4826.545791751699,200418.907564884,4.100783670957476,27.263836618115,27.263836618115,37840.298186815715,9343.530933242115,-3.166946279822973e-19,4.100783670957476,-0.0
22,CC-charge,20,4899.273064478972,200491.63483761126,4.106819295132581,27.263836618115,27.263836618115,37422.603098502645,9796.98632479096,-3.166946155427771e-19,4.106819295132581,-0.0
22,CC-charge,21,4972.000337206244,200564.36211033855,4.113025630873805,27.263836618115,27.263836618115,37004.908010189516,10250.441716339943,-3.166946146163781e-19,4.113025630873805,-0.0
22,CC-charge,22,5044.727609933517,200637.08938306582,4.119441374835537,27.263836618115,27.263836618115,36587.21292187634,10703.897107888932,-3.166946146449688e-19,4.119441374835537,-0.0
22,CC-charge,23,5117.45488266079,200709.81665579308,4.12609515246386,27.263836618115,27.263836618115,36169.51783356348,11157.35249943818,-3.1669462292962747e-19,4.12609515246386,-0.0
22,CC-charge,24,5190.182155388062,200782.54392852038,4.133009898678159,27.263836618115,27.263836618115,35751.82274525009,11610.807890987184,-3.1669462211136513e-19,4.133009898678159,-0.0
22,CC-charge,25,5262.909428115335,200855.27120124764,4.14020357217372,27.263836618115,27.263836618115,35334.12765693718,12064.26328253583,-3.1669462222824302e-19,4.14020357217372,-0.0
22,CC-charge,26,5335.636700842608,200927.9984739749,4.147690299222584,27.263836618115,27.263836618115,34916.43256862391,12517.718674084419,-3.1669461926161286e-19,4.147690299222584,-0.0
22,CC-charge,27,5408.363973569881,201000.72574670217,4.155481338187934,27.263836618115,27.263836618115,34498.7374803113,12971.174065633151,-3.166946173972937e-19,4.155481338187934,-0.0
22,CC-charge,28,5481.091246297154,201073.45301942946,4.163587767339633,27.263836618115,27.263836618115,34081.04239199797,13424.629457181729,-3.1669461806518093e-19,4.163587767339633,-0.0
22,CC-charge,29,5553.818519024426,201146.18029215673,4.1720142315082045,27.263836618115,27.263836618115,33663.34730368459,13878.084848730554,-3.16694626187297e-19,4.1720142315082045,-0.0
22,CC-charge,30,5626.545791751699,201218.907564884,4.180769071146245,27.263836618115,27.263836618115,33245.652215370676,14331.540240279788,-3.1669462821575223e-19,4.180769071146245,-0.0
22,CC-charge,31,5699.273064478972,201291.63483761126,4.189859071552433,27.263836618115,27.263836618115,32827.95712705795,14784.99563182845,-3.1669459770000134e-19,4.189859071552433,-0.0
22,CC-charge,32,5772.000337206244,201364.36211033855,4.199291415799142,27.263836618115,27.263836618115,32410.262038744804,15238.4510233774,-3.1669457106101574e-19,4.199291415799142,-0.0
22,CC-charge,33,5777.281861124696,201369.643634257,4.19999,27.263836618115,27.263836618115,32379.928623001055,15271.38138645311,-3.1669457118945283e-19,4.19999,-0.0
22,CV-charge,0,5777.281861124696,201369.643634257,4.199999999999999,27.28836817276341,27.28836817276341,32379.928623001055,15271.38138645311,-3.1669457118945283e-19,4.199999999999999,0.0
22,CV-charge,1,5850.009133851969,201442.37090698426,4.199999999999998,24.209074370369464,24.209074370369464,31857.983523710074,15766.455928615396,-3.092232635474665e-19,4.199999999999998,-0.0
22,CV-charge,2,5922.736406579241,201515.09817971155,4.199999999999998,22.264527582166686,22.264527582166686,31511.505659734277,16146.640503354554,-3.0537174497196107e-19,4.199999999999998,-0.0
22,CV-charge,3,5995.463679306514,201587.82545243882,4.199999999999999,20.566051705244764,20.566051705244764,31193.466848680193,16497.07905876859,-3.042607838643283e-19,4.199999999999999,-0.0
22,CV-charge,4,6068.190952033787,201660.55272516608,4.2,19.06535010435546,19.06535010435546,30898.5561220877,16821.837809468387,-3.0798800761262296e-19,4.2,-0.0
22,CV-charge,5,6140.91822476106,201733.27999789335,4.2,17.73330812284418,17.73330812284418,30624.368929705302,17123.576939140985,-3.088138162207311e-19,4.2,-0.0
22,CV-charge,6,6213.645497488332,201806.00727062064,4.199999999999999,16.54498657397759,16.54498657397759,30368.663975805935,17404.806887954506,-2.9969467670231655e-19,4.199999999999999,-0.0
22,CV-charge,7,6286.372770215605,201878.7345433479,4.200000000000001,15.479771109054171,15.479771109054171,30129.514367525615,17667.683894945,-2.9757630121832057e-19,4.200000000000001,-0.0
22,CV-charge,8,6359.100042942878,201951.46181607517,4.2,14.520595082291818,14.520595082291818,29905.263205143514,17914.059884354825,-3.046229225159611e-19,4.2,-0.0
22,CV-charge,9,6431.827315670151,202024.18908880244,4.2,13.653227351785219,13.653227351785219,29694.477069628974,18145.535251502897,-2.894874981798986e-19,4.2,-0.0
22,CV-charge,10,6504.554588397423,202096.91636152973,4.2,12.865749314785507,12.865749314785507,29495.910450103926,18363.49915122567,-2.944978775185943e-19,4.2,-0.0
22,CV-charge,11,6577.281861124696,202169.643634257,4.200000000000001,12.148128605518323,12.148128605518323,29308.47668141579,18569.16238198393,-2.947548391746686e-19,4.200000000000001,-0.0
22,CV-charge,12,6650.009133851969,202242.37090698426,4.2,11.491823418423396,11.491823418423396,29131.21034822554,18763.599517648094,-2.781292749667248e-19,4.2,-0.0
22,CV-charge,13,6722.736406579241,202315.09817971155,4.2,10.88924056538486,10.88924056538486,28963.16537063699,18947.861120216265,-2.6913108092387897e-19,4.2,-0.0
22,CV-charge,14,6795.463679306514,202387.82545243882,4.199999999999999,10.335023730651526,10.335023730651526,28803.82797638216,19122.52138722515,-2.7657871238302383e-19,4.199999999999999,-0.0
22,CV-charge,15,6868.190952033787,202460.55272516608,4.200000000000001,9.823015233938346,9.823015233938346,28652.293110450435,19288.582098291296,-2.762714734043004e-19,4.200000000000001,-0.0
22,CV-charge,16,6940.91822476106,202533.27999789335,4.199999999999999,9.349476694563322,9.349476694563322,28508.219852092327,19446.424610661757,-2.7563709572156856e-19,4.199999999999999,-0.0
22,CV-charge,17,7013.645497488333,202606.00727062064,4.199999999999999,8.909590002023375,8.909590002023375,28370.821473125547,19596.918140503123,-2.7563114145371777e-19,4.199999999999999,-0.0
22,CV-charge,18,7086.372770215605,202678.7345433479,4.199999999999999,8.500334353718708,8.500334353718708,28239.753342167733,19740.445894011416,-2.7565662067783784e-19,4.199999999999999,-0.0
22,CV-charge,19,7159.100042942878,202751.46181607517,4.2,8.118689782208476,8.118689782208476,28114.58652016755,19877.482902210722,-2.756384847536264e-19,4.2,-0.0
22,CV-charge,20,7231.827315670151,202824.18908880244,4.2,7.762009579883382,7.762009579883382,27994.933285083796,20008.458207700274,-2.7574894986508447e-19,4.2,-0.0
22,CV-charge,21,7304.554588397423,202896.91636152973,4.2,7.427966181212205,7.427966181212205,27880.44222695863,20133.760448391902,-2.7569988602093985e-19,4.2,-0.0
22,CV-charge,22,7377.281861124696,202969.643634257,4.2,7.114505802123734,7.114505802123734,27770.79395663349,20253.742654812242,-2.7570484588317267e-19,4.2,-0.0
22,CV-charge,23,7450.009133851969,203042.37090698426,4.2,6.819814002609857,6.819814002609857,27665.698698732067,20368.72496161039,-2.7572118248840356e-19,4.2,-0.0
22,CV-charge,24,7522.736406579241,203115.09817971155,4.2,6.542275682359217,6.542275682359217,27564.89028309382,20479.001278544638,-2.7572038597745274e-19,4.2,-0.0
22,CV-charge,25,7595.463679306514,203187.82545243882,4.200000000000001,6.280453033052113,6.280453033052113,27468.125084145548,20584.84048721766,-2.7571649375073134e-19,4.200000000000001,-0.0
22,CV-charge,26,7668.190952033787,203260.55272516608,4.2,6.033062118208234,6.033062118208234,27375.179445847403,20686.48931668993,-2.7574709650175987e-19,4.2,-0.0
22,CV-charge,27,7740.91822476106,203333.27999789335,4.200000000000001,5.798953365022895,5.798953365022895,27285.84758633043,20784.174678505664,-2.7570528398019475e-19,4.200000000000001,-0.0
22,CV-charge,28,7813.645497488333,203406.00727062064,4.199999999999999,5.577094894394297,5.577094894394297,27199.93976288409,20878.105710348984,-2.7583644811576234e-19,4.199999999999999,-0.0
22,CV-charge,29,7886.372770215605,203478.7345433479,4.2,5.366558227559649,5.366558227559649,27117.280660378918,20968.47556973788,-2.757907654472133e-19,4.2,-0.0
22,CV-charge,30,7959.100042942878,203551.46181607517,4.2,5.166505989468198,5.166505989468198,27037.70797184017,21055.46301291677,-2.758583489076805e-19,4.2,-0.0
22,CV-charge,31,8031.827315670151,203624.18908880244,4.199999999999999,4.976181295748546,4.976181295748546,26961.071144800582,21139.233788556357,-2.7566232750027405e-19,4.199999999999999,-0.0
22,CV-charge,32,8104.554588397423,203696.91636152973,4.200000000000001,4.794898564143448,4.794898564143448,26887.230271126853,21219.941871280265,-2.7567337658794465e-19,4.200000000000001,-0.0
22,CV-charge,33,8177.281861124696,203769.643634257,4.199999999999999,4.622035535227124,4.622035535227124,26816.055101393707,21297.730556239785,-2.7561745156233427e-19,4.199999999999999,-0.0
22,CV-charge,34,8250.009133851969,203842.37090698426,4.199999999999999,4.457026323021338,4.457026323021338,26747.424167687383,21372.733432787485,-2.7548617428825747e-19,4.199999999999999,-0.0
22,CV-charge,35,8322.73640657924,203915.09817971155,4.200000000000001,4.299355345520029,4.299355345520029,26681.224001082926,21445.075252655264,-2.7539481245821784e-19,4.200000000000001,-0.0
22,CV-charge,36,8395.463679306515,203987.82545243882,4.200000000000001,4.148552009216893,4.148552009216893,26617.34843200082,21514.872705822865,-2.754589583067539e-19,4.200000000000001,-0.0
22,CV-charge,37,8468.190952033787,204060.55272516608,4.2,4.004186041664197,4.004186041664197,26555.69796331844,21582.235115407104,-2.7532898886205236e-19,4.2,-0.0
22,CV-charge,38,8540.918224761059,204133.27999789335,4.2,3.865863382550092,3.865863382550092,26496.179207508212,21647.26506131488,-2.7529253043294596e-19,4.2,-0.0
22,CV-charge,39,8613.645497488333,204206.00727062064,4.2,3.7332225574782494,3.7332225574782494,26438.704380267365,21710.058941093797,-2.754076837749161e-19,4.2,-0.0
22,CV-charge,40,8686.372770215605,204278.7345433479,4.2,3.6059314700234366,3.6059314700234366,26383.19084409852,21770.70747524582,-2.754251819338001e-19,4.2,-0.0
22,CV-charge,41,8759.100042942879,204351.46181607517,4.2,3.4836845571975297,3.4836845571975297,26329.560696184017,21829.296163354396,-2.7542261031581404e-19,4.2,-0.0
22,CV-charge,42,8831.82731567015,204424.18908880244,4.2,3.366200261419203,3.366200261419203,26277.740395601006,21885.905696522346,-2.753607523988999e-19,4.2,-0.0
22,CV-charge,43,8904.554588397423,204496.91636152973,4.200000000000001,3.25321877883519,3.25321877883519,26227.66042557155,21940.61233092041,-2.753008091869132e-19,4.200000000000001,-0.0
22,CV-charge,44,8977.281861124697,204569.643634257,4.2,3.144500049509668,3.144500049509668,26179.25498698493,21993.48822665704,-2.753604554817528e-19,4.2,-0.0
22,CV-charge,45,9050.009133851969,204642.37090698426,4.199999999999999,3.0398219597659906,3.0398219597659906,26132.46171986598,22044.60175564391,-2.753637226290255e-19,4.199999999999999,-0.0
22,CV-charge,46,9122.736406579243,204715.09817971155,4.2,2.938978731081019,2.938978731081019,26087.221449897825,22094.017781694154,-2.7538498033283207e-19,4.2,-0.0
22,CV-charge,47,9195.463679306515,204787.82545243882,4.199999999999999,2.841779473367039,2.841779473367039,26043.477957434934,22141.797915705432,-2.754116232863883e-19,4.199999999999999,-0.0
22,CV-charge,48,9268.190952033787,204860.55272516608,4.2,2.7480468834158778,2.7480468834158778,26001.177766736935,22188.000748441496,-2.753717618070793e-19,4.2,-0.0
22,CV-charge,49,9285.405026547143,204877.76679967943,4.200000000000001,2.7263936618114997,2.7263936618114997,25991.390583140765,22198.69079226744,-2.753679094307699e-19,4.200000000000001,-0.0
23,CC-discharge,0,0.0,204877.76679967943,3.85556592153528,-27.263836618115,-27.263836618115,25991.390583140765,22198.69079226744,-2.753679094307699e-19,3.85556592153528,0.0
23,CC-discharge,1,72.72727272727273,204950.4940724067,3.8314484791055805,-27.263836618115,-27.263836618115,26556.510227648396,21664.190988733,-2.753679063750615e-19,3.8314484791055805,0.5507845781437374
23,CC-discharge,2,145.45454545454547,205023.221345134,3.815154982425528,-27.263836618115,-27.263836618115,26976.09797416278,21210.710953431164,-2.7536792056641094e-19,3.815154982425528,1.1015691562874748
23,CC-discharge,3,218.1818181818182,205095.94861786126,3.799965254604531,-27.263836618115,-27.263836618115,27393.824707963075,20757.255610214277,-2.753679209207718e-19,3.799965254604531,1.652353734431212
23,CC-discharge,4,290.90909090909093,205168.67589058852,3.7856126976494138,-27.263836618115,-27.263836618115,27811.522248865815,20303.800219377805,-2.7536791943098183e-19,3.7856126976494138,2.2031383125749495
23,CC-discharge,5,363.6363636363637,205241.4031633158,3.7719346879219917,-27.263836618115,-27.263836618115,28229.217528117413,19850.344827839144,-2.7536791953942676e-19,3.7719346879219917,2.753922890718687
23,CC-discharge,6,436.3636363636364,205314.13043604308,3.758824305527527,-27.263836618115,-27.263836618115,28646.91263136892,19396.889436290192,-2.7536791876353194e-19,3.758824305527527,3.304707468862424
23,CC-discharge,7,509.0909090909091,205386.85770877035,3.746186867191718,-27.263836618115,-27.263836618115,29064.607720857206,18943.434044740632,-2.7536791891506473e-19,3.746186867191718,3.8554920470061615
23,CC-discharge,8,581.8181818181819,205459.5849814976,3.7339654798442465,-27.263836618115,-27.263836618115,29482.302809262957,18489.97865319124,-2.7536791873429107e-19,3.7339654798442465,4.406276625149899
23,CC-discharge,9,654.5454545454546,205532.31225422487,3.722112494862183,-27.263836618115,-27.263836618115,29899.99789758353,18036.52326164172,-2.753679178775595e-19,3.722112494862183,4.9570612032936365
23,CC-discharge,10,727.2727272727274,205605.03952695217,3.710591394891551,-27.263836618115,-27.263836618115,30317.69298589608,17583.067870092284,-2.7536791782358626e-19,3.710591394891551,5.507845781437374
23,CC-discharge,11,800.0000000000001,205677.76679967943,3.6993739348473795,-27.263836618115,-27.263836618115,30735.388074208895,17129.612478543047,-2.7536791701961e-19,3.6993739348473795,6.0586303595811115
23,CC-discharge,12,872.7272727272727,205750.4940724067,3.688438040496005,-27.263836618115,-27.263836618115,31153.083162521536,16676.157086993564,-2.7536791714035886e-19,3.688438040496005,6.609414937724848
23,CC-discharge,13,945.4545454545455,205823.221345134,3.677766229876498,-27.263836618115,-27.263836618115,31570.778250834748,16222.701695444088,-2.753679168161155e-19,3.677766229876498,7.160199515868586
23,CC-discharge,14,1018.1818181818182,205895.94861786126,3.6673443991727543,-27.263836618115,-27.263836618115,31988.473339147742,15769.24630389457,-2.753679181389587e-19,3.6673443991727543,7.710984094012323
23,CC-discharge,15,1090.909090909091,205968.67589058852,3.657160862162857,-27.263836618115,-27.263836618115,32406.1684274605,15315.790912345126,-2.7536791903170536e-19,3.657160862162857,8.26176867215606
23,CC-discharge,16,1163.6363636363637,206041.4031633158,3.6472055646938975,-27.263836618115,-27.263836618115,32823.86351577294,14862.335520795374,-2.753679189741207e-19,3.6472055646938975,8.812553250299798
23,CC-discharge,17,1236.3636363636365,206114.13043604308,3.63746941551207,-27.263836618115,-27.263836618115,33241.55860408582,14408.880129246314,-2.7536792027325104e-19,3.63746941551207,9.363337828443536
23,CC-discharge,18,1309.0909090909092,206186.85770877035,3.6279436881239886,-27.263836618115,-27.263836618115,33659.25369239857,13955.424737696774,-2.753679205304797e-19,3.6279436881239886,9.914122406587273
23,CC-discharge,19,1381.818181818182,206259.5849814976,3.6186194565725724,-27.263836618115,-27.263836618115,34076.94878071162,13501.969346147476,-2.7536792074848143e-19,3.6186194565725724,10.46490698473101
23,CC-discharge,20,1454.5454545454547,206332.31225422487,3.6094870326957316,-27.263836618115,-27.263836618115,34494.64386902406,13048.513954597713,-2.753679214208808e-19,3.6094870326957316,11.015691562874748
23,CC-discharge,21,1527.2727272727275,206405.03952695217,3.6005353754968605,-27.263836618115,-27.263836618115,34912.33895733718,12595.05856304874,-2.753679209438135e-19,3.6005353754968605,11.566476141018486
23,CC-discharge,22,1600.0000000000002,206477.76679967943,3.591751436006802,-27.263836618115,-27.263836618115,35330.034045649896,12141.603171499293,-2.753679214080091e-19,3.591751436006802,12.117260719162223
23,CC-discharge,23,1672.727272727273,206550.4940724067,3.5831188978311665,-27.263836618115,-27.263836618115,35747.729133962486,11688.147779949899,-2.7536792247770146e-19,3.5831188978311665,12.66804529730596
23,CC-discharge,24,1745.4545454545455,206623.221345134,3.5746196550530227,-27.263836618115,-27.263836618115,36165.42422227544,11234.692388400854,-2.7536792103514917e-19,3.5746196550530227,13.218829875449696
23,CC-discharge,25,1818.1818181818182,206695.94861786126,3.5662287444179825,-27.263836618115,-27.263836618115,36583.119310588074,10781.236996851609,-2.7536792078269543e-19,3.5662287444179825,13.769614453593434
23,CC-discharge,26,1890.909090909091,206768.67589058852,3.5579161565241835,-27.263836618115,-27.263836618115,37000.81439890119,10327.78160530238,-2.753679191068107e-19,3.5579161565241835,14.320399031737171
23,CC-discharge,27,1963.6363636363637,206841.4031633158,3.5496444464807135,-27.263836618115,-27.263836618115,37418.50948721393,9874.326213753116,-2.7536790012100005e-19,3.5496444464807135,14.871183609880909
23,CC-discharge,28,2036.3636363636365,206914.13043604308,3.541366825360965,-27.263836618115,-27.263836618115,37836.20457552692,9420.87082220396,-2.75367862741666e-19,3.541366825360965,15.421968188024646
23,CC-discharge,29,2109.0909090909095,206986.85770877035,3.5330247546631695,-27.263836618115,-27.263836618115,38253.899663839664,8967.415430654833,-2.7536793779455774e-19,3.5330247546631695,15.972752766168385
23,CC-discharge,30,2181.818181818182,207059.5849814976,3.5245451066896436,-27.263836618115,-27.263836618115,38671.59475215261,8513.960039105408,-2.753679388626064e-19,3.5245451066896436,16.52353734431212
23,CC-discharge,31,2254.545454545455,207132.31225422487,3.515837245637914,-27.263836618115,-27.263836618115,39089.28984046535,8060.504647556373,-2.7536795791494244e-19,3.515837245637914,17.07432192245586
23,CC-discharge,32,2327.2727272727275,207205.03952695217,3.5067857870123937,-27.263836618115,-27.263836618115,39506.98492877794,7607.0492560072735,-2.7536804047426916e-19,3.5067857870123937,17.625106500599596
23,CC-discharge,33,2400.0,207277.76679967943,3.4972503842278972,-27.263836618115,-27.263836618115,39924.68001709063,7153.593864458212,-2.7536808778371085e-19,3.4972503842278972,18.175891078743334
23,CC-discharge,34,2472.727272727273,207350.4940724067,3.4870551121735693,-27.263836618115,-27.263836618115,40342.37510540344,6700.138472909124,-2.7536819256568843e-19,3.4870551121735693,18.726675656887075
23,CC-discharge,35,2545.4545454545455,207423.221345134,3.475981549572268,-27.263836618115,-27.263836618115,40760.07019371647,6246.683081359831,-2.7536811380055594e-19,3.475981549572268,19.277460235030812
23,CC-discharge,36,2618.1818181818185,207495.94861786126,3.463759687110816,-27.263836618115,-27.263836618115,41177.765282029315,5793.2276898107075,-2.7536802288525653e-19,3.463759687110816,19.82824481317455
23,CC-discharge,37,2690.909090909091,207568.67589058852,3.4500564237219025,-27.263836618115,-27.263836618115,41595.46037034197,5339.772298261535,-2.7536821840638026e-19,3.4500564237219025,20.379029391318287
23,CC-discharge,38,2763.636363636364,207641.4031633158,3.4344624179457446,-27.263836618115,-27.263836618115,42013.155458654735,4886.3169067125145,-2.753683532958898e-19,3.4344624179457446,20.929813969462025
23,CC-discharge,39,2836.3636363636365,207714.13043604308,3.416477219769152,-27.263836618115,-27.263836618115,42430.85054696795,4432.861515163405,-2.7536852725970393e-19,3.416477219769152,21.480598547605762
23,CC-discharge,40,2909.0909090909095,207786.85770877035,3.395493250067456,-27.263836618115,-27.263836618115,42848.545635281436,3979.4061236143198,-2.7536866845456797e-19,3.395493250067456,22.0313831257495
23,CC-discharge,41,2981.818181818182,207859.5849814976,3.370779387367919,-27.263836618115,-27.263836618115,43266.24072359391,3525.9507320652483,-2.7536876733313963e-19,3.370779387367919,22.582167703893237
23,CC-discharge,42,3054.545454545455,207932.31225422487,3.3414675194012546,-27.263836618115,-27.263836618115,43683.93581190665,3072.495340516154,-2.753688882730637e-19,3.3414675194012546,23.132952282036975
23,CC-discharge,43,3127.2727272727275,208005.03952695217,3.3065319814470344,-27.263836618115,-27.263836618115,44101.63090021912,2619.039948967109,-2.753689217872629e-19,3.3065319814470344,23.683736860180712
23,CC-discharge,44,3200.0000000000005,208077.76679967943,3.264760499630244,-27.263836618115,-27.263836618115,44519.325988530865,2165.5845574180607,-2.7536866875032273e-19,3.264760499630244,24.23452143832445
23,CC-discharge,45,3272.727272727273,208150.4940724067,3.2145188735823966,-27.263836618115,-27.263836618115,44937.02107684363,1712.1291658690047,-2.7536816954440324e-19,3.2145188735823966,24.785306016468187
23,CC-discharge,46,3345.454545454546,208223.221345134,3.1522263028724744,-27.263836618115,-27.263836618115,45354.71616515657,1258.6737743199396,-2.753680866711616e-19,3.1522263028724744,25.336090594611925
23,CC-discharge,47,3418.1818181818185,208295.94861786126,3.0591066833791953,-27.263836618115,-27.263836618115,45772.41125346948,805.218382770922,-2.753673153926875e-19,3.0591066833791953,25.886875172755662
23,CC-discharge,48,3443.6311311464115,208321.39793082586,3.0000099999999996,-27.263836618115,-27.263836618115,45918.57448258055,646.5416203644866,-2.7536828208728256e-19,3.0000099999999996,26.079610147952867
23,CC-charge,0,3443.6311311464115,208321.39793082586,3.7153198423026463,27.263836618115,27.263836618115,45918.57448258055,646.5416203644866,-2.7536828208728256e-19,3.7153198423026463,0.0
23,CC-charge,1,3516.358403873684,208394.12520355312,3.8214824734787154,27.263836618115,27.263836618115,45353.45952950365,1181.0391983059521,-2.753687704896796e-19,3.8214824734787154,-0.0
23,CC-charge,2,3589.085676600957,208466.85247628042,3.867824870541669,27.263836618115,27.263836618115,44933.87070237101,1634.5214600341105,-2.753682891951677e-19,3.867824870541669,-0.0
23,CC-charge,3,3661.8129493282295,208539.57974900768,3.905250835436057,27.263836618115,27.263836618115,44516.13820151851,2087.9768013328535,-2.753682581537639e-19,3.905250835436057,-0.0
23,CC-charge,4,3734.5402220555025,208612.30702173495,3.9365333053918365,27.263836618115,27.263836618115,44098.44261473895,2541.4321932468833,-2.753683379372852e-19,3.9365333053918365,-0.0
23,CC-charge,5,3807.267494782775,208685.0342944622,3.9626027039593255,27.263836618115,27.263836618115,43680.74752131901,2994.8875847915147,-2.7536834970452375e-19,3.9626027039593255,-0.0
23,CC-charge,6,3879.994767510048,208757.7615671895,3.9842288606138236,27.263836618115,27.263836618115,43263.05243307178,3448.3429763406484,-2.7536826608899153e-19,3.9842288606138236,-0.0
23,CC-charge,7,3952.7220402373205,208830.48883991677,4.002151611823645,27.263836618115,27.263836618115,42845.35734475813,3901.798367889595,-2.7536834966132606e-19,4.002151611823645,-0.0
23,CC-charge,8,4025.4493129645934,208903.21611264403,4.017053757019301,27.263836618115,27.263836618115,42427.66225644437,4355.25375943856,-2.7536833841108405e-19,4.017053757019301,-0.0
23,CC-charge,9,4098.176585691866,208975.9433853713,4.029539060356723,27.263836618115,27.263836618115,42009.96716813077,4808.709150987553,-2.753684417523245e-19,4.029539060356723,-0.0
23,CC-charge,10,4170.9038584191385,209048.6706580986,4.040123079155149,27.263836618115,27.263836618115,41592.27207981683,5262.164542536454,-2.7536851153629597e-19,4.040123079155149,-0.0
23,CC-charge,11,4243.6311311464115,209121.39793082586,4.0492390745767235,27.263836618115,27.263836618115,41174.57699150315,5715.61993408541,-2.753686248074806e-19,4.0492390745767235,-0.0
23,CC-charge,12,4316.358403873684,209194.12520355312,4.057244510726885,27.263836618115,27.263836618115,40756.88190318982,6169.075325634142,-2.753686359213894e-19,4.057244510726885,-0.0
23,CC-charge,13,4389.0856766009565,209266.85247628042,4.064431977939684,27.263836618115,27.263836618115,40339.186814876295,6622.530717183039,-2.7536861345544416e-19,4.064431977939684,-0.0
23,CC-charge,14,4461.8129493282295,209339.57974900768,4.0710388489026155,27.263836618115,27.263836618115,39921.491726563036,7075.9861087319105,-2.753686553073977e-19,4.0710388489026155,-0.0
23,CC-charge,15,4534.540222055502,209412.30702173495,4.077256559250762,27.263836618115,27.263836618115,39503.79663824992,7529.441500280746,-2.753686844298313e-19,4.077256559250762,-0.0
23,CC-charge,16,4607.267494782775,209485.0342944622,4.083238590369764,27.263836618115,27.263836618115,39086.10154993624,7982.896891829553,-2.753686643520242e-19,4.083238590369764,-0.0
23,CC-charge,17,4679.994767510048,209557.7615671895,4.089107953323668,27.263836618115,27.263836618115,38668.406461623425,8436.352283378243,-2.753686530003306e-19,4.089107953323668,-0.0
23,CC-charge,18,4752.7220402373205,209630.48883991677,4.0949619321969735,27.263836618115,27.263836618115,38250.7113733101,8889.807674927164,-2.7536864603136887e-19,4.0949619321969735,-0.0
23,CC-charge,19,4825.449312964593,209703.21611264403,4.100878013534449,27.263836618115,27.263836618115,37833.016284996804,9343.263066476076,-2.7536864420994657e-19,4.100878013534449,-0.0
23,CC-charge,20,4898.176585691866,209775.9433853713,4.106917170363298,27.263836618115,27.263836618115,37415.32119668348,9796.71845802477,-2.753686422158165e-19,4.106917170363298,-0.0
23,CC-charge,21,4970.9038584191385,209848.6706580986,4.113127075818124,27.263836618115,27.263836618115,36997.62610837079,10250.173849573475,-2.753686427558015e-19,4.113127075818124,-0.0
23,CC-charge,22,5043.6311311464115,209921.39793082586,4.119546427183337,27.263836618115,27.263836618115,36579.93102005738,10703.629241122524,-2.7536864223499107e-19,4.119546427183337,-0.0
23,CC-charge,23,5116.358403873684,209994.12520355312,4.126203849339669,27.263836618115,27.263836618115,36162.23593174346,11157.084632671344,-2.753686340993609e-19,4.126203849339669,-0.0
23,CC-charge,24,5189.0856766009565,210066.85247628042,4.133122277747821,27.263836618115,27.263836618115,35744.54084343053,11610.54002422066,-2.753686324596166e-19,4.133122277747821,-0.0
23,CC-charge,25,5261.8129493282295,210139.57974900768,4.140319672691471,27.263836618115,27.263836618115,35326.84575511622,12063.995415769105,-2.7536863416360328e-19,4.140319672691471,-0.0
23,CC-charge,26,5334.540222055502,210212.30702173495,4.147810163194861,27.263836618115,27.263836618115,34909.150666803136,12517.45080731762,-2.7536863404122694e-19,4.147810163194861,-0.0
23,CC-charge,27,5407.267494782775,210285.0342944622,4.155605012012429,27.263836618115,27.263836618115,34491.45557848992,12970.906198866112,-2.753686357216755e-19,4.155605012012429,-0.0
23,CC-charge,28,5479.994767510048,210357.7615671895,4.163715303463768,27.263836618115,27.263836618115,34073.76049017712,13424.361590415183,-2.753686364414679e-19,4.163715303463768,-0.0
23,CC-charge,29,5552.7220402373205,210430.48883991677,4.1721456923448645,27.263836618115,27.263836618115,33656.06540186369,13877.816981964004,-2.753686527045471e-19,4.1721456923448645,-0.0
23,CC-charge,30,5625.449312964593,210503.21611264403,4.1809045310185,27.263836618115,27.263836618115,33238.37031355062,14331.272373512753,-2.753686550575964e-19,4.1809045310185,-0.0
23,CC-charge,31,5698.176585691866,210575.9433853713,4.18999862106455,27.263836618115,27.263836618115,32820.675225237464,14784.727765061372,-2.7536864047853097e-19,4.18999862106455,-0.0
23,CC-charge,32,5770.9038584191385,210648.6706580986,4.199435167002058,27.263836618115,27.263836618115,32402.980136923838,15238.183156610014,-2.7536861987583314e-19,4.199435167002058,-0.0
23,CC-charge,33,5775.097649116487,210652.86444879594,4.199990000000001,27.263836618115,27.263836618115,32378.893907508045,15264.331490397693,-2.753686197192301e-19,4.199990000000001,-0.0
23,CV-charge,0,5775.097649116487,210652.86444879594,4.200000000000001,27.2883720921454,27.2883720921454,32378.893907508045,15264.331490397693,-2.753686197192301e-19,4.200000000000001,0.0
23,CV-charge,1,5847.82492184376,210725.5917215232,4.200000000000001,24.209288192383955,24.209288192383955,31856.94584906009,15759.408729917517,-2.5549986329866054e-19,4.200000000000001,-0.0
23,CV-charge,2,5920.5521945710325,210798.3189942505,4.199999999999999,22.26487069024241,22.26487069024241,31510.4628921556,16139.598451974638,-2.408652553624838e-19,4.199999999999999,-0.0
23,CV-charge,3,5993.2794672983055,210871.04626697776,4.2,20.566478401198392,20.566478401198392,31192.41732423037,16490.044026759522,-2.561183209571849e-19,4.2,-0.0
23,CV-charge,4,6066.006740025578,210943.77353970503,4.199999999999999,19.06582954934768,19.06582954934768,30897.49926790399,16814.810555516113,-2.6042301557379167e-19,4.199999999999999,-0.0
23,CV-charge,5,6138.734012752851,211016.5008124323,4.2,17.733816591794653,17.733816591794653,30623.304218224588,17116.55811361854,-2.6863618402823323e-19,4.2,-0.0
23,CV-charge,6,6211.4612854801235,211089.2280851596,4.2,16.545507170465584,16.545507170465584,30367.591211353807,17397.796757390246,-2.6155311008199994e-19,4.2,-0.0
23,CV-charge,7,6284.188558207396,211161.95535788685,4.200000000000001,15.480291490492084,15.480291490492084,30128.43353688658,17660.682513399064,-2.6209790250247226e-19,4.200000000000001,-0.0
23,CV-charge,8,6356.915830934669,211234.68263061412,4.200000000000001,14.521106461527474,14.521106461527474,29904.17443957791,17907.067137850398,-2.700660641733829e-19,4.200000000000001,-0.0
23,CV-charge,9,6429.643103661942,211307.40990334138,4.2,13.653723398861036,13.653723398861036,29693.380598371063,18138.550911680926,-2.7002407699402424e-19,4.2,-0.0
23,CV-charge,10,6502.3703763892145,211380.13717606867,4.2,12.866225485036127,12.866225485036127,29494.806557042866,18356.52292485611,-2.7164099587984163e-19,4.2,-0.0
23,CV-charge,11,6575.097649116487,211452.86444879594,4.199999999999998,12.148581783916722,12.148581783916722,29307.3657166005,18562.193899050297,-2.675457451298561e-19,4.199999999999998,-0.0
23,CV-charge,12,6647.82492184376,211525.5917215232,4.2,11.492251513325156,11.492251513325156,29130.092694140247,18756.638369915057,-2.797443015693397e-19,4.2,-0.0
23,CV-charge,13,6720.552194571033,211598.3189942505,4.200000000000001,10.889642475618484,10.889642475618484,28962.041509341772,18940.90678788949,-2.7966698670602587e-19,4.200000000000001,-0.0
23,CV-charge,14,6793.2794672983055,211671.04626697776,4.2,10.334990772237754,10.334990772237754,28802.579424645905,19115.70381791284,-2.793262294983929e-19,4.2,-0.0
23,CV-charge,15,6866.006740025578,211743.77353970503,4.2,9.822985689518285,9.822985689518285,28651.04491890796,19281.764041912615,-2.789289377074983e-19,4.2,-0.0
23,CV-charge,16,6938.734012752851,211816.5008124323,4.2,9.349042048994294,9.349042048994294,28506.84684155636,19439.74336823778,-2.791155343379384e-19,4.2,-0.0
23,CV-charge,17,7011.4612854801235,211889.2280851596,4.2,8.909179901923586,8.909179901923586,28369.454708091922,19590.229956886382,-2.7910057053105616e-19,4.2,-0.0
23,CV-charge,18,7084.188558207396,211961.95535788685,4.2,8.499945167074616,8.499945167074616,28238.392581531432,19733.75112854144,-2.790686383817632e-19,4.2,-0.0
23,CV-charge,19,7156.915830934669,212034.68263061412,4.2,8.118317219016149,8.118317219016149,28113.23149949974,19870.78185288229,-2.7905101326815063e-19,4.2,-0.0
23,CV-charge,20,7229.643103661942,212107.40990334138,4.199999999999999,7.761650012930637,7.761650012930637,27993.58379943819,20001.751108311782,-2.790581238968158e-19,4.199999999999999,-0.0
23,CV-charge,21,7302.370376389215,212180.13717606867,4.2,7.427616530199677,7.427616530199677,27879.098119339218,20127.047478916975,-2.790470492395795e-19,4.2,-0.0
23,CV-charge,22,7375.097649116487,212252.86444879594,4.2,7.114163445999779,7.114163445999779,27769.455110900846,20247.023949439656,-2.7901363957887085e-19,4.2,-0.0
23,CV-charge,23,7447.82492184376,212325.5917215232,4.199999999999999,6.81947669289035,6.81947669289035,27664.365028262484,20362.000621384792,-2.789977999012294e-19,4.199999999999999,-0.0
23,CV-charge,24,7520.552194571033,212398.3189942505,4.2,6.541941513172271,6.541941513172271,27563.561736070944,20472.271365574456,-2.7894008112227655e-19,4.2,-0.0
23,CV-charge,25,7593.2794672983055,212471.04626697776,4.2,6.280120377673999,6.280120377673999,27466.801634274238,20578.105035080935,-2.789430485527931e-19,4.2,-0.0
23,CV-charge,26,7666.006740025578,212543.77353970503,4.199999999999999,6.032729588015663,6.032729588015663,27373.861088559082,20679.748334641434,-2.789559484711827e-19,4.199999999999999,-0.0
23,CV-charge,27,7738.734012752851,212616.5008124323,4.2,5.798619775430669,5.798619775430669,27284.534335596283,20777.428155042104,-2.7895653149644287e-19,4.2,-0.0
23,CV-charge,28,7811.4612854801235,212689.2280851596,4.2,5.576759236338585,5.576759236338585,27198.63164847201,20871.353616275832,-2.790853798239582e-19,4.2,-0.0
23,CV-charge,29,7884.188558207397,212761.95535788685,4.2,5.366219643555557,5.366219643555557,27115.977725487417,20961.71786081361,-2.789317892166868e-19,4.2,-0.0
23,CV-charge,30,7956.915830934669,212834.68263061412,4.2,5.166163753434043,5.166163753434043,27036.410271046872,21048.6996321425,-2.789854279696511e-19,4.2,-0.0
23,CV-charge,31,8029.643103661942,212907.40990334138,4.200000000000001,4.97583479594673,4.97583479594673,26959.778742276376,21132.46466816529,-2.789875219802271e-19,4.200000000000001,-0.0
23,CV-charge,32,8102.370376389215,212980.13717606867,4.2,4.794547288729719,4.794547288729719,26885.943239080574,21213.166934473786,-2.78997098944892e-19,4.2,-0.0
23,CV-charge,33,8175.097649116487,213052.86444879594,4.2,4.621679059951137,4.621679059951137,26814.77351870448,21290.949718706666,-2.7876328122915713e-19,4.2,-0.0
23,CV-charge,34,8247.82492184376,213125.5917215232,4.2,4.456664300744858,4.456664300744858,26746.148118704838,21365.94660404492,-2.7869876892050226e-19,4.2,-0.0
23,CV-charge,35,8320.552194571033,213198.3189942505,4.2,4.298987497255123,4.298987497255123,26679.953574565563,21438.28233722283,-2.7865231724444597e-19,4.2,-0.0
23,CV-charge,36,8393.279467298305,213271.04626697776,4.2,4.148178116434271,4.148178116434271,26616.083720174072,21508.073604270066,-2.7849291925768674e-19,4.2,-0.0
23,CV-charge,37,8466.00674002558,213343.77353970503,4.2,4.003805939683764,4.003805939683764,26554.43906103735,21575.429725284066,-2.784847706108995e-19,4.2,-0.0
23,CV-charge,38,8538.734012752851,213416.5008124323,4.2,3.8654769548419297,3.8654769548419297,26494.926211511094,21640.45327798563,-2.784499278410103e-19,4.2,-0.0
23,CV-charge,39,8611.461285480123,213489.2280851596,4.200000000000001,3.732829730723309,3.732829730723309,26437.457388499894,21703.240658474042,-2.7852760596723e-19,4.200000000000001,-0.0
23,CV-charge,40,8684.188558207397,213561.95535788685,4.199999999999999,3.605532209835048,3.605532209835048,26381.94995511307,21763.882586474883,-2.7848708560342567e-19,4.199999999999999,-0.0
23,CV-charge,41,8756.91583093467,213634.68263061412,4.200000000000001,3.4832788643844745,3.4832788643844745,26328.326008590047,21822.464561403052,-2.7844569121387547e-19,4.200000000000001,-0.0
23,CV-charge,42,8829.643103661943,213707.40990334138,4.200000000000001,3.365788168722608,3.365788168722608,26276.512007570793,21879.06727473826,-2.784839436813536e-19,4.200000000000001,-0.0
23,CV-charge,43,8902.370376389215,213780.13717606867,4.2,3.25280034806084,3.25280034806084,26226.43843439083,21933.76698352677,-2.784816238588502e-19,4.2,-0.0
23,CV-charge,44,8975.097649116487,213852.86444879594,4.2,3.1440753689861203,3.1440753689861203,26178.039488638566,21986.6358492074,-2.784491652620021e-19,4.2,-0.0
23,CV-charge,45,9047.82492184376,213925.5917215232,4.2,3.0393911420955044,3.0393911420955044,26131.252808662946,22037.742245436806,-2.784074665241463e-19,4.2,-0.0
23,CV-charge,46,9120.552194571033,213998.3189942505,4.200000000000001,2.938541911127058,2.938541911127058,26086.019218127378,22087.151038152515,-2.784569843571532e-19,4.200000000000001,-0.0
23,CV-charge,47,9193.279467298305,214071.04626697776,4.2,2.8413368064349953,2.8413368064349953,26042.282495047228,22134.923840731957,-2.7843332819830867e-19,4.2,-0.0
23,CV-charge,48,9266.00674002558,214143.77353970503,4.2,2.747598543613753,2.747598543613753,25999.98916105404,22181.11924673339,-2.784009914182021e-19,4.2,-0.0
23,CV-charge,49,9282.861428146436,214160.6282278259,4.2,2.7263936618115,2.7263936618115,25990.406860441155,22191.585522171703,-2.7841427587769325e-19,4.2,-0.0
24,CC-discharge,0,0.0,214160.6282278259,3.8555874957568843,-27.263836618115,-27.263836618115,25990.406860441155,22191.585522171703,-2.7841427587769325e-19,3.8555874957568843,0.0
24,CC-discharge,1,72.72727272727273,214233.35550055315,3.8314641373611047,-27.263836618115,-27.263836618115,26555.526499307074,21657.085724728182,-2.7841427610758274e-19,3.8314641373611047,0.5507845781437374
24,CC-discharge,2,145.45454545454547,214306.08277328045,3.8151674201633266,-27.263836618115,-27.263836618115,26975.114238062615,21203.60568342423,-2.7841429026886517e-19,3.8151674201633266,1.1015691562874748
24,CC-discharge,3,218.1818181818182,214378.8100460077,3.799975164681482,-27.263836618115,-27.263836618115,27392.84098391748,20750.15034011852,-2.784142934965928e-19,3.799975164681482,1.652353734431212
24,CC-discharge,4,290.90909090909093,214451.53731873498,3.7856206249914113,-27.263836618115,-27.263836618115,27810.538526036496,20296.694949280783,-2.784142933181539e-19,3.7856206249914113,2.2031383125749495
24,CC-discharge,5,363.6363636363637,214524.26459146224,3.7719410225812116,-27.263836618115,-27.263836618115,28228.233805405416,19843.23955774223,-2.784142922862087e-19,3.7719410225812116,2.753922890718687
24,CC-discharge,6,436.3636363636364,214596.99186418953,3.7588293636736254,-27.263836618115,-27.263836618115,28645.9289086681,19389.784166193236,-2.784142922247899e-19,3.7588293636736254,3.304707468862424
24,CC-discharge,7,509.0909090909091,214669.7191369168,3.746190865026924,-27.263836618115,-27.263836618115,29063.623998157895,18936.328774644026,-2.7841429202825673e-19,3.746190865026924,3.8554920470061615
24,CC-discharge,8,581.8181818181819,214742.44640964406,3.733968602392695,-27.263836618115,-27.263836618115,29481.319086564137,18482.873383094775,-2.784142925571422e-19,3.733968602392695,4.406276625149899
24,CC-discharge,9,654.5454545454546,214815.17368237133,3.7221148895668934,-27.263836618115,-27.263836618115,29899.01417488391,18029.417991545197,-2.784142916856922e-19,3.7221148895668934,4.9570612032936365
24,CC-discharge,10,727.2727272727274,214887.90095509862,3.710593179792152,-27.263836618115,-27.263836618115,30316.709263198096,17575.9625999962,-2.784142917164066e-19,3.710593179792152,5.507845781437374
24,CC-discharge,11,800.0000000000001,214960.6282278259,3.6993752043160497,-27.263836618115,-27.263836618115,30734.40435151124,17122.507208446852,-2.7841429160398216e-19,3.6993752043160497,6.0586303595811115
24,CC-discharge,12,872.7272727272727,215033.35550055315,3.6884388691897665,-27.263836618115,-27.263836618115,31152.09943982408,16669.05181689733,-2.784142900256061e-19,3.6884388691897665,6.609414937724848
24,CC-discharge,13,945.4545454545455,215106.08277328045,3.6777666753259854,-27.263836618115,-27.263836618115,31569.7945281366,16215.596425348276,-2.7841428991166607e-19,3.6777666753259854,7.160199515868586
24,CC-discharge,14,1018.1818181818182,215178.8100460077,3.667344503268335,-27.263836618115,-27.263836618115,31987.489616449024,15762.141033799053,-2.7841429040744007e-19,3.667344503268335,7.710984094012323
24,CC-discharge,15,1090.909090909091,215251.53731873498,3.6571606516859916,-27.263836618115,-27.263836618115,32405.184704761457,15308.685642249824,-2.7841429040636573e-19,3.6571606516859916,8.26176867215606
24,CC-discharge,16,1163.6363636363637,215324.26459146224,3.6472050509619485,-27.263836618115,-27.263836618115,32822.879793074215,14855.230250700517,-2.78414290106348e-19,3.6472050509619485,8.812553250299798
24,CC-discharge,17,1236.3636363636365,215396.99186418953,3.637468593136991,-27.263836618115,-27.263836618115,33240.57488138754,14401.77485915132,-2.7841429144303975e-19,3.637468593136991,9.363337828443536
24,CC-discharge,18,1309.0909090909092,215469.7191369168,3.627942532827631,-27.263836618115,-27.263836618115,33658.269969699926,13948.319467602338,-2.78414291768789e-19,3.627942532827631,9.914122406587273
24,CC-discharge,19,1381.818181818182,215542.44640964406,3.6186179219456376,-27.263836618115,-27.263836618115,34075.965058012865,13494.864076053056,-2.7841429123709857e-19,3.6186179219456376,10.46490698473101
24,CC-discharge,20,1454.5454545454547,215615.17368237133,3.609485045729785,-27.263836618115,-27.263836618115,34493.66014632588,13041.408684503616,-2.7841429151358743e-19,3.609485045729785,11.015691562874748
24,CC-discharge,21,1527.2727272727275,215687.90095509862,3.600532830660198,-27.263836618115,-27.263836618115,34911.35523463872,12587.953292954513,-2.784142918025535e-19,3.600532830660198,11.566476141018486
24,CC-discharge,22,1600.0000000000002,215760.6282278259,3.59174818753159,-27.263836618115,-27.263836618115,35329.05032295157,12134.497901405113,-2.784142925538649e-19,3.59174818753159,12.117260719162223
24,CC-discharge,23,1672.727272727273,215833.35550055315,3.583114754531708,-27.263836618115,-27.263836618115,35746.74541126457,11681.042509855855,-2.7841428991217957e-19,3.583114754531708,12.66804529730596
24,CC-discharge,24,1745.4545454545455,215906.08277328045,3.5746143525150416,-27.263836618115,-27.263836618115,36164.44049957706,11227.58711830626,-2.784142888537286e-19,3.5746143525150416,13.218829875449696
24,CC-discharge,25,1818.1818181818182,215978.8100460077,3.5662219455265585,-27.263836618115,-27.263836618115,36582.13558788996,10774.131726757472,-2.784142921261044e-19,3.5662219455265585,13.769614453593434
24,CC-discharge,26,1890.909090909091,216051.53731873498,3.5579074263154857,-27.263836618115,-27.263836618115,36999.83067620253,10320.67633520838,-2.784142920377649e-19,3.5579074263154857,14.320399031737171
24,CC-discharge,27,1963.6363636363637,216124.26459146224,3.5496332275621025,-27.263836618115,-27.263836618115,37417.52576451567,9867.220943659138,-2.7841430889601003e-19,3.5496332275621025,14.871183609880909
24,CC-discharge,28,2036.3636363636365,216196.99186418953,3.5413524058011023,-27.263836618115,-27.263836618115,37835.22085282864,9413.765552109888,-2.784143110497081e-19,3.5413524058011023,15.421968188024646
24,CC-discharge,29,2109.0909090909095,216269.7191369168,3.5330062292660513,-27.263836618115,-27.263836618115,38252.91594114107,8960.310160560652,-2.784142899559244e-19,3.5330062292660513,15.972752766168385
24,CC-discharge,30,2181.818181818182,216342.44640964406,3.524521329554568,-27.263836618115,-27.263836618115,38670.611029453714,8506.854769011632,-2.7841431389483184e-19,3.524521329554568,16.52353734431212
24,CC-discharge,31,2254.545454545455,216415.17368237133,3.5158067651956886,-27.263836618115,-27.263836618115,39088.306117766566,8053.399377462693,-2.78414315710339e-19,3.5158067651956886,17.07432192245586
24,CC-discharge,32,2327.2727272727275,216487.90095509862,3.506746789131446,-27.263836618115,-27.263836618115,39506.001206078916,7599.943985913352,-2.7841440120190034e-19,3.506746789131446,17.625106500599596
24,CC-discharge,33,2400.0,216560.6282278259,3.4972005948608857,-27.263836618115,-27.263836618115,39923.69629439201,7146.488594364217,-2.784143373696644e-19,3.4972005948608857,18.175891078743334
24,CC-discharge,34,2472.727272727273,216633.35550055315,3.4869916714847786,-27.263836618115,-27.263836618115,40341.39138270472,6693.033202815135,-2.7841450425019574e-19,3.4869916714847786,18.726675656887075
24,CC-discharge,35,2545.4545454545455,216706.08277328045,3.475900900650861,-27.263836618115,-27.263836618115,40759.08647101753,6239.577811266051,-2.784146812589377e-19,3.475900900650861,19.277460235030812
24,CC-discharge,36,2618.1818181818185,216778.8100460077,3.4636574118184416,-27.263836618115,-27.263836618115,41176.78155933018,5786.122419716674,-2.7841442413353368e-19,3.4636574118184416,19.82824481317455
24,CC-discharge,37,2690.909090909091,216851.53731873498,3.449927057547125,-27.263836618115,-27.263836618115,41594.47664764329,5332.66702816751,-2.7841457298445824e-19,3.449927057547125,20.379029391318287
24,CC-discharge,38,2763.636363636364,216924.26459146224,3.4342992377817056,-27.263836618115,-27.263836618115,42012.171735956465,4879.21163661835,-2.784145142556033e-19,3.4342992377817056,20.929813969462025
24,CC-discharge,39,2836.3636363636365,216996.99186418953,3.4162720097943913,-27.263836618115,-27.263836618115,42429.866824268865,4425.756245069282,-2.784145979083273e-19,3.4162720097943913,21.480598547605762
24,CC-discharge,40,2909.0909090909095,217069.7191369168,3.39523605477746,-27.263836618115,-27.263836618115,42847.56191258212,3972.300853520154,-2.784145018843654e-19,3.39523605477746,22.0313831257495
24,CC-discharge,41,2981.818181818182,217142.44640964406,3.370458298480722,-27.263836618115,-27.263836618115,43265.257000895595,3518.845461971054,-2.7841466576685823e-19,3.370458298480722,22.582167703893237
24,CC-discharge,42,3054.545454545455,217215.17368237133,3.3410684896537752,-27.263836618115,-27.263836618115,43682.95208920807,3065.3900704219222,-2.7841388862696433e-19,3.3410684896537752,23.132952282036975
24,CC-discharge,43,3127.2727272727275,217287.90095509862,3.3060384276220587,-27.263836618115,-27.263836618115,44100.64717752102,2611.9346788728844,-2.784131756418776e-19,3.3060384276220587,23.683736860180712
24,CC-discharge,44,3200.0000000000005,217360.6282278259,3.2641523027727404,-27.263836618115,-27.263836618115,44518.342265834384,2158.4792873238293,-2.784134559491891e-19,3.2641523027727404,24.23452143832445
24,CC-discharge,45,3272.727272727273,217433.35550055315,3.213764323009882,-27.263836618115,-27.263836618115,44936.03735414756,1705.0238957747736,-2.784133748910275e-19,3.213764323009882,24.785306016468187
24,CC-discharge,46,3345.454545454546,217506.08277328045,3.1512255421396254,-27.263836618115,-27.263836618115,45353.73244246072,1251.568504225731,-2.784140511326852e-19,3.1512255421396254,25.336090594611925
24,CC-discharge,47,3418.1818181818185,217578.8100460077,3.0571303698584154,-27.263836618115,-27.263836618115,45771.427530773384,798.1131126766926,-2.7841349382180596e-19,3.0571303698584154,25.886875172755662
24,CC-discharge,48,3442.536296567616,217603.1645243935,3.0000099999999996,-27.263836618115,-27.263836618115,45911.302788275614,646.2626566061323,-2.7841309234304126e-19,3.0000099999999996,26.071318650430605
24,CC-charge,0,3442.536296567616,217603.1645243935,3.7152825825106017,27.263836618115,27.263836618115,45911.302788275614,646.2626566061323,-2.7841309234304126e-19,3.7152825825106017,0.0
24,CC-charge,1,3515.2635692948884,217675.89179712077,3.8215156080682497,27.263836618115,27.263836618115,45346.18783532559,1180.7602344968818,-2.784129400894772e-19,3.8215156080682497,-0.0
24,CC-charge,2,3587.9908420221614,217748.61906984806,3.8678633289671804,27.263836618115,27.263836618115,44926.59902110002,1634.2424961223262,-2.784130678579949e-19,3.8678633289671804,-0.0
24,CC-charge,3,3660.718114749434,217821.34634257533,3.9052921189259475,27.263836618115,27.263836618115,44508.86650741968,2087.697837575726,-2.78413136617333e-19,3.9052921189259475,-0.0
24,CC-charge,4,3733.445387476707,217894.0736153026,3.9365775360703115,27.263836618115,27.263836618115,44091.170920438475,2541.153229488564,-2.7841327929922947e-19,3.9365775360703115,-0.0
24,CC-charge,5,3806.1726602039794,217966.80088802986,3.962650107585386,27.263836618115,27.263836618115,43673.47582701479,2994.6086210332137,-2.784132208617866e-19,3.962650107585386,-0.0
24,CC-charge,6,3878.8999329312524,218039.52816075715,3.9842795493162315,27.263836618115,27.263836618115,43255.780738768306,3448.0640125822547,-2.784132306376411e-19,3.9842795493162315,-0.0
24,CC-charge,7,3951.627205658525,218112.25543348442,4.002205619918887,27.263836618115,27.263836618115,42838.08565045461,3901.519404131227,-2.7841328999710885e-19,4.002205619918887,-0.0
24,CC-charge,8,4024.354478385798,218184.98270621168,4.017111082383959,27.263836618115,27.263836618115,42420.39056214139,4354.974795680074,-2.784132542975596e-19,4.017111082383959,-0.0
24,CC-charge,9,4097.081751113071,218257.70997893895,4.029599688955486,27.263836618115,27.263836618115,42002.695473827654,4808.430187229046,-2.784132526122598e-19,4.029599688955486,-0.0
24,CC-charge,10,4169.809023840343,218330.43725166624,4.040186999994028,27.263836618115,27.263836618115,41585.000385514875,5261.88557877794,-2.784132920632422e-19,4.040186999994028,-0.0
24,CC-charge,11,4242.536296567616,218403.1645243935,4.04930628355657,27.263836618115,27.263836618115,41167.30529720102,5715.340970326805,-2.784131978600996e-19,4.04930628355657,-0.0
24,CC-charge,12,4315.263569294889,218475.89179712077,4.057315013381228,27.263836618115,27.263836618115,40749.61020888822,6168.796361875691,-2.7841318351029665e-19,4.057315013381228,-0.0
24,CC-charge,13,4387.990842022162,218548.61906984806,4.0645057883900675,27.263836618115,27.263836618115,40331.91512057494,6622.251753424774,-2.784133339967022e-19,4.0645057883900675,-0.0
24,CC-charge,14,4460.718114749434,218621.34634257533,4.071115988642243,27.263836618115,27.263836618115,39914.220032261335,7075.707144973737,-2.784133259571164e-19,4.071115988642243,-0.0
24,CC-charge,15,4533.445387476707,218694.0736153026,4.077337055495798,27.263836618115,27.263836618115,39496.52494394834,7529.162536522651,-2.7841329475067874e-19,4.077337055495798,-0.0
24,CC-charge,16,4606.17266020398,218766.80088802986,4.083322474360724,27.263836618115,27.263836618115,39078.82985563521,7982.617928071531,-2.7841328671812564e-19,4.083322474360724,-0.0
24,CC-charge,17,4678.899932931252,218839.52816075715,4.089195259227127,27.263836618115,27.263836618115,38661.13476732186,8436.073319620518,-2.7841327326407555e-19,4.089195259227127,-0.0
24,CC-charge,18,4751.627205658525,218912.25543348442,4.095052695588393,27.263836618115,27.263836618115,38243.43967900845,8889.52871116923,-2.784132469565161e-19,4.095052695588393,-0.0
24,CC-charge,19,4824.354478385798,218984.98270621168,4.100972270618717,27.263836618115,27.263836618115,37825.74459069538,9342.984102718176,-2.7841322157974166e-19,4.100972270618717,-0.0
24,CC-charge,20,4897.081751113071,219057.70997893895,4.10701495758553,27.263836618115,27.263836618115,37408.049502382055,9796.439494266988,-2.7841321752107354e-19,4.10701495758553,-0.0
24,CC-charge,21,4969.809023840344,219130.43725166624,4.113228429078248,27.263836618115,27.263836618115,36990.35441406821,10249.894885815915,-2.784132177802321e-19,4.113228429078248,-0.0
24,CC-charge,22,5042.536296567616,219203.1645243935,4.119651383281178,27.263836618115,27.263836618115,36572.659325755216,10703.350277364838,-2.784132192827849e-19,4.119651383281178,-0.0
24,CC-charge,23,5115.263569294889,219275.89179712077,4.126312444705818,27.263836618115,27.263836618115,36154.96423744215,11156.805668913888,-2.784132217447707e-19,4.126312444705818,-0.0
24,CC-charge,24,5187.990842022162,219348.61906984806,4.13323454951766,27.263836618115,27.263836618115,35737.26914912822,11610.261060462635,-2.7841322228642145e-19,4.13323454951766,-0.0
24,CC-charge,25,5260.718114749434,219421.34634257533,4.140435659727868,27.263836618115,27.263836618115,35319.57406081486,12063.71645201128,-2.784132214779555e-19,4.140435659727868,-0.0
24,CC-charge,26,5333.445387476707,219494.0736153026,4.1479299072273585,27.263836618115,27.263836618115,34901.87897250104,12517.171843560714,-2.784132208760095e-19,4.1479299072273585,-0.0
24,CC-charge,27,5406.17266020398,219566.80088802986,4.1557285592606155,27.263836618115,27.263836618115,34484.183884187536,12970.627235109741,-2.784132194345603e-19,4.1557285592606155,-0.0
24,CC-charge,28,5478.899932931252,219639.52816075715,4.1638427062701915,27.263836618115,27.263836618115,34066.48879587382,13424.082626658383,-2.7841321907308356e-19,4.1638427062701915,-0.0
24,CC-charge,29,5551.627205658526,219712.25543348442,4.172277013127731,27.263836618115,27.263836618115,33648.7937075609,13877.53801820761,-2.784132297978318e-19,4.172277013127731,-0.0
24,CC-charge,30,5624.354478385798,219784.98270621168,4.18103984417081,27.263836618115,27.263836618115,33231.09861924799,14330.99340975627,-2.784132194838959e-19,4.18103984417081,-0.0
24,CC-charge,31,5697.081751113071,219857.70997893895,4.190138017339969,27.263836618115,27.263836618115,32813.40353093447,14784.448801305332,-2.784132020776813e-19,4.190138017339969,-0.0
24,CC-charge,32,5769.809023840344,219930.43725166624,4.199578758687216,27.263836618115,27.263836618115,32395.70844262178,15237.904192854261,-2.784132107740823e-19,4.199578758687216,-0.0
24,CC-charge,33,5772.917191017781,219933.54541884366,4.199990000000001,27.263836618115,27.263836618115,32377.857282871293,15257.283651365384,-2.7841321076598755e-19,4.199990000000001,-0.0
24,CV-charge,0,5772.917191017781,219933.54541884366,4.2,27.288357172073095,27.288357172073095,32377.857282871293,15257.283651365384,-2.7841321076598755e-19,4.2,0.0
24,CV-charge,1,5845.644463745054,220006.27269157092,4.2,24.209486678000637,24.209486678000637,31855.90660557941,15752.363264783642,-2.7717640538505645e-19,4.2,-0.0
24,CV-charge,2,5918.371736472326,220078.99996429821,4.2,22.26520052940437,22.26520052940437,31509.41876390062,16132.557903036333,-2.652794334097123e-19,4.2,-0.0
24,CV-charge,3,5991.099009199599,220151.72723702548,4.200000000000001,20.56689354482266,20.56689354482266,31191.366619373854,16483.01029618117,-2.1405559889787017e-19,4.200000000000001,-0.0
24,CV-charge,4,6063.826281926872,220224.45450975274,4.2,19.06629887911989,19.06629887911989,30896.441390855536,16807.78442750489,-2.1252452427554086e-19,4.2,-0.0
24,CV-charge,5,6136.553554654145,220297.18178248,4.200000000000001,17.73431615541055,17.73431615541055,30622.238622560148,17109.540259726688,-2.1317698551813728e-19,4.200000000000001,-0.0
24,CV-charge,6,6209.280827381417,220369.9090552073,4.2,16.546019885270137,16.546019885270137,30366.517685396568,17390.787462102817,-2.186120454287302e-19,4.2,-0.0
24,CV-charge,7,6282.00810010869,220442.63632793457,4.199999999999999,15.48080486046027,15.48080486046027,30127.3520537878,17653.68184605457,-2.2036603348383474e-19,4.199999999999999,-0.0
24,CV-charge,8,6354.735372835963,220515.36360066183,4.2,14.52161157299031,14.52161157299031,29903.08511896023,17900.07499750274,-2.1848266783950947e-19,4.2,-0.0
24,CV-charge,9,6427.462645563236,220588.0908733891,4.2,13.654213817205042,13.654213817205042,29692.283659490608,18131.567081128236,-2.240664551171931e-19,4.2,-0.0
24,CV-charge,10,6500.189918290508,220660.8181461164,4.2,12.866696578465081,12.866696578465081,29493.702275203585,18349.547120458792,-2.1592066190952894e-19,4.2,-0.0
24,CV-charge,11,6572.917191017781,220733.54541884366,4.200000000000001,12.149030364142591,12.149030364142591,29306.254434369428,18555.22575914455,-2.2245924342782717e-19,4.200000000000001,-0.0
24,CV-charge,12,6645.644463745054,220806.27269157092,4.199999999999999,11.492675427237259,11.492675427237259,29128.974787506366,18749.677493504838,-2.253081879420145e-19,4.199999999999999,-0.0
24,CV-charge,13,6718.371736472327,220878.99996429821,4.200000000000001,10.890440623992312,10.890440623992312,28961.030766729258,18933.828369851202,-2.2472595632240127e-19,4.200000000000001,-0.0
24,CV-charge,14,6791.099009199599,220951.72723702548,4.199999999999999,10.335731113993056,10.335731113993056,28801.55729458065,19108.63800255435,-2.2704659112497795e-19,4.199999999999999,-0.0
24,CV-charge,15,6863.826281926872,221024.45450975274,4.2,9.823670925060462,9.823670925060462,28650.01217058782,19274.70991797073,-2.2730414461201396e-19,4.2,-0.0
24,CV-charge,16,6936.553554654145,221097.18178248,4.199999999999999,9.350079662683084,9.350079662683084,28505.92942613109,19432.5628875859,-2.2221885594487156e-19,4.199999999999999,-0.0
24,CV-charge,17,7009.280827381417,221169.9090552073,4.199999999999999,8.910140589193926,8.910140589193926,28368.522501035543,19583.065850928368,-2.2168976995299046e-19,4.199999999999999,-0.0
24,CV-charge,18,7082.00810010869,221242.63632793457,4.2,8.50083284967675,8.50083284967675,28237.44662636777,19726.602166239125,-2.2170919113143965e-19,4.2,-0.0
24,CV-charge,19,7154.735372835963,221315.36360066183,4.200000000000001,8.119136745887602,8.119136745887602,28112.272854352097,19863.646873112826,-2.2166447761109886e-19,4.200000000000001,-0.0
24,CV-charge,20,7227.462645563236,221388.0908733891,4.2,7.7624057666015585,7.7624057666015585,27992.613451188954,19994.6290262838,-2.216780467471354e-19,4.2,-0.0
24,CV-charge,21,7300.189918290509,221460.8181461164,4.199999999999999,7.428312487241118,7.428312487241118,27878.116992961888,20119.93727835913,-2.216520097172881e-19,4.199999999999999,-0.0
24,CV-charge,22,7372.917191017781,221533.54541884366,4.2,7.114803222645468,7.114803222645468,27768.464074999236,20239.924676374583,-2.216367240851626e-19,4.2,-0.0
24,CV-charge,23,7445.644463745054,221606.27269157092,4.2,6.820063561211506,6.820063561211506,27663.364891285997,20354.91138827912,-2.2157686660657063e-19,4.2,-0.0
24,CV-charge,24,7518.371736472327,221678.99996429821,4.2,6.542478486161826,6.542478486161826,27562.553268443313,20465.19132681977,-2.215702402789213e-19,4.2,-0.0
24,CV-charge,25,7591.099009199599,221751.72723702548,4.199999999999999,6.2806102154178785,6.2806102154178785,27465.785563749603,20571.03339223598,-2.2155126531743127e-19,4.199999999999999,-0.0
24,CV-charge,26,7663.826281926872,221824.45450975274,4.2,6.033174824697452,6.033174824697452,27372.83810361165,20672.684332595225,-2.215514043608399e-19,4.2,-0.0
24,CV-charge,27,7736.553554654145,221897.18178248,4.2,5.799022743439043,5.799022743439043,27283.505088565344,20770.37107853006,-2.216321498620678e-19,4.2,-0.0
24,CV-charge,28,7809.280827381417,221969.9090552073,4.2,5.577122087548617,5.577122087548617,27197.59675836982,20864.30278676452,-2.216225808796883e-19,4.2,-0.0
24,CV-charge,29,7882.008100108691,222042.63632793457,4.2,5.366544368148299,5.366544368148299,27114.937780513206,20954.67263371568,-2.215236947131775e-19,4.2,-0.0
24,CV-charge,30,7954.735372835963,222115.36360066183,4.2,5.166452196576148,5.166452196576148,27035.365830840576,21041.659394315888,-2.215908701331219e-19,4.2,-0.0
24,CV-charge,31,8027.462645563236,222188.0908733891,4.2,4.976088672602525,4.976088672602525,26958.730339944792,21125.428835671373,-2.215157596020776e-19,4.2,-0.0
24,CV-charge,32,8100.189918290509,222260.8181461164,4.2,4.794768196829115,4.794768196829115,26884.891383014918,21206.134950562526,-2.213441136296672e-19,4.2,-0.0
24,CV-charge,33,8172.917191017781,222333.54541884366,4.2,4.621868492125776,4.621868492125776,26813.71869421789,21283.921052005066,-2.2112613669485264e-19,4.2,-0.0
24,CV-charge,34,8245.644463745055,222406.27269157092,4.199999999999999,4.456823654804367,4.456823654804367,26745.09078950405,21358.920746921423,-2.211200156396521e-19,4.199999999999999,-0.0
24,CV-charge,35,8318.371736472327,222478.99996429821,4.200000000000001,4.299118085553681,4.299118085553681,26678.894184081124,21431.258804322802,-2.21055414611687e-19,4.200000000000001,-0.0
24,CV-charge,36,8391.0990091996,222551.72723702548,4.2,4.148281174261133,4.148281174261133,26615.02269275675,21501.051931185455,-2.210151728539084e-19,4.2,-0.0
24,CV-charge,37,8463.826281926871,222624.45450975274,4.200000000000001,4.003882632785901,4.003882632785901,26553.376803038413,21568.409467359907,-2.2099834692709426e-19,4.200000000000001,-0.0
24,CV-charge,38,8536.553554654145,222697.18178248,4.2,3.865528386181304,3.865528386181304,26493.8631122573,21633.43400923797,-2.2094497452033775e-19,4.2,-0.0
24,CV-charge,39,8609.280827381417,222769.9090552073,4.2,3.7328569465545995,3.7328569465545995,26436.39382117546,21696.221970617913,-2.20895356245027e-19,4.2,-0.0
24,CV-charge,40,8682.008100108691,222842.63632793457,4.2,3.605536205172696,3.605536205172696,26380.88627755478,21756.864088043836,-2.2080837895217187e-19,4.2,-0.0
24,CV-charge,41,8754.735372835963,222915.36360066183,4.199999999999999,3.4832605879303804,3.4832605879303804,26327.262564007622,21815.445876949696,-2.208219626379023e-19,4.199999999999999,-0.0
24,CV-charge,42,8827.462645563235,222988.0908733891,4.2,3.3657485273009025,3.3657485273009025,26275.44912519678,21872.048044117553,-2.208822662148814e-19,4.2,-0.0
24,CV-charge,43,8900.189918290509,223060.8181461164,4.2,3.2527402106152117,3.2527402106152117,26225.376430068543,21926.746861244865,-2.2087477300808266e-19,4.2,-0.0
24,CV-charge,44,8972.917191017781,223133.54541884366,4.2,3.143995570183833,3.143995570183833,26176.97866535473,21979.61450383027,-2.2089140130952956e-19,4.2,-0.0
24,CV-charge,45,9045.644463745055,223206.27269157092,4.2,3.039292485568038,3.039292485568038,26130.19345703034,22030.719359060335,-2.2092940690779926e-19,4.2,-0.0
24,CV-charge,46,9118.371736472327,223278.99996429821,4.199999999999999,2.9384251723848824,2.9384251723848824,26084.961616820416,22080.12630592095,-2.209425433531897e-19,4.199999999999999,-0.0
24,CV-charge,47,9191.0990091996,223351.72723702548,4.2,2.8412027354907923,2.8412027354907923,26041.22691120042,22127.89697039255,-2.2094254625128534e-19,4.2,-0.0
24,CV-charge,48,9263.826281926871,223424.45450975274,4.200000000000001,2.747447867317397,2.747447867317397,25998.935850616057,22174.089958245127,-2.208661416105613e-19,4.200000000000001,-0.0
24,CV-charge,49,9280.557578534843,223441.1858063607,4.2,2.7263936618115,2.7263936618115,25989.423893816933,22184.479415610014,-2.208649213540341e-19,4.2,-0.0
25,CC-discharge,0,0.0,223441.1858063607,3.8556090375853564,-27.263836618115,-27.263836618115,25989.423893816933,22184.479415610014,-2.208649213540341e-19,3.8556090375853564,0.0
25,CC-discharge,1,72.72727272727273,223513.91307908797,3.8314797658563156,-27.263836618115,-27.263836618115,26554.54352704464,21649.97962425921,-2.2086489825777896e-19,3.8314797658563156,0.5507845781437374
25,CC-discharge,2,145.45454545454547,223586.64035181527,3.8151798301691,-27.263836618115,-27.263836618115,26974.13125803086,21196.499576952683,-2.208649037939556e-19,3.8151798301691,1.1015691562874748
25,CC-discharge,3,218.1818181818182,223659.36762454253,3.799985048823051,-27.263836618115,-27.263836618115,27391.8580159461,20743.044233559165,-2.208649045984463e-19,3.799985048823051,1.652353734431212
25,CC-discharge,4,290.90909090909093,223732.0948972698,3.7856285280916615,-27.263836618115,-27.263836618115,27809.555559281867,20289.5888427199,-2.20864903915949e-19,3.7856285280916615,2.2031383125749495
25,CC-discharge,5,363.6363636363637,223804.82216999706,3.7719473345354,-27.263836618115,-27.263836618115,28227.25083876903,19836.133451181297,-2.208649032317729e-19,3.7719473345354,2.753922890718687
25,CC-discharge,6,436.3636363636364,223877.54944272435,3.7588344005469354,-27.263836618115,-27.263836618115,28644.945942042526,19382.678059631726,-2.208649038504947e-19,3.7588344005469354,3.304707468862424
25,CC-discharge,7,509.0909090909091,223950.27671545162,3.7461948428546825,-27.263836618115,-27.263836618115,29062.641031532563,18929.222668082846,-2.208649043607266e-19,3.7461948428546825,3.8554920470061615
25,CC-discharge,8,581.8181818181819,224023.00398817888,3.7339717060843904,-27.263836618115,-27.263836618115,29480.33611993822,18475.767276533432,-2.208649044067899e-19,3.7339717060843904,4.406276625149899
25,CC-discharge,9,654.5454545454546,224095.73126090615,3.7221172664583606,-27.263836618115,-27.263836618115,29898.03120825877,18022.311884984363,-2.208649051016247e-19,3.7221172664583606,4.9570612032936365
25,CC-discharge,10,727.2727272727274,224168.45853363344,3.7105949478195974,-27.263836618115,-27.263836618115,30315.7262965722,17568.856493435243,-2.2086490479224664e-19,3.7105949478195974,5.507845781437374
25,CC-discharge,11,800.0000000000001,224241.1858063607,3.6993764577474018,-27.263836618115,-27.263836618115,30733.421384884867,17115.401101886207,-2.2086490438918994e-19,3.6993764577474018,6.0586303595811115
25,CC-discharge,12,872.7272727272727,224313.91307908797,3.6884396825724384,-27.263836618115,-27.263836618115,31151.116473197133,16661.945710337604,-2.20864904172838e-19,3.6884396825724384,6.609414937724848
25,CC-discharge,13,945.4545454545455,224386.64035181527,3.6777671060702044,-27.263836618115,-27.263836618115,31568.81156151014,16208.490318788243,-2.208649039974904e-19,3.6777671060702044,7.160199515868586
25,CC-discharge,14,1018.1818181818182,224459.36762454253,3.66734459312721,-27.263836618115,-27.263836618115,31986.506649822877,15755.034927239196,-2.2086490418578584e-19,3.66734459312721,7.710984094012323
25,CC-discharge,15,1090.909090909091,224532.0948972698,3.657160427279558,-27.263836618115,-27.263836618115,32404.201738135293,15301.579535690353,-2.2086490386352234e-19,3.657160427279558,8.26176867215606
25,CC-discharge,16,1163.6363636363637,224604.82216999706,3.6472045234132304,-27.263836618115,-27.263836618115,32821.896826448035,14848.124144141531,-2.208649037247849e-19,3.6472045234132304,8.812553250299798
25,CC-discharge,17,1236.3636363636365,224677.54944272435,3.637467756820066,-27.263836618115,-27.263836618115,33239.59191476078,14394.668752592228,-2.208649034714412e-19,3.637467756820066,9.363337828443536
25,CC-discharge,18,1309.0909090909092,224750.27671545162,3.627941363169857,-27.263836618115,-27.263836618115,33657.287003073616,13941.213361043061,-2.208649044983078e-19,3.627941363169857,9.914122406587273
25,CC-discharge,19,1381.818181818182,224823.00398817888,3.6186163721706563,-27.263836618115,-27.263836618115,34074.98209138614,13487.757969493663,-2.2086490458920316e-19,3.6186163721706563,10.46490698473101
25,CC-discharge,20,1454.5454545454547,224895.73126090615,3.6094830423695794,-27.263836618115,-27.263836618115,34492.67717969881,13034.302577944265,-2.208649037668229e-19,3.6094830423695794,11.015691562874748
25,CC-discharge,21,1527.2727272727275,224968.45853363344,3.6005302676062145,-27.263836618115,-27.263836618115,34910.37226801196,12580.84718639535,-2.2086490385349392e-19,3.6005302676062145,11.566476141018486
25,CC-discharge,22,1600.0000000000002,225041.1858063607,3.5917449182912224,-27.263836618115,-27.263836618115,35328.06735632475,12127.391794846068,-2.208649025476453e-19,3.5917449182912224,12.117260719162223
25,CC-discharge,23,1672.727272727273,225113.91307908797,3.5831105869935516,-27.263836618115,-27.263836618115,35745.76244463732,11673.936403296197,-2.208649039464696e-19,3.5831105869935516,12.66804529730596
25,CC-discharge,24,1745.4545454545455,225186.64035181527,3.5746090211290236,-27.263836618115,-27.263836618115,36163.45753294991,11220.481011747423,-2.208649052866789e-19,3.5746090211290236,13.218829875449696
25,CC-discharge,25,1818.1818181818182,225259.36762454253,3.5662151117461103,-27.263836618115,-27.263836618115,36581.15262126267,10767.025620198205,-2.2086490481181635e-19,3.5662151117461103,13.769614453593434
25,CC-discharge,26,1890.909090909091,225332.0948972698,3.5578986533833614,-27.263836618115,-27.263836618115,36998.847709575515,10313.570228648752,-2.208649058997024e-19,3.5578986533833614,14.320399031737171
25,CC-discharge,27,1963.6363636363637,225404.82216999706,3.5496219558383624,-27.263836618115,-27.263836618115,37416.54279788817,9860.114837099567,-2.208648432367129e-19,3.5496219558383624,14.871183609880909
25,CC-discharge,28,2036.3636363636365,225477.54944272435,3.5413379205147613,-27.263836618115,-27.263836618115,37834.23788620107,9406.659445550607,-2.2086481955720705e-19,3.5413379205147613,15.421968188024646
25,CC-discharge,29,2109.0909090909095,225550.27671545162,3.532987621694312,-27.263836618115,-27.263836618115,38251.93297451387,8953.204054001471,-2.2086479268072665e-19,3.532987621694312,15.972752766168385
25,CC-discharge,30,2181.818181818182,225623.00398817888,3.524497449399101,-27.263836618115,-27.263836618115,38669.62806282658,8499.748662452213,-2.208647929520819e-19,3.524497449399101,16.52353734431212
25,CC-discharge,31,2254.545454545455,225695.73126090615,3.5157761553599993,-27.263836618115,-27.263836618115,39087.323151139324,8046.293270903042,-2.2086474548561264e-19,3.5157761553599993,17.07432192245586
25,CC-discharge,32,2327.2727272727275,225768.45853363344,3.5067076288520895,-27.263836618115,-27.263836618115,39505.01823945195,7592.837879353866,-2.2086482750504698e-19,3.5067076288520895,17.625106500599596
25,CC-discharge,33,2400.0,225841.1858063607,3.4971506015208953,-27.263836618115,-27.263836618115,39922.71332776451,7139.382487804672,-2.2086504342873866e-19,3.4971506015208953,18.175891078743334
25,CC-discharge,34,2472.727272727273,225913.91307908797,3.4869279749277555,-27.263836618115,-27.263836618115,40340.408416077225,6685.927096255539,-2.208649386379251e-19,3.4869279749277555,18.726675656887075
25,CC-discharge,35,2545.4545454545455,225986.64035181527,3.4758199312305065,-27.263836618115,-27.263836618115,40758.103504389765,6232.471704706335,-2.208648616023152e-19,3.4758199312305065,19.277460235030812
25,CC-discharge,36,2618.1818181818185,226059.36762454253,3.463554735855347,-27.263836618115,-27.263836618115,41175.798592702784,5779.016313157196,-2.2086462681875623e-19,3.463554735855347,19.82824481317455
25,CC-discharge,37,2690.909090909091,226132.0948972698,3.4497971917204295,-27.263836618115,-27.263836618115,41593.49368101484,5325.560921608179,-2.208646945985976e-19,3.4497971917204295,20.379029391318287
25,CC-discharge,38,2763.636363636364,226204.82216999706,3.4341354364770744,-27.263836618115,-27.263836618115,42011.18876932748,4872.105530059017,-2.2086475908494135e-19,3.4341354364770744,20.929813969462025
25,CC-discharge,39,2836.3636363636365,226277.54944272435,3.416066030685952,-27.263836618115,-27.263836618115,42428.88385764061,4418.6501385099555,-2.20864740494045e-19,3.416066030685952,21.480598547605762
25,CC-discharge,40,2909.0909090909095,226350.27671545162,3.394977911995769,-27.263836618115,-27.263836618115,42846.57894595322,3965.194746960851,-2.208647971970807e-19,3.394977911995769,22.0313831257495
25,CC-discharge,41,2981.818181818182,226423.00398817888,3.3701360492800223,-27.263836618115,-27.263836618115,43264.27403426649,3511.7393554118025,-2.208644950389441e-19,3.3701360492800223,22.582167703893237
25,CC-discharge,42,3054.545454545455,226495.73126090615,3.3406680502395423,-27.263836618115,-27.263836618115,43681.96912257984,3058.2839638627975,-2.2086440702921027e-19,3.3406680502395423,23.132952282036975
25,CC-discharge,43,3127.2727272727275,226568.45853363344,3.305543168145581,-27.263836618115,-27.263836618115,44099.664210892515,2604.8285723137733,-2.208647116370762e-19,3.305543168145581,23.683736860180712
25,CC-discharge,44,3200.0000000000005,226641.1858063607,3.2635420173428153,-27.263836618115,-27.263836618115,44517.35929920426,2151.37318076465,-2.208646168440657e-19,3.2635420173428153,24.23452143832445
25,CC-discharge,45,3272.727272727273,226713.91307908797,3.2130069328431157,-27.263836618115,-27.263836618115,44935.05438751682,1697.9177892156113,-2.2086459476438934e-19,3.2130069328431157,24.785306016468187
25,CC-discharge,46,3345.454545454546,226786.64035181527,3.1502186511505834,-27.263836618115,-27.263836618115,45352.74947582951,1244.4623976665769,-2.2086399399442987e-19,3.1502186511505834,25.336090594611925
25,CC-discharge,47,3418.1818181818185,226859.36762454253,3.055116370304607,-27.263836618115,-27.263836618115,45770.444564142024,791.007006117526,-2.2086480973682175e-19,3.055116370304607,25.886875172755662
25,CC-discharge,48,3441.4406797088495,226882.62648606955,3.0000100000000005,-27.263836618115,-27.263836618115,45904.02735716122,645.9877339075638,-2.208641093754156e-19,3.0000100000000005,26.063021228476867
25,CC-charge,0,3441.4406797088495,226882.62648606955,3.7152466834740006,27.263836618115,27.263836618115,45904.02735716122,645.9877339075638,-2.208641093754156e-19,3.7152466834740006,0.0
25,CC-charge,1,3514.167952436122,226955.35375879682,3.8215492430201645,27.263836618115,27.263836618115,45338.91099002615,1180.486023360565,-2.2086426413583457e-19,3.8215492430201645,-0.0
25,CC-charge,2,3586.895225163395,227028.0810315241,3.867902118126662,27.263836618115,27.263836618115,44919.32357709902,1633.9675719221195,-2.2086390299381374e-19,3.867902118126662,-0.0
25,CC-charge,3,3659.6224978906675,227100.80830425138,3.9053336894400767,27.263836618115,27.263836618115,44501.59107616423,2087.4229148880922,-2.2086362253001074e-19,3.9053336894400767,-0.0
25,CC-charge,4,3732.3497706179405,227173.53557697864,3.9366220173376725,27.263836618115,27.263836618115,44083.895489323644,2540.878306789837,-2.208634473582205e-19,3.9366220173376725,-0.0
25,CC-charge,5,3805.077043345213,227246.2628497059,3.962697729815532,27.263836618115,27.263836618115,43666.2003959008,2994.333698334577,-2.2086347733911136e-19,3.962697729815532,-0.0
25,CC-charge,6,3877.804316072486,227318.9901224332,3.9843304294249373,27.263836618115,27.263836618115,43248.505307653766,3447.789089883753,-2.2086358564368736e-19,3.9843304294249373,-0.0
25,CC-charge,7,3950.5315887997585,227391.71739516046,4.002259797066436,27.263836618115,27.263836618115,42830.810219340114,3901.2444814326795,-2.208636371319705e-19,4.002259797066436,-0.0
25,CC-charge,8,4023.2588615270315,227464.44466788773,4.017168558969633,27.263836618115,27.263836618115,42413.11513102656,4354.699872981695,-2.208636777327835e-19,4.017168558969633,-0.0
25,CC-charge,9,4095.986134254304,227537.171940615,4.029660454955478,27.263836618115,27.263836618115,41995.42004271333,4808.155264530643,-2.2086372727374777e-19,4.029660454955478,-0.0
25,CC-charge,10,4168.713406981577,227609.8992133423,4.040251047827751,27.263836618115,27.263836618115,41577.72495439982,5261.610656079518,-2.2086375154727873e-19,4.040251047827751,-0.0
25,CC-charge,11,4241.4406797088495,227682.62648606955,4.049373611981695,27.263836618115,27.263836618115,41160.0298660867,5715.066047628465,-2.208637403452132e-19,4.049373611981695,-0.0
25,CC-charge,12,4314.1679524361225,227755.35375879682,4.05738563026914,27.263836618115,27.263836618115,40742.33477777334,6168.521439177288,-2.2086376226748883e-19,4.05738563026914,-0.0
25,CC-charge,13,4386.895225163395,227828.0810315241,4.064579709756967,27.263836618115,27.263836618115,40324.639689460324,6621.976830726131,-2.208637478237849e-19,4.064579709756967,-0.0
25,CC-charge,14,4459.622497890668,227900.80830425138,4.071193237499294,27.263836618115,27.263836618115,39906.94460114713,7075.432222275034,-2.2086374830218976e-19,4.071193237499294,-0.0
25,CC-charge,15,4532.3497706179405,227973.53557697864,4.07741766026421,27.263836618115,27.263836618115,39489.24951283353,7528.887613823932,-2.208637583237048e-19,4.07741766026421,-0.0
25,CC-charge,16,4605.0770433452135,228046.2628497059,4.083406467230933,27.263836618115,27.263836618115,39071.55442452025,7982.343005372772,-2.2086372441243973e-19,4.083406467230933,-0.0
25,CC-charge,17,4677.8043160724865,228118.9901224332,4.089282675104918,27.263836618115,27.263836618115,38653.85933620673,8435.798396921766,-2.2086372665508944e-19,4.089282675104918,-0.0
25,CC-charge,18,4750.5315887997585,228191.71739516046,4.095143570624062,27.263836618115,27.263836618115,38236.16424789343,8889.253788470709,-2.2086374251734312e-19,4.095143570624062,-0.0
25,CC-charge,19,4823.2588615270315,228264.44466788773,4.101066641463551,27.263836618115,27.263836618115,37818.46915958052,9342.709180019561,-2.208637568760413e-19,4.101066641463551,-0.0
25,CC-charge,20,4895.9861342543045,228337.171940615,4.107112861026274,27.263836618115,27.263836618115,37400.77407126704,9796.164571568515,-2.2086374649156476e-19,4.107112861026274,-0.0
25,CC-charge,21,4968.713406981577,228409.8992133423,4.113329901282762,27.263836618115,27.263836618115,36983.07898295334,10249.619963117093,-2.2086374706409505e-19,4.113329901282762,-0.0
25,CC-charge,22,5041.4406797088495,228482.62648606955,4.119756461254255,27.263836618115,27.263836618115,36565.38389463994,10703.075354665762,-2.208637464323845e-19,4.119756461254255,-0.0
25,CC-charge,23,5114.1679524361225,228555.35375879682,4.126421165047695,27.263836618115,27.263836618115,36147.6888063269,11156.530746214323,-2.208637446749626e-19,4.126421165047695,-0.0
25,CC-charge,24,5186.895225163395,228628.0810315241,4.133346949510688,27.263836618115,27.263836618115,35729.993718014004,11609.986137763093,-2.208637435071291e-19,4.133346949510688,-0.0
25,CC-charge,25,5259.622497890668,228700.80830425138,4.140551778373211,27.263836618115,27.263836618115,35312.29862970054,12063.441529312218,-2.2086374322058205e-19,4.140551778373211,-0.0
25,CC-charge,26,5332.3497706179405,228773.53557697864,4.148049786397175,27.263836618115,27.263836618115,34894.60354138708,12516.896920861389,-2.2086374875140873e-19,4.148049786397175,-0.0
25,CC-charge,27,5405.0770433452135,228846.2628497059,4.155852245334561,27.263836618115,27.263836618115,34476.90845307413,12970.35231240994,-2.2086374748948647e-19,4.155852245334561,-0.0
25,CC-charge,28,5477.8043160724865,228918.9901224332,4.163970251787628,27.263836618115,27.263836618115,34059.21336476088,13423.807703958633,-2.2086374764170985e-19,4.163970251787628,-0.0
25,CC-charge,29,5550.5315887997585,228991.71739516046,4.172408480738095,27.263836618115,27.263836618115,33641.5182764471,13877.263095507242,-2.2086375594509156e-19,4.172408480738095,-0.0
25,CC-charge,30,5623.2588615270315,229064.44466788773,4.181175308566572,27.263836618115,27.263836618115,33223.823188133414,14330.718487056041,-2.208637771075153e-19,4.181175308566572,-0.0
25,CC-charge,31,5695.9861342543045,229137.171940615,4.190277569656763,27.263836618115,27.263836618115,32806.12809981995,14784.173878604817,-2.208637429023169e-19,4.190277569656763,-0.0
25,CC-charge,32,5768.713406981577,229209.8992133423,4.199722511701422,27.263836618115,27.263836618115,32388.433011506815,15237.629270153653,-2.208636978780144e-19,4.199722511701422,-0.0
25,CC-charge,33,5770.734695153619,229211.9205015143,4.19999,27.263836618115,27.263836618115,32376.824132060818,15250.232025421588,-2.208636978095489e-19,4.19999,-0.0
25,CV-charge,0,5770.734695153619,229211.9205015143,4.2,27.288356713741866,27.288356713741866,32376.824132060818,15250.232025421588,-2.208636978095489e-19,4.2,0.0
25,CV-charge,1,5843.461967880892,229284.64777424157,4.199999999999999,24.209697333318708,24.209697333318708,31854.870568939692,15745.31426629189,-2.0844142393147678e-19,4.199999999999999,-0.0
25,CV-charge,2,5916.189240608164,229357.37504696887,4.200000000000001,22.26554116715234,22.26554116715234,31508.377673768075,16125.514007288111,-2.0878954085741617e-19,4.200000000000001,-0.0
25,CV-charge,3,5988.916513335437,229430.10231969613,4.199999999999999,20.567318326656732,20.567318326656732,31190.318802489877,16475.973385236273,-2.1504199648679435e-19,4.199999999999999,-0.0
25,CV-charge,4,6061.64378606271,229502.8295924234,4.2,19.0667768550468,19.0667768550468,30895.386267415783,16800.755268062294,-2.095538776504817e-19,4.2,-0.0
25,CV-charge,5,6134.371058789983,229575.55686515066,4.2,17.73482351039213,17.73482351039213,30621.175659409855,17102.51950850178,-2.168890700539516e-19,4.2,-0.0
25,CV-charge,6,6207.098331517255,229648.28413787796,4.2,16.54653965132445,16.54653965132445,30365.44668248541,17383.775390602343,-2.163293249543222e-19,4.2,-0.0
25,CV-charge,7,6279.825604244528,229721.01141060522,4.199999999999999,15.481324636416637,15.481324636416637,30126.272994311646,17646.678512417784,-2.2165212142284086e-19,4.199999999999999,-0.0
25,CV-charge,8,6352.552876971801,229793.73868333249,4.200000000000001,14.52212252540462,14.52212252540462,29901.99813134727,17893.080290972914,-2.1927408006041503e-19,4.200000000000001,-0.0
25,CV-charge,9,6425.280149699074,229866.46595605975,4.200000000000001,13.654709579451572,13.654709579451572,29691.188970751264,18124.580775877093,-2.106509761956916e-19,4.200000000000001,-0.0
25,CV-charge,10,6498.007422426346,229939.19322878704,4.200000000000001,12.867172576499751,12.867172576499751,29492.60016746753,18342.568925258114,-2.202972864561774e-19,4.200000000000001,-0.0
25,CV-charge,11,6570.734695153619,230011.9205015143,4.2,12.149483458964626,12.149483458964626,29305.145256264732,18548.255305596278,-2.3651516476474984e-19,4.2,-0.0
25,CV-charge,12,6643.461967880892,230084.64777424157,4.2,11.493103508284143,11.493103508284143,29127.85892043026,18742.71437461285,-2.32186164108013e-19,4.2,-0.0
25,CV-charge,13,6716.189240608164,230157.37504696887,4.199999999999999,10.890442520904793,10.890442520904793,28959.79537978559,18926.996358519522,-2.298934446616974e-19,4.199999999999999,-0.0
25,CV-charge,14,6788.916513335437,230230.10231969613,4.2,10.33573713964455,10.33573713964455,28800.32176479767,19101.80606441542,-2.2844611956783355e-19,4.2,-0.0
25,CV-charge,15,6861.64378606271,230302.8295924234,4.2,9.823677368373211,9.823677368373211,28648.776535817673,19267.878092021077,-2.282831874482686e-19,4.2,-0.0
25,CV-charge,16,6934.371058789983,230375.55686515066,4.200000000000001,9.349678775040479,9.349678775040479,28504.568580862302,19425.86830484499,-2.2846995924154005e-19,4.200000000000001,-0.0
25,CV-charge,17,7007.098331517256,230448.28413787796,4.200000000000001,8.909761895410236,8.909761895410236,28367.167415425705,19576.364861680042,-2.282659327752036e-19,4.200000000000001,-0.0
25,CV-charge,18,7079.825604244528,230521.01141060522,4.2,8.500472935988267,8.500472935988267,28236.097092459346,19719.895093093815,-2.2832978369285313e-19,4.2,-0.0
25,CV-charge,19,7152.552876971801,230593.73868333249,4.2,8.118791527105227,8.118791527105227,28110.92863767552,19856.9339809152,-2.2826692086049634e-19,4.2,-0.0
25,CV-charge,20,7225.280149699074,230666.46595605975,4.2,7.762071795591517,7.762071795591517,27991.27437394466,19987.910518808756,-2.282310631657074e-19,4.2,-0.0
25,CV-charge,21,7298.007422426346,230739.19322878704,4.2,7.427986842583231,7.427986842583231,27876.78292282121,20113.21330831172,-2.2821392240293744e-19,4.2,-0.0
25,CV-charge,22,7370.734695153619,230811.9205015143,4.2,7.114483423935995,7.114483423935995,27767.13491830234,20233.1953531115,-2.282412459327848e-19,4.2,-0.0
25,CV-charge,23,7443.461967880892,230884.64777424157,4.200000000000001,6.819747484640735,6.819747484640735,27662.040581862697,20348.176790258374,-2.282559140503835e-19,4.200000000000001,-0.0
25,CV-charge,24,7516.189240608164,230957.37504696887,4.2,6.542164337112061,6.542164337112061,27561.233773280903,20458.45149539484,-2.2824278508603426e-19,4.2,-0.0
25,CV-charge,25,7588.916513335437,231030.10231969613,4.2,6.280296466547055,6.280296466547055,27464.470873813138,20564.28834194452,-2.282424136462563e-19,4.2,-0.0
25,CV-charge,26,7661.64378606271,231102.8295924234,4.2,6.032860176394957,6.032860176394957,27371.528230207117,20665.934055186,-2.2820894706288807e-19,4.2,-0.0
25,CV-charge,27,7734.371058789983,231175.55686515066,4.2,5.798706091058633,5.798706091058633,27282.20006029699,20763.61554636955,-2.2842556740753014e-19,4.2,-0.0
25,CV-charge,28,7807.098331517256,231248.28413787796,4.200000000000001,5.576802493996597,5.576802493996597,27196.296618520577,20857.541955768087,-2.2799343498543117e-19,4.200000000000001,-0.0
25,CV-charge,29,7879.825604244528,231321.01141060522,4.2,5.366221040891657,5.366221040891657,27113.64258478695,20947.906445866047,-2.279725434476335e-19,4.2,-0.0
25,CV-charge,30,7952.552876971801,231393.73868333249,4.199999999999999,5.16612446828322,5.16612446828322,27034.075645407403,21034.88777984982,-2.2797943017004105e-19,4.199999999999999,-0.0
25,CV-charge,31,8025.280149699074,231466.46595605975,4.2,4.975755984803745,4.975755984803745,26957.44523974302,21118.651714971646,-2.280180756168023e-19,4.2,-0.0
25,CV-charge,32,8098.007422426346,231539.19322878704,4.2,4.7944300860702915,4.7944300860702915,26883.611450267836,21199.35223580975,-2.281407975610745e-19,4.2,-0.0
25,CV-charge,33,8170.734695153619,231611.9205015143,4.2,4.621524578213727,4.621524578213727,26812.44401713669,21277.132648624356,-2.279009276846352e-19,4.2,-0.0
25,CV-charge,34,8243.461967880892,231684.64777424157,4.2,4.456473630790588,4.456473630790588,26743.821461147596,21352.126554852828,-2.2792779402178105e-19,4.2,-0.0
25,CV-charge,35,8316.189240608164,231757.37504696887,4.2,4.298761709177476,4.298761709177476,26677.63030134612,21424.458719138453,-2.279412074388646e-19,4.2,-0.0
25,CV-charge,36,8388.916513335438,231830.10231969613,4.2,4.147918260623261,4.147918260623261,26613.76435548599,21494.24584508353,-2.2778044562852067e-19,4.2,-0.0
25,CV-charge,37,8461.64378606271,231902.8295924234,4.200000000000001,4.003513048054258,4.003513048054258,26552.124113227117,21561.597270046743,-2.2771296411584997e-19,4.200000000000001,-0.0
25,CV-charge,38,8534.371058789984,231975.55686515066,4.2,3.865152042167164,3.865152042167164,26492.616173342605,21626.61558871655,-2.2764251384566213e-19,4.2,-0.0
25,CV-charge,39,8607.098331517256,232048.28413787796,4.200000000000001,3.732473796024384,3.732473796024384,26435.152737399807,21689.397213890134,-2.2750463883178696e-19,4.200000000000001,-0.0
25,CV-charge,40,8679.825604244528,232121.01141060522,4.2,3.6051462377850507,3.6051462377850507,26379.651153393097,21750.032881747346,-2.2754742041992745e-19,4.2,-0.0
25,CV-charge,41,8752.5528769718,232193.73868333249,4.199999999999999,3.4828638266948038,3.4828638266948038,26326.033503649298,21808.608107929893,-2.274869221165375e-19,4.199999999999999,-0.0
25,CV-charge,42,8825.280149699074,232266.46595605975,4.199999999999999,3.3653450254887214,3.3653450254887214,26274.226232076446,21865.203599947934,-2.275226758491537e-19,4.199999999999999,-0.0
25,CV-charge,43,8898.007422426346,232339.19322878704,4.2,3.252330049039333,3.252330049039333,26224.159806438136,21919.895630697833,-2.274466172668372e-19,4.2,-0.0
25,CV-charge,44,8970.73469515362,232411.9205015143,4.2,3.143578854803061,3.143578854803061,26175.76841189429,21972.7563773098,-2.274201824678265e-19,4.2,-0.0
25,CV-charge,45,9043.461967880892,232484.64777424157,4.2,3.0388693453559603,3.0388693453559603,26128.989672490257,22023.854228994165,-2.2734892729503237e-19,4.2,-0.0
25,CV-charge,46,9116.189240608164,232557.37504696887,4.2,2.93799575742751,2.93799575742751,26083.76439769509,22073.254067120775,-2.273067709167979e-19,4.2,-0.0
25,CV-charge,47,9188.916513335438,232630.10231969613,4.199999999999999,2.8407672152694228,2.8407672152694228,26040.036351426625,22121.017520389512,-2.272492461102164e-19,4.199999999999999,-0.0
25,CV-charge,48,9261.64378606271,232702.8295924234,4.2,2.747006429155374,2.747006429155374,25997.752041297794,22167.203197590712,-2.2726666414251805e-19,4.2,-0.0
25,CV-charge,49,9278.021282190499,232719.2070885512,4.2,2.7263936618115,2.7263936618115,25988.44169332669,22177.372461733292,-2.272695534967172e-19,4.2,-0.0
26,CC-discharge,0,0.0,232719.2070885512,3.8556305465726717,-27.263836618115,-27.263836618115,25988.44169332669,22177.372461733292,-2.272695534967172e-19,3.8556305465726717,0.0
26,CC-discharge,1,72.72727272727273,232791.93436127846,3.8314953641972695,-27.263836618115,-27.263836618115,26553.561320920748,21642.87267647425,-2.2726955640429958e-19,3.8314953641972695,0.5507845781437374
26,CC-discharge,2,145.45454545454547,232864.66163400575,3.815192212076874,-27.263836618115,-27.263836618115,26973.14904412733,21189.392623166408,-2.272695425747324e-19,3.815192212076874,1.1015691562874748
26,CC-discharge,3,218.1818181818182,232937.38890673302,3.799994906684878,-27.263836618115,-27.263836618115,27390.875814107116,20735.93727968468,-2.2726954387909974e-19,3.799994906684878,1.652353734431212
26,CC-discharge,4,290.90909090909093,233010.11617946028,3.785636406623015,-27.263836618115,-27.263836618115,27808.573358661346,20282.481888844915,-2.272695423115516e-19,3.785636406623015,2.2031383125749495
26,CC-discharge,5,363.6363636363637,233082.84345218755,3.771953623471513,-27.263836618115,-27.263836618115,28226.268638266465,19829.026497305556,-2.2726954286933766e-19,3.771953623471513,2.753922890718687
26,CC-discharge,6,436.3636363636364,233155.57072491484,3.7588394158461687,-27.263836618115,-27.263836618115,28643.96374155149,19375.571105756007,-2.2726954279426857e-19,3.7588394158461687,3.304707468862424
26,CC-discharge,7,509.0909090909091,233228.2979976421,3.7461988003836164,-27.263836618115,-27.263836618115,29061.65883104229,18922.11571420658,-2.2726954318316394e-19,3.7461988003836164,3.8554920470061615
26,CC-discharge,8,581.8181818181819,233301.02527036937,3.7339747906365224,-27.263836618115,-27.263836618115,29479.353919447803,18468.66032265698,-2.27269542767862e-19,3.7339747906365224,4.406276625149899
26,CC-discharge,9,654.5454545454546,233373.75254309663,3.7221196252613655,-27.263836618115,-27.263836618115,29897.04900776823,18015.20493110773,-2.272695434407457e-19,3.7221196252613655,4.9570612032936365
26,CC-discharge,10,727.2727272727274,233446.47981582393,3.710596698705222,-27.263836618115,-27.263836618115,30314.74409608209,17561.74953955892,-2.272695436635553e-19,3.710596698705222,5.507845781437374
26,CC-discharge,11,800.0000000000001,233519.2070885512,3.6993776948786254,-27.263836618115,-27.263836618115,30732.439184394818,17108.294148009023,-2.2726954323678468e-19,3.6993776948786254,6.0586303595811115
26,CC-discharge,12,872.7272727272727,233591.93436127846,3.6884404803863333,-27.263836618115,-27.263836618115,31150.134272707575,16654.838756459572,-2.2726954313295336e-19,3.6884404803863333,6.609414937724848
26,CC-discharge,13,945.4545454545455,233664.66163400575,3.6777675218560324,-27.263836618115,-27.263836618115,31567.82936102016,16201.383364909794,-2.272695426389073e-19,3.6777675218560324,7.160199515868586
26,CC-discharge,14,1018.1818181818182,233737.38890673302,3.6673446685001068,-27.263836618115,-27.263836618115,31985.52444933259,15747.927973360567,-2.272695420845952e-19,3.6673446685001068,7.710984094012323
26,CC-discharge,15,1090.909090909091,233810.11617946028,3.6571601886973153,-27.263836618115,-27.263836618115,32403.21953764574,15294.472581811395,-2.2726954099542053e-19,3.6571601886973153,8.26176867215606
26,CC-discharge,16,1163.6363636363637,233882.84345218755,3.6472039818036244,-27.263836618115,-27.263836618115,32820.914625958845,14841.017190261851,-2.2726954150186134e-19,3.6472039818036244,8.812553250299798
26,CC-discharge,17,1236.3636363636365,233955.57072491484,3.6374669063182132,-27.263836618115,-27.263836618115,33238.609714271995,14387.56179871255,-2.272695443485372e-19,3.6374669063182132,9.363337828443536
26,CC-discharge,18,1309.0909090909092,234028.2979976421,3.6279401789074193,-27.263836618115,-27.263836618115,33656.304802584564,13934.10640716321,-2.2726954499383955e-19,3.6279401789074193,9.914122406587273
26,CC-discharge,19,1381.818181818182,234101.02527036937,3.6186148070025768,-27.263836618115,-27.263836618115,34073.999890897074,13480.651015614036,-2.2726954475146276e-19,3.6186148070025768,10.46490698473101
26,CC-discharge,20,1454.5454545454547,234173.75254309663,3.6094810223662397,-27.263836618115,-27.263836618115,34491.69497920992,13027.195624065103,-2.272695442652125e-19,3.6094810223662397,11.015691562874748
26,CC-discharge,21,1527.2727272727275,234246.47981582393,3.6005276860797935,-27.263836618115,-27.263836618115,34909.39006752233,12573.740232515807,-2.2726954468121437e-19,3.6005276860797935,11.566476141018486
26,CC-discharge,22,1600.0000000000002,234319.2070885512,3.591741628021227,-27.263836618115,-27.263836618115,35327.08515583486,12120.284840966695,-2.272695462567559e-19,3.591741628021227,12.117260719162223
26,CC-discharge,23,1672.727272727273,234391.93436127846,3.5831063949388335,-27.263836618115,-27.263836618115,35744.780244147325,11666.829449417977,-2.272695499848014e-19,3.5831063949388335,12.66804529730596
26,CC-discharge,24,1745.4545454545455,234464.66163400575,3.574603660599058,-27.263836618115,-27.263836618115,36162.47533246024,11213.374057868206,-2.2726955141474934e-19,3.574603660599058,13.218829875449696
26,CC-discharge,25,1818.1818181818182,234537.38890673302,3.5662082427566433,-27.263836618115,-27.263836618115,36580.17042077289,10759.918666318968,-2.2726955047211444e-19,3.5662082427566433,13.769614453593434
26,CC-discharge,26,1890.909090909091,234610.11617946028,3.5578898373762518,-27.263836618115,-27.263836618115,36997.86550908513,10306.463274769372,-2.272695507771876e-19,3.5578898373762518,14.320399031737171
26,CC-discharge,27,1963.6363636363637,234682.84345218755,3.5496106309165327,-27.263836618115,-27.263836618115,37415.56059739751,9853.007883220178,-2.272695862792751e-19,3.5496106309165327,14.871183609880909
26,CC-discharge,28,2036.3636363636365,234755.57072491484,3.5413233690559878,-27.263836618115,-27.263836618115,37833.25568571031,9399.552491671076,-2.272695597479836e-19,3.5413233690559878,15.421968188024646
26,CC-discharge,29,2109.0909090909095,234828.2979976421,3.5329689314344264,-27.263836618115,-27.263836618115,38250.950774023295,8946.097100121955,-2.272695876160312e-19,3.5329689314344264,15.972752766168385
26,CC-discharge,30,2181.818181818182,234901.02527036937,3.5244734656240433,-27.263836618115,-27.263836618115,38668.64586233632,8492.641708572788,-2.2726956746656567e-19,3.5244734656240433,16.52353734431212
26,CC-discharge,31,2254.545454545455,234973.75254309663,3.515745415424573,-27.263836618115,-27.263836618115,39086.3409506492,8039.186317023667,-2.272694872230304e-19,3.515745415424573,17.07432192245586
26,CC-discharge,32,2327.2727272727275,235046.47981582393,3.506668305334095,-27.263836618115,-27.263836618115,39504.0360389622,7585.730925474693,-2.272694562594075e-19,3.506668305334095,17.625106500599596
26,CC-discharge,33,2400.0,235119.2070885512,3.497100403196116,-27.263836618115,-27.263836618115,39921.73112727514,7132.275533925761,-2.2726937661668387e-19,3.497100403196116,18.175891078743334
26,CC-discharge,34,2472.727272727273,235191.93436127846,3.486864021280783,-27.263836618115,-27.263836618115,40339.42621558795,6678.820142376621,-2.272694054604417e-19,3.486864021280783,18.726675656887075
26,CC-discharge,35,2545.4545454545455,235264.66163400575,3.475738639830484,-27.263836618115,-27.263836618115,40757.121303900334,6225.3647508274225,-2.272697219663115e-19,3.475738639830484,19.277460235030812
26,CC-discharge,36,2618.1818181818185,235337.38890673302,3.463451657423494,-27.263836618115,-27.263836618115,41174.81639221318,5771.909359278401,-2.272695407326558e-19,3.463451657423494,19.82824481317455
26,CC-discharge,37,2690.909090909091,235410.11617946028,3.4496668240585397,-27.263836618115,-27.263836618115,41592.51148052588,5318.453967729236,-2.272693794208685e-19,3.4496668240585397,20.379029391318287
26,CC-discharge,38,2763.636363636364,235482.84345218755,3.433971011386672,-27.263836618115,-27.263836618115,42010.20656883892,4864.9985761801545,-2.2726953475489733e-19,3.433971011386672,20.929813969462025
26,CC-discharge,39,2836.3636363636365,235555.57072491484,3.415859279253954,-27.263836618115,-27.263836618115,42427.90165715208,4411.543184631105,-2.272695266632218e-19,3.415859279253954,21.480598547605762
26,CC-discharge,40,2909.0909090909095,235628.2979976421,3.3947188179079,-27.263836618115,-27.263836618115,42845.596745464936,3958.0877930820207,-2.272695106733443e-19,3.3947188179079,22.0313831257495
26,CC-discharge,41,2981.818181818182,235701.02527036937,3.3698126352401103,-27.263836618115,-27.263836618115,43263.29183377795,3504.6324015328723,-2.2726945748753576e-19,3.3698126352401103,22.582167703893237
26,CC-discharge,42,3054.545454545455,235773.75254309663,3.340266195843191,-27.263836618115,-27.263836618115,43680.986922090626,3051.17700998382,-2.2727006483554093e-19,3.340266195843191,23.132952282036975
26,CC-discharge,43,3127.2727272727275,235846.47981582393,3.305046196621457,-27.263836618115,-27.263836618115,44098.68201040344,2597.7216184347526,-2.2726987407969207e-19,3.305046196621457,23.683736860180712
26,CC-discharge,44,3200.0000000000005,235919.2070885512,3.2629296343212824,-27.263836618115,-27.263836618115,44516.377098717014,2144.266226885673,-2.2726987795484334e-19,3.2629296343212824,24.23452143832445
26,CC-discharge,45,3272.727272727273,235991.93436127846,3.212246681316567,-27.263836618115,-27.263836618115,44934.07218702928,1690.8108353366115,-2.272693663897984e-19,3.212246681316567,24.785306016468187
26,CC-discharge,46,3345.454545454546,236064.66163400575,3.149205510054144,-27.263836618115,-27.263836618115,45351.767275342085,1237.3554437875614,-2.2726928901302293e-19,3.149205510054144,25.336090594611925
26,CC-discharge,47,3418.1818181818185,236137.38890673302,3.0530631762780724,-27.263836618115,-27.263836618115,45769.46236365479,783.9000522385302,-2.272701054238814e-19,3.0530631762780724,25.886875172755662
26,CC-discharge,48,3440.345533889911,236159.55262244112,3.0000099999999996,-27.263836618115,-27.263836618115,45896.75539751789,645.7090269503592,-2.2727150886486986e-19,3.0000099999999996,26.05472737384338
26,CC-charge,0,3440.345533889911,236159.55262244112,3.715209074862889,27.263836618115,27.263836618115,45896.75539751789,645.7090269503592,-2.2727150886486986e-19,3.715209074862889,0.0
26,CC-charge,1,3513.0728066171837,236232.27989516838,3.821582286763305,27.263836618115,27.263836618115,45331.639019343485,1180.2073232592052,-2.2727159324902045e-19,3.821582286763305,-0.0
26,CC-charge,2,3585.8000793444567,236305.00716789567,3.8679405303461096,27.263836618115,27.263836618115,44912.05163032898,1633.688864801992,-2.2727152399332233e-19,3.8679405303461096,-0.0
26,CC-charge,3,3658.527352071729,236377.73444062294,3.9053749576709182,27.263836618115,27.263836618115,44494.319116721475,2087.1442079321473,-2.2727140866146e-19,3.9053749576709182,-0.0
26,CC-charge,4,3731.254624799002,236450.4617133502,3.936666256718491,27.263836618115,27.263836618115,44076.623529682765,2540.5995998325907,-2.272713245343844e-19,3.936666256718491,-0.0
26,CC-charge,5,3803.9818975262747,236523.18898607747,3.962745161377087,27.263836618115,27.263836618115,43658.92843625562,2994.054991377355,-2.27271359693661e-19,3.962745161377087,-0.0
26,CC-charge,6,3876.7091702535477,236595.91625880476,3.984381161809961,27.263836618115,27.263836618115,43241.23334800895,3447.5103829264176,-2.2727138401567847e-19,3.984381161809961,-0.0
26,CC-charge,7,3949.43644298082,236668.64353153203,4.002313861922107,27.263836618115,27.263836618115,42823.538259695044,3900.9657744753295,-2.272713760567922e-19,4.002313861922107,-0.0
26,CC-charge,8,4022.163715708093,236741.3708042593,4.017225952092914,27.263836618115,27.263836618115,42405.84317138138,4354.421166024326,-2.2727151726830464e-19,4.017225952092914,-0.0
26,CC-charge,9,4094.8909884353657,236814.09807698656,4.029721160662812,27.263836618115,27.263836618115,41988.14808306764,4807.876557573234,-2.272713701320639e-19,4.029721160662812,-0.0
26,CC-charge,10,4167.618261162638,236886.82534971385,4.040315053795517,27.263836618115,27.263836618115,41570.45299475459,5261.331949122155,-2.2727132705723795e-19,4.040315053795517,-0.0
26,CC-charge,11,4240.345533889911,236959.55262244112,4.049440913025499,27.263836618115,27.263836618115,41152.757906441235,5714.7873406710205,-2.2727113720107326e-19,4.049440913025499,-0.0
26,CC-charge,12,4313.072806617184,237032.27989516838,4.057456231022607,27.263836618115,27.263836618115,40735.06281812809,6168.242732219988,-2.272710692488784e-19,4.057456231022607,-0.0
26,CC-charge,13,4385.800079344457,237105.00716789567,4.064653623587848,27.263836618115,27.263836618115,40317.36772981439,6621.69812376887,-2.272711854057834e-19,4.064653623587848,-0.0
26,CC-charge,14,4458.527352071729,237177.73444062294,4.071270485262595,27.263836618115,27.263836618115,39899.672641500976,7075.153515317588,-2.272712022075194e-19,4.071270485262595,-0.0
26,CC-charge,15,4531.254624799002,237250.4617133502,4.07749826863136,27.263836618115,27.263836618115,39481.97755318761,7528.608906866667,-2.2727115558709584e-19,4.07749826863136,-0.0
26,CC-charge,16,4603.981897526275,237323.18898607747,4.083490466974763,27.263836618115,27.263836618115,39064.282464874464,7982.06429841547,-2.272711440656498e-19,4.083490466974763,-0.0
26,CC-charge,17,4676.709170253547,237395.91625880476,4.089370099989711,27.263836618115,27.263836618115,38646.587376560914,8435.51968996426,-2.272711227452137e-19,4.089370099989711,-0.0
26,CC-charge,18,4749.43644298082,237468.64353153203,4.095234455879844,27.263836618115,27.263836618115,38228.892288247494,8888.975081513207,-2.2727111651334437e-19,4.095234455879844,-0.0
26,CC-charge,19,4822.163715708093,237541.3708042593,4.1011610229998094,27.263836618115,27.263836618115,37811.197199934504,9342.430473062042,-2.272711527495256e-19,4.1011610229998094,-0.0
26,CC-charge,20,4894.890988435366,237614.09807698656,4.107210775041034,27.263836618115,27.263836618115,37393.50211162134,9795.885864610967,-2.2727114460902186e-19,4.107210775041034,-0.0
26,CC-charge,21,4967.618261162639,237686.82534971385,4.113431383474393,27.263836618115,27.263836618115,36975.80702330791,10249.34125616005,-2.272711448095924e-19,4.113431383474393,-0.0
26,CC-charge,22,5040.345533889911,237759.55262244112,4.1198615482671155,27.263836618115,27.263836618115,36558.111934995046,10702.79664770904,-2.272711459244266e-19,4.1198615482671155,-0.0
26,CC-charge,23,5113.072806617184,237832.27989516838,4.126529893205971,27.263836618115,27.263836618115,36140.41684668151,11156.25203925782,-2.2727115817958445e-19,4.126529893205971,-0.0
26,CC-charge,24,5185.800079344457,237905.00716789567,4.133459355894233,27.263836618115,27.263836618115,35722.72175836812,11609.707430807124,-2.272711584877095e-19,4.133459355894233,-0.0
26,CC-charge,25,5258.527352071729,237977.73444062294,4.140667901848432,27.263836618115,27.263836618115,35305.02667005465,12063.1628223561,-2.2727115745569234e-19,4.140667901848432,-0.0
26,CC-charge,26,5331.254624799002,238050.4617133502,4.148169668762849,27.263836618115,27.263836618115,34887.33158174163,12516.618213905154,-2.272711562821718e-19,4.148169668762849,-0.0
26,CC-charge,27,5403.981897526275,238123.18898607747,4.155975932956575,27.263836618115,27.263836618115,34469.63649342818,12970.073605453686,-2.2727115377909877e-19,4.155975932956575,-0.0
26,CC-charge,28,5476.709170253547,238195.91625880476,4.164097797247299,27.263836618115,27.263836618115,34051.94140511455,13423.528997002528,-2.2727115417172477e-19,4.164097797247299,-0.0
26,CC-charge,29,5549.436442980821,238268.64353153203,4.172539946800561,27.263836618115,27.263836618115,33634.24631680129,13876.984388551247,-2.272711665864734e-19,4.172539946800561,-0.0
26,CC-charge,30,5622.163715708093,238341.3708042593,4.1813107701066485,27.263836618115,27.263836618115,33216.551228487944,14330.439780099876,-2.2727117668056044e-19,4.1813107701066485,-0.0
26,CC-charge,31,5694.890988435366,238414.09807698656,4.190417118073747,27.263836618115,27.263836618115,32798.85614017466,14783.895171648543,-2.272711700773134e-19,4.190417118073747,-0.0
26,CC-charge,32,5767.618261162639,238486.82534971385,4.199866260132406,27.263836618115,27.263836618115,32381.1610518616,15237.350563197488,-2.2727110583210127e-19,4.199866260132406,-0.0
26,CC-charge,33,5768.553179296399,238487.7602678476,4.19999,27.263836618115,27.263836618115,32375.791529565453,15243.179788638125,-2.27271105822899e-19,4.19999,-0.0
26,CV-charge,0,5768.553179296399,238487.7602678476,4.2,27.288352616927337,27.288352616927337,32375.791529565453,15243.179788638125,-2.27271105822899e-19,4.2,0.0
26,CV-charge,1,5841.280452023672,238560.48754057486,4.200000000000001,24.20990520766814,24.20990520766814,31853.835143720044,15738.264596886396,-2.251697431334277e-19,4.200000000000001,-0.0
26,CV-charge,2,5914.007724750944,238633.21481330215,4.2,22.265879521797864,22.265879521797864,31507.337231182664,16118.469400152784,-2.126765377238195e-19,4.2,-0.0
26,CV-charge,3,5986.734997478217,238705.94208602942,4.2,20.56774122883555,20.56774122883555,31189.271662599076,16468.935729620007,-2.412647365818457e-19,4.2,-0.0
26,CV-charge,4,6059.46227020549,238778.66935875668,4.2,19.0672532797409,19.0672532797409,30894.331845266162,16793.72533654812,-2.388924824893278e-19,4.2,-0.0
26,CV-charge,5,6132.189542932763,238851.39663148395,4.199999999999999,17.73532958173003,17.73532958173003,30620.11341764945,17095.49796254633,-2.371789016255919e-19,4.199999999999999,-0.0
26,CV-charge,6,6204.916815660035,238924.12390421124,4.2,16.54705835244345,16.54705835244345,30364.376417671065,17376.762505550418,-2.4154236661911434e-19,4.2,-0.0
26,CV-charge,7,6277.644088387308,238996.8511769385,4.2,15.481843526029174,15.481843526029174,30125.19468681093,17639.67434960416,-2.509030591476954e-19,4.2,-0.0
26,CV-charge,8,6350.371361114581,239069.57844966577,4.199999999999999,14.522632737909143,14.522632737909143,29900.91190728115,17886.08474224755,-2.5691403245274454e-19,4.199999999999999,-0.0
26,CV-charge,9,6423.098633841854,239142.30572239304,4.199999999999999,13.65520472235138,13.65520472235138,29690.095055242495,18117.5936175407,-2.528948307281694e-19,4.199999999999999,-0.0
26,CV-charge,10,6495.825906569126,239215.03299512033,4.2,12.867648054744619,12.867648054744619,29491.49884109538,18335.589867831615,-2.550145479245329e-19,4.2,-0.0
26,CV-charge,11,6568.553179296399,239287.7602678476,4.2,12.149936116217988,12.149936116217988,29304.036866355193,18541.28398214919,-2.4257573806342546e-19,4.2,-0.0
26,CV-charge,12,6641.280452023672,239360.48754057486,4.199999999999999,11.493531219985753,11.493531219985753,29126.743847318496,18735.750379345645,-2.311016462944828e-19,4.199999999999999,-0.0
26,CV-charge,13,6714.007724750945,239433.21481330215,4.2,10.8912436783828,10.8912436783828,28958.78726232897,18919.91505054763,-2.307506342788137e-19,4.2,-0.0
26,CV-charge,14,6786.734997478217,239505.94208602942,4.200000000000001,10.336887105078947,10.336887105078947,28799.42079416815,19094.607359889527,-2.238158291020709e-19,4.200000000000001,-0.0
26,CV-charge,15,6859.46227020549,239578.66935875668,4.2,9.825148153011275,9.825148153011275,28647.98137972112,19260.56353709905,-2.259907732170646e-19,4.2,-0.0
26,CV-charge,16,6932.189542932763,239651.39663148395,4.2,9.351040365917157,9.351040365917157,28503.752435110888,19418.576955989713,-2.2532836451450344e-19,4.2,-0.0
26,CV-charge,17,7004.916815660035,239724.12390421124,4.2,8.911022350860314,8.911022350860314,28366.33175274784,19569.095004934974,-2.2525377239111317e-19,4.2,-0.0
26,CV-charge,18,7077.644088387308,239796.8511769385,4.200000000000002,8.501639887006716,8.501639887006716,28235.243365517414,19712.64513059118,-2.252426482469146e-19,4.200000000000002,-0.0
26,CV-charge,19,7150.371361114581,239869.57844966577,4.2,8.119871803985497,8.119871803985497,28110.058189395575,19849.70243382301,-2.2524029317807714e-19,4.2,-0.0
26,CV-charge,20,7223.098633841854,239942.30572239304,4.200000000000001,7.763071527986518,7.763071527986518,27990.38845171546,19980.69601423175,-2.2511550883517083e-19,4.200000000000001,-0.0
26,CV-charge,21,7295.825906569127,240015.03299512033,4.200000000000001,7.428911546321392,7.428911546321392,27875.88268801912,20106.014568614242,-2.250572417667073e-19,4.200000000000001,-0.0
26,CV-charge,22,7368.553179296399,240087.7602678476,4.2,7.115338076025463,7.115338076025463,27766.221454725077,20226.011186527296,-2.250611244317667e-19,4.2,-0.0
26,CV-charge,23,7441.280452023672,240160.48754057486,4.2,6.82053656180775,6.82053656180775,27661.11489359244,20341.006093190044,-2.250722047061469e-19,4.2,-0.0
26,CV-charge,24,7514.007724750945,240233.21481330215,4.2,6.5428919259116,6.5428919259116,27560.296810471616,20451.293223825396,-2.2507489407302566e-19,4.2,-0.0
26,CV-charge,25,7586.734997478217,240305.94208602942,4.199999999999999,6.280966284692434,6.280966284692434,27463.523529063248,20557.141515547904,-2.250816084985546e-19,4.199999999999999,-0.0
26,CV-charge,26,7659.46227020549,240378.66935875668,4.199999999999999,6.033475614570144,6.033475614570144,27370.571343514464,20658.797751737457,-2.250536636622992e-19,4.199999999999999,-0.0
26,CV-charge,27,7732.189542932763,240451.39663148395,4.199999999999999,5.799270249696796,5.799270249696796,27281.234423585243,20756.488896723175,-2.250998892515177e-19,4.199999999999999,-0.0
26,CV-charge,28,7804.916815660035,240524.12390421124,4.199999999999999,5.577318215399023,5.577318215399023,27195.322979657074,20850.42413939686,-2.249588925214595e-19,4.199999999999999,-0.0
26,CV-charge,29,7877.644088387309,240596.8511769385,4.199999999999999,5.366690937359998,5.366690937359998,27112.661651160066,20940.796686891947,-2.2486847534761987e-19,4.199999999999999,-0.0
26,CV-charge,30,7950.371361114581,240669.57844966577,4.200000000000001,5.166550946831262,5.166550946831262,27033.088087121076,21027.785343497373,-2.2481453345776204e-19,4.200000000000001,-0.0
26,CV-charge,31,8023.098633841854,240742.30572239304,4.2,4.976141268903288,4.976141268903288,26956.4516924705,21111.555904405384,-2.2494123515150503e-19,4.2,-0.0
26,CV-charge,32,8095.825906569127,240815.03299512033,4.2,4.794776234843553,4.794776234843553,26882.6125178085,21192.262389299238,-2.250696044154123e-19,4.2,-0.0
26,CV-charge,33,8168.553179296399,240887.7602678476,4.2,4.621833503405212,4.621833503405212,26811.44027370701,21270.04813700589,-2.2514028154038964e-19,4.2,-0.0
26,CV-charge,34,8241.280452023671,240960.48754057486,4.199999999999999,4.456747111809505,4.456747111809505,26742.813453437513,21345.04677924686,-2.2501193843878444e-19,4.199999999999999,-0.0
26,CV-charge,35,8314.007724750945,241033.21481330215,4.2,4.299001406459937,4.299001406459937,26676.61855036822,21417.38310890434,-2.2505917079345623e-19,4.2,-0.0
26,CV-charge,36,8386.734997478217,241105.94208602942,4.200000000000001,4.148125727527791,4.148125727527791,26612.74935824139,21487.17385597764,-2.2497712969875147e-19,4.200000000000001,-0.0
26,CV-charge,37,8459.462270205491,241178.66935875668,4.200000000000001,4.003689741465885,4.003689741465885,26551.106344202977,21554.528382560467,-2.24891974694437e-19,4.200000000000001,-0.0
26,CV-charge,38,8532.189542932763,241251.39663148395,4.2,3.86529933197189,3.86529933197189,26491.596085863555,21619.54930657794,-2.2478122706832e-19,4.2,-0.0
26,CV-charge,39,8604.916815660035,241324.12390421124,4.2,3.7325929735903154,3.7325929735903154,26434.13076484999,21682.333062717316,-2.2477666347428555e-19,4.2,-0.0
26,CV-charge,40,8677.64408838731,241396.8511769385,4.200000000000001,3.6052385235517264,3.6052385235517264,26378.627710315694,21742.970407828336,-2.247416884397175e-19,4.200000000000001,-0.0
26,CV-charge,41,8750.371361114581,241469.57844966577,4.2,3.4829303769911384,3.4829303769911384,26325.00898674377,21801.54687711995,-2.246697310521084e-19,4.2,-0.0
26,CV-charge,42,8823.098633841855,241542.30572239304,4.200000000000001,3.365386938644921,3.365386938644921,26273.20102109754,21858.14319667235,-2.245972138283962e-19,4.200000000000001,-0.0
26,CV-charge,43,8895.825906569127,241615.03299512033,4.2,3.252348370888757,3.252348370888757,26223.13426501274,21912.835657050826,-2.2451896352979214e-19,4.2,-0.0
26,CV-charge,44,8968.5531792964,241687.7602678476,4.2,3.1435745836178564,3.1435745836178564,26174.742888259603,21965.696452241147,-2.2457005819130887e-19,4.2,-0.0
26,CV-charge,45,9041.280452023671,241760.48754057486,4.200000000000001,3.0388434362923,3.0388434362923,26127.964500162838,22016.79398756082,-2.245506790097312e-19,4.200000000000001,-0.0
26,CV-charge,46,9114.007724750945,241833.21481330215,4.2,2.9379491265143005,2.9379491265143005,26082.739896079518,22066.193159822993,-2.2459192295126475e-19,4.2,-0.0
26,CV-charge,47,9186.734997478217,241905.94208602942,4.200000000000001,2.8407007429892257,2.8407007429892257,26039.012826363996,22113.955612557307,-2.2462178618573917e-19,4.200000000000001,-0.0
26,CV-charge,48,9259.462270205491,241978.66935875668,4.200000000000001,2.7469209636690244,2.7469209636690244,25996.729785572697,22160.139968829764,-2.2456850031321824e-19,4.200000000000001,-0.0
26,CV-charge,49,9275.768172982178,241994.97526153337,4.2,2.7263936618115,2.7263936618115,25987.460244168553,22170.264676517538,-2.2457000138398823e-19,4.2,-0.0
27,CC-discharge,0,0.0,241994.97526153337,3.8556520234055776,-27.263836618115,-27.263836618115,25987.460244168553,22170.264676517538,-2.2457000138398823e-19,3.8556520234055776,0.0
27,CC-discharge,1,72.72727272727273,242067.70253426064,3.8315109329924057,-27.263836618115,-27.263836618115,26552.579866132874,21635.76489734823,-2.245700223103255e-19,3.8315109329924057,0.5507845781437374
27,CC-discharge,2,145.45454545454547,242140.42980698793,3.815204566452671,-27.263836618115,-27.263836618115,26972.1675815502,21182.284838039097,-2.2457004656631826e-19,3.815204566452671,1.1015691562874748
27,CC-discharge,3,218.1818181818182,242213.1570797152,3.800004738799403,-27.263836618115,-27.263836618115,27389.894363599986,20728.829494467805,-2.245700451381769e-19,3.800004738799403,1.652353734431212
27,CC-discharge,4,290.90909090909093,242285.88435244246,3.78564426109092,-27.263836618115,-27.263836618115,27807.591909373066,20275.374103625625,-2.245700451373397e-19,3.78564426109092,2.2031383125749495
27,CC-discharge,5,363.6363636363637,242358.61162516972,3.771959889872549,-27.263836618115,-27.263836618115,28225.287189096485,19821.918712086408,-2.245700447963427e-19,3.771959889872549,2.753922890718687
27,CC-discharge,6,436.3636363636364,242431.33889789702,3.758844410035377,-27.263836618115,-27.263836618115,28642.982292392408,19368.463320537096,-2.2457004529411437e-19,3.758844410035377,3.304707468862424
27,CC-discharge,7,509.0909090909091,242504.06617062428,3.7462027380612515,-27.263836618115,-27.263836618115,29060.677381884758,18915.00792898793,-2.2457004533970624e-19,3.7462027380612515,3.8554920470061615
27,CC-discharge,8,581.8181818181819,242576.79344335155,3.733977856481964,-27.263836618115,-27.263836618115,29478.37247029139,18461.552537438805,-2.2457004477427184e-19,3.733977856481964,4.406276625149899
27,CC-discharge,9,654.5454545454546,242649.5207160788,3.7221219663955325,-27.263836618115,-27.263836618115,29896.067558611114,18008.09714588982,-2.245700452963748e-19,3.7221219663955325,4.9570612032936365
27,CC-discharge,10,727.2727272727274,242722.2479888061,3.7105984328565005,-27.263836618115,-27.263836618115,30313.76264692398,17554.641754340973,-2.245700466153847e-19,3.7105984328565005,5.507845781437374
27,CC-discharge,11,800.0000000000001,242794.97526153337,3.6993789161057182,-27.263836618115,-27.263836618115,30731.45773523682,17101.18636279187,-2.245700474483354e-19,3.6993789161057182,6.0586303595811115
27,CC-discharge,12,872.7272727272727,242867.70253426064,3.6884412630164727,-27.263836618115,-27.263836618115,31149.152823549943,16647.730971243014,-2.245700469159506e-19,3.6884412630164727,6.609414937724848
27,CC-discharge,13,945.4545454545455,242940.42980698793,3.6777679230576776,-27.263836618115,-27.263836618115,31566.847911862893,16194.275579693234,-2.2457004622831293e-19,3.6777679230576776,7.160199515868586
27,CC-discharge,14,1018.1818181818182,243013.1570797152,3.6673447297504964,-27.263836618115,-27.263836618115,31984.543000175876,15740.8201881439,-2.245700464624368e-19,3.6673447297504964,7.710984094012323
27,CC-discharge,15,1090.909090909091,243085.88435244246,3.657159936291921,-27.263836618115,-27.263836618115,32402.238088488662,15287.36479659474,-2.2457004631560927e-19,3.657159936291921,8.26176867215606
27,CC-discharge,16,1163.6363636363637,243158.61162516972,3.64720342647465,-27.263836618115,-27.263836618115,32819.93317680129,14833.909405045673,-2.245700452957017e-19,3.64720342647465,8.812553250299798
27,CC-discharge,17,1236.3636363636365,243231.33889789702,3.6374660419612854,-27.263836618115,-27.263836618115,33237.62826511393,14380.454013496303,-2.245700442530157e-19,3.6374660419612854,9.363337828443536
27,CC-discharge,18,1309.0909090909092,243304.06617062428,3.6279389803576505,-27.263836618115,-27.263836618115,33655.32335342667,13926.998621947527,-2.245700438118923e-19,3.6279389803576505,9.914122406587273
27,CC-discharge,19,1381.818181818182,243376.79344335155,3.618613226745188,-27.263836618115,-27.263836618115,34073.01844173976,13473.543230398835,-2.2457004545269265e-19,3.618613226745188,10.46490698473101
27,CC-discharge,20,1454.5454545454547,243449.5207160788,3.609478986008663,-27.263836618115,-27.263836618115,34490.71353005232,13020.08783884916,-2.2457004527926584e-19,3.609478986008663,11.015691562874748
27,CC-discharge,21,1527.2727272727275,243522.2479888061,3.6005250863531058,-27.263836618115,-27.263836618115,34908.40861836505,12566.632447299884,-2.245700453340595e-19,3.6005250863531058,11.566476141018486
27,CC-discharge,22,1600.0000000000002,243594.97526153337,3.591738316974806,-27.263836618115,-27.263836618115,35326.10370667831,12113.177055750582,-2.2457004743294937e-19,3.591738316974806,12.117260719162223
27,CC-discharge,23,1672.727272727273,243667.70253426064,3.5831021785920387,-27.263836618115,-27.263836618115,35743.798794991104,11659.721664201072,-2.2457004549078533e-19,3.5831021785920387,12.66804529730596
27,CC-discharge,24,1745.4545454545455,243740.42980698793,3.5745982711310886,-27.263836618115,-27.263836618115,36161.4938833038,11206.266272652096,-2.245700485242822e-19,3.5745982711310886,13.218829875449696
27,CC-discharge,25,1818.1818181818182,243813.1570797152,3.5662013387343228,-27.263836618115,-27.263836618115,36579.18897161645,10752.810881103043,-2.2457004609310413e-19,3.5662013387343228,13.769614453593434
27,CC-discharge,26,1890.909090909091,243885.88435244246,3.557880978434976,-27.263836618115,-27.263836618115,36996.884059928714,10299.355489553935,-2.245700462113692e-19,3.557880978434976,14.320399031737171
27,CC-discharge,27,1963.6363636363637,243958.61162516972,3.549599252894758,-27.263836618115,-27.263836618115,37414.57914824183,9845.900098004806,-2.245700590585698e-19,3.549599252894758,14.871183609880909
27,CC-discharge,28,2036.3636363636365,244031.33889789702,3.541308751471774,-27.263836618115,-27.263836618115,37832.27423655448,9392.444706455582,-2.2457010038030937e-19,3.541308751471774,15.421968188024646
27,CC-discharge,29,2109.0909090909095,244104.06617062428,3.532950158471463,-27.263836618115,-27.263836618115,38249.969324867285,8938.989314906265,-2.2457012283016445e-19,3.532950158471463,15.972752766168385
27,CC-discharge,30,2181.818181818182,244176.79344335155,3.5244493781392636,-27.263836618115,-27.263836618115,38667.66441317998,8485.533923357201,-2.2457009339726776e-19,3.5244493781392636,16.52353734431212
27,CC-discharge,31,2254.545454545455,244249.5207160788,3.5157145452087177,-27.263836618115,-27.263836618115,39085.35950149281,8032.078531807995,-2.2457010661249585e-19,3.5157145452087177,17.07432192245586
27,CC-discharge,32,2327.2727272727275,244322.2479888061,3.5066288182867695,-27.263836618115,-27.263836618115,39503.054589805484,7578.623140258935,-2.245701384739993e-19,3.5066288182867695,17.625106500599596
27,CC-discharge,33,2400.0,244394.97526153337,3.4970499994574813,-27.263836618115,-27.263836618115,39920.74967811804,7125.167748709855,-2.245701255907386e-19,3.4970499994574813,18.175891078743334
27,CC-discharge,34,2472.727272727273,244467.70253426064,3.486799809949703,-27.263836618115,-27.263836618115,40338.44476643089,6671.7123571607935,-2.2457013915432827e-19,3.486799809949703,18.726675656887075
27,CC-discharge,35,2545.4545454545455,244540.42980698793,3.475657025656717,-27.263836618115,-27.263836618115,40756.139854743706,6218.256965611609,-2.2457011124252392e-19,3.475657025656717,19.277460235030812
27,CC-discharge,36,2618.1818181818185,244613.1570797152,3.4633481754883317,-27.263836618115,-27.263836618115,41173.834943056354,5764.801574062385,-2.2456975088644385e-19,3.4633481754883317,19.82824481317455
27,CC-discharge,37,2690.909090909091,244685.88435244246,3.4495359532404724,-27.263836618115,-27.263836618115,41591.53003136895,5311.34618251344,-2.245698251427629e-19,3.4495359532404724,20.379029391318287
27,CC-discharge,38,2763.636363636364,244758.61162516972,3.4338059608532028,-27.263836618115,-27.263836618115,42009.225119681534,4857.890790964267,-2.245698846524355e-19,3.4338059608532028,20.929813969462025
27,CC-discharge,39,2836.3636363636365,244831.33889789702,3.415652192719424,-27.263836618115,-27.263836618115,42426.92020799414,4404.435399415174,-2.2456989221254375e-19,3.415652192719424,21.480598547605762
27,CC-discharge,40,2909.0909090909095,244904.06617062428,3.3944587700438658,-27.263836618115,-27.263836618115,42844.61529630716,3950.980007866015,-2.245697755673307e-19,3.3944587700438658,22.0313831257495
27,CC-discharge,41,2981.818181818182,244976.79344335155,3.369488053425547,-27.263836618115,-27.263836618115,43262.31038462027,3497.5246163170555,-2.2456979303764865e-19,3.369488053425547,22.582167703893237
27,CC-discharge,42,3054.545454545455,245049.5207160788,3.33986292304078,-27.263836618115,-27.263836618115,43680.005472932986,3044.069224768048,-2.245694540278349e-19,3.33986292304078,23.132952282036975
27,CC-discharge,43,3127.2727272727275,245122.2479888061,3.304547508905415,-27.263836618115,-27.263836618115,44097.70056124542,2590.6138332189935,-2.245693646970592e-19,3.304547508905415,23.683736860180712
27,CC-discharge,44,3200.0000000000005,245194.97526153337,3.2623151473363943,-27.263836618115,-27.263836618115,44515.39564955872,2137.158441669905,-2.2456924538743985e-19,3.2623151473363943,24.23452143832445
27,CC-discharge,45,3272.727272727273,245267.70253426064,3.2114835495190928,-27.263836618115,-27.263836618115,44933.09073787106,1683.7030501208437,-2.2456938867914947e-19,3.2114835495190928,24.785306016468187
27,CC-discharge,46,3345.454545454546,245340.42980698793,3.1481859993440833,-27.263836618115,-27.263836618115,45350.78582618334,1230.2476585718055,-2.2456894907744344e-19,3.1481859993440833,25.336090594611925
27,CC-discharge,47,3418.1818181818185,245413.1570797152,3.050969212573428,-27.263836618115,-27.263836618115,45768.4809144968,776.7922670227554,-2.245692063024939e-19,3.050969212573428,25.886875172755662
27,CC-discharge,48,3439.248151414123,245434.2234129475,3.00001,-27.263836618115,-27.263836618115,45889.47134339552,645.44343423785,-2.2457002987497773e-19,3.00001,26.04641658036353
27,CC-charge,0,3439.248151414123,245434.2234129475,3.7151764026633187,27.263836618115,27.263836618115,45889.47134339552,645.44343423785,-2.2457002987497773e-19,3.7151764026633187,0.0
27,CC-charge,1,3511.9754241413957,245506.95068567476,3.8216168264742767,27.263836618115,27.263836618115,45324.35495457369,1179.9417371493478,-2.2457000677079344e-19,3.8216168264742767,-0.0
27,CC-charge,2,3584.7026968686687,245579.67795840206,3.867980094962332,27.263836618115,27.263836618115,44904.767588491406,1633.4232719338024,-2.2457005571532636e-19,3.867980094962332,-0.0
27,CC-charge,3,3657.429969595941,245652.40523112932,3.9054171972037266,27.263836618115,27.263836618115,44487.03506279017,2086.878615220887,-2.2456984405135327e-19,3.9054171972037266,-0.0
27,CC-charge,4,3730.157242323214,245725.13250385658,3.936711318561472,27.263836618115,27.263836618115,44069.33947556321,2540.334007120106,-2.245700445178661e-19,3.936711318561472,-0.0
27,CC-charge,5,3802.8845150504867,245797.85977658385,3.9627932868354536,27.263836618115,27.263836618115,43651.64438213293,2993.7893986648946,-2.2457007195195555e-19,3.9627932868354536,-0.0
27,CC-charge,6,3875.6117877777597,245870.58704931114,3.984432479476581,27.263836618115,27.263836618115,43233.94929388679,3447.244790213986,-2.245701170383467e-19,3.984432479476581,-0.0
27,CC-charge,7,3948.339060505032,245943.3143220384,4.002368422632233,27.263836618115,27.263836618115,42816.25420557223,3900.7001817629352,-2.245702570933416e-19,4.002368422632233,-0.0
27,CC-charge,8,4021.066333232305,246016.04159476567,4.017283769079014,27.263836618115,27.263836618115,42398.55911725993,4354.155573311906,-2.24570181227694e-19,4.017283769079014,-0.0
27,CC-charge,9,4093.7936059595777,246088.76886749294,4.02978223347764,27.263836618115,27.263836618115,41980.86402894621,4807.610964860868,-2.245700653701861e-19,4.02978223347764,-0.0
27,CC-charge,10,4166.520878686851,246161.49614022023,4.040379382995094,27.263836618115,27.263836618115,41563.16894063249,5261.066356409827,-2.2456991363745204e-19,4.040379382995094,-0.0
27,CC-charge,11,4239.248151414124,246234.2234129475,4.049508504172693,27.263836618115,27.263836618115,41145.4738523194,5714.521747958642,-2.2456984798793925e-19,4.049508504172693,-0.0
27,CC-charge,12,4311.975424141396,246306.95068567476,4.057527097559523,27.263836618115,27.263836618115,40727.77876400573,6167.977139507569,-2.2456989225399924e-19,4.057527097559523,-0.0
27,CC-charge,13,4384.702696868669,246379.67795840206,4.064727786049248,27.263836618115,27.263836618115,40310.08367569272,6621.432531056411,-2.245699435629337e-19,4.064727786049248,-0.0
27,CC-charge,14,4457.429969595942,246452.40523112932,4.071347970285264,27.263836618115,27.263836618115,39892.388587379566,7074.88792260533,-2.245699371672109e-19,4.071347970285264,-0.0
27,CC-charge,15,4530.157242323214,246525.13250385658,4.077579107520814,27.263836618115,27.263836618115,39474.69349906672,7528.343314154294,-2.245699271604844e-19,4.077579107520814,-0.0
27,CC-charge,16,4602.884515050487,246597.85977658385,4.083574694201349,27.263836618115,27.263836618115,39056.99841075322,7981.7987057031,-2.2456994137260146e-19,4.083574694201349,-0.0
27,CC-charge,17,4675.61178777776,246670.58704931114,4.089457752239609,27.263836618115,27.263836618115,38639.30332244015,8435.254097251982,-2.245699581692057e-19,4.089457752239609,-0.0
27,CC-charge,18,4748.339060505033,246743.3143220384,4.095325570693231,27.263836618115,27.263836618115,38221.60823412676,8888.709488800956,-2.245699502110313e-19,4.095325570693231,-0.0
27,CC-charge,19,4821.066333232306,246816.04159476567,4.101255638111779,27.263836618115,27.263836618115,37803.91314581339,9342.164880349783,-2.2456997109889047e-19,4.101255638111779,-0.0
27,CC-charge,20,4893.793605959578,246888.76886749294,4.10730892807131,27.263836618115,27.263836618115,37386.21805749956,9795.620271898677,-2.2456995680733756e-19,4.10730892807131,-0.0
27,CC-charge,21,4966.520878686851,246961.49614022023,4.113533111245747,27.263836618115,27.263836618115,36968.5229691864,10249.075663447411,-2.2456995753216197e-19,4.113533111245747,-0.0
27,CC-charge,22,5039.248151414124,247034.2234129475,4.119966888285739,27.263836618115,27.263836618115,36550.82788087279,10702.531054995981,-2.2456995882546033e-19,4.119966888285739,-0.0
27,CC-charge,23,5111.975424141396,247106.95068567476,4.126638882483899,27.263836618115,27.263836618115,36133.132792560005,11155.98644654527,-2.245699506233682e-19,4.126638882483899,-0.0
27,CC-charge,24,5184.702696868669,247179.67795840206,4.133572032065263,27.263836618115,27.263836618115,35715.43770424631,11609.44183809382,-2.2456995035711473e-19,4.133572032065263,-0.0
27,CC-charge,25,5257.429969595942,247252.40523112932,4.140784304235614,27.263836618115,27.263836618115,35297.742615932504,12062.897229642862,-2.245699489390078e-19,4.140784304235614,-0.0
27,CC-charge,26,5330.157242323214,247325.13250385658,4.148289839560376,27.263836618115,27.263836618115,34880.047527618895,12516.35262119211,-2.2456995302481356e-19,4.148289839560376,-0.0
27,CC-charge,27,5402.884515050487,247397.85977658385,4.156099918894647,27.263836618115,27.263836618115,34462.352439305534,12969.808012740928,-2.245699512282178e-19,4.156099918894647,-0.0
27,CC-charge,28,5475.61178777776,247470.58704931114,4.164225651286935,27.263836618115,27.263836618115,34044.657350992515,13423.263404290024,-2.245699511805462e-19,4.164225651286935,-0.0
27,CC-charge,29,5548.339060505033,247543.3143220384,4.172671732076037,27.263836618115,27.263836618115,33626.962262679204,13876.718795838937,-2.2456995690248105e-19,4.172671732076037,-0.0
27,CC-charge,30,5621.066333232306,247616.04159476567,4.1814465619331385,27.263836618115,27.263836618115,33209.26717436561,14330.174187387749,-2.245699795394542e-19,4.1814465619331385,-0.0
27,CC-charge,31,5693.793605959578,247688.76886749294,4.190557008376127,27.263836618115,27.263836618115,32791.57208605226,14783.629578936569,-2.24569976594177e-19,4.190557008376127,-0.0
27,CC-charge,32,5766.366740386274,247761.34200191963,4.199990000000001,27.263836618115,27.263836618115,32374.76226139112,15236.123916387927,-2.245699710246686e-19,4.199990000000001,-0.0
27,CV-charge,0,5766.366740386274,247761.34200191963,4.2,27.28836211092565,27.28836211092565,32374.76226139112,15236.123916387927,-2.245699710246686e-19,4.2,0.0
27,CV-charge,1,5839.094013113547,247834.0692746469,4.2,24.210124533071227,24.210124533071227,31852.802801707734,15731.211530486236,-2.276869436167067e-19,4.2,-0.0
27,CV-charge,2,5911.821285840819,247906.7965473742,4.200000000000001,22.266228046907436,22.266228046907436,31506.29971292512,16111.421571666096,-2.294117277713412e-19,4.200000000000001,-0.0
27,CV-charge,3,5984.548558568092,247979.52382010146,4.200000000000001,20.568173216827464,20.568173216827464,31188.227305499193,16461.8950095138,-2.5240561049821147e-19,4.200000000000001,-0.0
27,CV-charge,4,6057.275831295365,248052.25109282872,4.2,19.06773786211909,19.06773786211909,30893.280079144457,16786.6924810293,-2.505771828999663e-19,4.2,-0.0
27,CV-charge,5,6130.003104022638,248124.978365556,4.2,17.735843010270056,17.735843010270056,30619.053717577972,17088.473619181867,-2.496181995321904e-19,4.2,-0.0
27,CV-charge,6,6202.73037674991,248197.70563828328,4.200000000000001,16.54758371701276,16.54758371701276,30363.308591107427,17369.746937519736,-2.586753616949432e-19,4.200000000000001,-0.0
27,CV-charge,7,6275.457649477183,248270.43291101055,4.2,15.48236847363756,15.48236847363756,30124.118723544947,17632.6676077383,-2.5157335440203107e-19,4.2,-0.0
27,CV-charge,8,6348.184922204456,248343.1601837378,4.2,14.52314847772516,14.52314847772516,29899.82794170392,17879.08670918627,-2.491005374057256e-19,4.2,-0.0
27,CV-charge,9,6420.912194931729,248415.88745646508,4.2,13.65570492530744,13.65570492530744,29689.003319764073,18110.604061477374,-2.460439255558236e-19,4.2,-0.0
27,CV-charge,10,6493.639467659001,248488.61472919237,4.2,12.868128179723499,12.868128179723499,29490.399622716763,18328.60849214845,-2.3717449794557717e-19,4.2,-0.0
27,CV-charge,11,6566.366740386274,248561.34200191963,4.2,12.15039305294657,12.15039305294657,29302.930518110283,18534.31041357767,-2.3107984840874883e-19,4.2,-0.0
27,CV-charge,12,6639.094013113547,248634.0692746469,4.199999999999999,11.493962883706219,11.493962883706219,29125.630754637514,18728.78420643146,-2.147097762628769e-19,4.199999999999999,-0.0
27,CV-charge,13,6711.821285840819,248706.7965473742,4.2,10.891648708235742,10.891648708235742,28957.667833307933,18912.955834744527,-2.196205055612296e-19,4.2,-0.0
27,CV-charge,14,6784.548558568092,248779.52382010146,4.2,10.337264704912238,10.337264704912238,28798.29544914703,19087.654647621002,-2.1675528997805217e-19,4.2,-0.0
27,CV-charge,15,6857.275831295365,248852.25109282872,4.2,9.825091184620652,9.825091184620652,28646.728406753457,19253.75078278602,-2.1649830605003476e-19,4.2,-0.0
27,CV-charge,16,6930.003104022638,248924.978365556,4.2,9.350984925872632,9.350984925872632,28502.500210933624,19411.763291121646,-2.1627501725551463e-19,4.2,-0.0
27,CV-charge,17,7002.730376749911,248997.70563828328,4.200000000000001,8.910966027721994,8.910966027721994,28365.080388856335,19562.2804092591,-2.1638144170527713e-19,4.200000000000001,-0.0
27,CV-charge,18,7075.457649477183,249070.43291101055,4.2,8.501580275865425,8.501580275865425,28233.992906314073,19705.829560833256,-2.1634956776339032e-19,4.2,-0.0
27,CV-charge,19,7148.184922204456,249143.1601837378,4.200000000000001,8.119806968202948,8.119806968202948,28108.808712719936,19842.885811617954,-2.1634166243610861e-19,4.200000000000001,-0.0
27,CV-charge,20,7220.912194931729,249215.88745646508,4.2,7.762999899882928,7.762999899882928,27989.14005978121,19973.87823352886,-2.1621277196925305e-19,4.2,-0.0
27,CV-charge,21,7293.639467659001,249288.61472919237,4.2,7.428831860745829,7.428831860745829,27874.63550278345,20099.19550098504,-2.161477354734663e-19,4.2,-0.0
27,CV-charge,22,7366.366740386274,249361.34200191963,4.2,7.115249316710563,7.115249316710563,27764.97561398719,20219.19068556439,-2.161606260086064e-19,4.2,-0.0
27,CV-charge,23,7439.094013113547,249434.0692746469,4.200000000000001,6.820437901046401,6.820437901046401,27659.870541591998,20334.18400496602,-2.1619131018627504e-19,4.200000000000001,-0.0
27,CV-charge,24,7511.821285840819,249506.7965473742,4.200000000000001,6.542782724107581,6.542782724107581,27559.05410750127,20444.469376299137,-2.1613831781065375e-19,4.200000000000001,-0.0
27,CV-charge,25,7584.548558568092,249579.52382010146,4.2,6.280846044750037,6.280846044750037,27462.28264337646,20550.315727639354,-2.1614761731558792e-19,4.2,-0.0
27,CV-charge,26,7657.275831295365,249652.25109282872,4.200000000000001,6.033343958306608,6.033343958306608,27369.332449377223,20651.969835467124,-2.161365886636429e-19,4.200000000000001,-0.0
27,CV-charge,27,7730.003104022638,249724.978365556,4.2,5.799126898702222,5.799126898702222,27279.997699717525,20749.658658968434,-2.1624433672146501e-19,4.2,-0.0
27,CV-charge,28,7802.730376749911,249797.70563828328,4.2,5.577162975295495,5.577162975295495,27194.088607914455,20843.591383368137,-2.1603326720007114e-19,4.2,-0.0
27,CV-charge,29,7875.457649477183,249870.43291101055,4.2,5.366523684834769,5.366523684834769,27111.429815422467,20933.961213382245,-2.1589502436158599e-19,4.2,-0.0
27,CV-charge,30,7948.184922204456,249943.1601837378,4.2,5.166371618918356,5.166371618918356,27031.85897234776,21020.94695194212,-2.155213362070699e-19,4.2,-0.0
27,CV-charge,31,8020.912194931729,250015.88745646508,4.2,4.9759498541127964,4.9759498541127964,26955.2254838956,21104.71439378174,-2.155566201257868e-19,4.2,-0.0
27,CV-charge,32,8093.639467659001,250088.61472919237,4.199999999999999,4.794572765794323,4.794572765794323,26881.389400250748,21185.41755889976,-2.1565149580905665e-19,4.199999999999999,-0.0
27,CV-charge,33,8166.366740386274,250161.34200191963,4.2,4.621618050701396,4.621618050701396,26810.22043097537,21263.19978709882,-2.1567118751457343e-19,4.2,-0.0
27,CV-charge,34,8239.094013113547,250234.0692746469,4.2,4.456519778946095,4.456519778946095,26741.59706782114,21338.19471165433,-2.1560790580195471e-19,4.2,-0.0
27,CV-charge,35,8311.821285840819,250306.7965473742,4.2,4.2987623255617535,4.2987623255617535,26675.40580218704,21410.52712749631,-2.155310647260628e-19,4.2,-0.0
27,CV-charge,36,8384.548558568093,250379.52382010146,4.200000000000001,4.147875055794009,4.147875055794009,26611.540425455467,21480.313767107495,-2.1545695139928728e-19,4.200000000000001,-0.0
27,CV-charge,37,8457.275831295365,250452.25109282872,4.2,4.003427658195199,4.003427658195199,26549.9014020706,21547.66399544825,-2.1536502717614992e-19,4.2,-0.0
27,CV-charge,38,8530.003104022639,250524.978365556,4.2,3.865026036056222,3.865026036056222,26490.395306633593,21612.680433649977,-2.1532643521093817e-19,4.2,-0.0
27,CV-charge,39,8602.73037674991,250597.70563828328,4.2,3.7323086814106903,3.7323086814106903,26432.93431749031,21675.459519909953,-2.1537268185037736e-19,4.2,-0.0
27,CV-charge,40,8675.457649477183,250670.43291101055,4.2,3.6049434672081504,3.6049434672081504,26377.43576027088,21736.092014851645,-2.1539876793639e-19,4.2,-0.0
27,CV-charge,41,8748.184922204455,250743.1601837378,4.2,3.4826248027888065,3.4826248027888065,26323.82169571286,21794.663457708844,-2.1526208704564675e-19,4.2,-0.0
27,CV-charge,42,8820.912194931729,250815.88745646508,4.199999999999999,3.365071105812101,3.365071105812101,26272.018546834573,21851.25457880612,-2.1521378128964997e-19,4.199999999999999,-0.0
27,CV-charge,43,8893.639467659,250888.61472919237,4.199999999999999,3.2520225504709046,3.2520225504709046,26221.95676114353,21905.94167315457,-2.1520842966968309e-19,4.199999999999999,-0.0
27,CV-charge,44,8966.366740386275,250961.34200191963,4.2,3.1432390575191542,3.1432390575191542,26173.57050411181,21958.796939369622,-2.1522684072272662e-19,4.2,-0.0
27,CV-charge,45,9039.094013113547,251034.0692746469,4.2,3.0384984964373656,3.0384984964373656,26126.797380613894,22009.888787574415,-2.151487017736917e-19,4.2,-0.0
27,CV-charge,46,9111.821285840819,251106.7965473742,4.200000000000001,2.9375950740969388,2.9375950740969388,26081.578181409386,22059.282119541025,-2.1511386008118455e-19,4.200000000000001,-0.0
27,CV-charge,47,9184.548558568093,251179.52382010146,4.2,2.8403378878065,2.8403378878065,26037.85665212728,22107.03858390526,-2.1506232848112752e-19,4.2,-0.0
27,CV-charge,48,9257.275831295365,251252.25109282872,4.200000000000001,2.746549623489051,2.746549623489051,25995.57928246902,22153.216808979083,-2.150920752113878e-19,4.200000000000001,-0.0
27,CV-charge,49,9273.283615054237,251268.25887658758,4.200000000000001,2.7263936618115,2.7263936618115,25986.479561044413,22163.15604408965,-2.1509560061751487e-19,4.200000000000001,-0.0
28,CC-discharge,0,0.0,251268.25887658758,3.8556734674236908,-27.263836618115,-27.263836618115,25986.479561044413,22163.15604408965,-2.1509560061751487e-19,3.8556734674236908,0.0
28,CC-discharge,1,72.72727272727273,251340.98614931485,3.831526471660333,-27.263836618115,-27.263836618115,26551.599177381933,21628.65627101123,-2.1509558171753702e-19,3.831526471660333,0.5507845781437374
28,CC-discharge,2,145.45454545454547,251413.71342204214,3.815216892756317,-27.263836618115,-27.263836618115,26971.186884999217,21175.176205701457,-2.1509557989818257e-19,3.815216892756317,1.1015691562874748
28,CC-discharge,3,218.1818181818182,251486.4406947694,3.8000145446583353,-27.263836618115,-27.263836618115,27388.913679125024,20721.720862042,-2.1509557846393633e-19,3.8000145446583353,1.652353734431212
28,CC-discharge,4,290.90909090909093,251559.16796749667,3.7856520910126172,-27.263836618115,-27.263836618115,27806.61122611846,20268.265471198836,-2.1509557814659007e-19,3.7856520910126172,2.2031383125749495
28,CC-discharge,5,363.6363636363637,251631.89524022394,3.77196613327668,-27.263836618115,-27.263836618115,28224.306505959346,19814.810079660267,-2.1509557932420648e-19,3.77196613327668,2.753922890718687
28,CC-discharge,6,436.3636363636364,251704.62251295123,3.7588493826702494,-27.263836618115,-27.263836618115,28642.00160926705,19361.354688110834,-2.150955792717715e-19,3.7588493826702494,3.304707468862424
28,CC-discharge,7,509.0909090909091,251777.3497856785,3.7462066554582156,-27.263836618115,-27.263836618115,29059.69669876055,18907.899296561813,-2.1509557923245628e-19,3.7462066554582156,3.8554920470061615
28,CC-discharge,8,581.8181818181819,251850.07705840576,3.733980903204346,-27.263836618115,-27.263836618115,29477.391787167115,18454.44390501246,-2.1509557941075488e-19,3.733980903204346,4.406276625149899
28,CC-discharge,9,654.5454545454546,251922.80433113303,3.7221242894558575,-27.263836618115,-27.263836618115,29895.086875487174,18000.988513462857,-2.15095580341602e-19,3.7221242894558575,4.9570612032936365
28,CC-discharge,10,727.2727272727274,251995.53160386032,3.710600149878512,-27.263836618115,-27.263836618115,30312.781963800757,17547.53312191361,-2.1509557908175614e-19,3.710600149878512,5.507845781437374
28,CC-discharge,11,800.0000000000001,252068.25887658758,3.6993801210428727,-27.263836618115,-27.263836618115,30730.4770521136,17094.077730364505,-2.150955787111611e-19,3.6993801210428727,6.0586303595811115
28,CC-discharge,12,872.7272727272727,252140.98614931485,3.6884420300852523,-27.263836618115,-27.263836618115,31148.17214042654,16640.622338815156,-2.1509557913370789e-19,3.6884420300852523,6.609414937724848
28,CC-discharge,13,945.4545454545455,252213.71342204214,3.67776830930493,-27.263836618115,-27.263836618115,31565.867228739447,16187.166947265903,-2.1509557965585448e-19,3.67776830930493,7.160199515868586
28,CC-discharge,14,1018.1818181818182,252286.4406947694,3.6673447765146996,-27.263836618115,-27.263836618115,31983.562317052067,15733.711555716553,-2.1509557807528501e-19,3.6673447765146996,7.710984094012323
28,CC-discharge,15,1090.909090909091,252359.16796749667,3.6571596697052775,-27.263836618115,-27.263836618115,32401.257405365162,15280.256164167158,-2.150955784474897e-19,3.6571596697052775,8.26176867215606
28,CC-discharge,16,1163.6363636363637,252431.89524022394,3.647202857072784,-27.263836618115,-27.263836618115,32818.952493677585,14826.800772617828,-2.1509557845992368e-19,3.647202857072784,8.812553250299798
28,CC-discharge,17,1236.3636363636365,252504.62251295123,3.637465163399163,-27.263836618115,-27.263836618115,33236.64758199031,14373.345381068186,-2.1509557759565048e-19,3.637465163399163,9.363337828443536
28,CC-discharge,18,1309.0909090909092,252577.3497856785,3.627937767172478,-27.263836618115,-27.263836618115,33654.34267030317,13919.889989519286,-2.150955787783157e-19,3.627937767172478,9.914122406587273
28,CC-discharge,19,1381.818181818182,252650.07705840576,3.6186116310507703,-27.263836618115,-27.263836618115,34072.03775861593,13466.434597970323,-2.1509557844319004e-19,3.6186116310507703,10.46490698473101
28,CC-discharge,20,1454.5454545454547,252722.80433113303,3.609476933787114,-27.263836618115,-27.263836618115,34489.73284692822,13012.979206420729,-2.1509557814846872e-19,3.609476933787114,11.015691562874748
28,CC-discharge,21,1527.2727272727275,252795.53160386032,3.6005224680722345,-27.263836618115,-27.263836618115,34907.427935241736,12559.523814871241,-2.1509557930147702e-19,3.6005224680722345,11.566476141018486
28,CC-discharge,22,1600.0000000000002,252868.25887658758,3.5917349847903797,-27.263836618115,-27.263836618115,35325.123023554326,12106.06842332185,-2.1509558020450149e-19,3.5917349847903797,12.117260719162223
28,CC-discharge,23,1672.727272727273,252940.98614931485,3.5830979375932634,-27.263836618115,-27.263836618115,35742.81811186743,11652.613031772677,-2.1509558104442667e-19,3.5830979375932634,12.66804529730596
28,CC-discharge,24,1745.4545454545455,253013.71342204214,3.574592852334704,-27.263836618115,-27.263836618115,36160.513200180154,11199.15764022373,-2.1509558298113416e-19,3.574592852334704,13.218829875449696
28,CC-discharge,25,1818.1818181818182,253086.4406947694,3.5661943992654788,-27.263836618115,-27.263836618115,36578.20828849295,10745.702248674414,-2.1509558510539823e-19,3.5661943992654788,13.769614453593434
28,CC-discharge,26,1890.909090909091,253159.16796749667,3.557872076114651,-27.263836618115,-27.263836618115,36995.903376805836,10292.246857125594,-2.1509558379457034e-19,3.557872076114651,14.320399031737171
28,CC-discharge,27,1963.6363636363637,253231.89524022394,3.549587821286642,-27.263836618115,-27.263836618115,37413.598465118455,9838.791465576365,-2.1509557856108946e-19,3.549587821286642,14.871183609880909
28,CC-discharge,28,2036.3636363636365,253304.62251295123,3.5412940672219184,-27.263836618115,-27.263836618115,37831.29355343111,9385.336074027058,-2.1509558042694247e-19,3.5412940672219184,15.421968188024646
28,CC-discharge,29,2109.0909090909095,253377.3497856785,3.5329313021959736,-27.263836618115,-27.263836618115,38248.98864174385,8931.880682477968,-2.150956457588238e-19,3.5329313021959736,15.972752766168385
28,CC-discharge,30,2181.818181818182,253450.07705840576,3.524425186246919,-27.263836618115,-27.263836618115,38666.68373005694,8478.425290928873,-2.1509566984629987e-19,3.524425186246919,16.52353734431212
28,CC-discharge,31,2254.545454545455,253522.80433113303,3.5156835439035454,-27.263836618115,-27.263836618115,39084.37881837011,8024.969899379708,-2.15095703539644e-19,3.5156835439035454,17.07432192245586
28,CC-discharge,32,2327.2727272727275,253595.53160386032,3.50658916676168,-27.263836618115,-27.263836618115,39502.07390668292,7571.5145078303885,-2.1509568940403605e-19,3.50658916676168,17.625106500599596
28,CC-discharge,33,2400.0,253668.25887658758,3.4969993891773576,-27.263836618115,-27.263836618115,39919.76899499564,7118.059116281205,-2.150957801966552e-19,3.4969993891773576,18.175891078743334
28,CC-discharge,34,2472.727272727273,253740.98614931485,3.4867353395869314,-27.263836618115,-27.263836618115,40337.464083308216,6664.603724731861,-2.1509572558803854e-19,3.4867353395869314,18.726675656887075
28,CC-discharge,35,2545.4545454545455,253813.71342204214,3.475575087089612,-27.263836618115,-27.263836618115,40755.15917162087,6211.148333182973,-2.1509576416644692e-19,3.475575087089612,19.277460235030812
28,CC-discharge,36,2618.1818181818185,253886.4406947694,3.4632442880962513,-27.263836618115,-27.263836618115,41172.85425993355,5757.692941633877,-2.150956721520199e-19,3.4632442880962513,19.82824481317455
28,CC-discharge,37,2690.909090909091,253959.16796749667,3.449404576906273,-27.263836618115,-27.263836618115,41590.549348245935,5304.237550084795,-2.1509606729658388e-19,3.449404576906273,20.379029391318287
28,CC-discharge,38,2763.636363636364,254031.89524022394,3.433640282028348,-27.263836618115,-27.263836618115,42008.24443655872,4850.782158535603,-2.150960446995938e-19,3.433640282028348,20.929813969462025
28,CC-discharge,39,2836.3636363636365,254104.62251295123,3.415443881778432,-27.263836618115,-27.263836618115,42425.93952487092,4397.326766986479,-2.150961257043648e-19,3.415443881778432,21.480598547605762
28,CC-discharge,40,2909.0909090909095,254177.3497856785,3.3941977643131787,-27.263836618115,-27.263836618115,42843.634613183865,3943.8713754373935,-2.150960439398318e-19,3.3941977643131787,22.0313831257495
28,CC-discharge,41,2981.818181818182,254250.07705840576,3.369162298985641,-27.263836618115,-27.263836618115,43261.329701496514,3490.4159838883093,-2.1509624490413527e-19,3.369162298985641,22.582167703893237
28,CC-discharge,42,3054.545454545455,254322.80433113303,3.339457044976247,-27.263836618115,-27.263836618115,43679.02478980926,3036.9605923392337,-2.1509600396418411e-19,3.339457044976247,23.132952282036975
28,CC-discharge,43,3127.2727272727275,254395.53160386032,3.3040470981279912,-27.263836618115,-27.263836618115,44096.71987812194,2583.505200790174,-2.1509604071369959e-19,3.3040470981279912,23.683736860180712
28,CC-discharge,44,3200.0000000000005,254468.25887658758,3.261698546700506,-27.263836618115,-27.263836618115,44514.41496643446,2130.049809241134,-2.1509605472599614e-19,3.261698546700506,24.23452143832445
28,CC-discharge,45,3272.727272727273,254540.98614931485,3.21071751415463,-27.263836618115,-27.263836618115,44932.11005474719,1676.5944176920973,-2.1509620301708985e-19,3.21071751415463,24.785306016468187
28,CC-discharge,46,3345.454545454546,254613.71342204214,3.147159990333857,-27.263836618115,-27.263836618115,45349.80514306005,1223.1390261430602,-2.1509596296223453e-19,3.147159990333857,25.336090594611925
28,CC-discharge,47,3418.1818181818185,254686.4406947694,3.048832814774207,-27.263836618115,-27.263836618115,45767.50023137321,769.683634594039,-2.1509549071890958e-19,3.048832814774207,25.886875172755662
28,CC-discharge,48,3438.1502730163415,254706.40914960392,3.0000099999999987,-27.263836618115,-27.263836618115,45882.18520707477,645.180086391789,-2.1509421065779694e-19,3.0000099999999987,26.038102031123618
28,CC-charge,0,3438.1502730163415,254706.40914960392,3.715144402223592,27.263836618115,27.263836618115,45882.18520707477,645.180086391789,-2.1509421065779694e-19,3.715144402223592,0.0
28,CC-charge,1,3510.877545743614,254779.13642233118,3.8216515729425056,27.263836618115,27.263836618115,45317.06880757213,1179.6783959178824,-2.1509395311924542e-19,3.8216515729425056,-0.0
28,CC-charge,2,3583.604818470887,254851.86369505848,3.8680198289719483,27.263836618115,27.263836618115,44897.48146436882,1633.159923932864,-2.1509395789148824e-19,3.8680198289719483,-0.0
28,CC-charge,3,3656.3320911981596,254924.59096778574,3.9054595893994817,27.263836618115,27.263836618115,44479.74892666007,2086.615267376009,-2.1509382211155217e-19,3.9054595893994817,-0.0
28,CC-charge,4,3729.0593639254325,254997.318240513,3.936756518739339,27.263836618115,27.263836618115,44062.05333924643,2540.070659274059,-2.150937663350161e-19,3.936756518739339,-0.0
28,CC-charge,5,3801.786636652705,255070.04551324027,3.962841537647917,27.263836618115,27.263836618115,43644.35824581321,2993.526050818903,-2.1509380800073214e-19,3.962841537647917,-0.0
28,CC-charge,6,3874.513909379978,255142.77278596757,3.98448391132265,27.263836618115,27.263836618115,43226.6631575673,3446.9814423680095,-2.150939340706614e-19,3.98448391132265,-0.0
28,CC-charge,7,3947.2411821072506,255215.50005869483,4.002423088368745,27.263836618115,27.263836618115,42808.968069253584,3900.4368339170323,-2.150940138429318e-19,4.002423088368745,-0.0
28,CC-charge,8,4019.9684548345235,255288.2273314221,4.017341683919344,27.263836618115,27.263836618115,42391.2729809407,4353.892225465941,-2.1509397072505507e-19,4.017341683919344,-0.0
28,CC-charge,9,4092.695727561796,255360.95460414936,4.029843398775926,27.263836618115,27.263836618115,41973.57789262686,4807.347617014938,-2.1509402587942036e-19,4.029843398775926,-0.0
28,CC-charge,10,4165.423000289069,255433.68187687665,4.0404438008565755,27.263836618115,27.263836618115,41555.882804313434,5260.8030085638875,-2.150940808338391e-19,4.0404438008565755,-0.0
28,CC-charge,11,4238.150273016342,255506.40914960392,4.049576181462964,27.263836618115,27.263836618115,41138.187716000066,5714.258400112687,-2.1509404535580124e-19,4.049576181462964,-0.0
28,CC-charge,12,4310.877545743614,255579.13642233118,4.057598048783972,27.263836618115,27.263836618115,40720.492627686515,6167.7137916614665,-2.1509405167314311e-19,4.057598048783972,-0.0
28,CC-charge,13,4383.604818470887,255651.86369505848,4.064802032598717,27.263836618115,27.263836618115,40302.797539372994,6621.169183210593,-2.1509402883257872e-19,4.064802032598717,-0.0
28,CC-charge,14,4456.33209119816,255724.59096778574,4.071425539474535,27.263836618115,27.263836618115,39885.102451059574,7074.624574759577,-2.1509401661068572e-19,4.071425539474535,-0.0
28,CC-charge,15,4529.059363925433,255797.318240513,4.077660031184916,27.263836618115,27.263836618115,39467.407362746104,7528.079966308462,-2.1509402324953673e-19,4.077660031184916,-0.0
28,CC-charge,16,4601.786636652705,255870.04551324027,4.0836590072193255,27.263836618115,27.263836618115,39049.712274432444,7981.535357857307,-2.1509406154325824e-19,4.0836590072193255,-0.0
28,CC-charge,17,4674.513909379978,255942.77278596757,4.089545491606982,27.263836618115,27.263836618115,38632.017186119374,8434.990749406195,-2.1509403412731008e-19,4.089545491606982,-0.0
28,CC-charge,18,4747.241182107251,256015.50005869483,4.095416774183378,27.263836618115,27.263836618115,38214.322097806005,8888.446140955075,-2.1509400846628496e-19,4.095416774183378,-0.0
28,CC-charge,19,4819.968454834523,256088.2273314221,4.101350343634791,27.263836618115,27.263836618115,37796.62700949278,9341.901532503887,-2.1509401057422693e-19,4.101350343634791,-0.0
28,CC-charge,20,4892.695727561796,256160.95460414936,4.107407173376201,27.263836618115,27.263836618115,37378.931921179246,9795.356924052605,-2.1509400269122602e-19,4.107407173376201,-0.0
28,CC-charge,21,4965.423000289069,256233.68187687665,4.113634933255195,27.263836618115,27.263836618115,36961.23683286601,10248.812315601592,-2.1509400352305163e-19,4.113634933255195,-0.0
28,CC-charge,22,5038.150273016342,256306.40914960392,4.1200723245822815,27.263836618115,27.263836618115,36543.54174455262,10702.267707150388,-2.1509400365849217e-19,4.1200723245822815,-0.0
28,CC-charge,23,5110.877545743615,256379.13642233118,4.126747970148207,27.263836618115,27.263836618115,36125.846656239635,11155.723098699586,-2.1509401465416758e-19,4.126747970148207,-0.0
28,CC-charge,24,5183.604818470887,256451.86369505848,4.133684808799392,27.263836618115,27.263836618115,35708.15156792595,11609.178490248547,-2.1509401384031037e-19,4.133684808799392,-0.0
28,CC-charge,25,5256.33209119816,256524.59096778574,4.140900809439846,27.263836618115,27.263836618115,35290.45647961305,12062.633881797294,-2.1509401367193141e-19,4.140900809439846,-0.0
28,CC-charge,26,5329.059363925433,256597.318240513,4.148410115523983,27.263836618115,27.263836618115,34872.76139130006,12516.089273346328,-2.150940143755349e-19,4.148410115523983,-0.0
28,CC-charge,27,5401.786636652705,256670.04551324027,4.156224012470453,27.263836618115,27.263836618115,34455.06630298634,12969.544664895357,-2.150940159041441e-19,4.156224012470453,-0.0
28,CC-charge,28,5474.513909379978,256742.77278596757,4.164353615600261,27.263836618115,27.263836618115,34037.37121467267,13423.000056444162,-2.150940157367005e-19,4.164353615600261,-0.0
28,CC-charge,29,5547.241182107251,256815.50005869483,4.1728036304695175,27.263836618115,27.263836618115,33619.67612635917,13876.455447993023,-2.1509403947174191e-19,4.1728036304695175,-0.0
28,CC-charge,30,5619.968454834523,256888.2273314221,4.181582469999148,27.263836618115,27.263836618115,33201.98103804587,14329.910839541753,-2.1509401807373805e-19,4.181582469999148,-0.0
28,CC-charge,31,5692.695727561797,256960.95460414936,4.190697018400173,27.263836618115,27.263836618115,32784.285949732715,14783.366231090411,-2.1509401931839093e-19,4.190697018400173,-0.0
28,CC-charge,32,5764.175503225761,257032.43437981335,4.19999,27.263836618115,27.263836618115,32373.755620614793,15229.04346393632,-2.1509403910262117e-19,4.19999,-0.0
28,CV-charge,0,5764.175503225761,257032.43437981335,4.2,27.28850449335198,27.28850449335198,32373.755620614793,15229.04346393632,-2.1509403910262117e-19,4.2,0.0
28,CV-charge,1,5836.902775953034,257105.1616525406,4.2,24.210453858956424,24.210453858956424,31851.79066022947,15724.136189601086,-2.1606544140241706e-19,4.2,-0.0
28,CV-charge,2,5909.630048680306,257177.8889252679,4.200000000000001,22.266672979857717,22.266672979857717,31505.280885950975,16104.353140870155,-2.1298818911384246e-19,4.200000000000001,-0.0
28,CV-charge,3,5982.357321407579,257250.61619799517,4.2,20.56869022528261,20.56869022528261,31187.200314117796,16454.83516066868,-1.911159000547694e-19,4.2,-0.0
28,CV-charge,4,6055.084594134852,257323.34347072244,4.199999999999999,19.0682978365359,19.0682978365359,30892.24450589031,16779.641799864832,-1.9098007951357836e-19,4.199999999999999,-0.0
28,CV-charge,5,6127.811866862125,257396.0707434497,4.199999999999999,17.736423634686435,17.736423634686435,30618.00916504064,17081.432610364413,-1.8705836935927357e-19,4.199999999999999,-0.0
28,CV-charge,6,6200.539139589397,257468.798016177,4.200000000000001,16.548169265216135,16.548169265216135,30362.254976618937,17362.715741248554,-1.789821209593777e-19,4.200000000000001,-0.0
28,CV-charge,7,6273.26641231667,257541.52528890426,4.2,15.482947569906305,15.482947569906305,30123.05613114416,17625.646169477954,-1.8346349590886752e-19,4.2,-0.0
28,CV-charge,8,6345.993685043943,257614.25256163153,4.199999999999998,14.523713146349728,14.523713146349728,29898.75658730735,17872.07482053691,-1.949185851449274e-19,4.199999999999998,-0.0
28,CV-charge,9,6418.720957771216,257686.9798343588,4.2,13.656249518937614,13.656249518937614,29687.923506598876,18103.601411634787,-1.9886555040831317e-19,4.2,-0.0
28,CV-charge,10,6491.448230498488,257759.70710708608,4.2,12.868648730136702,12.868648730136702,29489.3116994386,18321.61471578721,-2.038398501736476e-19,4.2,-0.0
28,CV-charge,11,6564.175503225761,257832.43437981335,4.2,12.150886934905893,12.150886934905893,29301.834891993032,18527.32507703843,-2.2270531196751305e-19,4.2,-0.0
28,CV-charge,12,6636.902775953034,257905.1616525406,4.2,11.494428424872558,11.494428424872558,29124.527858863992,18721.80684514423,-2.401457774949611e-19,4.2,-0.0
28,CV-charge,13,6709.630048680307,257977.8889252679,4.199999999999999,10.892084900042981,10.892084900042981,28956.558118264747,18905.9859631632,-2.2982882784939315e-19,4.199999999999999,-0.0
28,CV-charge,14,6782.357321407579,258050.61619799517,4.199999999999999,10.33767105364528,10.33767105364528,28797.17937272699,19080.6917704659,-2.289341437082738e-19,4.199999999999999,-0.0
28,CV-charge,15,6855.084594134852,258123.34347072244,4.200000000000001,9.82546775002645,9.82546775002645,28645.606492854607,19246.79433128984,-2.2849618408517243e-19,4.200000000000001,-0.0
28,CV-charge,16,6927.811866862125,258196.0707434497,4.199999999999999,9.351735743370888,9.351735743370888,28501.4977983812,19404.675891082166,-2.397419400040727e-19,4.199999999999999,-0.0
28,CV-charge,17,7000.539139589397,258268.798016177,4.2,8.911660238226641,8.911660238226641,28364.067306990673,19555.2048461849,-2.3995393219966965e-19,4.2,-0.0
28,CV-charge,18,7073.26641231667,258341.52528890426,4.2,8.502219792191463,8.502219792191463,28232.9699143764,19698.7649189362,-2.398931071214601e-19,4.2,-0.0
28,CV-charge,19,7145.993685043943,258414.25256163153,4.200000000000001,8.120394853500612,8.120394853500612,28107.77661211089,19835.831213950874,-2.399450079392257e-19,4.200000000000001,-0.0
28,CV-charge,20,7218.720957771216,258486.9798343588,4.2,7.763538969615442,7.763538969615442,27988.099605129224,19966.832852250267,-2.3993140656105535e-19,4.2,-0.0
28,CV-charge,21,7291.448230498489,258559.70710708608,4.200000000000001,7.429324711590384,7.429324711590384,27873.5874083281,20092.158552832894,-2.3988600655186944e-19,4.200000000000001,-0.0
28,CV-charge,22,7364.175503225761,258632.43437981335,4.200000000000001,7.115698345840487,7.115698345840487,27763.92055660058,20212.161428444884,-2.398439727305362e-19,4.200000000000001,-0.0
28,CV-charge,23,7436.902775953034,258705.1616525406,4.2,6.820845302060264,6.820845302060264,27658.80915551474,20327.161743763583,-2.39839351088564e-19,4.2,-0.0
28,CV-charge,24,7509.630048680307,258777.8889252679,4.200000000000001,6.543150549506182,6.543150549506182,27557.987003161914,20437.453442044847,-2.398625799091686e-19,4.200000000000001,-0.0
28,CV-charge,25,7582.357321407579,258850.61619799517,4.200000000000001,6.281176198417761,6.281176198417761,27461.21040184212,20543.305483755048,-2.3987034727757354e-19,4.200000000000001,-0.0
28,CV-charge,26,7655.084594134852,258923.34347072244,4.199999999999999,6.033638209145517,6.033638209145517,27368.255624337213,20644.96467550716,-2.398220703401262e-19,4.199999999999999,-0.0
28,CV-charge,27,7727.811866862125,258996.0707434497,4.199999999999999,5.799386893316324,5.799386893316324,27278.916819386905,20742.658004511348,-2.400144812112354e-19,4.199999999999999,-0.0
28,CV-charge,28,7800.539139589397,259068.798016177,4.200000000000001,5.577390249496352,5.577390249496352,27193.004176757746,20836.594682117007,-2.3997252519324937e-19,4.200000000000001,-0.0
28,CV-charge,29,7873.2664123166705,259141.52528890426,4.199999999999999,5.3667196740634155,5.3667196740634155,27110.342315709426,20926.967937439767,-2.396014059896319e-19,4.199999999999999,-0.0
28,CV-charge,30,7945.993685043943,259214.25256163153,4.200000000000001,5.166537667698386,5.166537667698386,27030.768865566788,21013.956596248107,-2.396209102806494e-19,4.200000000000001,-0.0
28,CV-charge,31,8018.720957771216,259286.9798343588,4.2,4.976087224605446,4.976087224605446,26954.133212031928,21097.726474699753,-2.3962236616950303e-19,4.2,-0.0
28,CV-charge,32,8091.448230498489,259359.70710708608,4.200000000000001,4.794682645554652,4.794682645554652,26880.295386945574,21178.43161293539,-2.397403016710371e-19,4.200000000000001,-0.0
28,CV-charge,33,8164.175503225761,259432.43437981335,4.2,4.621701559702449,4.621701559702449,26809.12508257573,21256.215369739955,-2.395791177667025e-19,4.2,-0.0
28,CV-charge,34,8236.902775953033,259505.1616525406,4.199999999999999,4.456577975946103,4.456577975946103,26740.50077432905,21331.211396316445,-2.3956875798425555e-19,4.199999999999999,-0.0
28,CV-charge,35,8309.630048680307,259577.8889252679,4.200000000000001,4.298796213883806,4.298796213883806,26674.308938122853,21403.54450457265,-2.3955383751618983e-19,4.200000000000001,-0.0
28,CV-charge,36,8382.357321407579,259650.61619799517,4.2,4.147885588564479,4.147885588564479,26610.44335063683,21473.33144310836,-2.3947466762852224e-19,4.2,-0.0
28,CV-charge,37,8455.084594134853,259723.34347072244,4.2,4.003415743094697,4.003415743094697,26548.80446231509,21540.681592216053,-2.393620266719987e-19,4.2,-0.0
28,CV-charge,38,8527.811866862125,259796.0707434497,4.2,3.864992539646015,3.864992539646015,26489.29883440177,21605.69758765648,-2.3938528207238977e-19,4.2,-0.0
28,CV-charge,39,8600.539139589397,259868.798016177,4.200000000000001,3.732254433051038,3.732254433051038,26431.83863246189,21668.475881612663,-2.3940713079873056e-19,4.200000000000001,-0.0
28,CV-charge,40,8673.26641231667,259941.52528890426,4.2,3.6048692626147543,3.6048692626147543,26376.341169866242,21729.10724812314,-2.3935934285386423e-19,4.2,-0.0
28,CV-charge,41,8745.993685043943,260014.25256163153,4.2,3.482531407267931,3.482531407267931,26322.7284955664,21787.677239307744,-2.3938988463500967e-19,4.2,-0.0
28,CV-charge,42,8818.720957771216,260086.9798343588,4.200000000000001,3.3649592571908586,3.3649592571908586,26270.927021222018,21844.266597904007,-2.3931732773526255e-19,4.200000000000001,-0.0
28,CV-charge,43,8891.448230498489,260159.70710708608,4.200000000000001,3.2518929617500056,3.2518929617500056,26220.867183366976,21898.951630914256,-2.3932888814594594e-19,4.200000000000001,-0.0
28,CV-charge,44,8964.17550322576,260232.43437981335,4.200000000000001,3.143092419276892,3.143092419276892,26172.483136849598,21951.804548555,-2.3927656825234014e-19,4.200000000000001,-0.0
28,CV-charge,45,9036.902775953033,260305.1616525406,4.2,3.0383354789919665,3.0383354789919665,26125.712476232813,22002.893772204803,-2.392939538764615e-19,4.2,-0.0
28,CV-charge,46,9109.630048680307,260377.8889252679,4.199999999999999,2.937416329462736,2.937416329462736,26080.495982251367,22052.284214575862,-2.392642909446031e-19,4.199999999999999,-0.0
28,CV-charge,47,9182.357321407579,260450.61619799517,4.2,2.840144051438146,2.840144051438146,26036.777390763462,22100.037534959738,-2.393615915646086e-19,4.2,-0.0
28,CV-charge,48,9255.084594134853,260523.34347072244,4.200000000000001,2.7463413158542584,2.7463413158542584,25994.503181936594,22146.21237206731,-2.3934801117442125e-19,4.200000000000001,-0.0
28,CV-charge,49,9270.923529470918,260539.1824060585,4.2,2.7263936618115,2.7263936618115,25985.49963168437,22156.0465777202,-2.393556744579971e-19,4.2,-0.0
29,CC-discharge,0,0.0,260539.1824060585,3.855694879198396,-27.263836618115,-27.263836618115,25985.49963168437,22156.0465777202,-2.393556744579971e-19,3.855694879198396,0.0
29,CC-discharge,1,72.72727272727273,260611.90967878577,3.831541980707506,-27.263836618115,-27.263836618115,26550.619242399625,21621.546810733602,-2.39355672334234e-19,3.831541980707506,0.5507845781437374
29,CC-discharge,2,145.45454545454547,260684.63695151306,3.8152291914589735,-27.263836618115,-27.263836618115,26970.206942207198,21168.06673942286,-2.3935566965592204e-19,3.8152291914589735,1.1015691562874748
29,CC-discharge,3,218.1818181818182,260757.36422424033,3.8000243247049426,-27.263836618115,-27.263836618115,27387.933748413947,20714.61139567433,-2.3935567049788016e-19,3.8000243247049426,1.652353734431212
29,CC-discharge,4,290.90909090909093,260830.0914969676,3.7856598968088706,-27.263836618115,-27.263836618115,27805.631296627664,20261.156004830056,-2.39355671545476e-19,3.7856598968088706,2.2031383125749495
29,CC-discharge,5,363.6363636363637,260902.81876969486,3.7719723540859236,-27.263836618115,-27.263836618115,28223.32657658692,19807.70061329077,-2.3935567215776985e-19,3.7719723540859236,2.753922890718687
29,CC-discharge,6,436.3636363636364,260975.54604242215,3.758854334136976,-27.263836618115,-27.263836618115,28641.021679905734,19354.24522174188,-2.3935567190433114e-19,3.758854334136976,3.304707468862424
29,CC-discharge,7,509.0909090909091,261048.27331514942,3.7462105529468754,-27.263836618115,-27.263836618115,29058.71676939986,18900.789830192658,-2.3935567176755145e-19,3.7462105529468754,3.8554920470061615
29,CC-discharge,8,581.8181818181819,261121.00058787668,3.733983931163735,-27.263836618115,-27.263836618115,29476.4118578061,18447.334438644077,-2.393556704713093e-19,3.733983931163735,4.406276625149899
29,CC-discharge,9,654.5454545454546,261193.72786060395,3.7221265947913067,-27.263836618115,-27.263836618115,29894.106946126383,17993.879047094746,-2.3935566997130935e-19,3.7221265947913067,4.9570612032936365
29,CC-discharge,10,727.2727272727274,261266.45513333124,3.7106018501099785,-27.263836618115,-27.263836618115,30311.802034440083,17540.423655545175,-2.393556699933633e-19,3.7106018501099785,5.507845781437374
29,CC-discharge,11,800.0000000000001,261339.1824060585,3.699381310019086,-27.263836618115,-27.263836618115,30729.49712275267,17086.968263995866,-2.393556689874409e-19,3.699381310019086,6.0586303595811115
29,CC-discharge,12,872.7272727272727,261411.90967878577,3.688442781912268,-27.263836618115,-27.263836618115,31147.19221106604,16633.512872446932,-2.3935566805242763e-19,3.688442781912268,6.609414937724848
29,CC-discharge,13,945.4545454545455,261484.63695151306,3.6777686809081453,-27.263836618115,-27.263836618115,31564.88729937852,16180.05748089762,-2.393556679430199e-19,3.6777686809081453,7.160199515868586
29,CC-discharge,14,1018.1818181818182,261557.36422424033,3.6673448090937937,-27.263836618115,-27.263836618115,31982.582387691455,15726.60208934836,-2.393556676752308e-19,3.6673448090937937,7.710984094012323
29,CC-discharge,15,1090.909090909091,261630.0914969676,3.6571593892290277,-27.263836618115,-27.263836618115,32400.27747600453,15273.146697799191,-2.393556679054669e-19,3.6571593892290277,8.26176867215606
29,CC-discharge,16,1163.6363636363637,261702.81876969486,3.6472022738798286,-27.263836618115,-27.263836618115,32817.97256431712,14819.691306249371,-2.3935566679842735e-19,3.6472022738798286,8.812553250299798
29,CC-discharge,17,1236.3636363636365,261775.54604242215,3.6374642709032106,-27.263836618115,-27.263836618115,33235.66765263017,14366.235914700119,-2.3935566772001357e-19,3.6374642709032106,9.363337828443536
29,CC-discharge,18,1309.0909090909092,261848.27331514942,3.6279365396119903,-27.263836618115,-27.263836618115,33653.36274094294,13912.780523150843,-2.3935566888510306e-19,3.6279365396119903,9.914122406587273
29,CC-discharge,19,1381.818181818182,261921.00058787668,3.6186100201669955,-27.263836618115,-27.263836618115,34071.05782925576,13459.32513160191,-2.3935566879902757e-19,3.6186100201669955,10.46490698473101
29,CC-discharge,20,1454.5454545454547,261993.72786060395,3.6094748642602927,-27.263836618115,-27.263836618115,34488.75291756824,13005.86974005273,-2.393556691086631e-19,3.6094748642602927,11.015691562874748
29,CC-discharge,21,1527.2727272727275,262066.45513333124,3.6005198314553235,-27.263836618115,-27.263836618115,34906.44800588087,12552.414348503453,-2.39355669320534e-19,3.6005198314553235,11.566476141018486
29,CC-discharge,22,1600.0000000000002,262139.1824060585,3.5917316316679866,-27.263836618115,-27.263836618115,35324.143094193554,12098.958956954166,-2.3935566925051345e-19,3.5917316316679866,12.117260719162223
29,CC-discharge,23,1672.727272727273,262211.90967878577,3.5830936721145275,-27.263836618115,-27.263836618115,35741.838182506384,11645.503565404408,-2.393556680339448e-19,3.5830936721145275,12.66804529730596
29,CC-discharge,24,1745.4545454545455,262284.63695151306,3.5745874043640145,-27.263836618115,-27.263836618115,36159.53327081967,11192.048173855152,-2.393556688739817e-19,3.5745874043640145,13.218829875449696
29,CC-discharge,25,1818.1818181818182,262357.3642242403,3.5661874244748284,-27.263836618115,-27.263836618115,36577.228359132234,10738.592782306136,-2.3935566741582555e-19,3.5661874244748284,13.769614453593434
29,CC-discharge,26,1890.909090909091,262430.0914969676,3.5578631305048405,-27.263836618115,-27.263836618115,36994.92344744503,10285.137390757009,-2.393556695065152e-19,3.5578631305048405,14.320399031737171
29,CC-discharge,27,1963.6363636363637,262502.8187696949,3.5495763361388746,-27.263836618115,-27.263836618115,37412.61853575792,9831.681999208016,-2.393556915675503e-19,3.5495763361388746,14.871183609880909
29,CC-discharge,28,2036.3636363636365,262575.5460424221,3.541279316301388,-27.263836618115,-27.263836618115,37830.31362407077,9378.226607658693,-2.393556898326867e-19,3.541279316301388,15.421968188024646
29,CC-discharge,29,2109.0909090909095,262648.2733151494,3.532912362539958,-27.263836618115,-27.263836618115,38248.00871238347,8924.77121610979,-2.393556288750145e-19,3.532912362539958,15.972752766168385
29,CC-discharge,30,2181.818181818182,262721.0005878767,3.524400889802174,-27.263836618115,-27.263836618115,38665.70380069637,8471.315824560701,-2.393556377773747e-19,3.524400889802174,16.52353734431212
29,CC-discharge,31,2254.545454545455,262793.72786060395,3.51565241127133,-27.263836618115,-27.263836618115,39083.39888900924,8017.8604330114385,-2.393556525557166e-19,3.51565241127133,17.07432192245586
29,CC-discharge,32,2327.2727272727275,262866.45513333124,3.5065493504078304,-27.263836618115,-27.263836618115,39501.09397732213,7564.405041462282,-2.3935562226172465e-19,3.5065493504078304,17.625106500599596
29,CC-discharge,33,2400.0,262939.18240605853,3.4969485718618936,-27.263836618115,-27.263836618115,39918.78906563536,7110.949649912986,-2.3935584793461295e-19,3.4969485718618936,18.175891078743334
29,CC-discharge,34,2472.727272727273,263011.90967878577,3.48667060952772,-27.263836618115,-27.263836618115,40336.48415394756,6657.494258363913,-2.3935579741069004e-19,3.48667060952772,18.726675656887075
29,CC-discharge,35,2545.4545454545455,263084.63695151306,3.4754928232570044,-27.263836618115,-27.263836618115,40754.17924226031,6204.038866814733,-2.3935610614413218e-19,3.4754928232570044,19.277460235030812
29,CC-discharge,36,2618.1818181818185,263157.3642242403,3.4631401473108547,-27.263836618115,-27.263836618115,41171.87433057288,5750.583475265474,-2.3935590965037256e-19,3.4631401473108547,19.82824481317455
29,CC-discharge,37,2690.909090909091,263230.0914969676,3.4492726936352964,-27.263836618115,-27.263836618115,41589.56941888544,5297.128083716213,-2.393556129395718e-19,3.4492726936352964,20.379029391318287
29,CC-discharge,38,2763.636363636364,263302.8187696949,3.43347397314031,-27.263836618115,-27.263836618115,42007.26450719774,4843.672692167209,-2.393557107882628e-19,3.43347397314031,20.929813969462025
29,CC-discharge,39,2836.3636363636365,263375.5460424221,3.4152347908427605,-27.263836618115,-27.263836618115,42424.959595510256,4390.217300618182,-2.393556747117607e-19,3.4152347908427605,21.480598547605762
29,CC-discharge,40,2909.0909090909095,263448.2733151494,3.393935798091264,-27.263836618115,-27.263836618115,42842.65468382276,3936.761909069085,-2.393555964889301e-19,3.393935798091264,22.0313831257495
29,CC-discharge,41,2981.818181818182,263521.0005878767,3.3688353688038557,-27.263836618115,-27.263836618115,43260.34977213505,3483.3065175200086,-2.3935566424740737e-19,3.3688353688038557,22.582167703893237
29,CC-discharge,42,3054.545454545455,263593.72786060395,3.3390508799466536,-27.263836618115,-27.263836618115,43678.04486044758,3029.851125970958,-2.393558867080474e-19,3.3390508799466536,23.132952282036975
29,CC-discharge,43,3127.2727272727275,263666.45513333124,3.3035449598758637,-27.263836618115,-27.263836618115,44095.73994876044,2576.395734421984,-2.393561774342304e-19,3.3035449598758637,23.683736860180712
29,CC-discharge,44,3200.0000000000005,263739.18240605853,3.2610798256150972,-27.263836618115,-27.263836618115,44513.43503707255,2122.9403428729447,-2.393565295208381e-19,3.2610798256150972,24.23452143832445
29,CC-discharge,45,3272.727272727273,263811.90967878577,3.20994855505295,-27.263836618115,-27.263836618115,44931.130125385454,1669.484951323926,-2.3935666188761755e-19,3.20994855505295,24.785306016468187
29,CC-discharge,46,3345.454545454546,263884.63695151306,3.146127354779463,-27.263836618115,-27.263836618115,45348.82521369828,1216.0295597749187,-2.39356562048826e-19,3.146127354779463,25.336090594611925
29,CC-discharge,47,3418.1818181818185,263957.3642242403,3.046652243666135,-27.263836618115,-27.263836618115,45766.52030201133,762.574168225876,-2.3935580454542983e-19,3.046652243666135,25.886875172755662
29,CC-discharge,48,3437.0521372930166,263976.2345433515,3.000009999999999,-27.263836618115,-27.263836618115,45874.89834661631,644.9175090340483,-2.3935480087505663e-19,3.000009999999999,26.029785533083274
29,CC-charge,0,3437.0521372930166,263976.2345433515,3.7151124953380563,27.263836618115,27.263836618115,45874.89834661631,644.9175090340483,-2.3935480087505663e-19,3.7151124953380563,0.0
29,CC-charge,1,3509.779410020289,264048.9618160788,3.8216863516433386,27.263836618115,27.263836618115,45309.78193634033,1179.415825223438,-2.3935429765160236e-19,3.8216863516433386,-0.0
29,CC-charge,2,3582.506682747562,264121.68908880604,3.8680595993136615,27.263836618115,27.263836618115,44890.19461608797,1632.897346420222,-2.393545464117611e-19,3.8680595993136615,-0.0
29,CC-charge,3,3655.2339554748346,264194.41636153334,3.9055020234343982,27.263836618115,27.263836618115,44472.46206639108,2086.3526900195034,-2.3935452811936226e-19,3.9055020234343982,-0.0
29,CC-charge,4,3727.9612282021076,264267.14363426063,3.9368017646306277,27.263836618115,27.263836618115,44054.76647879156,2539.808081916312,-2.3935464672968363e-19,3.9368017646306277,-0.0
29,CC-charge,5,3800.68850092938,264339.87090698787,3.9628898368384107,27.263836618115,27.263836618115,43637.07138535654,2993.2634734612307,-2.393546857835184e-19,3.9628898368384107,-0.0
29,CC-charge,6,3873.415773656653,264412.59817971516,3.984535393563934,27.263836618115,27.263836618115,43219.3762971104,3446.71886501032,-2.3935475160802053e-19,3.984535393563934,-0.0
29,CC-charge,7,3946.1430463839256,264485.3254524424,4.002477806216299,27.263836618115,27.263836618115,42801.681208796916,3900.174256559206,-2.393547544532507e-19,4.002477806216299,-0.0
29,CC-charge,8,4018.8703191111986,264558.0527251697,4.017399652475231,27.263836618115,27.263836618115,42383.98612048328,4353.629648108229,-2.3935482644907413e-19,4.017399652475231,-0.0
29,CC-charge,9,4091.597591838471,264630.779997897,4.0299046193764,27.263836618115,27.263836618115,41966.2910321699,4807.085039657193,-2.3935478557418013e-19,4.0299046193764,-0.0
29,CC-charge,10,4164.324864565744,264703.5072706242,4.040508275621575,27.263836618115,27.263836618115,41548.59594385661,5260.540431206092,-2.3935479696951987e-19,4.040508275621575,-0.0
29,CC-charge,11,4237.052137293017,264776.2345433515,4.049643917281532,27.263836618115,27.263836618115,41130.90085554294,5713.995822754952,-2.3935490476636783e-19,4.049643917281532,-0.0
29,CC-charge,12,4309.779410020289,264848.9618160788,4.057669060175628,27.263836618115,27.263836618115,40713.20576722946,6167.4512143038855,-2.393549061619975e-19,4.057669060175628,-0.0
29,CC-charge,13,4382.506682747562,264921.68908880604,4.064876340955442,27.263836618115,27.263836618115,40295.510678915976,6620.90660585276,-2.3935495215485927e-19,4.064876340955442,-0.0
29,CC-charge,14,4455.233955474835,264994.41636153334,4.071503172097717,27.263836618115,27.263836618115,39877.81559060277,7074.361997401845,-2.3935490698666056e-19,4.071503172097717,-0.0
29,CC-charge,15,4527.961228202108,265067.14363426063,4.07774101988309,27.263836618115,27.263836618115,39460.12050228962,7527.817388950629,-2.393549170281266e-19,4.07774101988309,-0.0
29,CC-charge,16,4600.68850092938,265139.87090698787,4.083743386834743,27.263836618115,27.263836618115,39042.42541397623,7981.272780499473,-2.39354940508072e-19,4.083743386834743,-0.0
29,CC-charge,17,4673.415773656653,265212.59817971516,4.089633299090665,27.263836618115,27.263836618115,38624.73032566258,8434.728172048399,-2.3935494247220564e-19,4.089633299090665,-0.0
29,CC-charge,18,4746.143046383926,265285.3254524424,4.095508047260628,27.263836618115,27.263836618115,38207.03523734921,8888.183563597038,-2.3935496064037256e-19,4.095508047260628,-0.0
29,CC-charge,19,4818.870319111198,265358.0527251697,4.101445120167233,27.263836618115,27.263836618115,37789.34014903573,9341.638955145634,-2.3935495670041866e-19,4.101445120167233,-0.0
29,CC-charge,20,4891.597591838471,265430.779997897,4.10750549106722,27.263836618115,27.263836618115,37371.64506072272,9795.094346694432,-2.393549522986355e-19,4.10750549106722,-0.0
29,CC-charge,21,4964.324864565744,265503.5072706242,4.113736828988767,27.263836618115,27.263836618115,36953.94997240959,10248.54973824318,-2.3935495292405373e-19,4.113736828988767,-0.0
29,CC-charge,22,5037.052137293017,265576.2345433515,4.120177835911146,27.263836618115,27.263836618115,36536.254884096306,10702.005129792116,-2.393549536717586e-19,4.120177835911146,-0.0
29,CC-charge,23,5109.77941002029,265648.9618160788,4.126857134138048,27.263836618115,27.263836618115,36118.559795782705,11155.46052134095,-2.3935495499849055e-19,4.126857134138048,-0.0
29,CC-charge,24,5182.506682747562,265721.68908880604,4.133797663155055,27.263836618115,27.263836618115,35700.86470746935,11608.915912890012,-2.393549546152956e-19,4.133797663155055,-0.0
29,CC-charge,25,5255.233955474835,265794.41636153334,4.141017393587943,27.263836618115,27.263836618115,35283.16961915586,12062.371304438338,-2.3935495470105127e-19,4.141017393587943,-0.0
29,CC-charge,26,5327.961228202108,265867.14363426063,4.148530471808654,27.263836618115,27.263836618115,34865.47453084292,12515.826695987118,-2.3935495452886004e-19,4.148530471808654,-0.0
29,CC-charge,27,5400.68850092938,265939.87090698787,4.156348187834957,27.263836618115,27.263836618115,34447.77944252943,12969.282087536476,-2.3935495360774606e-19,4.156348187834957,-0.0
29,CC-charge,28,5473.415773656653,266012.59817971516,4.164481663305742,27.263836618115,27.263836618115,34030.084354216095,13422.737479085592,-2.393549532217445e-19,4.164481663305742,-0.0
29,CC-charge,29,5546.143046383926,266085.3254524424,4.172935614046127,27.263836618115,27.263836618115,33612.38926590285,13876.192870634306,-2.3935494734911507e-19,4.172935614046127,-0.0
29,CC-charge,30,5618.870319111198,266158.0527251697,4.181718465295466,27.263836618115,27.263836618115,33194.69417758958,14329.648262183222,-2.3935496855440076e-19,4.181718465295466,-0.0
29,CC-charge,31,5691.597591838472,266230.779997897,4.190837118041349,27.263836618115,27.263836618115,32776.99908927621,14783.103653732596,-2.393549679295205e-19,4.190837118041349,-0.0
29,CC-charge,32,5761.98181314198,266301.1642192005,4.199990000000001,27.263836618115,27.263836618115,32372.760865694472,15221.950092395784,-2.3935496230355115e-19,4.199990000000001,-0.0
29,CV-charge,0,5761.98181314198,266301.1642192005,4.2,27.288713306919377,27.288713306919377,32372.760865694472,15221.950092395784,-2.3935496230355115e-19,4.2,0.0
29,CV-charge,1,5834.709085869253,266373.8914919278,4.200000000000003,24.210838293010816,24.210838293010816,31850.789189695548,15717.049083828248,-2.4147319502924003e-19,4.200000000000003,-0.0
29,CV-charge,2,5907.436358596525,266446.618764655,4.2,22.267166290854323,22.267166290854323,31504.27197277116,16097.273783843963,-2.321275847320579e-19,4.2,-0.0
29,CV-charge,3,5980.163631323798,266519.3460373823,4.2,20.569249966168094,20.569249966168094,31186.182570353336,16447.76512586858,-2.5439131306122236e-19,4.2,-0.0
29,CV-charge,4,6052.890904051071,266592.0733101096,4.2,19.06889576310408,19.06889576310408,30891.21758992699,16772.581588418525,-2.560202245921306e-19,4.2,-0.0
29,CV-charge,5,6125.618176778344,266664.80058283685,4.199999999999999,17.73703813579185,17.73703813579185,30616.972742857146,17074.382655922796,-2.5457197663459805e-19,4.199999999999999,-0.0
29,CV-charge,6,6198.345449505616,266737.52785556414,4.199999999999999,16.548785198045092,16.548785198045092,30361.20902028148,17355.676122766705,-2.577368863344427e-19,4.199999999999999,-0.0
29,CV-charge,7,6271.072722232889,266810.2551282914,4.200000000000001,15.483554040455875,15.483554040455875,30122.000771685776,17618.616779902037,-2.5422778631073114e-19,4.200000000000001,-0.0
29,CV-charge,8,6343.799994960162,266882.9824010187,4.199999999999999,14.524302581392996,14.524302581392996,29897.692081364392,17865.055406010262,-2.730818164757008e-19,4.199999999999999,-0.0
29,CV-charge,9,6416.527267687435,266955.70967374597,4.2,13.656816608276003,13.656816608276003,29686.850192830003,18096.591621841253,-2.8252830032823435e-19,4.2,-0.0
29,CV-charge,10,6489.254540414707,267028.4369464732,4.2,12.869189789261108,12.869189789261108,29488.229957391235,18314.614150983587,-2.899003037413593e-19,4.2,-0.0
29,CV-charge,11,6561.98181314198,267101.1642192005,4.2,12.151399579025382,12.151399579025382,29300.74515615299,18520.33327328019,-2.8975055726822845e-19,4.2,-0.0
29,CV-charge,12,6634.709085869253,267173.8914919278,4.2,11.494911186470684,11.494911186470684,29123.430586411487,18714.823311175584,-3.0644181524568793e-19,4.2,-0.0
29,CV-charge,13,6707.436358596526,267246.618764655,4.2,10.892536945753744,10.892536945753744,28955.453780865624,18899.01018979484,-2.969251165426614e-19,4.2,-0.0
29,CV-charge,14,6780.163631323798,267319.3460373823,4.200000000000001,10.338092040379271,10.338092040379271,28796.068447195,19073.723241412677,-3.0969364801604185e-19,4.200000000000001,-0.0
29,CV-charge,15,6852.890904051071,267392.0733101096,4.2,9.825857867384387,9.825857867384387,28644.489520056424,19239.83245896482,-3.098269538102393e-19,4.2,-0.0
29,CV-charge,16,6925.618176778344,267464.80058283685,4.199999999999999,9.35169131344148,9.35169131344148,28500.25036868797,19397.85704034788,-3.0956716163530016e-19,4.199999999999999,-0.0
29,CV-charge,17,6998.345449505616,267537.52785556414,4.2,8.911612873849345,8.911612873849345,28362.8205114668,19548.38523039793,-3.094588956211008e-19,4.2,-0.0
29,CV-charge,18,7071.072722232889,267610.2551282914,4.2,8.502168555040747,8.502168555040747,28231.72389682494,19691.944470771054,-3.0944742884792104e-19,4.2,-0.0
29,CV-charge,19,7143.799994960162,267682.9824010187,4.200000000000001,8.120337853873844,8.120337853873844,28106.5314558662,19829.00984650813,-3.0939019662387152e-19,4.200000000000001,-0.0
29,CV-charge,20,7216.527267687435,267755.70967374597,4.200000000000002,7.763474688508244,7.763474688508244,27986.855420094038,19960.010451051072,-3.093725685292038e-19,4.200000000000002,-0.0
29,CV-charge,21,7289.254540414708,267828.4369464732,4.2,7.429251926757384,7.429251926757384,27872.344323379937,20085.334981802775,-3.0941160262645014e-19,4.2,-0.0
29,CV-charge,22,7361.98181314198,267901.1642192005,4.199999999999999,7.11561607918684,7.11561607918684,27762.67871586944,20205.336534187387,-3.0943220131618086e-19,4.199999999999999,-0.0
29,CV-charge,23,7434.709085869253,267973.8914919278,4.2,6.820752759874636,6.820752759874636,27657.568709020306,20320.33536597285,-3.094573226618924e-19,4.2,-0.0
29,CV-charge,24,7507.436358596526,268046.618764655,4.199999999999999,6.543047122665816,6.543047122665816,27556.74811652171,20430.625402804668,-3.094578533502211e-19,4.199999999999999,-0.0
29,CV-charge,25,7580.163631323798,268119.3460373823,4.2,6.281061417178472,6.281061417178472,27459.973248210546,20536.475596582968,-3.0947097062871793e-19,4.2,-0.0
29,CV-charge,26,7652.890904051071,268192.0733101096,4.200000000000001,6.033511719935835,6.033511719935835,27367.020382497078,20638.13274744467,-3.094850729002734e-19,4.200000000000001,-0.0
29,CV-charge,27,7725.618176778344,268264.80058283685,4.200000000000001,5.799248439934499,5.799248439934499,27277.68367223061,20735.823837837415,-3.0954571345030383e-19,4.200000000000001,-0.0
29,CV-charge,28,7798.345449505616,268337.52785556414,4.2,5.577239657655572,5.577239657655572,27191.77331000146,20829.758075790123,-3.095758470815975e-19,4.2,-0.0
29,CV-charge,29,7871.07272223289,268410.2551282914,4.2,5.3665568386705,5.3665568386705,27109.113916810587,20920.12868831401,-3.0953649986022416e-19,4.2,-0.0
29,CV-charge,30,7943.799994960162,268482.9824010187,4.2,5.166362542351857,5.166362542351857,27029.543122805822,21007.11450010318,-3.0948234028875315e-19,4.2,-0.0
29,CV-charge,31,8016.527267687435,268555.70967374597,4.199999999999999,4.975899812905375,4.975899812905375,26952.910313729204,21090.881327116807,-3.0961654108614224e-19,4.199999999999999,-0.0
29,CV-charge,32,8089.254540414708,268628.4369464732,4.200000000000001,4.79448299390172,4.79448299390172,26879.075520792336,21171.583210044755,-3.0958405176110173e-19,4.200000000000001,-0.0
29,CV-charge,33,8161.98181314198,268701.1642192005,4.200000000000001,4.621489751315371,4.621489751315371,26807.908435059984,21249.363508865936,-3.09382261926345e-19,4.200000000000001,-0.0
29,CV-charge,34,8234.709085869254,268773.8914919278,4.200000000000001,4.456354125884514,4.456354125884514,26739.2875302373,21324.35587653379,-3.0921525656937783e-19,4.200000000000001,-0.0
29,CV-charge,35,8307.436358596526,268846.618764655,4.2,4.2985604649004285,4.2985604649004285,26673.099280108057,21396.68512718583,-3.092973292017026e-19,4.2,-0.0
29,CV-charge,36,8380.163631323798,268919.3460373823,4.2,4.147638107644483,4.147638107644483,26609.23745884093,21466.46801207158,-3.092566169520641e-19,4.2,-0.0
29,CV-charge,37,8452.89090405107,268992.0733101096,4.199999999999999,4.0031567185620105,4.0031567185620105,26547.602514037426,21533.81391450617,-3.0919853085753193e-19,4.199999999999999,-0.0
29,CV-charge,38,8525.618176778344,269064.80058283685,4.2,3.864722178736147,3.864722178736147,26488.10100380426,21598.825473598223,-3.091885005715535e-19,4.2,-0.0
29,CV-charge,39,8598.345449505616,269137.52785556414,4.199999999999999,3.7319729598702045,3.7319729598702045,26430.645090305643,21661.599145171953,-3.0922522094682343e-19,4.199999999999999,-0.0
29,CV-charge,40,8671.07272223289,269210.2551282914,4.200000000000001,3.604576916426598,3.604576916426598,26375.152083278048,21722.22570716321,-3.091972484083453e-19,4.200000000000001,-0.0
29,CV-charge,41,8743.799994960162,269282.9824010187,4.2,3.482228441035015,3.482228441035015,26321.544027825068,21780.790715827523,-3.091540947889885e-19,4.2,-0.0
29,CV-charge,42,8816.527267687434,269355.70967374597,4.2,3.3646459363345693,3.3646459363345693,26269.747331564486,21837.374918253478,-3.0925979251993826e-19,4.2,-0.0
29,CV-charge,43,8889.254540414708,269428.4369464732,4.2,3.251569563090661,3.251569563090661,26219.692426813792,21892.054625987435,-3.092784691186569e-19,4.2,-0.0
29,CV-charge,44,8961.98181314198,269501.1642192005,4.2,3.142759230107247,3.142759230107247,26171.313464039387,21944.902053968766,-3.0922264925900692e-19,4.2,-0.0
29,CV-charge,45,9034.709085869254,269573.8914919278,4.199999999999999,3.037992796273124,3.037992796273124,26124.548033274747,21995.985628464627,-3.0928068883563844e-19,4.199999999999999,-0.0
29,CV-charge,46,9107.436358596526,269646.618764655,4.2,2.9370644591074706,2.9370644591074706,26079.336910586804,22045.37026722752,-3.092431359249976e-19,4.2,-0.0
29,CV-charge,47,9180.163631323798,269719.3460373823,4.199999999999999,2.839783307661775,2.839783307661775,26035.623827037503,22093.117634732866,-3.092545070442655e-19,4.199999999999999,-0.0
29,CV-charge,48,9252.89090405107,269792.0733101096,4.200000000000001,2.7459720205767164,2.7459720205767164,25993.355257876898,22139.286375003623,-3.0929253638884596e-19,4.200000000000001,-0.0
29,CV-charge,49,9268.433456755018,269807.61586281355,4.2,2.7263936618115,2.7263936618115,25984.520465190682,22148.936267581426,-3.0929103412853183e-19,4.2,-0.0
30,CC-discharge,0,0.0,269807.61586281355,3.855716258324656,-27.263836618115,-27.263836618115,25984.520465190682,22148.936267581426,-3.0929103412853183e-19,3.855716258324656,0.0
30,CC-discharge,1,72.72727272727273,269880.34313554084,3.831557459778121,-27.263836618115,-27.263836618115,26549.640070287165,21614.436506685317,-3.092910079194006e-19,3.831557459778121,0.5507845781437374
30,CC-discharge,2,145.45454545454547,269953.0704082681,3.8152414622302095,-27.263836618115,-27.263836618115,26969.227762275652,21160.956429375707,-3.09291003590102e-19,3.8152414622302095,1.1015691562874748
30,CC-discharge,3,218.1818181818182,270025.79768099537,3.800034078628283,-27.263836618115,-27.263836618115,27386.95458056889,20707.50108553753,-3.092910043455085e-19,3.800034078628283,1.652353734431212
30,CC-discharge,4,290.90909090909093,270098.52495372266,3.7856676781843,-27.263836618115,-27.263836618115,27804.65213000436,20254.045694692144,-3.0929100449935328e-19,3.7856676781843,2.2031383125749495
30,CC-discharge,5,363.6363636363637,270171.2522264499,3.7719785520175955,-27.263836618115,-27.263836618115,28222.347410082653,19800.590303153796,-3.092910055202228e-19,3.7719785520175955,2.753922890718687
30,CC-discharge,6,436.3636363636364,270243.9794991772,3.758859264163515,-27.263836618115,-27.263836618115,28640.042513412136,19347.134911604626,-3.092910052442361e-19,3.758859264163515,3.304707468862424
30,CC-discharge,7,509.0909090909091,270316.7067719044,3.746214430264117,-27.263836618115,-27.263836618115,29057.737602907484,18893.679520055255,-3.092910046297764e-19,3.746214430264117,3.8554920470061615
30,CC-discharge,8,581.8181818181819,270389.4340446317,3.7339869401047117,-27.263836618115,-27.263836618115,29475.432691314105,18440.22412850604,-3.0929100411691853e-19,3.7339869401047117,4.406276625149899
30,CC-discharge,9,654.5454545454546,270462.161317359,3.7221288821532084,-27.263836618115,-27.263836618115,29893.127779633836,17986.768736956947,-3.092910031698179e-19,3.7221288821532084,4.9570612032936365
30,CC-discharge,10,727.2727272727274,270534.88859008625,3.7106035333081397,-27.263836618115,-27.263836618115,30310.822867947274,17533.31334540745,-3.09291002523798e-19,3.7106035333081397,5.507845781437374
30,CC-discharge,11,800.0000000000001,270607.61586281355,3.6993824827967834,-27.263836618115,-27.263836618115,30728.517956260333,17079.85795385782,-3.0929100270786836e-19,3.6993824827967834,6.0586303595811115
30,CC-discharge,12,872.7272727272727,270680.34313554084,3.6884435182645134,-27.263836618115,-27.263836618115,31146.213044573742,16626.402562308667,-3.0929100178945034e-19,3.6884435182645134,6.609414937724848
30,CC-discharge,13,945.4545454545455,270753.0704082681,3.6777690376381997,-27.263836618115,-27.263836618115,31563.90813288659,16172.94717075906,-3.0929100141183576e-19,3.6777690376381997,7.160199515868586
30,CC-discharge,14,1018.1818181818182,270825.79768099537,3.667344827261915,-27.263836618115,-27.263836618115,31981.603221199293,15719.491779210193,-3.0929100073675697e-19,3.667344827261915,7.710984094012323
30,CC-discharge,15,1090.909090909091,270898.52495372266,3.6571590946397667,-27.263836618115,-27.263836618115,32399.29830951192,15266.036387660502,-3.0929100134589837e-19,3.6571590946397667,8.26176867215606
30,CC-discharge,16,1163.6363636363637,270971.2522264499,3.6472016766739705,-27.263836618115,-27.263836618115,32816.99339782446,14812.580996110706,-3.0929100286395184e-19,3.6472016766739705,8.812553250299798
30,CC-discharge,17,1236.3636363636365,271043.9794991772,3.637463364252157,-27.263836618115,-27.263836618115,33234.688486137406,14359.125604561525,-3.0929100319619767e-19,3.637463364252157,9.363337828443536
30,CC-discharge,18,1309.0909090909092,271116.7067719044,3.6279352974541426,-27.263836618115,-27.263836618115,33652.38357445045,13905.670213012188,-3.092910025790145e-19,3.6279352974541426,9.914122406587273
30,CC-discharge,19,1381.818181818182,271189.4340446317,3.6186083938694713,-27.263836618115,-27.263836618115,34070.078662762826,13452.214821462865,-3.0929100166677977e-19,3.6186083938694713,10.46490698473101
30,CC-discharge,20,1454.5454545454547,271262.161317359,3.609472778034801,-27.263836618115,-27.263836618115,34487.773751076005,12998.75942991347,-3.0929100134038333e-19,3.609472778034801,11.015691562874748
30,CC-discharge,21,1527.2727272727275,271334.88859008625,3.6005171762667247,-27.263836618115,-27.263836618115,34905.468839389076,12545.304038364115,-3.092910007984058e-19,3.6005171762667247,11.566476141018486
30,CC-discharge,22,1600.0000000000002,271407.61586281355,3.5917282573620337,-27.263836618115,-27.263836618115,35323.16392770177,12091.848646814731,-3.0929100135516676e-19,3.5917282573620337,12.117260719162223
30,CC-discharge,23,1672.727272727273,271480.34313554084,3.583089381896254,-27.263836618115,-27.263836618115,35740.859016014365,11638.393255266063,-3.0929100167284876e-19,3.583089381896254,12.66804529730596
30,CC-discharge,24,1745.4545454545455,271553.0704082681,3.5745819269407795,-27.263836618115,-27.263836618115,36158.55410432695,11184.937863716794,-3.092910027928383e-19,3.5745819269407795,13.218829875449696
30,CC-discharge,25,1818.1818181818182,271625.79768099537,3.5661804140593887,-27.263836618115,-27.263836618115,36576.24919263972,10731.482472167369,-3.092910032782173e-19,3.5661804140593887,13.769614453593434
30,CC-discharge,26,1890.909090909091,271698.52495372266,3.5578541412702567,-27.263836618115,-27.263836618115,36993.944280952244,10278.027080618303,-3.0929100008577276e-19,3.5578541412702567,14.320399031737171
30,CC-discharge,27,1963.6363636363637,271771.2522264499,3.549564797074044,-27.263836618115,-27.263836618115,37411.639369264834,9824.571689069175,-3.092910534273699e-19,3.549564797074044,14.871183609880909
30,CC-discharge,28,2036.3636363636365,271843.9794991772,3.541264498279012,-27.263836618115,-27.263836618115,37829.33445757768,9371.116297520037,-3.0929104413593086e-19,3.541264498279012,15.421968188024646
30,CC-discharge,29,2109.0909090909095,271916.7067719044,3.532893339003804,-27.263836618115,-27.263836618115,38247.02954589029,8917.66090597089,-3.092910083264475e-19,3.532893339003804,15.972752766168385
30,CC-discharge,30,2181.818181818182,271989.4340446317,3.524376488218798,-27.263836618115,-27.263836618115,38664.724634203376,8464.205514421617,-3.0929094989049664e-19,3.524376488218798,16.52353734431212
30,CC-discharge,31,2254.545454545455,272062.161317359,3.5156211466178324,-27.263836618115,-27.263836618115,39082.41972251666,8010.75012287254,-3.09290990999093e-19,3.5156211466178324,17.07432192245586
30,CC-discharge,32,2327.2727272727275,272134.88859008625,3.506509368395974,-27.263836618115,-27.263836618115,39500.11481082923,7557.294731323268,-3.0929091106322636e-19,3.506509368395974,17.625106500599596
30,CC-discharge,33,2400.0,272207.61586281355,3.496897546509006,-27.263836618115,-27.263836618115,39917.809899142056,7103.839339774109,-3.0929083560279735e-19,3.496897546509006,18.175891078743334
30,CC-discharge,34,2472.727272727273,272280.34313554084,3.4866056185588103,-27.263836618115,-27.263836618115,40335.50498745446,6650.383948224967,-3.0929063897832507e-19,3.4866056185588103,18.726675656887075
30,CC-discharge,35,2545.4545454545455,272353.0704082681,3.4754102326853515,-27.263836618115,-27.263836618115,40753.20007576758,6196.92855667599,-3.0929065016457314e-19,3.4754102326853515,19.277460235030812
30,CC-discharge,36,2618.1818181818185,272425.79768099537,3.463035443079137,-27.263836618115,-27.263836618115,41170.895164080444,5743.473165126833,-3.0929039212191707e-19,3.463035443079137,19.82824481317455
30,CC-discharge,37,2690.909090909091,272498.52495372266,3.4491403012492725,-27.263836618115,-27.263836618115,41588.59025239313,5290.017773577634,-3.092900960261706e-19,3.4491403012492725,20.379029391318287
30,CC-discharge,38,2763.636363636364,272571.2522264499,3.4333070315483583,-27.263836618115,-27.263836618115,42006.285340706316,4836.56238202854,-3.0929016475343865e-19,3.4333070315483583,20.929813969462025
30,CC-discharge,39,2836.3636363636365,272643.9794991772,3.4150249167297004,-27.263836618115,-27.263836618115,42423.980429018564,4383.106990479455,-3.092902070805042e-19,3.4150249167297004,21.480598547605762
30,CC-discharge,40,2909.0909090909095,272716.7067719044,3.3936728675707393,-27.263836618115,-27.263836618115,42841.675517331685,3929.651598930405,-3.0929002498952115e-19,3.3936728675707393,22.0313831257495
30,CC-discharge,41,2981.818181818182,272789.4340446317,3.36850725836562,-27.263836618115,-27.263836618115,43259.37060564489,3476.1962073813615,-3.0928996152844174e-19,3.36850725836562,22.582167703893237
30,CC-discharge,42,3054.545454545455,272862.161317359,3.338643281008632,-27.263836618115,-27.263836618115,43677.06569395796,3022.7408158321987,-3.0929012524119154e-19,3.338643281008632,23.132952282036975
30,CC-discharge,43,3127.2727272727275,272934.88859008625,3.303041087743835,-27.263836618115,-27.263836618115,44094.76078227019,2569.285424283172,-3.092905675182135e-19,3.303041087743835,23.683736860180712
30,CC-discharge,44,3200.0000000000005,273007.61586281355,3.2604589748405877,-27.263836618115,-27.263836618115,44512.45587058343,2115.83003273409,-3.0929036953996896e-19,3.2604589748405877,24.23452143832445
30,CC-discharge,45,3272.727272727273,273080.34313554084,3.2091766486930404,-27.263836618115,-27.263836618115,44930.15095889599,1662.3746411850857,-3.092905301902572e-19,3.2091766486930404,24.785306016468187
30,CC-discharge,46,3345.454545454546,273153.0704082681,3.1450879563020933,-27.263836618115,-27.263836618115,45347.84604720871,1208.9192496360577,-3.092902424353704e-19,3.1450879563020933,25.336090594611925
30,CC-discharge,47,3418.1818181818185,273225.79768099537,3.044425663649281,-27.263836618115,-27.263836618115,45765.541135521504,755.4638580870069,-3.092897513661227e-19,3.044425663649281,25.886875172755662
30,CC-discharge,48,3435.9548124257813,273243.5706752393,3.00001,-27.263836618115,-27.263836618115,45867.61690602575,644.6490322084495,-3.092899589274462e-19,3.00001,26.021475175889577
30,CC-charge,0,3435.9548124257813,273243.5706752393,3.71507804947723,27.263836618115,27.263836618115,45867.61690602575,644.6490322084495,-3.092899589274462e-19,3.71507804947723,0.0
30,CC-charge,1,3508.682085153054,273316.2979479666,3.821720370838968,27.263836618115,27.263836618115,45302.50048460425,1179.1473552821,-3.0928966380879173e-19,3.821720370838968,-0.0
30,CC-charge,2,3581.4093578803268,273389.02522069385,3.8680988026660574,27.263836618115,27.263836618115,44882.913187965256,1632.6288694357904,-3.092896545594945e-19,3.8680988026660574,-0.0
30,CC-charge,3,3654.1366306075993,273461.75249342114,3.9055439968414056,27.263836618115,27.263836618115,44465.180625992616,2086.084213195173,-3.0928968502183747e-19,3.9055439968414056,-0.0
30,CC-charge,4,3726.8639033348722,273534.47976614843,3.9368466362703067,27.263836618115,27.263836618115,44047.48503820378,2539.539605090669,-3.0928963142560003e-19,3.9368466362703067,-0.0
30,CC-charge,5,3799.5911760621448,273607.20703887567,3.962937835341252,27.263836618115,27.263836618115,43629.78994476438,2992.9949966355703,-3.09289621346027e-19,3.962937835341252,-0.0
30,CC-charge,6,3872.3184487894177,273679.93431160296,3.9845866369115797,27.263836618115,27.263836618115,43212.09485651718,3446.450388184593,-3.092896694808391e-19,3.9845866369115797,-0.0
30,CC-charge,7,3945.0457215166903,273752.6615843302,4.002532336135295,27.263836618115,27.263836618115,42794.399768202995,3899.9057797335895,-3.0928972159083687e-19,4.002532336135295,-0.0
30,CC-charge,8,4017.7729942439632,273825.3888570575,4.017457474476154,27.263836618115,27.263836618115,42376.704679890216,4353.361171282497,-3.092895938072599e-19,4.017457474476154,-0.0
30,CC-charge,9,4090.5002669712358,273898.1161297848,4.029965726535099,27.263836618115,27.263836618115,41959.00959157703,4806.8165628314655,-3.092895239243444e-19,4.029965726535099,-0.0
30,CC-charge,10,4163.227539698509,273970.843402512,4.04057266312054,27.263836618115,27.263836618115,41541.314503264344,5260.271954380345,-3.0928940927323087e-19,4.04057266312054,-0.0
30,CC-charge,11,4235.954812425782,274043.5706752393,4.04971158623789,27.263836618115,27.263836618115,41123.619414950925,5713.727345929171,-3.0928943594289976e-19,4.04971158623789,-0.0
30,CC-charge,12,4308.682085153054,274116.2979479666,4.057740020370282,27.263836618115,27.263836618115,40705.92432663747,6167.182737478284,-3.092894341408782e-19,4.057740020370282,-0.0
30,CC-charge,13,4381.409357880327,274189.02522069385,4.064950609908769,27.263836618115,27.263836618115,40288.22923832444,6620.638129027356,-3.0928948620963356e-19,4.064950609908769,-0.0
30,CC-charge,14,4454.1366306076,274261.75249342114,4.071580773965779,27.263836618115,27.263836618115,39870.53415001113,7074.093520576347,-3.092894462261644e-19,4.071580773965779,-0.0
30,CC-charge,15,4526.863903334872,274334.47976614843,4.077821983929197,27.263836618115,27.263836618115,39452.839061697814,7527.548912125116,-3.092894092718448e-19,4.077821983929197,-0.0
30,CC-charge,16,4599.591176062145,274407.20703887567,4.083827745846267,27.263836618115,27.263836618115,39035.14397338455,7981.0043036742145,-3.0928935879394856e-19,4.083827745846267,-0.0
30,CC-charge,17,4672.318448789418,274479.93431160296,4.089721088371014,27.263836618115,27.263836618115,38617.448885071106,8434.45969522308,-3.0928938937352746e-19,4.089721088371014,-0.0
30,CC-charge,18,4745.045721516691,274552.6615843302,4.095599303212694,27.263836618115,27.263836618115,38199.75379675759,8887.915086772067,-3.092894150655854e-19,4.095599303212694,-0.0
30,CC-charge,19,4817.772994243964,274625.3888570575,4.101539879591464,27.263836618115,27.263836618115,37782.05870844417,9341.370478320832,-3.0928943335723934e-19,4.101539879591464,-0.0
30,CC-charge,20,4890.500266971236,274698.1161297848,4.107603790828539,27.263836618115,27.263836618115,37364.36362013099,9794.825869869668,-3.0928942735508165e-19,4.107603790828539,-0.0
30,CC-charge,21,4963.227539698509,274770.843402512,4.1138387053039045,27.263836618115,27.263836618115,36946.66853181725,10248.281261418513,-3.0928942759594206e-19,4.1138387053039045,-0.0
30,CC-charge,22,5035.954812425782,274843.5706752393,4.120283325821234,27.263836618115,27.263836618115,36528.97344350425,10701.736652967367,-3.092894279578457e-19,4.120283325821234,-0.0
30,CC-charge,23,5108.682085153054,274916.2979479666,4.126966274313937,27.263836618115,27.263836618115,36111.27835519092,11155.192044516285,-3.0928942849369384e-19,4.126966274313937,-0.0
30,CC-charge,24,5181.409357880327,274989.02522069385,4.133910491006449,27.263836618115,27.263836618115,35693.583266877795,11608.647436064739,-3.092894282966331e-19,4.133910491006449,-0.0
30,CC-charge,25,5254.1366306076,275061.75249342114,4.141133948334999,27.263836618115,27.263836618115,35275.888178564106,12062.102827614119,-3.092894271486259e-19,4.141133948334999,-0.0
30,CC-charge,26,5326.863903334872,275134.47976614843,4.148650795666086,27.263836618115,27.263836618115,34858.1930902507,12515.558219162764,-3.092894261981333e-19,4.148650795666086,-0.0
30,CC-charge,27,5399.591176062145,275207.20703887567,4.156472327687981,27.263836618115,27.263836618115,34440.49800193752,12969.01361071163,-3.0928942327524876e-19,4.156472327687981,-0.0
30,CC-charge,28,5472.318448789418,275279.93431160296,4.164609672418888,27.263836618115,27.263836618115,34022.80291362375,13422.469002260625,-3.0928942312496465e-19,4.164609672418888,-0.0
30,CC-charge,29,5545.045721516691,275352.6615843302,4.173067556037977,27.263836618115,27.263836618115,33605.10782531024,13875.924393809159,-3.092894218360028e-19,4.173067556037977,-0.0
30,CC-charge,30,5617.772994243964,275425.3888570575,4.181854416170085,27.263836618115,27.263836618115,33187.41273699687,14329.379785358107,-3.092894334407521e-19,4.181854416170085,-0.0
30,CC-charge,31,5690.500266971236,275498.1161297848,4.190977170661419,27.263836618115,27.263836618115,32769.717648684185,14782.835176907172,-3.092894128761049e-19,4.190977170661419,-0.0
30,CC-charge,32,5759.790281976191,275567.4061447897,4.199990000000001,27.263836618115,27.263836618115,32371.763788304277,15214.859226568515,-3.0928943310079146e-19,4.199990000000001,-0.0
30,CV-charge,0,5759.790281976191,275567.4061447897,4.2,27.28890068700149,27.28890068700149,32371.763788304277,15214.859226568515,-3.0928943310079146e-19,4.2,0.0
30,CV-charge,1,5832.517554703464,275640.133417517,4.1999999999999975,24.211205252871,24.211205252871,31849.78578424386,15709.96411542188,-3.0165199769052345e-19,4.1999999999999975,-0.0
30,CV-charge,2,5905.244827430736,275712.86069024424,4.199999999999999,22.267644466186635,22.267644466186635,31503.261362069316,16090.196300643198,-2.949228304503406e-19,4.199999999999999,-0.0
30,CV-charge,3,5977.972100158009,275785.58796297153,4.2,20.569796514416385,20.569796514416385,31185.163334916495,16440.696735422705,-2.495706711612678e-19,4.2,-0.0
30,CV-charge,4,6050.699372885282,275858.3152356988,4.2,19.069482125047514,19.069482125047514,30890.189362387875,16765.522820759597,-2.4994060856572357e-19,4.2,-0.0
30,CV-charge,5,6123.426645612555,275931.04250842606,4.199999999999999,17.73764244413882,17.73764244413882,30615.935167811156,17067.333968708295,-2.4986628748210646e-19,4.199999999999999,-0.0
30,CV-charge,6,6196.153918339827,276003.76978115336,4.2,16.549392099937315,16.549392099937315,30360.162051632546,17348.63761533014,-2.5349327069784e-19,4.2,-0.0
30,CV-charge,7,6268.8811910671,276076.4970538806,4.2,15.484152468795255,15.484152468795255,30120.944524980652,17611.588362542007,-2.5491960433521653e-19,4.2,-0.0
30,CV-charge,8,6341.608463794373,276149.2243266079,4.2,14.52488482009948,14.52488482009948,29896.626800002712,17858.036839682783,-2.539882513566657e-19,4.2,-0.0
30,CV-charge,9,6414.335736521646,276221.9515993352,4.2,13.65737722889127,13.65737722889127,29685.776204110694,18089.58256893097,-2.525067255448693e-19,4.2,-0.0
30,CV-charge,10,6487.063009248918,276294.6788720624,4.199999999999999,12.869725008745787,12.869725008745787,29487.14763107737,18307.61422267774,-2.521041959638196e-19,4.199999999999999,-0.0
30,CV-charge,11,6559.790281976191,276367.4061447897,4.2,12.151906929694322,12.151906929694322,29299.65491819452,18513.342015157068,-2.544165768500313e-19,4.2,-0.0
30,CV-charge,12,6632.517554703464,276440.133417517,4.200000000000001,11.49538913117856,11.49538913117856,29122.332886568995,18707.84024025068,-2.49211696727322e-19,4.200000000000001,-0.0
30,CV-charge,13,6705.244827430737,276512.86069024424,4.200000000000001,10.892984592194383,10.892984592194383,28954.349084295565,18892.034804128754,-2.3904276066523137e-19,4.200000000000001,-0.0
30,CV-charge,14,6777.972100158009,276585.58796297153,4.199999999999999,10.338508995356078,10.338508995356078,28794.957224987425,19066.75503108932,-2.389879353854437e-19,4.199999999999999,-0.0
30,CV-charge,15,6850.699372885282,276658.3152356988,4.2,9.826650425263608,9.826650425263608,28643.494257235525,19232.737133445688,-2.4403804347047677e-19,4.2,-0.0
30,CV-charge,16,6923.426645612555,276731.04250842606,4.2,9.352424311050324,9.352424311050324,28499.24384755263,19390.77420705567,-2.4412851357343234e-19,4.2,-0.0
30,CV-charge,17,6996.153918339827,276803.76978115336,4.200000000000001,8.912289257942295,8.912289257942295,28361.803509293703,19541.313943718727,-2.439971068035437e-19,4.200000000000001,-0.0
30,CV-charge,18,7068.8811910671,276876.4970538806,4.2,8.502791500149385,8.502791500149385,28230.69724365297,19684.88382253953,-2.4399317118535087e-19,4.2,-0.0
30,CV-charge,19,7141.608463794373,276949.2243266079,4.200000000000001,8.120910290872558,8.120910290872558,28105.495932791804,19821.958979802992,-2.4401289982658594e-19,4.200000000000001,-0.0
30,CV-charge,20,7214.335736521646,277021.9515993352,4.199999999999999,7.763999324253648,7.763999324253648,27985.811766090545,19952.968555428244,-2.438974483738166e-19,4.199999999999999,-0.0
30,CV-charge,21,7287.063009248919,277094.6788720624,4.2,7.429731262316731,7.429731262316731,27871.293238423597,20078.301289776744,-2.438778290491586e-19,4.2,-0.0
30,CV-charge,22,7359.790281976191,277167.4061447897,4.2,7.116052427508734,7.116052427508734,27761.620863885142,20198.31031797807,-2.4387705656044446e-19,4.2,-0.0
30,CV-charge,23,7432.517554703464,277240.133417517,4.2,6.821148240256224,6.821148240256224,27656.504712512648,20313.315943432663,-2.438450700035682e-19,4.2,-0.0
30,CV-charge,24,7505.244827430737,277312.86069024424,4.2,6.543403721610098,6.543403721610098,27555.67857515509,20423.61211685404,-2.4385927939180906e-19,4.2,-0.0
30,CV-charge,25,7577.972100158009,277385.58796297153,4.200000000000001,6.281380979897773,6.281380979897773,27458.898733198603,20529.46782152024,-2.4387808523648746e-19,4.200000000000001,-0.0
30,CV-charge,26,7650.699372885282,277458.3152356988,4.2,6.033795963043402,6.033795963043402,27365.94143849081,20631.129886795065,-2.438779601058344e-19,4.2,-0.0
30,CV-charge,27,7723.426645612555,277531.04250842606,4.2,5.799498963309572,5.799498963309572,27276.600819133557,20728.82532234814,-2.4385343771097404e-19,4.2,-0.0
30,CV-charge,28,7796.153918339827,277603.76978115336,4.2,5.5774579552528065,5.5774579552528065,27190.68704461567,20822.763361609035,-2.4356034291632266e-19,4.2,-0.0
30,CV-charge,29,7868.881191067101,277676.4970538806,4.2,5.3667443083560125,5.3667443083560125,27108.024714329098,20913.13725534131,-2.435749109408307e-19,4.2,-0.0
30,CV-charge,30,7941.608463794373,277749.2243266079,4.199999999999999,5.166520494833913,5.166520494833913,27028.451438163327,21000.125850494755,-2.431841536453422e-19,4.199999999999999,-0.0
30,CV-charge,31,8014.335736521646,277821.9515993352,4.200000000000001,4.976029479861966,4.976029479861966,26951.81658283369,21083.894983927952,-2.4328770896833635e-19,4.200000000000001,-0.0
30,CV-charge,32,8087.063009248919,277894.6788720624,4.200000000000001,4.79458553534267,4.79458553534267,26877.980161633917,21164.598716000364,-2.433441999045865e-19,4.200000000000001,-0.0
30,CV-charge,33,8159.790281976191,277967.4061447897,4.199999999999999,4.621566262284591,4.621566262284591,26806.811848722256,21242.380425243682,-2.4335199874012984e-19,4.199999999999999,-0.0
30,CV-charge,34,8232.517554703463,278040.133417517,4.200000000000001,4.456405642535468,4.456405642535468,26738.19010181025,21317.37378215021,-2.4340435836200717e-19,4.200000000000001,-0.0
30,CV-charge,35,8305.244827430737,278112.86069024424,4.199999999999999,4.298587970020976,4.298587970020976,26672.001379517664,21389.703617484072,-2.433918558369954e-19,4.199999999999999,-0.0
30,CV-charge,36,8377.97210015801,278185.58796297153,4.199999999999999,4.147642535677903,4.147642535677903,26608.139441600008,21459.486698290835,-2.434369607054487e-19,4.199999999999999,-0.0
30,CV-charge,37,8450.699372885283,278258.3152356988,4.199999999999999,4.003138960167756,4.003138960167756,26546.50472192484,21526.83242292766,-2.4334774170812927e-19,4.199999999999999,-0.0
30,CV-charge,38,8523.426645612555,278331.04250842606,4.199999999999999,3.8646830849385805,3.8646830849385805,26487.003765480644,21591.843444865608,-2.4313325414395136e-19,4.199999999999999,-0.0
30,CV-charge,39,8596.153918339827,278403.76978115336,4.200000000000001,3.731913345835688,3.731913345835688,26429.54872187276,21654.61623367119,-2.4307011834755233e-19,4.200000000000001,-0.0
30,CV-charge,40,8668.881191067101,278476.4970538806,4.200000000000001,3.60449756488009,3.60449756488009,26374.056888778556,21715.241580470956,-2.4312292122307867e-19,4.200000000000001,-0.0
30,CV-charge,41,8741.608463794373,278549.2243266079,4.2,3.482130105381441,3.482130105381441,26320.45029970125,21773.8050542049,-2.43112782357873e-19,4.2,-0.0
30,CV-charge,42,8814.335736521647,278621.9515993352,4.2,3.364529343481706,3.364529343481706,26268.655351069152,21830.38741418893,-2.431027320881612e-19,4.2,-0.0
30,CV-charge,43,8887.06300924892,278694.6788720624,4.2,3.251435416006996,3.251435416006996,26218.60246437996,21885.06498378676,-2.4311410009724946e-19,4.2,-0.0
30,CV-charge,44,8959.790281976191,278767.4061447897,4.2,3.1426082101467605,3.1426082101467605,26170.225779619934,21937.90998938179,-2.430378482789685e-19,4.2,-0.0
30,CV-charge,45,9032.517554703463,278840.133417517,4.2,3.0378255652631125,3.0378255652631125,26123.462876643833,21988.990868353438,-2.430818410783703e-19,4.2,-0.0
30,CV-charge,46,9105.244827430737,278912.86069024424,4.200000000000001,2.936881661231395,2.936881661231395,26078.254521612856,22038.37254925915,-2.4303918611046515e-19,4.200000000000001,-0.0
30,CV-charge,47,9177.97210015801,278985.58796297153,4.2,2.8395855711531293,2.8395855711531293,26034.544435932297,22086.116707106783,-2.43010309956847e-19,4.2,-0.0
30,CV-charge,48,9250.699372885283,279058.3152356988,4.199999999999999,2.7457599592277053,2.7457599592277053,25992.27908542007,22132.281996202804,-2.430429328736907e-19,4.199999999999999,-0.0
30,CV-charge,49,9266.070215886763,279073.6860787003,4.200000000000001,2.7263936618115006,2.7263936618115006,25983.542050389715,22141.825125755444,-2.4304750051412603e-19,4.200000000000001,-0.0
