Cycle,Protocol,Stamps,Time,Global Time,Pack Voltage,Pack Current,String 1 Iapp,"Cell 1,1 Cathode Concentration","Cell 1,1 Anode Concentration","Cell 1,1 Anode SEI Length","Cell 1,1 Voltage","Cell 1,1 Capacity by Area"
1,CC-discharge,0,0.0,0.0,3.866102522392951,-27.263836618115,-27.263836618115,25777.5,22610.7,0.0,3.866102522392951,0.0
1,CC-discharge,1,72.72727272727273,72.72727272727273,3.8407754606120044,-27.263836618115,-27.263836618115,26342.61986802941,22076.19990380423,1.577269821224275e-26,3.8407754606120044,0.5507845781437374
1,CC-discharge,2,145.45454545454547,145.45454545454547,3.823846924629045,-27.263836618115,-27.263836618115,26762.207934197446,21622.72015805366,4.7797787028580173e-26,3.823846924629045,1.1015691562874748
1,CC-discharge,3,218.1818181818182,218.1818181818182,3.808164144280051,-27.263836618115,-27.263836618115,27179.9341792729,21169.2648179037,4.6928530628068897e-26,3.808164144280051,1.652353734431212
1,CC-discharge,4,290.90909090909093,290.90909090909093,3.793416610246251,-27.263836618115,-27.263836618115,27597.631671008825,20715.8094271091,4.5175262634027653e-26,3.793416610246251,2.2031383125749495
1,CC-discharge,5,363.6363636363637,363.6363636363637,3.77941407917152,-27.263836618115,-27.263836618115,28015.32694547768,20262.354035570777,4.495898735240089e-26,3.77941407917152,2.753922890718687
1,CC-discharge,6,436.3636363636364,436.3636363636364,3.766025179828462,-27.263836618115,-27.263836618115,28433.022048274506,19808.898644021465,4.400812738809009e-26,3.766025179828462,3.304707468862424
1,CC-discharge,7,509.0909090909091,509.0909090909091,3.753158158713361,-27.263836618115,-27.263836618115,28850.71713772018,19355.44325247241,4.375078812830422e-26,3.753158158713361,3.8554920470061615
1,CC-discharge,8,581.8181818181819,581.8181818181819,3.740730439568063,-27.263836618115,-27.263836618115,29268.41222612209,18901.987860923073,4.3721642714876994e-26,3.740730439568063,4.406276625149899
1,CC-discharge,9,654.5454545454546,654.5454545454546,3.728692709033104,-27.263836618115,-27.263836618115,29686.107314441928,18448.532469373786,4.398786661443258e-26,3.728692709033104,4.9570612032936365
1,CC-discharge,10,727.2727272727274,727.2727272727274,3.717003322788711,-27.263836618115,-27.263836618115,30103.802402754623,17995.077077824248,4.4035854189737953e-26,3.717003322788711,5.507845781437374
1,CC-discharge,11,800.0000000000001,800.0000000000001,3.7056302545158495,-27.263836618115,-27.263836618115,30521.497491067705,17541.62168627508,4.4184095515689317e-26,3.7056302545158495,6.0586303595811115
1,CC-discharge,12,872.7272727272727,872.7272727272727,3.694548648719413,-27.263836618115,-27.263836618115,30939.192579380637,17088.166294725463,4.3230398809894476e-26,3.694548648719413,6.609414937724848
1,CC-discharge,13,945.4545454545455,945.4545454545455,3.683739005291751,-27.263836618115,-27.263836618115,31356.88766769339,16634.710903176227,4.3583845436427123e-26,3.683739005291751,7.160199515868586
1,CC-discharge,14,1018.1818181818182,1018.1818181818182,3.673185802760597,-27.263836618115,-27.263836618115,31774.582756006344,16181.25551162646,4.260414227918281e-26,3.673185802760597,7.710984094012323
1,CC-discharge,15,1090.909090909091,1090.909090909091,3.662876428498028,-27.263836618115,-27.263836618115,32192.27784431892,15727.80012007758,4.361427338413125e-26,3.662876428498028,8.26176867215606
1,CC-discharge,16,1163.6363636363637,1163.6363636363637,3.652800322517141,-27.263836618115,-27.263836618115,32609.972932631867,15274.344728528402,4.4384485035885814e-26,3.652800322517141,8.812553250299798
1,CC-discharge,17,1236.3636363636365,1236.3636363636365,3.6429482678666374,-27.263836618115,-27.263836618115,33027.66802094431,14820.889336979275,4.400228010464588e-26,3.6429482678666374,9.363337828443536
1,CC-discharge,18,1309.0909090909092,1309.0909090909092,3.633311776778812,-27.263836618115,-27.263836618115,33445.36310925693,14367.433945429619,4.4921481084409067e-26,3.633311776778812,9.914122406587273
1,CC-discharge,19,1381.818181818182,1381.818181818182,3.6238825325539024,-27.263836618115,-27.263836618115,33863.05819757005,13913.978553879817,4.4904317914371293e-26,3.6238825325539024,10.46490698473101
1,CC-discharge,20,1454.5454545454547,1454.5454545454547,3.6146518536815386,-27.263836618115,-27.263836618115,34280.75328588232,13460.523162330743,4.440560474588058e-26,3.6146518536815386,11.015691562874748
1,CC-discharge,21,1527.2727272727275,1527.2727272727275,3.605610150213219,-27.263836618115,-27.263836618115,34698.44837419529,13007.067770781578,4.427340642338822e-26,3.605610150213219,11.566476141018486
1,CC-discharge,22,1600.0000000000002,1600.0000000000002,3.596746344623754,-27.263836618115,-27.263836618115,35116.14346250793,12553.612379232532,4.4745298835484867e-26,3.596746344623754,12.117260719162223
1,CC-discharge,23,1672.727272727273,1672.727272727273,3.588047221545286,-27.263836618115,-27.263836618115,35533.8385508207,12100.156987683562,4.6198463751099854e-26,3.588047221545286,12.66804529730596
1,CC-discharge,24,1745.4545454545455,1745.4545454545455,3.5794961981927305,-27.263836618115,-27.263836618115,35951.533639133195,11646.701596134173,4.578645248088245e-26,3.5794961981927305,13.218829875449696
1,CC-discharge,25,1818.1818181818182,1818.1818181818182,3.5710746611840056,-27.263836618115,-27.263836618115,36369.2287274463,11193.246204584564,4.5656136229767194e-26,3.5710746611840056,13.769614453593434
1,CC-discharge,26,1890.909090909091,1890.909090909091,3.5627570989310002,-27.263836618115,-27.263836618115,36786.923815759015,10739.790813035506,4.5637772570053917e-26,3.5627570989310002,14.320399031737171
1,CC-discharge,27,1963.6363636363637,1963.6363636363637,3.5545127450196947,-27.263836618115,-27.263836618115,37204.61890407151,10286.335421486667,4.3478805518672004e-26,3.5545127450196947,14.871183609880909
1,CC-discharge,28,2036.3636363636365,2036.3636363636365,3.5463031994341545,-27.263836618115,-27.263836618115,37622.31399238406,9832.880029937376,7.06719749664507e-26,3.5463031994341545,15.421968188024646
1,CC-discharge,29,2109.0909090909095,2109.0909090909095,3.5380804740443708,-27.263836618115,-27.263836618115,38040.00908069711,9379.424638387976,9.811692754287855e-26,3.5380804740443708,15.972752766168385
1,CC-discharge,30,2181.818181818182,2181.818181818182,3.529784548493142,-27.263836618115,-27.263836618115,38457.70416901015,8925.969246838931,7.800882644146761e-26,3.529784548493142,16.52353734431212
1,CC-discharge,31,2254.545454545455,2254.545454545455,3.5213404737219323,-27.263836618115,-27.263836618115,38875.399257323224,8472.513855289686,1.6226633270437375e-26,3.5213404737219323,17.07432192245586
1,CC-discharge,32,2327.2727272727275,2327.2727272727275,3.5126553542388357,-27.263836618115,-27.263836618115,39293.09434563572,8019.058463740586,-1.2016287471904531e-26,3.5126553542388357,17.625106500599596
1,CC-discharge,33,2400.0,2400.0,3.5036110973392125,-27.263836618115,-27.263836618115,39710.78943394835,7565.603072191449,-2.5858907398686644e-26,3.5036110973392125,18.175891078743334
1,CC-discharge,34,2472.727272727273,2472.727272727273,3.4940640319029606,-27.263836618115,-27.263836618115,40128.48452226114,7112.147680642215,-8.034875569485051e-26,3.4940640319029606,18.726675656887075
1,CC-discharge,35,2545.4545454545455,2545.4545454545455,3.483834049121466,-27.263836618115,-27.263836618115,40546.179610574116,6658.692289093142,-1.4430701952208357e-25,3.483834049121466,19.277460235030812
1,CC-discharge,36,2618.1818181818185,2618.1818181818185,3.472697754772632,-27.263836618115,-27.263836618115,40963.8746988868,6205.236897544069,-3.2493616526392913e-25,3.472697754772632,19.82824481317455
1,CC-discharge,37,2690.909090909091,2690.909090909091,3.4603792061083527,-27.263836618115,-27.263836618115,41381.56978719956,5751.7815059948325,-1.561361824771908e-26,3.4603792061083527,20.379029391318287
1,CC-discharge,38,2763.636363636364,2763.636363636364,3.4465374723420967,-27.263836618115,-27.263836618115,41799.264875512665,5298.326114445901,1.56661869436689e-25,3.4465374723420967,20.929813969462025
1,CC-discharge,39,2836.3636363636365,2836.3636363636365,3.4307548223065374,-27.263836618115,-27.263836618115,42216.95996382535,4844.870722896784,1.3970529582033745e-25,3.4307548223065374,21.480598547605762
1,CC-discharge,40,2909.0909090909095,2909.0909090909095,3.4125205502786287,-27.263836618115,-27.263836618115,42634.65505213815,4391.415331347609,1.84103826173818e-26,3.4125205502786287,22.0313831257495
1,CC-discharge,41,2981.818181818182,2981.818181818182,3.391213433008548,-27.263836618115,-27.263836618115,43052.35014045076,3937.9599397984916,-4.251580073072946e-26,3.391213433008548,22.582167703893237
1,CC-discharge,42,3054.545454545455,3054.545454545455,3.366089511605848,-27.263836618115,-27.263836618115,43470.04522876349,3484.5045482494506,-9.707589170817664e-26,3.366089511605848,23.132952282036975
1,CC-discharge,43,3127.2727272727275,3127.2727272727275,3.336263181372845,-27.263836618115,-27.263836618115,43887.74031707606,3031.0491567003405,-3.6553933787857757e-25,3.336263181372845,23.683736860180712
1,CC-discharge,44,3200.0000000000005,3200.0000000000005,3.300693239380484,-27.263836618115,-27.263836618115,44305.435405388685,2577.5937651511695,-4.116485737508732e-25,3.300693239380484,24.23452143832445
1,CC-discharge,45,3272.727272727273,3272.727272727273,3.258137093063464,-27.263836618115,-27.263836618115,44723.13049370179,2124.138373602112,-3.790739771303683e-25,3.258137093063464,24.785306016468187
1,CC-discharge,46,3345.454545454546,3345.454545454546,3.2068828990385168,-27.263836618115,-27.263836618115,45140.825582014375,1670.6829820530527,-1.5405399861968672e-25,3.2068828990385168,25.336090594611925
1,CC-discharge,47,3418.1818181818185,3418.1818181818185,3.142910991179494,-27.263836618115,-27.263836618115,45558.52067032773,1217.227590504009,2.4643438556380575e-25,3.142910991179494,25.886875172755662
1,CC-discharge,48,3490.909090909091,3490.909090909091,3.0433766323365474,-27.263836618115,-27.263836618115,45976.21575864031,763.7721989549455,-5.1756843915836265e-25,3.0433766323365474,26.4376597508994
1,CC-discharge,49,3508.710977841743,3508.710977841743,3.0000099999999987,-27.263836618115,-27.263836618115,46078.457468739405,652.7772268262845,-6.2412437468233325e-25,3.0000099999999987,26.572478566684396
1,CC-charge,0,3508.710977841743,3508.710977841743,3.7161191786198526,27.263836618115,27.263836618115,46078.457468739405,652.7772268262845,-6.2412437468233325e-25,3.7161191786198526,0.0
1,CC-charge,1,3581.4382505690155,3581.4382505690155,3.820748693635579,27.263836618115,27.263836618115,45513.34251836997,1187.2748012445163,-6.233224113942037e-25,3.820748693635579,-0.0
1,CC-charge,2,3654.1655232962885,3654.1655232962885,3.866978168618841,27.263836618115,27.263836618115,45093.75340260837,1640.757069812955,-7.363047564757087e-25,3.866978168618841,-0.0
1,CC-charge,3,3726.892796023561,3726.892796023561,3.9043450511836646,27.263836618115,27.263836618115,44676.02118303423,2094.212407767972,-7.544402331549901e-25,3.9043450511836646,-0.0
1,CC-charge,4,3799.620068750834,3799.620068750834,3.935565008821921,27.263836618115,27.263836618115,44258.325600824726,2547.6677997090396,-8.629731157939648e-25,3.935565008821921,-0.0
1,CC-charge,5,3872.3473414781065,3872.3473414781065,3.961566418561732,27.263836618115,27.263836618115,43840.630507481765,3001.123191253392,-9.414760334889e-25,3.961566418561732,-0.0
1,CC-charge,6,3945.0746142053795,3945.0746142053795,3.9831217558046212,27.263836618115,27.263836618115,43422.93541923174,3454.5785828025414,-9.073904071084717e-25,3.9831217558046212,-0.0
1,CC-charge,7,4017.801886932652,4017.801886932652,4.000972712749931,27.263836618115,27.263836618115,43005.24033091949,3908.0339743515265,-9.215122384102222e-25,4.000972712749931,-0.0
1,CC-charge,8,4090.529159659925,4090.529159659925,4.0158031422826035,27.263836618115,27.263836618115,42587.54524260525,4361.489365900576,-9.800873077937372e-25,4.0158031422826035,-0.0
1,CC-charge,9,4163.2564323871975,4163.2564323871975,4.028216452441976,27.263836618115,27.263836618115,42169.85015429169,4814.944757449484,-9.391026202114791e-25,4.028216452441976,-0.0
1,CC-charge,10,4235.9837051144705,4235.9837051144705,4.038728839913708,27.263836618115,27.263836618115,41752.155065978186,5268.400148998355,-9.565275812973819e-25,4.038728839913708,-0.0
1,CC-charge,11,4308.710977841743,4308.710977841743,4.047773209408871,27.263836618115,27.263836618115,41334.459977665254,5721.855540547452,-8.978792447935295e-25,4.047773209408871,-0.0
1,CC-charge,12,4381.4382505690155,4381.4382505690155,4.055706827283674,27.263836618115,27.263836618115,40916.76488935213,6175.310932096455,-9.605808907795252e-25,4.055706827283674,-0.0
1,CC-charge,13,4454.1655232962885,4454.1655232962885,4.062822105497722,27.263836618115,27.263836618115,40499.06980103858,6628.76632364539,-8.660491640737016e-25,4.062822105497722,-0.0
1,CC-charge,14,4526.8927960235615,4526.8927960235615,4.069356262453747,27.263836618115,27.263836618115,40081.37471272509,7082.221715194388,-8.698104903020177e-25,4.069356262453747,-0.0
1,CC-charge,15,4599.6200687508335,4599.6200687508335,4.075500614090722,27.263836618115,27.263836618115,39663.67962441221,7535.677106743388,-8.45156129650285e-25,4.075500614090722,-0.0
1,CC-charge,16,4672.3473414781065,4672.3473414781065,4.081408558391722,27.263836618115,27.263836618115,39245.98453609876,7989.132498292139,-8.472749045676704e-25,4.081408558391722,-0.0
1,CC-charge,17,4745.0746142053795,4745.0746142053795,4.087203046469567,27.263836618115,27.263836618115,38828.28944778556,8442.587889841136,-8.826218370933457e-25,4.087203046469567,-0.0
1,CC-charge,18,4817.801886932652,4817.801886932652,4.092981335540674,27.263836618115,27.263836618115,38410.59435947276,8896.043281389751,-8.783016400367895e-25,4.092981335540674,-0.0
1,CC-charge,19,4890.529159659925,4890.529159659925,4.098820902164955,27.263836618115,27.263836618115,37992.899271159404,9349.49867293858,-9.027219642595289e-25,4.098820902164955,-0.0
1,CC-charge,20,4963.2564323871975,4963.2564323871975,4.104782718106914,27.263836618115,27.263836618115,37575.20418284609,9802.95406448741,-8.962171023923128e-25,4.104782718106914,-0.0
1,CC-charge,21,5035.9837051144705,5035.9837051144705,4.110914472667555,27.263836618115,27.263836618115,37157.50909453262,10256.409456036434,-8.963683262560932e-25,4.110914472667555,-0.0
1,CC-charge,22,5108.710977841743,5108.710977841743,4.117254847705017,27.263836618115,27.263836618115,36739.81400621905,10709.864847585015,-8.964731138753155e-25,4.117254847705017,-0.0
1,CC-charge,23,5181.4382505690155,5181.4382505690155,4.123832481381952,27.263836618115,27.263836618115,36322.118917905886,11163.320239133867,-8.990645792726493e-25,4.123832481381952,-0.0
1,CC-charge,24,5254.1655232962885,5254.1655232962885,4.130670299202843,27.263836618115,27.263836618115,35904.42382959255,11616.775630682989,-8.994306854120076e-25,4.130670299202843,-0.0
1,CC-charge,25,5326.8927960235615,5326.8927960235615,4.137786230146439,27.263836618115,27.263836618115,35486.728741279054,12070.23102223168,-8.990720680229548e-25,4.137786230146439,-0.0
1,CC-charge,26,5399.6200687508335,5399.6200687508335,4.145194347835335,27.263836618115,27.263836618115,35069.03365296665,12523.686413780384,-9.037757758056134e-25,4.145194347835335,-0.0
1,CC-charge,27,5472.3473414781065,5472.3473414781065,4.152905825398771,27.263836618115,27.263836618115,34651.33856465365,12977.14180532918,-9.020140711924811e-25,4.152905825398771,-0.0
1,CC-charge,28,5545.0746142053795,5545.0746142053795,4.160931623680037,27.263836618115,27.263836618115,34233.64347634014,13430.597196878123,-9.029851629068669e-25,4.160931623680037,-0.0
1,CC-charge,29,5617.801886932652,5617.801886932652,4.169276188780531,27.263836618115,27.263836618115,33815.94838802667,13884.05258842712,-8.995993569324427e-25,4.169276188780531,-0.0
1,CC-charge,30,5690.529159659925,5690.529159659925,4.1779476261801936,27.263836618115,27.263836618115,33398.25329971293,14337.50797997562,-8.94580148551328e-25,4.1779476261801936,-0.0
1,CC-charge,31,5763.2564323871975,5763.2564323871975,4.186952397601689,27.263836618115,27.263836618115,32980.55821140002,14790.963371524349,-8.641835532245603e-25,4.186952397601689,-0.0
1,CC-charge,32,5835.9837051144705,5835.9837051144705,4.196297258973364,27.263836618115,27.263836618115,32562.863123086678,15244.418763073461,-8.963490228288768e-25,4.196297258973364,-0.0
1,CC-charge,33,5863.984548667311,5863.984548667311,4.19999,27.263836618115,27.263836618115,32402.045669302857,15419.00434838161,-8.962880756491552e-25,4.19999,-0.0
1,CV-charge,0,5863.984548667311,5863.984548667311,4.199999999999999,27.289067111620955,27.289067111620955,32402.045669302857,15419.00434838161,-8.962880756491552e-25,4.199999999999999,0.0
1,CV-charge,1,5936.711821394584,5936.711821394584,4.2,24.205281091530512,24.205281091530512,31880.147661684627,15914.03648980407,-2.280804884433241e-21,4.2,-0.0
1,CV-charge,2,6009.439094121856,6009.439094121856,4.2,22.257966678173023,22.257966678173023,31533.766796806856,16294.123937426377,-2.4402103009456077e-21,4.2,-0.0
1,CV-charge,3,6082.166366849129,6082.166366849129,4.2,20.557688254055556,20.557688254055556,31215.860600483902,16644.425283999844,-4.093796792322883e-20,4.2,-0.0
1,CV-charge,4,6154.893639576402,6154.893639576402,4.200000000000001,19.055836192327906,19.055836192327906,30921.095208616975,16969.03015155713,-3.434089801507579e-20,4.200000000000001,-0.0
1,CV-charge,5,6227.620912303675,6227.620912303675,4.200000000000001,17.72314569722422,17.72314569722422,30647.065029128113,17270.601077022646,-3.3413452924561327e-20,4.200000000000001,-0.0
1,CV-charge,6,6300.348185030947,6300.348185030947,4.199999999999999,16.534533852648636,16.534533852648636,30391.521762507025,17551.656600842864,-3.987707373845962e-20,4.199999999999999,-0.0
1,CV-charge,7,6373.07545775822,6373.07545775822,4.2,15.469290148723937,15.469290148723937,30152.53462223693,17814.3574924142,-4.696444039360169e-20,4.2,-0.0
1,CV-charge,8,6445.802730485493,6445.802730485493,4.2,14.510273088488985,14.510273088488985,29928.44363690395,18060.55924638233,-2.7557807021884615e-20,4.2,-0.0
1,CV-charge,9,6518.530003212766,6518.530003212766,4.200000000000001,13.643199714714068,13.643199714714068,29717.81329448949,18291.864699429665,-2.92661491161261e-20,4.200000000000001,-0.0
1,CV-charge,10,6591.257275940038,6591.257275940038,4.2,12.856113699679199,12.856113699679199,29519.396900081636,18509.66440868746,-2.9797100109831195e-20,4.2,-0.0
1,CV-charge,11,6663.984548667311,6663.984548667311,4.200000000000001,12.138952415043294,12.138952415043294,29332.10636600091,18715.17082187204,-2.5603809658325118e-20,4.200000000000001,-0.0
1,CV-charge,12,6736.711821394584,6736.711821394584,4.200000000000001,11.48315242798848,11.48315242798848,29154.9755706661,18909.459343158906,-3.3266319157813526e-20,4.200000000000001,-0.0
1,CV-charge,13,6809.439094121857,6809.439094121857,4.2,10.881099586902089,10.881099586902089,28987.0563185263,19093.582904475956,-3.512573132401614e-20,4.2,-0.0
1,CV-charge,14,6882.166366849129,6882.166366849129,4.199999999999998,10.327023998993468,10.327023998993468,28827.717308084015,19268.244623995863,-2.89608218505575e-20,4.199999999999998,-0.0
1,CV-charge,15,6954.893639576402,6954.893639576402,4.199999999999999,9.815607022230292,9.815607022230292,28676.297206862866,19434.178904112505,-2.942292127958011e-20,4.199999999999999,-0.0
1,CV-charge,16,7027.620912303675,7027.620912303675,4.2,9.342255208494883,9.342255208494883,28532.204427255925,19592.04216036307,-2.9741285154018184e-20,4.2,-0.0
1,CV-charge,17,7100.348185030947,7100.348185030947,4.2,8.902983250560531,8.902983250560531,28394.90847363072,19742.422578211164,-2.972727356738824e-20,4.2,-0.0
1,CV-charge,18,7173.07545775822,7173.07545775822,4.2,8.494333860421953,8.494333860421953,28263.933508129114,19885.847382313823,-2.971945790401424e-20,4.2,-0.0
1,CV-charge,19,7245.802730485493,7245.802730485493,4.200000000000001,8.113283552136544,8.113283552136544,28138.850688624283,20022.791420559617,-2.973526176483169e-20,4.200000000000001,-0.0
1,CV-charge,20,7318.530003212766,7318.530003212766,4.2,7.757184350489725,7.757184350489725,28019.272502689855,20153.683514630047,-2.973277611572898e-20,4.2,-0.0
1,CV-charge,21,7391.257275940039,7391.257275940039,4.200000000000001,7.423707879180712,7.423707879180712,27904.84775959294,20278.912067115118,-2.9717847717486165e-20,4.200000000000001,-0.0
1,CV-charge,22,7463.984548667311,7463.984548667311,4.2,7.110799888000572,7.110799888000572,27795.25729691158,20398.829864111878,-2.969670354177493e-20,4.2,-0.0
1,CV-charge,23,7536.711821394584,7536.711821394584,4.200000000000001,6.816646135760187,6.816646135760187,27690.21171953397,20513.756625418333,-2.969256660028503e-20,4.200000000000001,-0.0
1,CV-charge,24,7609.439094121857,7609.439094121857,4.199999999999999,6.539631060513017,6.539631060513017,27589.44493778798,20623.986177588187,-2.968341031747869e-20,4.199999999999999,-0.0
1,CV-charge,25,7682.166366849129,7682.166366849129,4.2,6.278316943691702,6.278316943691702,27492.713549778535,20729.78715797975,-2.966429967011856e-20,4.2,-0.0
1,CV-charge,26,7754.893639576402,7754.893639576402,4.199999999999999,6.0314200380169405,6.0314200380169405,27399.79412263816,20831.40605292886,-2.9674376398010166e-20,4.199999999999999,-0.0
1,CV-charge,27,7827.620912303675,7827.620912303675,4.199999999999999,5.797791023181983,5.797791023181983,27310.481093769515,20929.069535225848,-2.9556787216825394e-20,4.199999999999999,-0.0
1,CV-charge,28,7900.348185030947,7900.348185030947,4.2,5.576398313530337,5.576398313530337,27224.584935299372,21022.986508477225,-2.9594317167220486e-20,4.2,-0.0
1,CV-charge,29,7973.075457758221,7973.075457758221,4.2,5.366313747582869,5.366313747582869,27141.930542102415,21113.34990129105,-2.9460816894539277e-20,4.2,-0.0
1,CV-charge,30,8045.802730485493,8045.802730485493,4.2,5.166700278585197,5.166700278585197,27062.35581218117,21200.338246414518,-2.9450595640838744e-20,4.2,-0.0
1,CV-charge,31,8118.530003212766,8118.530003212766,4.199999999999999,4.976801351930659,4.976801351930659,26985.710392983354,21284.117074506205,-2.949537291702058e-20,4.199999999999999,-0.0
1,CV-charge,32,8191.257275940039,8191.257275940039,4.200000000000002,4.795931709563862,4.795931709563862,26911.854571301425,21364.84014760729,-2.949134014659315e-20,4.200000000000002,-0.0
1,CV-charge,33,8263.984548667311,8263.984548667311,4.199999999999999,4.62346940559097,4.62346940559097,26840.658287800063,21442.650553565407,-2.9320828709360013e-20,4.199999999999999,-0.0
1,CV-charge,34,8336.711821394583,8336.711821394583,4.199999999999999,4.458848853296975,4.458848853296975,26772.000260035446,21517.681679483216,-2.9259188580684323e-20,4.199999999999999,-0.0
1,CV-charge,35,8409.439094121857,8409.439094121857,4.2,4.301554753208254,4.301554753208254,26705.767200182494,21590.05807963384,-2.9386500997917364e-20,4.2,-0.0
1,CV-charge,36,8482.16636684913,8482.16636684913,4.200000000000001,4.151116776063714,4.151116776063714,26641.853115672544,21659.896251033177,-2.946695378472131e-20,4.200000000000001,-0.0
1,CV-charge,37,8554.893639576403,8554.893639576403,4.200000000000001,4.0071048945003085,4.0071048945003085,26580.15868259573,21727.305328014652,-2.9602535913448627e-20,4.200000000000001,-0.0
1,CV-charge,38,8627.620912303675,8627.620912303675,4.2,3.8691252737992636,3.8691252737992636,26520.590683138373,21792.387705558413,-2.965951033380684e-20,4.2,-0.0
1,CV-charge,39,8700.348185030947,8700.348185030947,4.2,3.736816645756545,3.736816645756545,26463.061499510102,21855.239599813685,-2.9688278162845855e-20,4.2,-0.0
1,CV-charge,40,8773.075457758221,8773.075457758221,4.2,3.6098471011468423,3.6098471011468423,26407.4886578177,21915.951553102634,-2.969049980578067e-20,4.2,-0.0
1,CV-charge,41,8845.802730485493,8845.802730485493,4.199999999999999,3.487911245865132,3.487911245865132,26353.794416221943,21974.60888973332,-2.9713056354052945e-20,4.199999999999999,-0.0
1,CV-charge,42,8918.530003212767,8918.530003212767,4.199999999999999,3.3707276737559075,3.3707276737559075,26301.90539242006,22031.292128145156,-2.964062468274041e-20,4.199999999999999,-0.0
1,CV-charge,43,8991.25727594004,8991.25727594004,4.2,3.2580367159666657,3.2580367159666657,26251.75222615546,22086.077354174515,-2.971268556275491e-20,4.2,-0.0
1,CV-charge,44,9063.984548667311,9063.984548667311,4.2,3.1495984322630872,3.1495984322630872,26203.26927296943,22139.036559670392,-2.9729807808448207e-20,4.2,-0.0
1,CV-charge,45,9136.711821394583,9136.711821394583,4.200000000000001,3.0451908146128845,3.0451908146128845,26156.39432589438,22190.237950113144,-2.978764919925505e-20,4.200000000000001,-0.0
1,CV-charge,46,9209.439094121857,9209.439094121857,4.199999999999999,2.944608177373702,2.944608177373702,26111.06836217229,22239.746224496357,-2.9662590909428965e-20,4.199999999999999,-0.0
1,CV-charge,47,9282.16636684913,9282.16636684913,4.2,2.847659711917742,2.847659711917742,26067.23531244574,22287.62283031508,-2.9669687213148976e-20,4.2,-0.0
1,CV-charge,48,9354.893639576403,9354.893639576403,4.2,2.7541681864500247,2.7541681864500247,26024.84185014644,22333.926196167293,-2.963645187850084e-20,4.2,-0.0
1,CV-charge,49,9377.057436755073,9377.057436755073,4.199999999999999,2.7263936618115,2.7263936618115,26012.22573844267,22347.705721005324,-2.964044333562848e-20,4.199999999999999,-0.0
2,CC-discharge,0,72.72727272727273,9449.784709482345,3.855105254033299,-27.263836618115,-27.263836618115,26012.22573844267,22347.705721005324,-2.964044333562848e-20,3.855105254033299,0.0
2,CC-discharge,1,145.45454545454547,9522.511982209619,3.8311126664767454,-27.263836618115,-27.263836618115,26577.345504182293,21813.205779033327,-2.964045581884647e-20,3.8311126664767454,0.5507845781437374
2,CC-discharge,2,218.1818181818182,9595.23925493689,3.8148872767857536,-27.263836618115,-27.263836618115,26996.933409825444,21359.725880400096,-2.9640415222344166e-20,3.8148872767857536,1.1015691562874745
2,CC-discharge,3,290.90909090909093,9667.966527664163,3.7997510513490322,-27.263836618115,-27.263836618115,27414.65989133486,20906.27053892668,-2.9640416217208497e-20,3.7997510513490322,1.652353734431212
2,CC-discharge,4,363.6363636363637,9740.693800391437,3.7854405283991497,-27.263836618115,-27.263836618115,27832.35740687074,20452.815148114514,-2.964041707330104e-20,3.7854405283991497,2.2031383125749495
2,CC-discharge,5,436.3636363636364,9813.421073118709,3.77179632465843,-27.263836618115,-27.263836618115,28250.052683672897,19999.359756576017,-2.9640418990235785e-20,3.77179632465843,2.7539228907186866
2,CC-discharge,6,509.0909090909091,9886.148345845982,3.758713083941852,-27.263836618115,-27.263836618115,28667.747786694188,19545.904365026792,-2.964041953787717e-20,3.758713083941852,3.304707468862424
2,CC-discharge,7,581.8181818181819,9958.875618573255,3.746098208235483,-27.263836618115,-27.263836618115,29085.44287616096,19092.44897347741,-2.9640419777700974e-20,3.746098208235483,3.8554920470061615
2,CC-discharge,8,654.5454545454546,10031.602891300527,3.733895471300334,-27.263836618115,-27.263836618115,29503.137964564645,18638.993581927934,-2.964042053243315e-20,3.733895471300334,4.406276625149899
2,CC-discharge,9,727.2727272727274,10104.3301640278,3.722058015574678,-27.263836618115,-27.263836618115,29920.833052884933,18185.538190378495,-2.964042114837474e-20,3.722058015574678,4.9570612032936365
2,CC-discharge,10,800.0000000000001,10177.057436755073,3.7105499421244676,-27.263836618115,-27.263836618115,30338.528141197807,17732.082798829055,-2.9640421137710645e-20,3.7105499421244676,5.507845781437374
2,CC-discharge,11,872.7272727272727,10249.784709482345,3.6993435028498856,-27.263836618115,-27.263836618115,30756.22322951118,17278.627407279313,-2.9640421273393637e-20,3.6993435028498856,6.058630359581111
2,CC-discharge,12,945.4545454545455,10322.511982209619,3.6884170363981195,-27.263836618115,-27.263836618115,31173.918317823947,16825.172015730004,-2.9640420348000043e-20,3.6884170363981195,6.609414937724848
2,CC-discharge,13,1018.1818181818182,10395.23925493689,3.677753418202897,-27.263836618115,-27.263836618115,31591.613406136967,16371.716624180832,-2.964042126358044e-20,3.677753418202897,7.160199515868586
2,CC-discharge,14,1090.909090909091,10467.966527664164,3.667338869105117,-27.263836618115,-27.263836618115,32009.308494449837,15918.26123263129,-2.9640421306965075e-20,3.667338869105117,7.710984094012323
2,CC-discharge,15,1163.6363636363637,10540.693800391437,3.657162014823055,-27.263836618115,-27.263836618115,32427.003582762434,15464.805841081832,-2.9640420841549383e-20,3.657162014823055,8.26176867215606
2,CC-discharge,16,1236.3636363636365,10613.421073118709,3.6472131186119463,-27.263836618115,-27.263836618115,32844.698671075486,15011.350449532738,-2.9640420818600297e-20,3.6472131186119463,8.812553250299798
2,CC-discharge,17,1309.0909090909092,10686.148345845982,3.637483430301972,-27.263836618115,-27.263836618115,33262.393759388375,14557.895057983436,-2.9640422030745817e-20,3.637483430301972,9.363337828443536
2,CC-discharge,18,1381.818181818182,10758.875618573255,3.6279646074312364,-27.263836618115,-27.263836618115,33680.08884770091,14104.439666434091,-2.964042330046074e-20,3.6279646074312364,9.914122406587273
2,CC-discharge,19,1454.5454545454547,10831.602891300527,3.6186481725204827,-27.263836618115,-27.263836618115,34097.78393601398,13650.984274884166,-2.964042274462442e-20,3.6186481725204827,10.46490698473101
2,CC-discharge,20,1527.2727272727275,10904.3301640278,3.6095249752381178,-27.263836618115,-27.263836618115,34515.47902432688,13197.528883334624,-2.964042199641241e-20,3.6095249752381178,11.015691562874748
2,CC-discharge,21,1600.0000000000002,10977.057436755073,3.600584631277383,-27.263836618115,-27.263836618115,34933.174112639776,12744.073491785273,-2.964042133754605e-20,3.600584631277383,11.566476141018486
2,CC-discharge,22,1672.727272727273,11049.784709482345,3.591814903417061,-27.263836618115,-27.263836618115,35350.86920095248,12290.618100235684,-2.964042214783347e-20,3.591814903417061,12.117260719162223
2,CC-discharge,23,1745.4545454545455,11122.511982209619,3.5832003840685456,-27.263836618115,-27.263836618115,35768.56428926505,11837.162708686668,-2.964042107271497e-20,3.5832003840685456,12.668045297305959
2,CC-discharge,24,1818.1818181818182,11195.23925493689,3.5747244575094483,-27.263836618115,-27.263836618115,36186.25937757807,11383.707317137496,-2.964042059577232e-20,3.5747244575094483,13.218829875449696
2,CC-discharge,25,1890.909090909091,11267.966527664164,3.566363620967436,-27.263836618115,-27.263836618115,36603.95446589117,10930.251925588516,-2.9640419871925707e-20,3.566363620967436,13.769614453593434
2,CC-discharge,26,1963.6363636363637,11340.693800391437,3.5580898385737996,-27.263836618115,-27.263836618115,37021.6495542038,10476.796534039255,-2.9640419347127455e-20,3.5580898385737996,14.320399031737171
2,CC-discharge,27,2036.3636363636365,11413.421073118709,3.5498681351048864,-27.263836618115,-27.263836618115,37439.34464251669,10023.341142490102,-2.9640421219880434e-20,3.5498681351048864,14.871183609880909
2,CC-discharge,28,2109.0909090909095,11486.148345845982,3.5416548327887063,-27.263836618115,-27.263836618115,37857.039730829674,9569.885750940824,-2.964038978058268e-20,3.5416548327887063,15.421968188024648
2,CC-discharge,29,2181.818181818182,11558.875618573255,3.533395297563645,-27.263836618115,-27.263836618115,38274.73481914234,9116.430359391492,-2.9640378937120117e-20,3.533395297563645,15.972752766168384
2,CC-discharge,30,2254.545454545455,11631.602891300528,3.525021260640596,-27.263836618115,-27.263836618115,38692.42990745509,8662.974967842527,-2.964038796273148e-20,3.525021260640596,16.523537344312125
2,CC-discharge,31,2327.2727272727275,11704.3301640278,3.516447526289722,-27.263836618115,-27.263836618115,39110.12499576797,8209.5195762935,-2.964041084068242e-20,3.516447526289722,17.074321922455862
2,CC-discharge,32,2400.0,11777.057436755073,3.5075682455911434,-27.263836618115,-27.263836618115,39527.820084079984,7756.06418474437,-2.964046077826378e-20,3.5075682455911434,17.6251065005996
2,CC-discharge,33,2472.727272727273,11849.784709482345,3.4982501403932056,-27.263836618115,-27.263836618115,39945.51517239253,7302.608793195201,-2.9640292709556157e-20,3.4982501403932056,18.17589107874334
2,CC-discharge,34,2545.4545454545455,11922.511982209619,3.4883298767360555,-27.263836618115,-27.263836618115,40363.21026070523,6849.153401646276,-2.9640391939772814e-20,3.4883298767360555,18.72667565688708
2,CC-discharge,35,2618.1818181818185,11995.23925493689,3.477603159314504,-27.263836618115,-27.263836618115,40780.90534901816,6395.698010097053,-2.9640272028751065e-20,3.477603159314504,19.277460235030816
2,CC-discharge,36,2690.909090909091,12067.966527664164,3.465817420333693,-27.263836618115,-27.263836618115,41198.60043733044,5942.2426185481845,-2.9639824255191604e-20,3.465817420333693,19.828244813174553
2,CC-discharge,37,2763.636363636364,12140.693800391437,3.4526607911815783,-27.263836618115,-27.263836618115,41616.295525643414,5488.787226999108,-2.963986355690476e-20,3.4526607911815783,20.37902939131829
2,CC-discharge,38,2836.3636363636365,12213.421073118709,3.4377495185782663,-27.263836618115,-27.263836618115,42033.99061395631,5035.331835450177,-2.963980179759386e-20,3.4377495185782663,20.929813969462028
2,CC-discharge,39,2909.0909090909095,12286.148345845982,3.4206135830343323,-27.263836618115,-27.263836618115,42451.685702269184,4581.8764439011,-2.963983354034322e-20,3.4206135830343323,21.480598547605766
2,CC-discharge,40,2981.818181818182,12358.875618573255,3.400681037552518,-27.263836618115,-27.263836618115,42869.380790582385,4128.421052351969,-2.963980739469524e-20,3.400681037552518,22.031383125749503
2,CC-discharge,41,3054.545454545455,12431.602891300528,3.3772608275299083,-27.263836618115,-27.263836618115,43287.075878894604,3674.9656608029045,-2.963990282215906e-20,3.3772608275299083,22.58216770389324
2,CC-discharge,42,3127.2727272727275,12504.3301640278,3.3495288496882702,-27.263836618115,-27.263836618115,43704.77096720674,3221.5102692538826,-2.963977962463009e-20,3.3495288496882702,23.132952282036978
2,CC-discharge,43,3200.0000000000005,12577.057436755073,3.3165118858294336,-27.263836618115,-27.263836618115,44122.46605551978,2768.0548777048402,-2.963981100522834e-20,3.3165118858294336,23.683736860180716
2,CC-discharge,44,3272.727272727273,12649.784709482345,3.2770632370461676,-27.263836618115,-27.263836618115,44540.16114383353,2314.5994861557724,-2.963987593073722e-20,3.2770632370461676,24.234521438324453
2,CC-discharge,45,3345.454545454546,12722.511982209619,3.2297402848406063,-27.263836618115,-27.263836618115,44957.8562321459,1861.1440946067112,-2.964008604347348e-20,3.2297402848406063,24.78530601646819
2,CC-discharge,46,3418.1818181818185,12795.23925493689,3.171992825902968,-27.263836618115,-27.263836618115,45375.55132045905,1407.6887030576584,-2.963977444525309e-20,3.171992825902968,25.336090594611928
2,CC-discharge,47,3490.909090909091,12867.966527664164,3.0939511243195197,-27.263836618115,-27.263836618115,45793.24640877174,954.2333115086182,-2.9640087548146905e-20,3.0939511243195197,25.886875172755666
2,CC-discharge,48,3539.3088469841264,12916.366283739198,3.0000100000000005,-27.263836618115,-27.263836618115,46071.22108910787,652.4602693077209,-2.9641961702855464e-20,3.0000100000000005,26.253420462196328
2,CC-charge,0,3684.763392438672,13061.820829193744,3.716072514500094,27.263836618115,27.263836618115,46071.22108910787,652.4602693077209,-2.9641961702855464e-20,3.716072514500094,0.0
2,CC-charge,1,3757.4906651659444,13134.548101921016,3.820778804810584,27.263836618115,27.263836618115,45506.10613849261,1186.9578439993534,-2.9642193851274494e-20,3.820778804810584,-0.0
2,CC-charge,2,3830.2179378932174,13207.275374648289,3.8670140487058036,27.263836618115,27.263836618115,45086.517037265876,1640.4401121310505,-2.964195932512837e-20,3.8670140487058036,-0.0
2,CC-charge,3,3902.94521062049,13280.002647375562,3.90438392885123,27.263836618115,27.263836618115,44668.784803641865,2093.895450250786,-2.964191142251793e-20,3.90438392885123,-0.0
2,CC-charge,4,3975.672483347763,13352.729920102835,3.935606992189045,27.263836618115,27.263836618115,44251.089221197486,2547.3508421904307,-2.964197255675904e-20,3.935606992189045,-0.0
2,CC-charge,5,4048.3997560750354,13425.457192830108,3.9616117272638816,27.263836618115,27.263836618115,43833.394127850006,3000.806233734825,-2.9641885453779217e-20,3.9616117272638816,-0.0
2,CC-charge,6,4121.127028802308,13498.18446555738,3.983170483921009,27.263836618115,27.263836618115,43415.69903960034,3454.261625283939,-2.964201097773917e-20,3.983170483921009,-0.0
2,CC-charge,7,4193.854301529581,13570.911738284653,4.001024869773505,27.263836618115,27.263836618115,42998.00395128771,3907.7170168328544,-2.96419860332991e-20,4.001024869773505,-0.0
2,CC-charge,8,4266.581574256854,13643.639011011926,4.015858700031832,27.263836618115,27.263836618115,42580.3088629742,4361.172408381844,-2.964213599732264e-20,4.015858700031832,-0.0
2,CC-charge,9,4339.308846984127,13716.366283739198,4.028275373181819,27.263836618115,27.263836618115,42162.6137746608,4814.627799930722,-2.964209238517547e-20,4.028275373181819,-0.0
2,CC-charge,10,4412.036119711399,13789.09355646647,4.038791091045972,27.263836618115,27.263836618115,41744.918686348174,5268.083191479624,-2.9642000699524276e-20,4.038791091045972,-0.0
2,CC-charge,11,4484.763392438672,13861.820829193744,4.047838768809639,27.263836618115,27.263836618115,41327.223598034594,5721.538583028443,-2.964199280062786e-20,4.047838768809639,-0.0
2,CC-charge,12,4557.490665165945,13934.548101921016,4.055775685796611,27.263836618115,27.263836618115,40909.52850972125,6174.9939745773945,-2.9641861193573974e-20,4.055775685796611,-0.0
2,CC-charge,13,4630.217937893218,14007.275374648289,4.0628942654908204,27.263836618115,27.263836618115,40491.83342140783,6628.4493661264005,-2.9641737456485155e-20,4.0628942654908204,-0.0
2,CC-charge,14,4702.94521062049,14080.002647375562,4.0694317362265195,27.263836618115,27.263836618115,40074.13833309476,7081.9047576751855,-2.964173874686834e-20,4.0694317362265195,-0.0
2,CC-charge,15,4775.672483347763,14152.729920102835,4.075579421813818,27.263836618115,27.263836618115,39656.4432447813,7535.360149224135,-2.9641784518086985e-20,4.075579421813818,-0.0
2,CC-charge,16,4848.399756075036,14225.457192830108,4.081490726008957,27.263836618115,27.263836618115,39238.74815646815,7988.815540772967,-2.964178719598158e-20,4.081490726008957,-0.0
2,CC-charge,17,4921.127028802308,14298.18446555738,4.087288604286653,27.263836618115,27.263836618115,38821.05306815445,8442.270932321864,-2.964177655085433e-20,4.087288604286653,-0.0
2,CC-charge,18,4993.854301529581,14370.911738284653,4.093070316356193,27.263836618115,27.263836618115,38403.35797984154,8895.726323870633,-2.9641740714319703e-20,4.093070316356193,-0.0
2,CC-charge,19,5066.581574256854,14443.639011011926,4.098913340220177,27.263836618115,27.263836618115,37985.66289152792,9349.18171541962,-2.9641721306608874e-20,4.098913340220177,-0.0
2,CC-charge,20,5139.308846984127,14516.366283739198,4.104878648500234,27.263836618115,27.263836618115,37567.96780321448,9802.637106968756,-2.964171886911334e-20,4.104878648500234,-0.0
2,CC-charge,21,5212.0361197114,14589.093556466472,4.111013930313466,27.263836618115,27.263836618115,37150.27271490164,10256.09249851764,-2.964171903908771e-20,4.111013930313466,-0.0
2,CC-charge,22,5284.763392438672,14661.820829193744,4.117357868684927,27.263836618115,27.263836618115,36732.57762658786,10709.547890066468,-2.96417199164041e-20,4.117357868684927,-0.0
2,CC-charge,23,5357.490665165945,14734.548101921016,4.123939101411267,27.263836618115,27.263836618115,36314.882538274534,11163.003281615449,-2.9641709781957356e-20,4.123939101411267,-0.0
2,CC-charge,24,5430.217937893218,14807.275374648289,4.130780554585581,27.263836618115,27.263836618115,35897.187449961224,11616.458673164,-2.9641710674908335e-20,4.130780554585581,-0.0
2,CC-charge,25,5502.94521062049,14880.002647375562,4.137900158624046,27.263836618115,27.263836618115,35479.49236164783,12069.914064712711,-2.964171050473815e-20,4.137900158624046,-0.0
2,CC-charge,26,5575.672483347763,14952.729920102835,4.145311989571499,27.263836618115,27.263836618115,35061.79727333424,12523.36945626142,-2.964170573830866e-20,4.145311989571499,-0.0
2,CC-charge,27,5648.399756075036,15025.457192830108,4.153027224419925,27.263836618115,27.263836618115,34644.1021850211,12976.824847809798,-2.9641709784744917e-20,4.153027224419925,-0.0
2,CC-charge,28,5721.127028802308,15098.18446555738,4.161056829244255,27.263836618115,27.263836618115,34226.40709670776,13430.28023935875,-2.96417102426118e-20,4.161056829244255,-0.0
2,CC-charge,29,5793.854301529582,15170.911738284653,4.169405259258364,27.263836618115,27.263836618115,33808.71200839467,13883.735630907522,-2.9641720994643606e-20,4.169405259258364,-0.0
2,CC-charge,30,5866.581574256854,15243.639011011926,4.178080630492625,27.263836618115,27.263836618115,33391.01692008126,14337.191022456218,-2.964173099297278e-20,4.178080630492625,-0.0
2,CC-charge,31,5939.308846984126,15316.366283739198,4.187089419307856,27.263836618115,27.263836618115,32973.321831768364,14790.646414005181,-2.964169272741293e-20,4.187089419307856,-0.0
2,CC-charge,32,6012.0361197114,15389.093556466472,4.196438400976112,27.263836618115,27.263836618115,32555.626743454988,15244.101805553883,-2.964168634334056e-20,4.196438400976112,-0.0
2,CC-charge,33,6038.966048236343,15416.023484991416,4.199990000000001,27.263836618115,27.263836618115,32400.95988394452,15412.010223204108,-2.9641686015565733e-20,4.199990000000001,-0.0
2,CV-charge,0,6257.147866418161,15634.205303173234,4.2,27.288901898133872,27.288901898133872,32400.95988394452,15412.010223204108,-2.9641686015565733e-20,4.2,0.0
2,CV-charge,1,6329.875139145434,15706.932575900506,4.199999999999999,24.205350556449503,24.205350556449503,31879.062069235828,15907.042069620542,-2.106938936086785e-20,4.199999999999999,-0.0
2,CV-charge,2,6402.602411872707,15779.65984862778,4.200000000000002,22.25818038346295,22.25818038346295,31532.678129922315,16287.132436425018,-1.486176680885568e-20,4.200000000000002,-0.0
2,CV-charge,3,6475.329684599979,15852.387121355052,4.2,20.55799833956006,20.55799833956006,31214.766992225435,16637.438794390397,8.231872494183375e-21,4.2,-0.0
2,CV-charge,4,6548.056957327252,15925.114394082326,4.199999999999999,19.056210086453312,19.056210086453312,30919.995909586,16962.049626585675,1.1357331657386656e-20,4.199999999999999,-0.0
2,CV-charge,5,6620.784230054525,15997.841666809598,4.200000000000001,17.723558257386642,17.723558257386642,30645.959362405465,17263.62733370743,1.167829239075473e-20,4.200000000000001,-0.0
2,CV-charge,6,6693.511502781798,16070.56893953687,4.199999999999998,16.534966983502702,16.534966983502702,30390.409399522192,17544.690053687802,1.4693045097104958e-20,4.199999999999998,-0.0
2,CV-charge,7,6766.23877550907,16143.296212264144,4.2,15.46973051265017,15.46973051265017,30151.415434173796,17807.39832407591,2.061865069813668e-20,4.2,-0.0
2,CV-charge,8,6838.966048236343,16216.023484991416,4.199999999999999,14.51071104356696,14.51071104356696,29927.31765240734,18053.607456929138,1.3351143772718446e-20,4.199999999999999,-0.0
2,CV-charge,9,6911.693320963616,16288.750757718688,4.2,13.643628196941773,13.643628196941773,29716.680651449667,18284.92016192846,1.1159557805750178e-20,4.2,-0.0
2,CV-charge,10,6984.420593690889,16361.478030445962,4.200000000000001,12.85652753380673,12.85652753380673,29518.25780119224,18502.7269200007,2.207057539547205e-20,4.200000000000001,-0.0
2,CV-charge,11,7057.147866418161,16434.205303173236,4.2,12.139347943353261,12.139347943353261,29330.961088642536,18708.24009254832,2.5256420959523903e-21,4.2,-0.0
2,CV-charge,12,7129.875139145434,16506.932575900508,4.2,11.483527083460428,11.483527083460428,29153.824431784033,18902.535037573194,2.0527803290233833e-20,4.2,-0.0
2,CV-charge,13,7202.602411872707,16579.65984862778,4.200000000000001,10.881857781646422,10.881857781646422,28986.014739851733,19086.538424048136,1.9962891923544055e-20,4.200000000000001,-0.0
2,CV-charge,14,7275.329684599979,16652.387121355052,4.2,10.328140001767602,10.328140001767602,28826.78537930542,19261.08000153981,3.41050236992486e-20,4.2,-0.0
2,CV-charge,15,7348.056957327252,16725.114394082324,4.2,9.816639057267448,9.816639057267448,28675.349388300503,19427.031874807304,3.4401044645576344e-20,4.2,-0.0
2,CV-charge,16,7420.784230054525,16797.841666809596,4.2,9.343209197293465,9.343209197293465,28531.241829032268,19584.911409616656,3.4603633296336834e-20,4.2,-0.0
2,CV-charge,17,7493.511502781798,16870.56893953687,4.2,8.903864568417003,8.903864568417003,28393.932226551216,19735.306864768627,3.4613557385505145e-20,4.2,-0.0
2,CV-charge,18,7566.238775509071,16943.296212264144,4.2,8.495147331400782,8.495147331400782,28262.94466302316,19878.74555058276,3.465398928782832e-20,4.2,-0.0
2,CV-charge,19,7638.966048236343,17016.023484991416,4.199999999999999,8.114033553195583,8.114033553195583,28137.850228081825,20015.702390495204,3.466180176955469e-20,4.199999999999999,-0.0
2,CV-charge,20,7711.693320963616,17088.750757718688,4.199999999999999,7.757874852627926,7.757874852627926,28018.2613473406,20146.606274692254,3.4581417892187105e-20,4.199999999999999,-0.0
2,CV-charge,21,7784.420593690889,17161.47803044596,4.2,7.42434249264382,7.42434249264382,27903.82677377184,20271.845667983107,3.462332952092324e-20,4.2,-0.0
2,CV-charge,22,7857.147866418161,17234.205303173236,4.2,7.111381902125524,7.111381902125524,27794.227293668584,20391.773413114992,3.4671957845910495e-20,4.2,-0.0
2,CV-charge,23,7929.875139145434,17306.932575900508,4.200000000000001,6.817178530603271,6.817178530603271,27689.173456491197,20506.709291099993,3.4628786577950943e-20,4.200000000000001,-0.0
2,CV-charge,24,8002.602411872707,17379.65984862778,4.199999999999999,6.540116586509664,6.540116586509664,27588.399138464654,20616.947166057937,3.460914487253756e-20,4.199999999999999,-0.0
2,CV-charge,25,8075.329684599979,17452.387121355052,4.2,6.278758124662121,6.278758124662121,27491.660898708255,20722.7557184366,3.461720874507462e-20,4.2,-0.0
2,CV-charge,26,8148.056957327253,17525.114394082324,4.2,6.0318191949435995,6.0318191949435995,27398.735268385823,20824.381474239435,3.4602362935032586e-20,4.2,-0.0
2,CV-charge,27,8220.784230054525,17597.841666809596,4.199999999999999,5.798150295578858,5.798150295578858,27309.41665176006,20922.051142787874,3.4885133798944e-20,4.199999999999999,-0.0
2,CV-charge,28,8293.5115027818,17670.56893953687,4.2,5.576719678353101,5.576719678353101,27223.515490346595,21015.973661417782,3.490534054047378e-20,4.2,-0.0
2,CV-charge,29,8366.238775509071,17743.296212264144,4.2,5.366599035996359,5.366599035996359,27140.856650673075,21106.341989952813,3.47514714816954e-20,4.2,-0.0
2,CV-charge,30,8438.966048236343,17816.023484991416,4.2,5.166951190866268,5.166951190866268,27061.27800443243,21193.334690104082,3.494402881620866e-20,4.2,-0.0
2,CV-charge,31,8511.693320963615,17888.750757718688,4.2,4.977019470724627,4.977019470724627,26984.62917459014,21277.117319467838,3.5021163732178034e-20,4.2,-0.0
2,CV-charge,32,8584.42059369089,17961.47803044596,4.2,4.796118511699697,4.796118511699697,26910.77042510066,21357.843665201184,3.5388120456005116e-20,4.2,-0.0
2,CV-charge,33,8657.147866418161,18034.205303173236,4.2,4.623626272633937,4.623626272633937,26839.571675271905,21435.656838626717,3.5324724979911744e-20,4.2,-0.0
2,CV-charge,34,8729.875139145435,18106.932575900508,4.199999999999999,4.458977080981189,4.458977080981189,26770.91162263634,21510.690248848638,3.532441537329167e-20,4.199999999999999,-0.0
2,CV-charge,35,8802.602411872707,18179.65984862778,4.2,4.301655559891666,4.301655559891666,26704.676960549165,21583.068470806316,3.537215738894067e-20,4.2,-0.0
2,CV-charge,36,8875.32968459998,18252.387121355052,4.199999999999999,4.151191310305172,4.151191310305172,26640.761678704075,21652.908020985124,3.53161915756777e-20,4.199999999999999,-0.0
2,CV-charge,37,8948.056957327253,18325.114394082324,4.2,4.007154241871467,4.007154241871467,26579.066436433266,21720.31805210189,3.524575747989496e-20,4.2,-0.0
2,CV-charge,38,9020.784230054525,18397.841666809596,4.2,3.869150463013638,3.869150463013638,26519.498000049683,21785.400976543806,3.523212055690146e-20,4.2,-0.0
2,CV-charge,39,9093.5115027818,18470.56893953687,4.199999999999999,3.7368186541784087,3.7368186541784087,26461.96873668494,21848.253026985636,3.526446955434352e-20,4.199999999999999,-0.0
2,CV-charge,40,9166.238775509071,18543.296212264144,4.199999999999999,3.6098268597663945,3.6098268597663945,26406.396158090254,21908.964761474046,3.5284534917710884e-20,4.199999999999999,-0.0
2,CV-charge,41,9238.966048236343,18616.023484991416,4.2,3.4878696437755483,3.4878696437755483,26352.702508720402,21967.621519324297,3.537830538744199e-20,4.2,-0.0
2,CV-charge,42,9311.693320963615,18688.750757718688,4.200000000000001,3.3706655621958443,3.3706655621958443,26300.814393155368,22024.303833332073,3.535347719567109e-20,4.200000000000001,-0.0
2,CV-charge,43,9384.42059369089,18761.478030445964,4.2,3.2579549119627518,3.2579549119627518,26250.66243855246,22079.087803103175,3.534370361060721e-20,4.2,-0.0
2,CV-charge,44,9457.147866418161,18834.205303173236,4.200000000000001,3.1494977219172027,3.1494977219172027,26202.180988347947,22132.045433721283,3.5422613352758864e-20,4.200000000000001,-0.0
2,CV-charge,45,9529.875139145435,18906.932575900508,4.2,3.0450719560579818,3.0450719560579818,26155.30782390231,22183.244943422724,3.542949342541883e-20,4.2,-0.0
2,CV-charge,46,9602.602411872707,18979.65984862778,4.199999999999998,2.944471903436559,2.944471903436559,26109.983911179734,22232.751043520504,3.5450859277844043e-20,4.199999999999998,-0.0
2,CV-charge,47,9675.32968459998,19052.387121355052,4.200000000000001,2.8475067325064107,2.8475067325064107,26066.153169899524,22280.625193439413,3.544877804564611e-20,4.200000000000001,-0.0
2,CV-charge,48,9748.056957327253,19125.114394082324,4.200000000000001,2.7539991907001493,2.7539991907001493,26023.762262895718,22326.925833345933,3.5493161671134047e-20,4.200000000000001,-0.0
2,CV-charge,49,9770.081565157623,19147.139001912696,4.2,2.7263936618115006,2.7263936618115006,26011.22589059058,22340.618285206507,3.548894274311541e-20,4.2,-0.0
3,CC-discharge,0,218.1818181818182,19365.320820094516,3.8551275224228356,-27.263836618115,-27.263836618115,26011.22589059058,22340.618285206507,3.548894274311541e-20,3.8551275224228356,0.0
3,CC-discharge,1,290.90909090909093,19438.048092821788,3.8311289624315923,-27.263836618115,-27.263836618115,26576.345650072573,21806.118352780686,3.548892710767947e-20,3.8311289624315923,0.5507845781437375
3,CC-discharge,2,363.6363636363637,19510.77536554906,3.8149003087813065,-27.263836618115,-27.263836618115,26995.93354858723,21352.63844466574,3.5488892308094385e-20,3.8149003087813065,1.101569156287475
3,CC-discharge,3,436.3636363636364,19583.50263827633,3.7997615172283687,-27.263836618115,-27.263836618115,27413.660042149073,20899.183103128664,3.5488889512275774e-20,3.7997615172283687,1.652353734431212
3,CC-discharge,4,509.0909090909091,19656.229911003604,3.7854489753780647,-27.263836618115,-27.263836618115,27831.357558891348,20445.727712315373,3.5488889649785264e-20,3.7854489753780647,2.2031383125749495
3,CC-discharge,5,581.8181818181819,19728.957183730876,3.7718031461558343,-27.263836618115,-27.263836618115,28249.05283580915,19992.272320776796,3.548888878960524e-20,3.7718031461558343,2.753922890718687
3,CC-discharge,6,654.5454545454546,19801.68445645815,3.7587185983884357,-27.263836618115,-27.263836618115,28666.747938841396,19538.81692922771,3.548888908525038e-20,3.7587185983884357,3.3047074688624245
3,CC-discharge,7,727.2727272727274,19874.411729185424,3.746102635361209,-27.263836618115,-27.263836618115,29084.443028309037,19085.36153767891,3.548888953907301e-20,3.746102635361209,3.855492047006162
3,CC-discharge,8,800.0000000000001,19947.139001912696,3.7338989985596682,-27.263836618115,-27.263836618115,29502.13811671303,18631.90614612965,3.5488889512896965e-20,3.7338989985596682,4.4062766251499
3,CC-discharge,9,872.7272727272727,20019.866274639968,3.7220607926690343,-27.263836618115,-27.263836618115,29919.833205033225,18178.450754580837,3.548888993612315e-20,3.7220607926690343,4.9570612032936365
3,CC-discharge,10,945.4545454545455,20092.59354736724,3.710552089262091,-27.263836618115,-27.263836618115,30337.528293347194,17724.99536303155,3.5488889441293983e-20,3.710552089262091,5.507845781437374
3,CC-discharge,11,1018.1818181818182,20165.320820094516,3.6993451165706492,-27.263836618115,-27.263836618115,30755.22338166022,17271.539971482183,3.548888872725688e-20,3.6993451165706492,6.0586303595811115
3,CC-discharge,12,1090.909090909091,20238.048092821788,3.6884181936235008,-27.263836618115,-27.263836618115,31172.91846997248,16818.084579933035,3.548888858432216e-20,3.6884181936235008,6.609414937724849
3,CC-discharge,13,1163.6363636363637,20310.77536554906,3.6777541789338577,-27.263836618115,-27.263836618115,31590.61355828537,16364.629188384239,3.548888813263217e-20,3.6777541789338577,7.1601995158685865
3,CC-discharge,14,1236.3636363636365,20383.50263827633,3.6673392780341385,-27.263836618115,-27.263836618115,32008.30864659827,15911.173796834666,3.5488887140711833e-20,3.6673392780341385,7.710984094012324
3,CC-discharge,15,1309.0909090909092,20456.229911003604,3.6571621020135625,-27.263836618115,-27.263836618115,32426.003734911683,15457.71840528491,3.548888788950971e-20,3.6571621020135625,8.261768672156062
3,CC-discharge,16,1381.818181818182,20528.957183730876,3.647212899320276,-27.263836618115,-27.263836618115,32843.69882322373,15004.263013735585,3.548888774722365e-20,3.647212899320276,8.8125532502998
3,CC-discharge,17,1454.5454545454547,20601.68445645815,3.637482903950968,-27.263836618115,-27.263836618115,33261.39391153632,14550.807622186232,3.5488889273970484e-20,3.637482903950968,9.363337828443537
3,CC-discharge,18,1527.2727272727275,20674.411729185424,3.6279637556890036,-27.263836618115,-27.263836618115,33679.08899984914,14097.352230636589,3.54888888223372e-20,3.6279637556890036,9.914122406587275
3,CC-discharge,19,1600.0000000000002,20747.139001912696,3.618646956384169,-27.263836618115,-27.263836618115,34096.78408816196,13643.896839087454,3.5488886537534517e-20,3.618646956384169,10.464906984731012
3,CC-discharge,20,1672.727272727273,20819.866274639968,3.609523330967906,-27.263836618115,-27.263836618115,34514.47917647438,13190.441447538313,3.548888567482902e-20,3.609523330967906,11.01569156287475
3,CC-discharge,21,1745.4545454545455,20892.59354736724,3.6005824649707217,-27.263836618115,-27.263836618115,34932.1742647875,12736.98605598937,3.548888482310058e-20,3.6005824649707217,11.566476141018486
3,CC-discharge,22,1818.1818181818182,20965.320820094516,3.5918120839166607,-27.263836618115,-27.263836618115,35349.869353100774,12283.530664440308,3.548888418762086e-20,3.5918120839166607,12.117260719162223
3,CC-discharge,23,1890.909090909091,21038.048092821788,3.58319673883047,-27.263836618115,-27.263836618115,35767.56444141373,11830.075272891127,3.5488882903041876e-20,3.58319673883047,12.66804529730596
3,CC-discharge,24,1963.6363636363637,21110.77536554906,3.5747197450535513,-27.263836618115,-27.263836618115,36185.25952972636,11376.619881342092,3.5488881169444113e-20,3.5747197450535513,13.218829875449698
3,CC-discharge,25,2036.3636363636365,21183.50263827633,3.5663575330508888,-27.263836618115,-27.263836618115,36602.95461803895,10923.164489792325,3.548888037799443e-20,3.5663575330508888,13.769614453593435
3,CC-discharge,26,2109.0909090909095,21256.229911003604,3.5580819764065805,-27.263836618115,-27.263836618115,37020.64970635161,10469.709098243193,3.548888195221848e-20,3.5580819764065805,14.320399031737175
3,CC-discharge,27,2181.818181818182,21328.957183730876,3.5498579865481674,-27.263836618115,-27.263836618115,37438.3447946645,10016.253706693904,3.5488882016805116e-20,3.5498579865481674,14.87118360988091
3,CC-discharge,28,2254.545454545455,21401.68445645815,3.5416417432428697,-27.263836618115,-27.263836618115,37856.03988297725,9562.798315144859,3.548888158307703e-20,3.5416417432428697,15.42196818802465
3,CC-discharge,29,2327.2727272727275,21474.411729185424,3.5333784330070372,-27.263836618115,-27.263836618115,38273.734971289756,9109.342923595852,3.548890121808653e-20,3.5333784330070372,15.972752766168385
3,CC-discharge,30,2400.0,21547.139001912696,3.52499956394437,-27.263836618115,-27.263836618115,38691.430059602455,8655.887532046705,3.548889308430786e-20,3.52499956394437,16.52353734431212
3,CC-discharge,31,2472.727272727273,21619.866274639968,3.516419662074803,-27.263836618115,-27.263836618115,39109.12514791525,8202.432140497302,3.5488882382208934e-20,3.516419662074803,17.07432192245586
3,CC-discharge,32,2545.4545454545455,21692.59354736724,3.507532525037899,-27.263836618115,-27.263836618115,39526.82023622764,7748.976748947936,3.5488887330083644e-20,3.507532525037899,17.625106500599596
3,CC-discharge,33,2618.1818181818185,21765.320820094516,3.4982044644240005,-27.263836618115,-27.263836618115,39944.515324540254,7295.521357398787,3.54889366847811e-20,3.4982044644240005,18.175891078743334
3,CC-discharge,34,2690.909090909091,21838.048092821788,3.48827159846004,-27.263836618115,-27.263836618115,40362.21041285331,6842.065965849652,3.548892972552612e-20,3.48827159846004,18.72667565688707
3,CC-discharge,35,2763.636363636364,21910.77536554906,3.4775289777813563,-27.263836618115,-27.263836618115,40779.90550116635,6388.610574300401,3.548902174820834e-20,3.4775289777813563,19.27746023503081
3,CC-discharge,36,2836.3636363636365,21983.50263827633,3.465723232384308,-27.263836618115,-27.263836618115,41197.60058947929,5935.155182751397,3.548918460811488e-20,3.465723232384308,19.828244813174546
3,CC-discharge,37,2909.0909090909095,22056.229911003604,3.452541514131073,-27.263836618115,-27.263836618115,41615.29567779226,5481.69979120226,3.548935857573824e-20,3.452541514131073,20.379029391318284
3,CC-discharge,38,2981.818181818182,22128.957183730876,3.437598887230169,-27.263836618115,-27.263836618115,42032.990766104595,5028.2443996532165,3.5489247856181944e-20,3.437598887230169,20.92981396946202
3,CC-discharge,39,3054.545454545455,22201.68445645815,3.420423922488644,-27.263836618115,-27.263836618115,42450.685854418094,4574.789008104108,3.548940276092879e-20,3.420423922488644,21.48059854760576
3,CC-discharge,40,3127.2727272727275,22274.411729185424,3.4004430154608847,-27.263836618115,-27.263836618115,42868.380942731186,4121.3336165550445,3.548934917204332e-20,3.4004430154608847,22.031383125749496
3,CC-discharge,41,3200.0000000000005,22347.139001912696,3.3769632441289725,-27.263836618115,-27.263836618115,43286.076031043805,3667.8782250060103,3.5489324133515014e-20,3.3769632441289725,22.582167703893234
3,CC-discharge,42,3272.727272727273,22419.866274639968,3.3491583923075208,-27.263836618115,-27.263836618115,43703.77111935715,3214.4228334568993,3.5489481714682495e-20,3.3491583923075208,23.13295228203697
3,CC-discharge,43,3345.454545454546,22492.593547367243,3.3160529424497884,-27.263836618115,-27.263836618115,44121.46620766948,2760.9674419078397,3.548947041622008e-20,3.3160529424497884,23.68373686018071
3,CC-discharge,44,3418.1818181818185,22565.320820094516,3.2764972131661945,-27.263836618115,-27.263836618115,44539.16129598228,2307.5120503588428,3.548913312887152e-20,3.2764972131661945,24.234521438324446
3,CC-discharge,45,3490.909090909091,22638.048092821788,3.2290413402923375,-27.263836618115,-27.263836618115,44956.856384295264,1854.056658809789,3.548968035410864e-20,3.2290413402923375,24.785306016468184
3,CC-discharge,46,3563.636363636364,22710.77536554906,3.171099184031397,-27.263836618115,-27.263836618115,45374.55147260827,1400.6012672607217,3.548979356269449e-20,3.171099184031397,25.336090594611925
3,CC-discharge,47,3636.3636363636365,22783.50263827633,3.092516812033842,-27.263836618115,-27.263836618115,45792.24656092114,947.1458757116728,3.548939689235842e-20,3.092516812033842,25.886875172755662
3,CC-discharge,48,3683.6727522642127,22830.81175417691,3.0000100000000005,-27.263836618115,-27.263836618115,46063.957359402,652.172987686821,3.548887819333339e-20,3.0000100000000005,26.245160730105876
3,CC-charge,0,3901.8545704460307,23048.99357235873,3.716036933416259,27.263836618115,27.263836618115,46063.957359402,652.172987686821,3.548887819333339e-20,3.716036933416259,0.0
3,CC-charge,1,3974.5818431733037,23121.720845086,3.8208123499170505,27.263836618115,27.263836618115,45498.842408574594,1186.6705626167002,3.548894873077609e-20,3.8208123499170505,-0.0
3,CC-charge,2,4047.309115900576,23194.448117813274,3.86705256651322,27.263836618115,27.263836618115,45079.25332053246,1640.1528303615992,3.548857302164899e-20,3.86705256651322,-0.0
3,CC-charge,3,4120.036388627849,23267.175390540546,3.9044250147006463,27.263836618115,27.263836618115,44661.52107415156,2093.6081686311027,3.54884933671808e-20,3.9044250147006463,-0.0
3,CC-charge,4,4192.763661355122,23339.902663267818,3.935650830672922,27.263836618115,27.263836618115,44243.82549149367,2547.0635605695957,3.548812173354452e-20,3.935650830672922,-0.0
3,CC-charge,5,4265.490934082394,23412.62993599509,3.9616585870077548,27.263836618115,27.263836618115,43826.130398142144,3000.518952114004,3.5488057762359924e-20,3.9616585870077548,-0.0
3,CC-charge,6,4338.218206809667,23485.357208722366,3.983220506558253,27.263836618115,27.263836618115,43408.435309892826,3453.974343663174,3.5487950737129884e-20,3.983220506558253,-0.0
3,CC-charge,7,4410.94547953694,23558.084481449638,4.001078110106345,27.263836618115,27.263836618115,42990.740221579836,3907.429735212122,3.548805095304678e-20,4.001078110106345,-0.0
3,CC-charge,8,4483.672752264213,23630.81175417691,4.015915170800853,27.263836618115,27.263836618115,42573.04513326651,4360.885126761034,3.5488024252691553e-20,4.015915170800853,-0.0
3,CC-charge,9,4556.400024991485,23703.53902690418,4.0283350722231654,27.263836618115,27.263836618115,42155.350044953244,4814.340518309927,3.5488105299585965e-20,4.0283350722231654,-0.0
3,CC-charge,10,4629.127297718758,23776.266299631454,4.038854015859952,27.263836618115,27.263836618115,41737.654956639846,5267.795909858927,3.5488027610391414e-20,4.038854015859952,-0.0
3,CC-charge,11,4701.854570446031,23848.99357235873,4.047904922346839,27.263836618115,27.263836618115,41319.95986832646,5721.251301407939,3.5487961893832673e-20,4.047904922346839,-0.0
3,CC-charge,12,4774.581843173304,23921.720845086,4.05584507945647,27.263836618115,27.263836618115,40902.26478001284,6174.706692956897,3.548808729354027e-20,4.05584507945647,-0.0
3,CC-charge,13,4847.309115900576,23994.448117813274,4.062966918379912,27.263836618115,27.263836618115,40484.56969169935,6628.162084505922,3.548814022780401e-20,4.062966918379912,-0.0
3,CC-charge,14,4920.036388627849,24067.175390540546,4.069507674168764,27.263836618115,27.263836618115,40066.87460338593,7081.617476054794,3.5488115373174913e-20,4.069507674168764,-0.0
3,CC-charge,15,4992.763661355122,24139.902663267818,4.075658675839504,27.263836618115,27.263836618115,39649.17951507265,7535.07286760353,3.5488142112872043e-20,4.075658675839504,-0.0
3,CC-charge,16,5065.490934082394,24212.629935995094,4.081573330748496,27.263836618115,27.263836618115,39231.484426759256,7988.528259152367,3.548815963430568e-20,4.081573330748496,-0.0
3,CC-charge,17,5138.218206809667,24285.357208722366,4.08737459693134,27.263836618115,27.263836618115,38813.78933844635,8441.98365070131,3.548813398507041e-20,4.08737459693134,-0.0
3,CC-charge,18,5210.94547953694,24358.084481449638,4.093159735165579,27.263836618115,27.263836618115,38396.094250133414,8895.439042250304,3.5488137810826506e-20,4.093159735165579,-0.0
3,CC-charge,19,5283.672752264213,24430.81175417691,4.099006223764897,27.263836618115,27.263836618115,37978.39916182006,9348.894433799169,3.548812930792663e-20,4.099006223764897,-0.0
3,CC-charge,20,5356.400024991486,24503.53902690418,4.104975035259703,27.263836618115,27.263836618115,37560.70407350685,9802.349825348001,3.5488127025538024e-20,4.104975035259703,-0.0
3,CC-charge,21,5429.127297718758,24576.266299631454,4.11111385787821,27.263836618115,27.263836618115,37143.00898519358,10255.805216896812,3.548812678909213e-20,4.11111385787821,-0.0
3,CC-charge,22,5501.854570446031,24648.99357235873,4.11746137518579,27.263836618115,27.263836618115,36725.31389688028,10709.260608445742,3.548812621134707e-20,4.11746137518579,-0.0
3,CC-charge,23,5574.581843173304,24721.720845086,4.1240462241849905,27.263836618115,27.263836618115,36307.61880856646,11162.71599999428,3.548813478407605e-20,4.1240462241849905,-0.0
3,CC-charge,24,5647.309115900576,24794.448117813274,4.130891331217178,27.263836618115,27.263836618115,35889.92372025308,11616.171391543045,3.548813486051453e-20,4.130891331217178,-0.0
3,CC-charge,25,5720.036388627849,24867.175390540546,4.138014627874724,27.263836618115,27.263836618115,35472.22863193939,12069.626783092446,3.54881361332425e-20,4.138014627874724,-0.0
3,CC-charge,26,5792.763661355122,24939.902663267818,4.145430192438854,27.263836618115,27.263836618115,35054.533543625956,12523.082174640927,3.5488137667109184e-20,4.145430192438854,-0.0
3,CC-charge,27,5865.490934082394,25012.629935995094,4.15314920563889,27.263836618115,27.263836618115,34636.838455312165,12976.537566189672,3.548814129001353e-20,4.15314920563889,-0.0
3,CC-charge,28,5938.218206809668,25085.357208722366,4.1611826387498105,27.263836618115,27.263836618115,34219.14336699881,13429.992957738872,3.54881406863305e-20,4.1611826387498105,-0.0
3,CC-charge,29,6010.94547953694,25158.084481449638,4.169534955995927,27.263836618115,27.263836618115,33801.44827868535,13883.448349288023,3.5488106190549673e-20,4.169534955995927,-0.0
3,CC-charge,30,6083.672752264212,25230.81175417691,4.178214284022154,27.263836618115,27.263836618115,33383.753190371914,14336.903740836808,3.548808741512358e-20,4.178214284022154,-0.0
3,CC-charge,31,6156.400024991486,25303.53902690418,4.187227113901921,27.263836618115,27.263836618115,32966.05810205922,14790.359132385873,3.548809950858415e-20,4.187227113901921,-0.0
3,CC-charge,32,6229.127297718758,25376.266299631454,4.196580240377933,27.263836618115,27.263836618115,32548.363013745766,15243.814523934727,3.54881133944619e-20,4.196580240377933,-0.0
3,CC-charge,33,6254.981952651346,25402.120954564045,4.199990000000001,27.263836618115,27.263836618115,32399.871781084534,15405.018598227436,3.548811334119727e-20,4.199990000000001,-0.0
3,CV-charge,0,6473.163770833164,25620.302772745865,4.2,27.288715340973415,27.288715340973415,32399.871781084534,15405.018598227436,3.548811334119727e-20,4.2,0.0
3,CV-charge,1,6545.891043560437,25693.030045473137,4.200000000000001,24.205402620243124,24.205402620243124,31877.974545209552,15900.049782839462,4.211954838951377e-20,4.200000000000001,-0.0
3,CV-charge,2,6618.61831628771,25765.75731820041,4.199999999999999,22.25837901378634,22.25837901378634,31531.58776789087,16280.142806362215,4.308204554188852e-20,4.199999999999999,-0.0
3,CV-charge,3,6691.345589014982,25838.48459092768,4.2,20.55829528172705,20.55829528172705,31213.6718938935,16630.453947127786,5.325879849360886e-20,4.2,-0.0
3,CV-charge,4,6764.072861742255,25911.211863654953,4.2,19.056572455112903,19.056572455112903,30918.895299963042,16955.07054409386,4.948297120719495e-20,4.2,-0.0
3,CV-charge,5,6836.800134469528,25983.939136382225,4.2,17.72396065510008,17.72396065510008,30644.8525433253,17256.65485686007,5.219889168455204e-20,4.2,-0.0
3,CV-charge,6,6909.527407196801,26056.6664091095,4.199999999999999,16.535391106078254,16.535391106078254,30389.29602436608,17537.724617237152,5.89422054427009e-20,4.199999999999999,-0.0
3,CV-charge,7,6982.254679924073,26129.393681836773,4.200000000000001,15.470162850495976,15.470162850495976,30150.295358742038,17800.440127915306,5.1565913372765936e-20,4.200000000000001,-0.0
3,CV-charge,8,7054.981952651346,26202.120954564045,4.2,14.511141812910266,14.511141812910266,29926.19089219977,18046.656515839855,5.459327040309326e-20,4.2,-0.0
3,CV-charge,9,7127.709225378619,26274.848227291317,4.2,13.64405021633241,13.64405021633241,29715.547333070543,18277.97636159586,5.2442773404378726e-20,4.2,-0.0
3,CV-charge,10,7200.436498105892,26347.57550001859,4.2,12.856935530148697,12.856935530148697,29517.118117609196,18495.790068149137,4.5636196887532885e-20,4.2,-0.0
3,CV-charge,11,7273.163770833164,26420.302772745865,4.199999999999999,12.139738176641723,12.139738176641723,29329.81530875568,18701.30990918914,5.485090046428253e-20,4.199999999999999,-0.0
3,CV-charge,12,7345.891043560437,26493.030045473137,4.200000000000002,11.483896917561271,11.483896917561271,29152.672865166624,18895.611195300266,5.380713894084133e-20,4.200000000000002,-0.0
3,CV-charge,13,7418.61831628771,26565.75731820041,4.200000000000001,10.882205374956843,10.882205374956843,28984.857726292317,19079.62055994648,6.826013630283003e-20,4.200000000000001,-0.0
3,CV-charge,14,7491.345589014982,26638.48459092768,4.200000000000001,10.328051401445602,10.328051401445602,28825.502899830346,19254.299753588588,6.504567123015601e-20,4.200000000000001,-0.0
3,CV-charge,15,7564.072861742255,26711.211863654953,4.2,9.816557656690465,9.816557656690465,28674.06806281232,19420.250258866028,6.504974501295563e-20,4.2,-0.0
3,CV-charge,16,7636.800134469528,26783.93913638223,4.2,9.343131261442831,9.343131261442831,28529.96170091943,19578.12848359808,6.508192184497749e-20,4.2,-0.0
3,CV-charge,17,7709.527407196801,26856.6664091095,4.2,8.903787051509365,8.903787051509365,28392.653283189557,19728.522649164475,6.506556105568616e-20,4.2,-0.0
3,CV-charge,18,7782.254679924074,26929.393681836773,4.200000000000001,8.495067743784535,8.495067743784535,28261.666933132772,19871.960022060288,6.50478952288307e-20,4.200000000000001,-0.0
3,CV-charge,19,7854.981952651346,27002.120954564045,4.199999999999999,8.113949872137356,8.113949872137356,28136.57377186153,20008.915490031817,6.50561907515007e-20,4.199999999999999,-0.0
3,CV-charge,20,7927.709225378619,27074.848227291317,4.2,7.7577854315671875,7.7577854315671875,28016.98625069429,20139.817914185056,6.498490811369143e-20,4.2,-0.0
3,CV-charge,21,8000.436498105892,27147.57550001859,4.2,7.424245993779756,7.424245993779756,27902.55314347009,20265.055735709117,6.500157774753681e-20,4.2,-0.0
3,CV-charge,22,8073.163770833164,27220.302772745865,4.200000000000001,7.111277242168264,7.111277242168264,27792.95525336049,20384.981778230114,6.505963483844903e-20,4.200000000000001,-0.0
3,CV-charge,23,8145.891043560437,27293.030045473137,4.2,6.817064820040589,6.817064820040589,27687.903137255973,20499.915814157746,6.507820429282614e-20,4.2,-0.0
3,CV-charge,24,8218.61831628771,27365.75731820041,4.199999999999998,6.539993128465938,6.539993128465938,27587.130688309317,20610.151688523663,6.506862049021781e-20,4.199999999999998,-0.0
3,CV-charge,25,8291.345589014982,27438.48459092768,4.199999999999999,6.278624368945261,6.278624368945261,27490.394474433786,20715.958071825153,6.510009487144882e-20,4.199999999999999,-0.0
3,CV-charge,26,8364.072861742256,27511.211863654953,4.2,6.031674714034468,6.031674714034468,27397.47103356861,20817.581482326677,6.511601469872993e-20,4.2,-0.0
3,CV-charge,27,8436.800134469528,27583.93913638223,4.2,5.797994765137089,5.797994765137089,27308.15477513921,20915.24862342299,6.499267276685807e-20,4.2,-0.0
3,CV-charge,28,8509.527407196802,27656.6664091095,4.200000000000001,5.576552861166504,5.576552861166504,27222.25614446099,21009.16842805583,6.484560462102164e-20,4.200000000000001,-0.0
3,CV-charge,29,8582.254679924074,27729.393681836773,4.2,5.3664207687257415,5.3664207687257415,27139.60001070495,21099.533852951394,6.499283062367279e-20,4.2,-0.0
3,CV-charge,30,8654.981952651346,27802.120954564045,4.2,5.166761373073826,5.166761373073826,27060.02424722287,21186.523457824656,6.482888577123808e-20,4.2,-0.0
3,CV-charge,31,8727.709225378618,27874.848227291317,4.199999999999999,4.976818055767646,4.976818055767646,26983.378477796654,21270.30279921757,6.474242660280037e-20,4.199999999999999,-0.0
3,CV-charge,32,8800.436498105892,27947.57550001859,4.2,4.795905499163062,4.795905499163062,26909.522966476645,21351.025664042187,6.484566070810314e-20,4.2,-0.0
3,CV-charge,33,8873.163770833164,28020.302772745865,4.2,4.6234017020205,4.6234017020205,26838.32763204282,21428.835164071512,6.4831636330575e-20,4.2,-0.0
3,CV-charge,34,8945.891043560438,28093.030045473137,4.200000000000001,4.458741026446106,4.458741026446106,26769.671170958885,21503.86470946171,6.492534386455069e-20,4.200000000000001,-0.0
3,CV-charge,35,9018.61831628771,28165.75731820041,4.2,4.3014081258334915,4.3014081258334915,26703.440275039608,21576.238876734984,6.481007391289417e-20,4.2,-0.0
3,CV-charge,36,9091.345589014982,28238.48459092768,4.2,4.15093262767715,4.15093262767715,26639.528932024954,21646.074184412842,6.480736772447956e-20,4.2,-0.0
3,CV-charge,37,9164.072861742256,28311.211863654953,4.199999999999999,4.006884465077886,4.006884465077886,26577.837798927314,21713.4797876581,6.482569084140487e-20,4.199999999999999,-0.0
3,CV-charge,38,9236.800134469528,28383.93913638223,4.2,3.8688697672986345,3.8688697672986345,26518.273639415573,21778.558101666524,6.49719568326243e-20,4.2,-0.0
3,CV-charge,39,9309.527407196802,28456.6664091095,4.200000000000001,3.736527233426166,3.736527233426166,26460.748817688822,21841.40536223919,6.50047329411365e-20,4.200000000000001,-0.0
3,CV-charge,40,9382.254679924074,28529.393681836773,4.200000000000001,3.6095249246356826,3.6095249246356826,26405.180842304726,21902.112130838217,6.506635117513356e-20,4.200000000000001,-0.0
3,CV-charge,41,9454.981952651346,28602.120954564045,4.2,3.487557420108228,3.487557420108228,26351.491954287463,21960.76375045765,6.509108680727174e-20,4.2,-0.0
3,CV-charge,42,9527.709225378618,28674.848227291317,4.200000000000001,3.3703432896675776,3.3703432896675776,26299.608754574754,22017.440757805685,6.514800025697306e-20,4.200000000000001,-0.0
3,CV-charge,43,9600.436498105892,28747.57550001859,4.200000000000001,3.2576228429101364,3.2576228429101364,26249.46186648338,22072.219256617143,6.522073093252044e-20,4.200000000000001,-0.0
3,CV-charge,44,9673.163770833164,28820.302772745865,4.2,3.1491561203216687,3.1491561203216687,26200.985629428487,22125.171256306756,6.515924780306252e-20,4.2,-0.0
3,CV-charge,45,9745.891043560438,28893.030045473137,4.2,3.0447210966576046,3.0447210966576046,26154.11782058349,22176.36497962297,6.513616027600174e-20,4.2,-0.0
3,CV-charge,46,9818.61831628771,28965.75731820041,4.200000000000001,2.9441120709340693,2.9441120709340693,26108.799401571534,22225.865142563667,6.509903964380744e-20,4.200000000000001,-0.0
3,CV-charge,47,9891.345589014982,29038.48459092768,4.200000000000001,2.8471382208551166,2.8471382208551166,26064.974287627654,22273.733209390382,6.508385259759167e-20,4.200000000000001,-0.0
3,CV-charge,48,9964.072861742256,29111.211863654953,4.2,2.753622302450529,2.753622302450529,26022.589136967963,22320.0276252605,6.508133255680938e-20,4.2,-0.0
3,CV-charge,49,9985.793554880374,29132.932556793072,4.199999999999999,2.7263936618115,2.7263936618115,26010.22680507773,22333.530006159646,6.508064326574026e-20,4.199999999999999,-0.0
4,CC-discharge,0,218.1818181818182,29351.11437497489,3.855149757890353,-27.263836618115,-27.263836618115,26010.22680507773,22333.530006159646,6.508064326574026e-20,3.855149757890353,0.0
4,CC-discharge,1,290.90909090909093,29423.841647702164,3.8311452281237686,-27.263836618115,-27.263836618115,26575.346558268997,21799.030083341702,6.508062619950977e-20,3.8311452281237686,0.5507845781437375
4,CC-discharge,2,363.6363636363637,29496.568920429436,3.814913312570753,-27.263836618115,-27.263836618115,26994.934449681186,21345.550165684665,6.508061694394132e-20,3.814913312570753,1.101569156287475
4,CC-discharge,3,436.3636363636364,29569.296193156708,3.7997719567285646,-27.263836618115,-27.263836618115,27412.66095530108,20892.094824083128,6.508061505197333e-20,3.7997719567285646,1.652353734431212
4,CC-discharge,4,509.0909090909091,29642.02346588398,3.7854573976974923,-27.263836618115,-27.263836618115,27830.358473250668,20438.639433268654,6.508061597585765e-20,3.7854573976974923,2.2031383125749495
4,CC-discharge,5,581.8181818181819,29714.750738611252,3.7718099445549256,-27.263836618115,-27.263836618115,28248.053750284773,19985.184041730216,6.508061570117857e-20,3.7718099445549256,2.753922890718687
4,CC-discharge,6,654.5454545454546,29787.478011338528,3.758724091190996,-27.263836618115,-27.263836618115,28665.748853327717,19531.728650180994,6.508061610980805e-20,3.758724091190996,3.3047074688624245
4,CC-discharge,7,727.2727272727274,29860.2052840658,3.746107042130942,-27.263836618115,-27.263836618115,29083.443942796595,19078.273258632336,6.508061549949498e-20,3.746107042130942,3.855492047006162
4,CC-discharge,8,800.0000000000001,29932.932556793072,3.733902506636355,-27.263836618115,-27.263836618115,29501.139031200837,18624.817867082904,6.508061549678757e-20,3.733902506636355,4.4062766251499
4,CC-discharge,9,872.7272727272727,30005.659829520344,3.7220635516477016,-27.263836618115,-27.263836618115,29918.83411952124,18171.362475533544,6.508061549856477e-20,3.7220635516477016,4.9570612032936365
4,CC-discharge,10,945.4545454545455,30078.387102247616,3.7105542192491576,-27.263836618115,-27.263836618115,30336.529207834676,17717.90708398435,6.508061526865994e-20,3.7105542192491576,5.507845781437374
4,CC-discharge,11,1018.1818181818182,30151.11437497489,3.6993467140045078,-27.263836618115,-27.263836618115,30754.224296147288,17264.45169243451,6.508061561540384e-20,3.6993467140045078,6.0586303595811115
4,CC-discharge,12,1090.909090909091,30223.841647702164,3.688419335320087,-27.263836618115,-27.263836618115,31171.919384459605,16810.99630088528,6.508061457548562e-20,3.688419335320087,6.609414937724849
4,CC-discharge,13,1163.6363636363637,30296.568920429436,3.6777549247794696,-27.263836618115,-27.263836618115,31589.614472772126,16357.540909335918,6.508061475564033e-20,3.6777549247794696,7.1601995158685865
4,CC-discharge,14,1236.3636363636365,30369.296193156708,3.6673396725916643,-27.263836618115,-27.263836618115,32007.30956108552,15904.085517786862,6.508061406266441e-20,3.6673396725916643,7.710984094012324
4,CC-discharge,15,1309.0909090909092,30442.02346588398,3.657162175195134,-27.263836618115,-27.263836618115,32425.00464939793,15450.630126238,6.508061430702104e-20,3.657162175195134,8.261768672156062
4,CC-discharge,16,1381.818181818182,30514.750738611256,3.647212666200936,-27.263836618115,-27.263836618115,32842.69973771055,14997.174734688719,6.50806144178072e-20,3.647212666200936,8.8125532502998
4,CC-discharge,17,1454.5454545454547,30587.478011338528,3.6374823637325893,-27.263836618115,-27.263836618115,33260.39482602333,14543.71934313916,6.508061360212688e-20,3.6374823637325893,9.363337828443537
4,CC-discharge,18,1527.2727272727275,30660.2052840658,3.6279628897668466,-27.263836618115,-27.263836618115,33678.08991433616,14090.26395159003,6.508061424730494e-20,3.6279628897668466,9.914122406587275
4,CC-discharge,19,1600.0000000000002,30732.932556793072,3.618645725415751,-27.263836618115,-27.263836618115,34095.78500264913,13636.808560041154,6.508061373161484e-20,3.618645725415751,10.464906984731012
4,CC-discharge,20,1672.727272727273,30805.659829520344,3.609521670788547,-27.263836618115,-27.263836618115,34513.480090962235,13183.353168491873,6.508061278955798e-20,3.609521670788547,11.01569156287475
4,CC-discharge,21,1745.4545454545455,30878.387102247616,3.6005802811449703,-27.263836618115,-27.263836618115,34931.17517927461,12729.897776941887,6.50806130585153e-20,3.6005802811449703,11.566476141018486
4,CC-discharge,22,1818.1818181818182,30951.11437497489,3.591809244617701,-27.263836618115,-27.263836618115,35348.87026758748,12276.442385392515,6.508061301621539e-20,3.591809244617701,12.117260719162223
4,CC-discharge,23,1890.909090909091,31023.841647702164,3.583193070661008,-27.263836618115,-27.263836618115,35766.565355900726,11822.986993843559,6.508061106556923e-20,3.583193070661008,12.66804529730596
4,CC-discharge,24,1963.6363636363637,31096.568920429436,3.5747150054807393,-27.263836618115,-27.263836618115,36184.26044421376,11369.531602294179,6.508060976212603e-20,3.5747150054807393,13.218829875449698
4,CC-discharge,25,2036.3636363636365,31169.296193156708,3.5663514125083418,-27.263836618115,-27.263836618115,36601.9555325264,10916.076210745157,6.508061083194895e-20,3.5663514125083418,13.769614453593435
4,CC-discharge,26,2109.0909090909095,31242.02346588398,3.5580740744456842,-27.263836618115,-27.263836618115,37019.650620839195,10462.620819195501,6.508060776009755e-20,3.5580740744456842,14.320399031737175
4,CC-discharge,27,2181.818181818182,31314.750738611256,3.5498477889491764,-27.263836618115,-27.263836618115,37437.345709151974,10009.165427646416,6.508058734194687e-20,3.5498477889491764,14.87118360988091
4,CC-discharge,28,2254.545454545455,31387.478011338528,3.541628592793541,-27.263836618115,-27.263836618115,37855.04079746463,9555.710036097336,6.508055112901232e-20,3.541628592793541,15.42196818802465
4,CC-discharge,29,2327.2727272727275,31460.2052840658,3.533361492411595,-27.263836618115,-27.263836618115,38272.7358857774,9102.254644547942,6.508051251934908e-20,3.533361492411595,15.972752766168385
4,CC-discharge,30,2400.0,31532.932556793072,3.524977772000819,-27.263836618115,-27.263836618115,38690.430974089824,8648.799252998824,6.508055944096873e-20,3.524977772000819,16.52353734431212
4,CC-discharge,31,2472.727272727273,31605.659829520344,3.5163916783319036,-27.263836618115,-27.263836618115,39108.12606240217,8195.343861449895,6.508061123607383e-20,3.5163916783319036,17.07432192245586
4,CC-discharge,32,2545.4545454545455,31678.387102247616,3.507496654380739,-27.263836618115,-27.263836618115,39525.82115071491,7741.888469900916,6.508054234576784e-20,3.507496654380739,17.625106500599596
4,CC-discharge,33,2618.1818181818185,31751.11437497489,3.498158600141105,-27.263836618115,-27.263836618115,39943.51623902762,7288.433078351714,6.50805575794231e-20,3.498158600141105,18.175891078743334
4,CC-discharge,34,2690.909090909091,31823.841647702164,3.488213083645845,-27.263836618115,-27.263836618115,40361.211327340505,6834.977686802527,6.508036399248208e-20,3.488213083645845,18.72667565688707
4,CC-discharge,35,2763.636363636364,31896.568920429436,3.477454499814278,-27.263836618115,-27.263836618115,40778.9064156531,6381.522295253346,6.508062811555487e-20,3.477454499814278,19.27746023503081
4,CC-discharge,36,2836.3636363636365,31969.296193156708,3.465628673600734,-27.263836618115,-27.263836618115,41196.601503965874,5928.066903704093,6.508061340645248e-20,3.465628673600734,19.828244813174546
4,CC-discharge,37,2909.0909090909095,32042.02346588398,3.452421774238469,-27.263836618115,-27.263836618115,41614.29659227831,5474.611512154888,6.508025658034974e-20,3.452421774238469,20.379029391318284
4,CC-discharge,38,2981.818181818182,32114.750738611256,3.4374476798743028,-27.263836618115,-27.263836618115,42031.99168059089,5021.156120605779,6.50801780427767e-20,3.4374476798743028,20.92981396946202
4,CC-discharge,39,3054.545454545455,32187.478011338528,3.42023354770691,-27.263836618115,-27.263836618115,42449.68676890333,4567.7007290566935,6.508021383366398e-20,3.42023354770691,21.48059854760576
4,CC-discharge,40,3127.2727272727275,32260.2052840658,3.400204111889556,-27.263836618115,-27.263836618115,42867.38185721609,4114.2453375076075,6.50800305567525e-20,3.400204111889556,22.031383125749496
4,CC-discharge,41,3200.0000000000005,32332.932556793072,3.37666457895926,-27.263836618115,-27.263836618115,43285.076945528475,3660.78994595849,6.50802288507816e-20,3.37666457895926,22.582167703893234
4,CC-discharge,42,3272.727272727273,32405.659829520344,3.3487866167579616,-27.263836618115,-27.263836618115,43702.77203384126,3207.3345544094846,6.507995828959445e-20,3.3487866167579616,23.13295228203697
4,CC-discharge,43,3345.454545454546,32478.387102247616,3.3155924034083264,-27.263836618115,-27.263836618115,44120.46712215362,2753.8791628603285,6.507993849361342e-20,3.3155924034083264,23.68373686018071
4,CC-discharge,44,3418.1818181818185,32551.11437497489,3.2759292517986793,-27.263836618115,-27.263836618115,44538.1622104663,2300.4237713112766,6.507990214357096e-20,3.2759292517986793,24.234521438324446
4,CC-discharge,45,3490.909090909091,32623.841647702164,3.2283399019480816,-27.263836618115,-27.263836618115,44955.85729877921,1846.9683797622297,6.507950674778935e-20,3.2283399019480816,24.785306016468184
4,CC-discharge,46,3563.636363636364,32696.568920429436,3.1702012104414785,-27.263836618115,-27.263836618115,45373.55238709251,1393.5129882131598,6.507941773916798e-20,3.1702012104414785,25.336090594611925
4,CC-discharge,47,3636.3636363636365,32769.29619315671,3.091064566477863,-27.263836618115,-27.263836618115,45791.2474754049,940.0575966641123,6.507989096100686e-20,3.091064566477863,25.886875172755662
4,CC-discharge,48,3682.5837824436203,32815.516339236696,3.00001,-27.263836618115,-27.263836618115,46056.70398538703,651.8744481394957,6.508053078782907e-20,3.00001,26.23691364808624
4,CC-charge,0,3900.7656006254383,33033.69815741851,3.715996798452064,27.263836618115,27.263836618115,46056.70398538703,651.8744481394957,6.508053078782907e-20,3.715996798452064,0.0
4,CC-charge,1,3973.4928733527113,33106.425430145784,3.8208444936061396,27.263836618115,27.263836618115,45491.58903281675,1186.372024538451,6.508088747211483e-20,3.8208444936061396,-0.0
4,CC-charge,2,4046.220146079984,33179.152702873056,3.867090025181552,27.263836618115,27.263836618115,45071.99996000894,1639.8542906574435,6.508053975286773e-20,3.867090025181552,-0.0
4,CC-charge,3,4118.947418807256,33251.879975600335,3.9044652305646235,27.263836618115,27.263836618115,44654.26770036253,2093.3096290850262,6.508039488071582e-20,3.9044652305646235,-0.0
4,CC-charge,4,4191.674691534529,33324.60724832761,3.935693953400958,27.263836618115,27.263836618115,44236.57211748306,2546.7650210222027,6.50801531121485e-20,3.935693953400958,-0.0
4,CC-charge,5,4264.401964261802,33397.33452105488,3.961704862694159,27.263836618115,27.263836618115,43818.8770241287,3000.220412566514,6.508026515227547e-20,3.961704862694159,-0.0
4,CC-charge,6,4337.129236989075,33470.06179378215,3.9832700558276755,27.263836618115,27.263836618115,43401.18193587894,3453.6758041156395,6.508017512856653e-20,3.9832700558276755,-0.0
4,CC-charge,7,4409.856509716347,33542.789066509424,4.001130968254073,27.263836618115,27.263836618115,42983.48684756654,3907.131195664546,6.508013962956126e-20,4.001130968254073,-0.0
4,CC-charge,8,4482.58378244362,33615.516339236696,4.015971333206114,27.263836618115,27.263836618115,42565.79175925327,4360.586587213507,6.50801113049551e-20,4.015971333206114,-0.0
4,CC-charge,9,4555.311055170893,33688.24361196397,4.028394521757004,27.263836618115,27.263836618115,42148.09667093948,4814.04197876251,6.507996569410614e-20,4.028394521757004,-0.0
4,CC-charge,10,4628.038327898166,33760.97088469124,4.03891673741449,27.263836618115,27.263836618115,41730.40158262625,5267.497370311373,6.507994995439405e-20,4.03891673741449,-0.0
4,CC-charge,11,4700.765600625438,33833.69815741851,4.047970908389284,27.263836618115,27.263836618115,41312.706494312704,5720.952761860321,6.507985250745053e-20,4.047970908389284,-0.0
4,CC-charge,12,4773.492873352711,33906.425430145784,4.055914332787363,27.263836618115,27.263836618115,40895.01140599948,6174.408153409239,6.5079729784664e-20,4.055914332787363,-0.0
4,CC-charge,13,4846.220146079984,33979.152702873056,4.06303945109076,27.263836618115,27.263836618115,40477.31631768623,6627.863544958322,6.507983719117826e-20,4.06303945109076,-0.0
4,CC-charge,14,4918.947418807256,34051.879975600335,4.06958350639455,27.263836618115,27.263836618115,40059.621229372955,7081.318936507235,6.50798198149209e-20,4.06958350639455,-0.0
4,CC-charge,15,4991.674691534529,34124.60724832761,4.07573783402083,27.263836618115,27.263836618115,39641.92614105987,7534.774328056268,6.507978983961637e-20,4.07573783402083,-0.0
4,CC-charge,16,5064.401964261802,34197.33452105488,4.081655845821384,27.263836618115,27.263836618115,39224.2310527464,7988.229719605099,6.507981707159692e-20,4.081655845821384,-0.0
4,CC-charge,17,5137.129236989075,34270.06179378215,4.087460503135726,27.263836618115,27.263836618115,38806.53596443319,8441.68511115392,6.507978007549117e-20,4.087460503135726,-0.0
4,CC-charge,18,5209.856509716348,34342.789066509424,4.0932490684006995,27.263836618115,27.263836618115,38388.840876119466,8895.140502702661,6.507983711740222e-20,4.0932490684006995,-0.0
4,CC-charge,19,5282.58378244362,34415.516339236696,4.099099020713586,27.263836618115,27.263836618115,37971.145787806505,9348.595894251543,6.507983800816073e-20,4.099099020713586,-0.0
4,CC-charge,20,5355.311055170893,34488.24361196397,4.105071332913742,27.263836618115,27.263836618115,37553.4506994933,9802.051285800451,6.507983925547247e-20,4.105071332913742,-0.0
4,CC-charge,21,5428.038327898166,34560.97088469124,4.11121369264424,27.263836618115,27.263836618115,37135.755611180175,10255.506677349475,6.507983878959678e-20,4.11121369264424,-0.0
4,CC-charge,22,5500.765600625438,34633.69815741851,4.117564784284149,27.263836618115,27.263836618115,36718.060522866916,10708.962068898134,6.507983905184968e-20,4.117564784284149,-0.0
4,CC-charge,23,5573.492873352711,34706.425430145784,4.124153244240326,27.263836618115,27.263836618115,36300.36543455374,11162.417460446755,6.507981515256106e-20,4.124153244240326,-0.0
4,CC-charge,24,5646.220146079984,34779.152702873056,4.131001999267675,27.263836618115,27.263836618115,35882.6703462403,11615.872851995755,6.507981536552856e-20,4.131001999267675,-0.0
4,CC-charge,25,5718.947418807256,34851.879975600335,4.1381289822746306,27.263836618115,27.263836618115,35464.97525792746,12069.32824354497,6.507981607821901e-20,4.1381289822746306,-0.0
4,CC-charge,26,5791.67469153453,34924.60724832761,4.145548273893526,27.263836618115,27.263836618115,35047.28016961427,12522.783635094027,6.507981559900502e-20,4.145548273893526,-0.0
4,CC-charge,27,5864.401964261802,34997.33452105488,4.1532710586894295,27.263836618115,27.263836618115,34629.585081301026,12976.23902664303,6.507981892442724e-20,4.1532710586894295,-0.0
4,CC-charge,28,5937.129236989075,35070.06179378215,4.161308313209236,27.263836618115,27.263836618115,34211.88999298727,13429.694418192497,6.507981954299658e-20,4.161308313209236,-0.0
4,CC-charge,29,6009.856509716348,35142.789066509424,4.169664510796554,27.263836618115,27.263836618115,33794.19490467402,13883.14980974141,6.50798137115438e-20,4.169664510796554,-0.0
4,CC-charge,30,6082.58378244362,35215.516339236696,4.178347788772314,27.263836618115,27.263836618115,33376.49981636078,14336.605201290422,6.507980952968008e-20,4.178347788772314,-0.0
4,CC-charge,31,6155.311055170893,35288.24361196397,4.187364652998097,27.263836618115,27.263836618115,32958.80472804754,14790.060592839094,6.507984210552565e-20,4.187364652998097,-0.0
4,CC-charge,32,6228.038327898166,35360.97088469124,4.196721917768062,27.263836618115,27.263836618115,32541.109639734663,15243.5159843881,6.507982975222449e-20,4.196721917768062,-0.0
4,CC-charge,33,6252.819886452979,35385.752443246056,4.199990000000001,27.263836618115,27.263836618115,32398.78152950975,15398.02929028081,6.507983000617475e-20,4.199990000000001,-0.0
4,CV-charge,0,6471.001704634797,35603.93426142787,4.199999999999999,27.288508491413882,27.288508491413882,32398.78152950975,15398.02929028081,6.507983000617475e-20,4.199999999999999,0.0
4,CV-charge,1,6543.72897736207,35676.661534155144,4.2,24.205438149504513,24.205438149504513,31876.885239246298,15893.05946448305,4.5781235312773326e-20,4.2,-0.0
4,CV-charge,2,6616.456250089343,35749.388806882416,4.2,22.258563326330172,22.258563326330172,31530.495848494294,16273.154895405642,6.063926603130986e-20,4.2,-0.0
4,CV-charge,3,6689.183522816615,35822.116079609696,4.2,20.558579746468315,20.558579746468315,31212.575432886006,16623.470601930127,3.443470133957377e-20,4.2,-0.0
4,CV-charge,4,6761.910795543888,35894.84335233697,4.200000000000001,19.056923887327045,19.056923887327045,30917.79349798065,16948.092773986937,3.4446612641148626e-20,4.200000000000001,-0.0
4,CV-charge,5,6834.638068271161,35967.57062506424,4.2,17.724353414161026,17.724353414161026,30643.74468197031,17249.6835254353,2.6954851917326912e-20,4.2,-0.0
4,CV-charge,6,6907.365340998434,36040.29789779151,4.2,16.535806688550462,16.535806688550462,30388.181739842454,17530.76017851985,1.9757645874752135e-20,4.2,-0.0
4,CV-charge,7,6980.092613725706,36113.025170518784,4.2,15.470587582718998,15.470587582718998,30149.174492213042,17793.48279820148,1.374128247307158e-20,4.2,-0.0
4,CV-charge,8,7052.819886452979,36185.752443246056,4.2,14.511565775815502,14.511565775815502,29925.063446662458,18039.70632390529,1.7355861598385554e-20,4.2,-0.0
4,CV-charge,9,7125.547159180252,36258.47971597333,4.2,13.644466116491644,13.644466116491644,29714.413424399896,18271.033205121686,2.2257186870125227e-20,4.2,-0.0
4,CV-charge,10,7198.274431907525,36331.2069887006,4.2,12.857338001203011,12.857338001203011,29515.977929532528,18488.853765182626,1.9458808628295768e-20,4.2,-0.0
4,CV-charge,11,7271.001704634797,36403.93426142787,4.200000000000001,12.140123400162823,12.140123400162823,29328.66910211551,18694.380188732768,2.4783454670307853e-20,4.200000000000001,-0.0
4,CV-charge,12,7343.72897736207,36476.661534155144,4.200000000000001,11.4842621915795,11.4842621915795,29151.52094253652,18888.687737748925,3.422030277495837e-20,4.200000000000001,-0.0
4,CV-charge,13,7416.456250089343,36549.388806882416,4.2,10.882548802139517,10.882548802139517,28983.700421320522,19072.70300922561,4.363820028770734e-20,4.2,-0.0
4,CV-charge,14,7489.183522816615,36622.116079609696,4.199999999999999,10.328371973843268,10.328371973843268,28824.34064349094,19247.3876450311,4.540951747248506e-20,4.199999999999999,-0.0
4,CV-charge,15,7561.910795543888,36694.84335233697,4.199999999999999,9.816854488361395,9.816854488361395,28672.90120311568,19413.343217960304,4.5198454399135474e-20,4.199999999999999,-0.0
4,CV-charge,16,7634.638068271161,36767.57062506424,4.199999999999999,9.343403885375803,9.343403885375803,28528.790609947424,19571.22610788878,4.565349953522237e-20,4.199999999999999,-0.0
4,CV-charge,17,7707.365340998434,36840.29789779151,4.2,8.904035281016816,8.904035281016816,28391.478337572422,19721.624530542893,4.564768270293832e-20,4.2,-0.0
4,CV-charge,18,7780.0926137257065,36913.025170518784,4.199999999999999,8.49529156985385,8.49529156985385,28260.488508588995,19865.065752785296,4.556522624211751e-20,4.199999999999999,-0.0
4,CV-charge,19,7852.819886452979,36985.752443246056,4.2,8.11414944297378,8.11414944297378,28135.392241794787,20002.024664391898,4.553657135943221e-20,4.2,-0.0
4,CV-charge,20,7925.547159180252,37058.47971597333,4.200000000000001,7.757961006440257,7.757961006440257,28015.80198447064,20132.93013049507,4.5431308657697126e-20,4.200000000000001,-0.0
4,CV-charge,21,7998.274431907525,37131.2069887006,4.200000000000001,7.42439791377004,7.42439791377004,27901.366505143254,20258.170597788423,4.5492370589879684e-20,4.200000000000001,-0.0
4,CV-charge,22,8071.001704634797,37203.93426142787,4.2,7.1114059077899325,7.1114059077899325,27791.766600731244,20378.098896487918,4.5510035875741364e-20,4.2,-0.0
4,CV-charge,23,8143.72897736207,37276.661534155144,4.199999999999999,6.817170655026844,6.817170655026844,27686.712814224276,20493.03481409339,4.5506152560526246e-20,4.199999999999999,-0.0
4,CV-charge,24,8216.456250089343,37349.388806882416,4.2,6.540076606007869,6.540076606007869,27585.939038379165,20603.27219577925,4.551814998770551e-20,4.2,-0.0
4,CV-charge,25,8289.183522816615,37422.116079609696,4.2,6.27868598233518,6.27868598233518,27489.201833685056,20709.07972009733,4.553259776153621e-20,4.2,-0.0
4,CV-charge,26,8361.910795543889,37494.84335233697,4.200000000000001,6.031714968845632,6.031714968845632,27396.277730343834,20810.70391366492,4.554883051364084e-20,4.200000000000001,-0.0
4,CV-charge,27,8434.63806827116,37567.57062506424,4.2,5.798014173590509,5.798014173590509,27306.9611299418,20908.37148836649,4.573771137797295e-20,4.2,-0.0
4,CV-charge,28,8507.365340998433,37640.29789779151,4.2,5.576551937919577,5.576551937919577,27221.06246990707,21002.291385694574,4.5869701501794054e-20,4.2,-0.0
4,CV-charge,29,8580.092613725707,37713.025170518784,4.199999999999999,5.366400027800427,5.366400027800427,27138.40661153024,21092.6565709319,4.5765957160932475e-20,4.199999999999999,-0.0
4,CV-charge,30,8652.819886452979,37785.752443246056,4.2,5.166721325654793,5.166721325654793,27058.831420321327,21179.645612311884,4.60297740447932e-20,4.2,-0.0
4,CV-charge,31,8725.547159180252,37858.47971597333,4.2,4.976759208680859,4.976759208680859,26982.186512286462,21263.424074831724,4.61906607390548e-20,4.2,-0.0
4,CV-charge,32,8798.274431907525,37931.2069887006,4.2,4.795828353879403,4.795828353879403,26908.33214377981,21344.145753771856,4.6274553022265283e-20,4.2,-0.0
4,CV-charge,33,8871.001704634797,38003.93426142787,4.2,4.62330675406351,4.62330675406351,26837.138225976472,21421.95376917932,4.616349717756015e-20,4.2,-0.0
4,CV-charge,34,8943.728977362069,38076.661534155144,4.200000000000001,4.458628765109005,4.458628765109005,26768.4834478299,21496.98153938347,4.628730747670222e-20,4.200000000000001,-0.0
4,CV-charge,35,9016.456250089343,38149.388806882416,4.199999999999999,4.301279034133576,4.301279034133576,26702.254493739758,21569.353648970184,4.641539541172328e-20,4.199999999999999,-0.0
4,CV-charge,36,9089.183522816615,38222.116079609696,4.2,4.150787182488418,4.150787182488418,26638.345344127785,21639.186624429105,4.641463845185561e-20,4.2,-0.0
4,CV-charge,37,9161.910795543889,38294.84335233697,4.2,4.006723137392733,4.006723137392733,26576.65664877877,21706.58962878709,4.643764618283832e-20,4.2,-0.0
4,CV-charge,38,9234.63806827116,38367.57062506424,4.200000000000001,3.868693022580253,3.868693022580253,26517.09516421927,21771.665085008568,4.6444420871785425e-20,4.200000000000001,-0.0
4,CV-charge,39,9307.365340998433,38440.29789779151,4.200000000000001,3.736335532020554,3.736335532020554,26459.5732475837,21834.509236577822,4.6464150417579304e-20,4.200000000000001,-0.0
4,CV-charge,40,9380.092613725707,38513.025170518784,4.200000000000001,3.6093187222297005,3.6093187222297005,26404.008400440853,21895.21265256348,4.650553589812408e-20,4.200000000000001,-0.0
4,CV-charge,41,9452.819886452979,38585.752443246056,4.2,3.487337168198086,3.487337168198086,26350.32285688877,21953.860683487645,4.6587059042591674e-20,4.2,-0.0
4,CV-charge,42,9525.547159180252,38658.47971597333,4.200000000000001,3.3701094360319774,3.3701094360319774,26298.44321099675,22010.53387352507,4.663130008271491e-20,4.200000000000001,-0.0
4,CV-charge,43,9598.274431907525,38731.2069887006,4.200000000000001,3.257375832075366,3.257375832075366,26248.30007926498,22065.308333823436,4.665674777695014e-20,4.200000000000001,-0.0
4,CV-charge,44,9671.001704634797,38803.93426142787,4.2,3.1488963940088386,3.1488963940088386,26199.82779433703,22118.256081156793,4.6672515728847e-20,4.2,-0.0
4,CV-charge,45,9743.728977362069,38876.661534155144,4.200000000000001,3.0444490941933764,3.0444490941933764,26152.964126650502,22169.445345593333,4.669346645247537e-20,4.200000000000001,-0.0
4,CV-charge,46,9816.456250089343,38949.388806882416,4.2,2.9438282296312157,2.9438282296312157,26107.650031124875,22218.94085041593,4.6763064250490963e-20,4.2,-0.0
4,CV-charge,47,9889.183522816615,39022.116079609696,4.200000000000001,2.8468429763528835,2.8468429763528835,26063.829416317807,22266.804067140183,4.6749600279590735e-20,4.200000000000001,-0.0
4,CV-charge,48,9961.910795543889,39094.84335233697,4.2,2.753316089004935,2.753316089004935,26021.448933788586,22313.093448151314,4.6744623403671653e-20,4.2,-0.0
4,CV-charge,49,9983.383651384367,39116.31620817744,4.2,2.7263936618115,2.7263936618115,26009.228497827575,22326.440866548775,4.673971268858569e-20,4.2,-0.0
5,CC-discharge,0,218.1818181818182,39334.49802635926,3.8551719597251215,-27.263836618115,-27.263836618115,26009.228497827575,22326.440866548775,4.673971268858569e-20,3.8551719597251215,0.0
5,CC-discharge,1,290.90909090909093,39407.22529908653,3.8311614629248587,-27.263836618115,-27.263836618115,26574.34824472123,21791.9409532415,4.6739723082877725e-20,3.8311614629248587,0.5507845781437375
5,CC-discharge,2,363.6363636363637,39479.9525718138,3.8149262875706196,-27.263836618115,-27.263836618115,26993.936129035777,21338.461026139725,4.673970887481829e-20,3.8149262875706196,1.101569156287475
5,CC-discharge,3,436.3636363636364,39552.67984454108,3.799782369300232,-27.263836618115,-27.263836618115,27411.662646714933,20885.00568447293,4.673971357026102e-20,3.799782369300232,1.652353734431212
5,CC-discharge,4,509.0909090909091,39625.407117268354,3.7854657948352894,-27.263836618115,-27.263836618115,27829.360165872502,20431.550293657645,4.6739711699829177e-20,3.7854657948352894,2.2031383125749495
5,CC-discharge,5,581.8181818181819,39698.13438999563,3.771816719355913,-27.263836618115,-27.263836618115,28247.055443022517,19978.094902119312,4.673971183069883e-20,3.771816719355913,2.753922890718687
5,CC-discharge,6,654.5454545454546,39770.8616627229,3.758729561868524,-27.263836618115,-27.263836618115,28664.750546076266,19524.639510570254,4.6739711813769624e-20,3.758729561868524,3.3047074688624245
5,CC-discharge,7,727.2727272727274,39843.58893545017,3.7461114280796926,-27.263836618115,-27.263836618115,29082.445635546075,19071.184119021284,4.673971104587503e-20,3.7461114280796926,3.855492047006162
5,CC-discharge,8,800.0000000000001,39916.31620817744,3.733905995079373,-27.263836618115,-27.263836618115,29500.140723950102,18617.7287274722,4.673971153041249e-20,3.733905995079373,4.4062766251499
5,CC-discharge,9,872.7272727272727,39989.043480904715,3.722066292072002,-27.263836618115,-27.263836618115,29917.835812270223,18164.273335922877,4.6739711192819037e-20,3.722066292072002,4.9570612032936365
5,CC-discharge,10,945.4545454545455,40061.77075363199,3.710556331657991,-27.263836618115,-27.263836618115,30335.530900583413,17710.817944373808,4.6739711331470814e-20,3.710556331657991,5.507845781437374
5,CC-discharge,11,1018.1818181818182,40134.49802635926,3.699348294733733,-27.263836618115,-27.263836618115,30753.225988896244,17257.36255282467,4.6739711073825257e-20,3.699348294733733,6.0586303595811115
5,CC-discharge,12,1090.909090909091,40207.22529908653,3.6884204610791986,-27.263836618115,-27.263836618115,31170.9210772087,16803.907161275758,4.673971222398252e-20,3.6884204610791986,6.609414937724849
5,CC-discharge,13,1163.6363636363637,40279.9525718138,3.6777556553392374,-27.263836618115,-27.263836618115,31588.616165521333,16350.451769726858,4.6739712774854004e-20,3.6777556553392374,7.1601995158685865
5,CC-discharge,14,1236.3636363636365,40352.67984454108,3.667340052384576,-27.263836618115,-27.263836618115,32006.311253834243,15896.996378177704,4.673971262418431e-20,3.667340052384576,7.710984094012324
5,CC-discharge,15,1309.0909090909092,40425.407117268354,3.657162233981073,-27.263836618115,-27.263836618115,32424.006342147295,15443.54098662853,4.6739712806668175e-20,3.657162233981073,8.261768672156062
5,CC-discharge,16,1381.818181818182,40498.13438999563,3.6472124188728046,-27.263836618115,-27.263836618115,32841.70143046014,14990.085595079163,4.673971495727234e-20,3.6472124188728046,8.8125532502998
5,CC-discharge,17,1454.5454545454547,40570.8616627229,3.637481809270157,-27.263836618115,-27.263836618115,33259.396518773174,14536.63020352981,4.6739715106076465e-20,3.637481809270157,9.363337828443537
5,CC-discharge,18,1527.2727272727275,40643.58893545017,3.6279620092912195,-27.263836618115,-27.263836618115,33677.091607086026,14083.174811980916,4.67397146780183e-20,3.6279620092912195,9.914122406587275
5,CC-discharge,19,1600.0000000000002,40716.31620817744,3.6186444792432226,-27.263836618115,-27.263836618115,34094.786695398725,13629.719420431862,4.6739713913853324e-20,3.6186444792432226,10.464906984731012
5,CC-discharge,20,1672.727272727273,40789.043480904715,3.609519994327638,-27.263836618115,-27.263836618115,34512.48178371146,13176.264028882924,4.6739713046386635e-20,3.609519994327638,11.01569156287475
5,CC-discharge,21,1745.4545454545455,40861.77075363199,3.600578079424818,-27.263836618115,-27.263836618115,34930.176872023716,12722.808637333817,4.673971277215557e-20,3.600578079424818,11.566476141018486
5,CC-discharge,22,1818.1818181818182,40934.49802635926,3.591806385138921,-27.263836618115,-27.263836618115,35347.87196033628,12269.353245784618,4.673971393254182e-20,3.591806385138921,12.117260719162223
5,CC-discharge,23,1890.909090909091,41007.22529908653,3.5831893791690086,-27.263836618115,-27.263836618115,35765.56704864937,11815.897854235824,4.673971331254557e-20,3.5831893791690086,12.66804529730596
5,CC-discharge,24,1963.6363636363637,41079.9525718138,3.574710238385397,-27.263836618115,-27.263836618115,36183.26213696227,11362.442462686346,4.673971276409472e-20,3.574710238385397,13.218829875449698
5,CC-discharge,25,2036.3636363636365,41152.67984454108,3.566345258913758,-27.263836618115,-27.263836618115,36600.95722527497,10908.987071137275,4.673971197781421e-20,3.566345258913758,13.769614453593435
5,CC-discharge,26,2109.0909090909095,41225.407117268354,3.558066132237257,-27.263836618115,-27.263836618115,37018.6523135876,10455.531679588059,4.6739710261745803e-20,3.558066132237257,14.320399031737175
5,CC-discharge,27,2181.818181818182,41298.13438999563,3.5498375418321135,-27.263836618115,-27.263836618115,37436.347401900224,10002.076288038797,4.673973604677385e-20,3.5498375418321135,14.87118360988091
5,CC-discharge,28,2254.545454545455,41370.8616627229,3.5416153809005912,-27.263836618115,-27.263836618115,37854.04249021315,9548.620896489767,4.673975088514693e-20,3.5416153809005912,15.42196818802465
5,CC-discharge,29,2327.2727272727275,41443.58893545017,3.533344475173926,-27.263836618115,-27.263836618115,38271.7375785257,9095.16550494076,4.673970185157218e-20,3.533344475173926,15.972752766168385
5,CC-discharge,30,2400.0,41516.31620817744,3.5249558841253954,-27.263836618115,-27.263836618115,38689.43266683823,8641.71011339164,4.6739673317906845e-20,3.5249558841253954,16.52353734431212
5,CC-discharge,31,2472.727272727273,41589.043480904715,3.516363574273189,-27.263836618115,-27.263836618115,39107.127755150745,8188.254721842526,4.673967530582382e-20,3.516363574273189,17.07432192245586
5,CC-discharge,32,2545.4545454545455,41661.77075363199,3.507460632703194,-27.263836618115,-27.263836618115,39524.82284346373,7734.7993302934365,4.6739697813276174e-20,3.507460632703194,17.625106500599596
5,CC-discharge,33,2618.1818181818185,41734.49802635926,3.4981125464661313,-27.263836618115,-27.263836618115,39942.517931776594,7281.343938744168,4.673978793526463e-20,3.4981125464661313,18.175891078743334
5,CC-discharge,34,2690.909090909091,41807.22529908653,3.488154331006516,-27.263836618115,-27.263836618115,40360.21302008949,6827.888547195192,4.673959265430008e-20,3.488154331006516,18.72667565688707
5,CC-discharge,35,2763.636363636364,41879.9525718138,3.477379723872348,-27.263836618115,-27.263836618115,40777.90810840205,6374.43315564596,4.673973171008379e-20,3.477379723872348,19.27746023503081
5,CC-discharge,36,2836.3636363636365,41952.67984454108,3.465533742129132,-27.263836618115,-27.263836618115,41195.60319671495,5920.977764096623,4.6739660477791585e-20,3.465533742129132,19.828244813174546
5,CC-discharge,37,2909.0909090909095,42025.407117268354,3.4523015692676426,-27.263836618115,-27.263836618115,41613.29828502752,5467.522372547691,4.6739823500037664e-20,3.4523015692676426,20.379029391318284
5,CC-discharge,38,2981.818181818182,42098.13438999563,3.4372958938125837,-27.263836618115,-27.263836618115,42030.99337334014,5014.066980998651,4.673980934257149e-20,3.4372958938125837,20.92981396946202
5,CC-discharge,39,3054.545454545455,42170.8616627229,3.4200424554406714,-27.263836618115,-27.263836618115,42448.68846165315,4560.611589449584,4.673977962768908e-20,3.4200424554406714,21.48059854760576
5,CC-discharge,40,3127.2727272727275,42243.58893545017,3.3999643229501957,-27.263836618115,-27.263836618115,42866.38354996563,4107.156197900562,4.67398888553675e-20,3.3999643229501957,22.031383125749496
5,CC-discharge,41,3200.0000000000005,42316.31620817744,3.37636482739487,-27.263836618115,-27.263836618115,43284.07863827836,3653.7008063514754,4.673981761838423e-20,3.37636482739487,22.582167703893234
5,CC-discharge,42,3272.727272727273,42389.043480904715,3.34841351758539,-27.263836618115,-27.263836618115,43701.773726591084,3200.245414802464,4.6740143529335077e-20,3.34841351758539,23.13295228203697
5,CC-discharge,43,3345.454545454546,42461.77075363199,3.315130262238734,-27.263836618115,-27.263836618115,44119.468814904074,2746.7900232533884,4.674075754734408e-20,3.315130262238734,23.68373686018071
5,CC-discharge,44,3418.1818181818185,42534.49802635926,3.2753593445974984,-27.263836618115,-27.263836618115,44537.16390321666,2293.3346317043392,4.6740312160197357e-20,3.2753593445974984,24.234521438324446
5,CC-discharge,45,3490.909090909091,42607.22529908653,3.2276359542069106,-27.263836618115,-27.263836618115,44954.85899152945,1839.8792401553092,4.674017086574138e-20,3.2276359542069106,24.785306016468184
5,CC-discharge,46,3563.636363636364,42679.9525718138,3.169298841192881,-27.263836618115,-27.263836618115,45372.55407984257,1386.4238486062218,4.673983403981183e-20,3.169298841192881,25.336090594611925
5,CC-discharge,47,3636.3636363636365,42752.67984454108,3.08959379963575,-27.263836618115,-27.263836618115,45790.24916815571,932.9684570571754,4.673921573755911e-20,3.08959379963575,25.886875172755662
5,CC-discharge,48,3681.4914425543957,42797.80765073184,3.000009999999999,-27.263836618115,-27.263836618115,46049.43203429838,651.5960604499479,4.673879886988911e-20,3.000009999999999,26.228641043566444
5,CC-charge,0,3899.6732607362137,43015.989468913656,3.715964139954195,27.263836618115,27.263836618115,46049.43203429838,651.5960604499479,4.673879886988911e-20,3.715964139954195,0.0
5,CC-charge,1,3972.4005334634867,43088.71674164093,3.8208789482040384,27.263836618115,27.263836618115,45484.31708157543,1186.0936370360944,4.673863922201619e-20,3.8208789482040384,-0.0
5,CC-charge,2,4045.127806190759,43161.4440143682,3.867129262476621,27.263836618115,27.263836618115,45064.728021533076,1639.5759028231428,4.6738429509434484e-20,3.867129262476621,-0.0
5,CC-charge,3,4117.855078918032,43234.17128709548,3.9045069393001004,27.263836618115,27.263836618115,44646.99574948153,2093.031241396606,4.6738327026718297e-20,3.9045069393001004,-0.0
5,CC-charge,4,4190.582351645305,43306.89855982275,3.935738333911626,27.263836618115,27.263836618115,44229.30016639668,2546.48663333259,4.673829070787317e-20,3.935738333911626,-0.0
5,CC-charge,5,4263.309624372578,43379.625832550024,3.9617521934320186,27.263836618115,27.263836618115,43811.60507303823,2999.9420248769597,4.673826132060261e-20,3.9617521934320186,-0.0
5,CC-charge,6,4336.036897099851,43452.353105277296,3.9833204890196843,27.263836618115,27.263836618115,43393.90998478996,3453.3974164260444,4.673828486719747e-20,3.9833204890196843,-0.0
5,CC-charge,7,4408.764169827123,43525.08037800457,4.001184569428137,27.263836618115,27.263836618115,42976.214896477904,3906.8528079750354,4.673808445340224e-20,4.001184569428137,-0.0
5,CC-charge,8,4481.491442554396,43597.80765073184,4.016028125108851,27.263836618115,27.263836618115,42558.519808164645,4360.30819952402,4.673808928115393e-20,4.016028125108851,-0.0
5,CC-charge,9,4554.218715281669,43670.53492345911,4.028454511078864,27.263836618115,27.263836618115,42140.82471985086,4813.7635910729605,4.673788271051837e-20,4.028454511078864,-0.0
5,CC-charge,10,4626.945988008942,43743.262196186384,4.038979929215726,27.263836618115,27.263836618115,41723.12963153794,5267.218982621987,4.673799948645267e-20,4.038979929215726,-0.0
5,CC-charge,11,4699.673260736214,43815.989468913656,4.04803731194375,27.263836618115,27.263836618115,41305.43454322426,5720.674374170949,4.673797183529974e-20,4.04803731194375,-0.0
5,CC-charge,12,4772.400533463487,43888.71674164093,4.05598396467258,27.263836618115,27.263836618115,40887.73945491078,6174.129765719986,4.673803305841657e-20,4.05598396467258,-0.0
5,CC-charge,13,4845.12780619076,43961.4440143682,4.0631123346141615,27.263836618115,27.263836618115,40470.04436659782,6627.585157268888,4.673816324999884e-20,4.0631123346141615,-0.0
5,CC-charge,14,4917.855078918032,44034.17128709548,4.069659670747513,27.263836618115,27.263836618115,40052.34927828442,7081.040548817708,4.673809762814383e-20,4.069659670747513,-0.0
5,CC-charge,15,4990.582351645305,44106.89855982275,4.075817312911742,27.263836618115,27.263836618115,39634.65418997121,7534.495940366662,4.6738064664562596e-20,4.075817312911742,-0.0
5,CC-charge,16,5063.309624372578,44179.625832550024,4.081738675994055,27.263836618115,27.263836618115,39216.959101657965,7987.951331915538,4.673803271480275e-20,4.081738675994055,-0.0
5,CC-charge,17,5136.036897099851,44252.353105277296,4.08754672342836,27.263836618115,27.263836618115,38799.26401334454,8441.406723464324,4.6738025674899107e-20,4.08754672342836,-0.0
5,CC-charge,18,5208.764169827124,44325.08037800457,4.0933387183548575,27.263836618115,27.263836618115,38381.568925031184,8894.862115013404,4.673805044849541e-20,4.0933387183548575,-0.0
5,CC-charge,19,5281.491442554396,44397.80765073184,4.099192139895874,27.263836618115,27.263836618115,37963.87383671782,9348.317506562196,4.673804111722575e-20,4.099192139895874,-0.0
5,CC-charge,20,5354.218715281669,44470.53492345911,4.105167960564957,27.263836618115,27.263836618115,37546.178748404185,9801.772898111107,4.673803531050371e-20,4.105167960564957,-0.0
5,CC-charge,21,5426.945988008942,44543.262196186384,4.1113138669497,27.263836618115,27.263836618115,37128.483660090955,10255.228289659968,4.6738034602076264e-20,4.1113138669497,-0.0
5,CC-charge,22,5499.673260736214,44615.989468913656,4.117668543825649,27.263836618115,27.263836618115,36710.788571777906,10708.683681208893,4.6738033908871923e-20,4.117668543825649,-0.0
5,CC-charge,23,5572.400533463487,44688.71674164093,4.124260626721713,27.263836618115,27.263836618115,36293.09348346426,11162.139072757722,4.673800409845199e-20,4.124260626721713,-0.0
5,CC-charge,24,5645.12780619076,44761.4440143682,4.131113042583845,27.263836618115,27.263836618115,35875.39839515113,11615.594464306594,4.673800356818505e-20,4.131113042583845,-0.0
5,CC-charge,25,5717.855078918032,44834.17128709548,4.138243725468799,27.263836618115,27.263836618115,35457.70330683768,12069.049855856038,4.6738004350872564e-20,4.138243725468799,-0.0
5,CC-charge,26,5790.582351645306,44906.89855982275,4.145666758244419,27.263836618115,27.263836618115,35040.00821852458,12522.505247405074,4.673800662099438e-20,4.145666758244419,-0.0
5,CC-charge,27,5863.309624372578,44979.625832550024,4.153393329238596,27.263836618115,27.263836618115,34622.31313021089,12975.960638954415,4.673800722962022e-20,4.153393329238596,-0.0
5,CC-charge,28,5936.036897099851,45052.353105277296,4.161434420263128,27.263836618115,27.263836618115,34204.61804189757,13429.41603050347,4.6738007184360185e-20,4.161434420263128,-0.0
5,CC-charge,29,6008.764169827124,45125.08037800457,4.169794513728673,27.263836618115,27.263836618115,33786.92295358428,13882.871422052425,4.673800025114179e-20,4.169794513728673,-0.0
5,CC-charge,30,6081.491442554396,45197.80765073184,4.178481757696499,27.263836618115,27.263836618115,33369.22786527104,14336.3268136013,4.673798333980985e-20,4.178481757696499,-0.0
5,CC-charge,31,6154.218715281669,45270.53492345911,4.1875026728921325,27.263836618115,27.263836618115,32951.532776957894,14789.782205150284,4.673798925233303e-20,4.1875026728921325,-0.0
5,CC-charge,32,6226.945988008942,45343.262196186384,4.19686409327883,27.263836618115,27.263836618115,32533.837688644424,15243.237596698978,4.673802092529018e-20,4.19686409327883,-0.0
5,CC-charge,33,6250.647889132417,45366.96409730986,4.19999,27.263836618115,27.263836618115,32397.710383003556,15391.019225946839,4.673802094244964e-20,4.19999,-0.0
5,CV-charge,0,6468.829707314235,45585.145915491674,4.2,27.288413085616703,27.288413085616703,32397.710383003556,15391.019225946839,4.673802094244964e-20,4.2,0.0
5,CV-charge,1,6541.556980041508,45657.873188218946,4.2,24.205565907374716,24.205565907374716,31875.813003410192,15886.050323117195,5.908144041611571e-20,4.2,-0.0
5,CV-charge,2,6614.284252768781,45730.60046094622,4.199999999999999,22.258828455113587,22.258828455113587,31529.419734004594,16266.149563276995,6.321612915731286e-20,4.199999999999999,-0.0
5,CV-charge,3,6687.011525496053,45803.3277336735,4.2,20.558935470734937,20.558935470734937,31211.49366576751,16616.47107067947,1.0171332437763568e-19,4.2,-0.0
5,CV-charge,4,6759.738798223326,45876.05500640077,4.2,19.057338501207003,19.057338501207003,30916.705406985187,16941.099909907523,9.539885203259247e-20,4.2,-0.0
5,CV-charge,5,6832.466070950599,45948.78227912804,4.2,17.724802480528396,17.724802480528396,30642.649655655707,17242.698072252595,9.974772375373037e-20,4.2,-0.0
5,CV-charge,6,6905.193343677872,46021.50955185531,4.200000000000001,16.536272698123238,16.536272698123238,30387.079506540893,17523.782487137443,9.041745657552196e-20,4.200000000000001,-0.0
5,CV-charge,7,6977.920616405144,46094.236824582586,4.2,15.471057682209791,15.471057682209791,30148.064972112024,17786.512996565645,9.457940262517402e-20,4.2,-0.0
5,CV-charge,8,7050.647889132417,46166.96409730986,4.199999999999999,14.512030730098695,14.512030730098695,29923.9467111056,18032.74436446763,8.308811068573464e-20,4.199999999999999,-0.0
5,CV-charge,9,7123.37516185969,46239.69137003713,4.2,13.644919203927978,13.644919203927978,29713.289648623864,18264.07891934337,7.280132488884575e-20,4.2,-0.0
5,CV-charge,10,7196.102434586963,46312.4186427644,4.200000000000001,12.85777433582304,12.85777433582304,29514.847348939762,18481.906913521005,7.27062373166547e-20,4.200000000000001,-0.0
5,CV-charge,11,7268.829707314235,46385.145915491674,4.2,12.140539570211574,12.140539570211574,29327.532023014057,18687.44044957033,7.37645542292941e-20,4.2,-0.0
5,CV-charge,12,7341.556980041508,46457.873188218946,4.200000000000001,11.484655840797078,11.484655840797078,29150.377707525782,18881.754746960974,5.929455900715642e-20,4.200000000000001,-0.0
5,CV-charge,13,7414.284252768781,46530.60046094622,4.199999999999999,10.882918328460484,10.882918328460484,28982.551399494972,19065.7763713424,6.985753732580941e-20,4.199999999999999,-0.0
5,CV-charge,14,7487.011525496053,46603.3277336735,4.2,10.32912884268893,10.32912884268893,28823.306519418435,19240.335007932346,6.871038971777137e-20,4.2,-0.0
5,CV-charge,15,7559.738798223326,46676.05500640077,4.200000000000001,9.817554617288462,9.817554617288462,28671.85632947142,19406.30251199574,6.871875154019186e-20,4.200000000000001,-0.0
5,CV-charge,16,7632.466070950599,46748.78227912804,4.2,9.344050305103206,9.344050305103206,28527.735716784824,19564.196438370673,6.881165737657519e-20,4.2,-0.0
5,CV-charge,17,7705.193343677872,46821.50955185531,4.199999999999998,8.904630851962645,8.904630851962645,28390.414216285728,19714.605032483763,6.877335765439522e-20,4.199999999999998,-0.0
5,CV-charge,18,7777.920616405145,46894.236824582586,4.199999999999999,8.495838927423662,8.495838927423662,28259.415904852092,19858.055608605584,6.879315451951218e-20,4.199999999999999,-0.0
5,CV-charge,19,7850.647889132417,46966.96409730986,4.199999999999999,8.114651049667428,8.114651049667428,28134.311862937415,19995.02309875677,6.878977486113632e-20,4.199999999999999,-0.0
5,CV-charge,20,7923.37516185969,47039.69137003713,4.2,7.758419153245309,7.758419153245309,28014.71450207907,20125.936407389123,6.88599517349224e-20,4.2,-0.0
5,CV-charge,21,7996.102434586963,47112.4186427644,4.200000000000001,7.424814731559324,7.424814731559324,27900.272557577766,20251.18401774867,6.886528081466673e-20,4.200000000000001,-0.0
5,CV-charge,22,8068.829707314235,47185.145915491674,4.2,7.1117833789379565,7.1117833789379565,27790.666795443907,20371.11879405007,6.884360421949e-20,4.2,-0.0
5,CV-charge,23,8141.556980041508,47257.873188218946,4.2,6.817510603299711,6.817510603299711,27685.607722022025,20486.060564142455,6.888347283690906e-20,4.2,-0.0
5,CV-charge,24,8214.28425276878,47330.60046094622,4.200000000000001,6.540380752017305,6.540380752017305,27584.82921121029,20596.30319384571,6.891528385377125e-20,4.200000000000001,-0.0
5,CV-charge,25,8287.011525496053,47403.3277336735,4.2,6.27895593183675,6.27895593183675,27488.087798776964,20702.11538896107,6.890312880094399e-20,4.2,-0.0
5,CV-charge,26,8359.738798223327,47476.05500640077,4.200000000000001,6.031952222207178,6.031952222207178,27395.15999172017,20803.74370161707,6.890588475803612e-20,4.200000000000001,-0.0
5,CV-charge,27,8432.466070950599,47548.78227912804,4.2,5.798220134902496,5.798220134902496,27305.840169918487,20901.414867555566,6.921735697621653e-20,4.2,-0.0
5,CV-charge,28,8505.19334367787,47621.50955185531,4.2,5.576727923428815,5.576727923428815,27219.938750456917,20995.33785062072,6.899248357473793e-20,4.2,-0.0
5,CV-charge,29,8577.920616405145,47694.236824582586,4.2,5.366547273684898,5.366547273684898,27137.280575525016,21085.70563707454,6.92196693283087e-20,4.2,-0.0
5,CV-charge,30,8650.647889132417,47766.96409730986,4.2,5.166840995169486,5.166840995169486,27057.703492663357,21172.69681488159,6.939004301702624e-20,4.2,-0.0
5,CV-charge,31,8723.37516185969,47839.69137003713,4.2,4.976852398725656,4.976852398725656,26981.057100940645,21256.476967627503,6.966047943848617e-20,4.2,-0.0
5,CV-charge,32,8796.102434586963,47912.4186427644,4.199999999999999,4.795896100999943,4.795896100999943,26907.2016407078,21337.199908151815,6.967980173401007e-20,4.199999999999999,-0.0
5,CV-charge,33,8868.829707314235,47985.145915491674,4.2,4.623350039956388,4.623350039956388,26836.007007987857,21415.008773114703,6.975502411126511e-20,4.2,-0.0
5,CV-charge,34,8941.556980041507,48057.873188218946,4.2,4.458648521660037,4.458648521660037,26767.351877358542,21490.036996604762,6.957943585100939e-20,4.2,-0.0
5,CV-charge,35,9014.28425276878,48130.600460946225,4.199999999999999,4.3012761480146695,4.3012761480146695,26701.122919543086,21562.40917819534,6.956601660471452e-20,4.199999999999999,-0.0
5,CV-charge,36,9087.011525496053,48203.3277336735,4.2,4.150762499370452,4.150762499370452,26637.214101925576,21632.241858651647,6.957250886023707e-20,4.2,-0.0
5,CV-charge,37,9159.738798223327,48276.05500640077,4.199999999999999,4.006677465785391,4.006677465785391,26575.52606182836,21699.644214644457,6.972034410550305e-20,4.199999999999999,-0.0
5,CV-charge,38,9232.466070950599,48348.78227912804,4.200000000000001,3.868627137346923,3.868627137346923,26515.965543838996,21764.718682200397,6.984950333944238e-20,4.200000000000001,-0.0
5,CV-charge,39,9305.19334367787,48421.50955185531,4.199999999999999,3.7362501775853256,3.7362501775853256,26458.444893627067,21827.561517346432,6.983647863511945e-20,4.199999999999999,-0.0
5,CV-charge,40,9377.920616405145,48494.236824582586,4.2,3.609214615497535,3.609214615497535,26402.881601720594,21888.26330121615,6.999651892363067e-20,4.2,-0.0
5,CV-charge,41,9450.647889132417,48566.96409730986,4.2,3.487215001225668,3.487215001225668,26349.19789156616,21946.909395975043,7.008389891860072e-20,4.2,-0.0
5,CV-charge,42,9523.37516185969,48639.69137003713,4.2,3.369969878453131,3.369969878453131,26297.32034692959,22003.580357050258,7.007404053329137e-20,4.2,-0.0
5,CV-charge,43,9596.102434586963,48712.4186427644,4.2,3.257219533305072,3.257219533305072,26247.179574320657,22058.35230649746,7.007892266645881e-20,4.2,-0.0
5,CV-charge,44,9668.829707314235,48785.145915491674,4.200000000000001,3.1487239852412388,3.1487239852412388,26198.709896675948,22111.297271683678,7.00470943320828e-20,4.200000000000001,-0.0
5,CV-charge,45,9741.556980041507,48857.873188218946,4.199999999999999,3.044261190211145,3.044261190211145,26151.84907498182,22162.483492987805,7.000624676849854e-20,4.199999999999999,-0.0
5,CV-charge,46,9814.28425276878,48930.600460946225,4.200000000000001,2.943625430433275,2.943625430433275,26106.538054935856,22211.97570374873,6.997588439814269e-20,4.200000000000001,-0.0
5,CV-charge,47,9887.011525496053,49003.3277336735,4.2,2.8466258686147463,2.8466258686147463,26062.720736080275,22259.835385309467,7.000036148405293e-20,4.2,-0.0
5,CV-charge,48,9959.738798223327,49076.05500640077,4.2,2.753085247387108,2.753085247387108,26020.34376114774,22306.120999675146,6.99813784605833e-20,4.2,-0.0
5,CV-charge,49,9981.023617926498,49097.33982610394,4.199999999999999,2.7263936618115,2.7263936618115,26008.230967572435,22319.350867740824,6.997693779552407e-20,4.199999999999999,-0.0
6,CC-discharge,0,218.1818181818182,49315.521644285756,3.855194127996408,-27.263836618115,-27.263836618115,26008.230967572435,22319.350867740824,6.997693779552407e-20,3.855194127996408,0.0
6,CC-discharge,1,290.90909090909093,49388.24891701303,3.831177666868801,-27.263836618115,-27.263836618115,26573.350708730803,21784.85096054146,6.997688891789546e-20,3.831177666868801,0.5507845781437375
6,CC-discharge,2,363.6363636363637,49460.9761897403,3.814939233836284,-27.263836618115,-27.263836618115,26992.938585485965,21331.37102741749,6.997689795624837e-20,3.814939233836284,1.101569156287475
6,CC-discharge,3,436.3636363636364,49533.70346246758,3.799792754998356,-27.263836618115,-27.263836618115,27410.665115130756,20877.915685666703,6.997689812570706e-20,3.799792754998356,1.652353734431212
6,CC-discharge,4,509.0909090909091,49606.43073519485,3.785474166843749,-27.263836618115,-27.263836618115,27828.362635488967,20424.46029485001,6.997689961667114e-20,3.785474166843749,2.2031383125749495
6,CC-discharge,5,581.8181818181819,49679.158007922124,3.77182347060851,-27.263836618115,-27.263836618115,28246.057912755306,19971.00490331151,6.997689696910733e-20,3.77182347060851,2.753922890718687
6,CC-discharge,6,654.5454545454546,49751.885280649396,3.758735010468465,-27.263836618115,-27.263836618115,28663.753015820777,19517.549511762325,6.997689686263256e-20,3.758735010468465,3.3047074688624245
6,CC-discharge,7,727.2727272727274,49824.61255337667,3.7461157932528235,-27.263836618115,-27.263836618115,29081.44810529132,19064.0941202133,6.99768973502164e-20,3.7461157932528235,3.855492047006162
6,CC-discharge,8,800.0000000000001,49897.33982610394,3.7339094639320733,-27.263836618115,-27.263836618115,29499.143193695298,18610.638728663784,6.997689597949477e-20,3.7339094639320733,4.4062766251499
6,CC-discharge,9,872.7272727272727,49970.06709883121,3.722069013983373,-27.263836618115,-27.263836618115,29916.83828201525,18157.183337114548,6.997689724634582e-20,3.722069013983373,4.9570612032936365
6,CC-discharge,10,945.4545454545455,50042.794371558484,3.710558426528112,-27.263836618115,-27.263836618115,30334.533370328605,17703.727945564893,6.99768969679073e-20,3.710558426528112,5.507845781437374
6,CC-discharge,11,1018.1818181818182,50115.521644285756,3.6993498587959097,-27.263836618115,-27.263836618115,30752.228458641566,17250.272554015315,6.997689743410456e-20,3.6993498587959097,6.0586303595811115
6,CC-discharge,12,1090.909090909091,50188.24891701303,3.688421570936312,-27.263836618115,-27.263836618115,31169.92354695413,16796.817162465893,6.997689785767687e-20,3.688421570936312,6.609414937724849
6,CC-discharge,13,1163.6363636363637,50260.9761897403,3.6777563706463,-27.263836618115,-27.263836618115,31587.618635267147,16343.361770916734,6.997689704156144e-20,3.6777563706463,7.1601995158685865
6,CC-discharge,14,1236.3636363636365,50333.70346246758,3.6673404174433384,-27.263836618115,-27.263836618115,32005.313723579995,15889.906379366588,6.997689648878183e-20,3.6673404174433384,7.710984094012324
6,CC-discharge,15,1309.0909090909092,50406.43073519485,3.6571622783987983,-27.263836618115,-27.263836618115,32423.00881189276,15436.450987817145,6.997689709378016e-20,3.6571622783987983,8.261768672156062
6,CC-discharge,16,1381.818181818182,50479.158007922124,3.647212157359621,-27.263836618115,-27.263836618115,32840.70390020612,14982.995596268067,6.997689579288058e-20,3.647212157359621,8.8125532502998
6,CC-discharge,17,1454.5454545454547,50551.885280649396,3.6374812405829977,-27.263836618115,-27.263836618115,33258.39898851904,14529.540204718965,6.997689455808938e-20,3.6374812405829977,9.363337828443537
6,CC-discharge,18,1527.2727272727275,50624.61255337667,3.6279611142760415,-27.263836618115,-27.263836618115,33676.0940768318,14076.084813170282,6.997689636609456e-20,3.6279611142760415,9.914122406587275
6,CC-discharge,19,1600.0000000000002,50697.33982610394,3.6186432178738492,-27.263836618115,-27.263836618115,34093.789165144546,13622.629421620906,6.997689712710363e-20,3.6186432178738492,10.464906984731012
6,CC-discharge,20,1672.727272727273,50770.06709883121,3.60951830158419,-27.263836618115,-27.263836618115,34511.48425345803,13169.174030071757,6.997689691972996e-20,3.60951830158419,11.01569156287475
6,CC-discharge,21,1745.4545454545455,50842.794371558484,3.6005758597990565,-27.263836618115,-27.263836618115,34929.179341770534,12715.718638522325,6.997689682695951e-20,3.6005758597990565,11.566476141018486
6,CC-discharge,22,1818.1818181818182,50915.521644285756,3.5918035054563924,-27.263836618115,-27.263836618115,35346.874430082884,12262.263246973336,6.997689641529173e-20,3.5918035054563924,12.117260719162223
6,CC-discharge,23,1890.909090909091,50988.24891701303,3.5831856643145183,-27.263836618115,-27.263836618115,35764.56951839571,11808.807855424167,6.997689387387008e-20,3.5831856643145183,12.66804529730596
6,CC-discharge,24,1963.6363636363637,51060.9761897403,3.5747054437077592,-27.263836618115,-27.263836618115,36182.26460670914,11355.35246387488,6.997689360622997e-20,3.5747054437077592,13.218829875449698
6,CC-discharge,25,2036.3636363636365,51133.70346246758,3.5663390721826502,-27.263836618115,-27.263836618115,36599.95969502156,10901.89707232596,6.997689214113251e-20,3.5663390721826502,13.769614453593435
6,CC-discharge,26,2109.0909090909095,51206.43073519485,3.558058149665939,-27.263836618115,-27.263836618115,37017.65478333432,10448.44168077676,6.997689354001914e-20,3.558058149665939,14.320399031737175
6,CC-discharge,27,2181.818181818182,51279.158007922124,3.5498272450367794,-27.263836618115,-27.263836618115,37435.34987164707,9994.986289227636,6.99769144021185e-20,3.5498272450367794,14.87118360988091
6,CC-discharge,28,2254.545454545455,51351.885280649396,3.5416021073614923,-27.263836618115,-27.263836618115,37853.04495995934,9541.530897678307,6.997691376048238e-20,3.5416021073614923,15.42196818802465
6,CC-discharge,29,2327.2727272727275,51424.61255337667,3.5333273810311843,-27.263836618115,-27.263836618115,38270.74004827226,9088.075506129191,6.997685682626162e-20,3.5333273810311843,15.972752766168385
6,CC-discharge,30,2400.0,51497.33982610394,3.5249338999801587,-27.263836618115,-27.263836618115,38688.435136584754,8634.62011458012,6.997676789925353e-20,3.5249338999801587,16.52353734431212
6,CC-discharge,31,2472.727272727273,51570.06709883121,3.51633534946739,-27.263836618115,-27.263836618115,39106.13022489748,8181.164723031019,6.9976686720375e-20,3.51633534946739,17.07432192245586
6,CC-discharge,32,2545.4545454545455,51642.794371558484,3.507424459460136,-27.263836618115,-27.263836618115,39523.82531321024,7727.709331481815,6.997669174960499e-20,3.507424459460136,17.625106500599596
6,CC-discharge,33,2618.1818181818185,51715.521644285756,3.4980663027127017,-27.263836618115,-27.263836618115,39941.52040152336,7274.253939932715,6.997683558240359e-20,3.4980663027127017,18.175891078743334
6,CC-discharge,34,2690.909090909091,51788.24891701303,3.4880953396751684,-27.263836618115,-27.263836618115,40359.21548983606,6820.798548383715,6.997671254665946e-20,3.4880953396751684,18.72667565688707
6,CC-discharge,35,2763.636363636364,51860.97618974031,3.477304648872045,-27.263836618115,-27.263836618115,40776.91057814833,6367.343156834737,6.997668446872468e-20,3.477304648872045,19.27746023503081
6,CC-discharge,36,2836.3636363636365,51933.70346246758,3.4654384366217994,-27.263836618115,-27.263836618115,41194.60566646076,5913.8877652855535,6.997650130625781e-20,3.4654384366217994,19.828244813174546
6,CC-discharge,37,2909.0909090909095,52006.43073519485,3.452180897551424,-27.263836618115,-27.263836618115,41612.30075477374,5460.432373736529,6.997663203262299e-20,3.452180897551424,20.379029391318284
6,CC-discharge,38,2981.818181818182,52079.158007922124,3.437143526995999,-27.263836618115,-27.263836618115,42029.99584308676,5006.976982187323,6.997667176809348e-20,3.437143526995999,20.92981396946202
6,CC-discharge,39,3054.545454545455,52151.885280649396,3.419850643192064,-27.263836618115,-27.263836618115,42447.690931400175,4553.521590638213,6.997672251616699e-20,3.419850643192064,21.48059854760576
6,CC-discharge,40,3127.2727272727275,52224.61255337667,3.399723645632446,-27.263836618115,-27.263836618115,42865.38601971241,4100.066199089147,6.997668395211083e-20,3.399723645632446,22.031383125749496
6,CC-discharge,41,3200.0000000000005,52297.33982610394,3.376063985846436,-27.263836618115,-27.263836618115,43283.081108025086,3646.610807540077,6.997664260251681e-20,3.376063985846436,22.582167703893234
6,CC-discharge,42,3272.727272727273,52370.06709883121,3.3480390905674535,-27.263836618115,-27.263836618115,43700.776196338215,3193.1554159909665,6.997644142520819e-20,3.3480390905674535,23.13295228203697
6,CC-discharge,43,3345.454545454546,52442.794371558484,3.314666513941711,-27.263836618115,-27.263836618115,44118.471284650244,2739.7000244418523,6.997627128406057e-20,3.314666513941711,23.68373686018071
6,CC-discharge,44,3418.1818181818185,52515.521644285756,3.2747874849460628,-27.263836618115,-27.263836618115,44536.166372962536,2286.244632892829,6.997620828201276e-20,3.2747874849460628,24.234521438324446
6,CC-discharge,45,3490.909090909091,52588.24891701303,3.2269294833683486,-27.263836618115,-27.263836618115,44953.86146127557,1832.7892413438162,6.997583135914714e-20,3.2269294833683486,24.785306016468184
6,CC-discharge,46,3563.636363636364,52660.97618974031,3.168392013145045,-27.263836618115,-27.263836618115,45371.55654958835,1379.3338497947423,6.997525697191831e-20,3.168392013145045,25.336090594611925
6,CC-discharge,47,3636.3636363636365,52733.70346246758,3.0881039024161354,-27.263836618115,-27.263836618115,45789.25163790073,925.8784582457047,6.997427796600235e-20,3.0881039024161354,25.886875172755662
6,CC-discharge,48,3680.401687709904,52777.741513813846,3.000009999999999,-27.263836618115,-27.263836618115,46042.17570691052,651.3006957718794,6.997524692027118e-20,3.000009999999999,26.22038801633477
6,CC-charge,0,3898.583505891722,52995.92333199566,3.7159247303290153,27.263836618115,27.263836618115,46042.17570691052,651.3006957718794,6.997524692027118e-20,3.7159247303290153,0.0
6,CC-charge,1,3971.310778618995,53068.650604722934,3.8209113257273515,27.263836618115,27.263836618115,45477.06075404137,1185.7982725449144,6.99753942906741e-20,3.8209113257273515,-0.0
6,CC-charge,2,4044.0380513462674,53141.377877450206,3.867166924602035,27.263836618115,27.263836618115,45057.47170755109,1639.2805379909985,6.997507666532597e-20,3.867166924602035,-0.0
6,CC-charge,3,4116.76532407354,53214.105150177485,3.904547348334418,27.263836618115,27.263836618115,44639.739422316794,2092.7358767198434,6.997509728760831e-20,3.904547348334418,-0.0
6,CC-charge,4,4189.492596800813,53286.83242290476,3.935781639703728,27.263836618115,27.263836618115,44222.0438390139,2546.1912686545775,6.997524679821908e-20,3.935781639703728,-0.0
6,CC-charge,5,4262.219869528086,53359.55969563203,3.9617986419425284,27.263836618115,27.263836618115,43804.348745652416,2999.646660199024,6.997542724097754e-20,3.9617986419425284,-0.0
6,CC-charge,6,4334.947142255359,53432.2869683593,3.9833702019133246,27.263836618115,27.263836618115,43386.653657402705,3453.1020517481534,6.997532811929282e-20,3.9833702019133246,-0.0
6,CC-charge,7,4407.674414982631,53505.014241086574,4.001237583687322,27.263836618115,27.263836618115,42968.95856909043,3906.557443297133,6.997517930981735e-20,4.001237583687322,-0.0
6,CC-charge,8,4480.401687709904,53577.741513813846,4.016084437987209,27.263836618115,27.263836618115,42551.26348077751,4360.012834846153,6.997522524219282e-20,4.016084437987209,-0.0
6,CC-charge,9,4553.128960437177,53650.46878654112,4.028514107248828,27.263836618115,27.263836618115,42133.56839246469,4813.4682263951,6.99751953536377e-20,4.028514107248828,-0.0
6,CC-charge,10,4625.85623316445,53723.19605926839,4.0390427951680214,27.263836618115,27.263836618115,41715.87330415125,5266.923617944125,6.997522178453925e-20,4.0390427951680214,-0.0
6,CC-charge,11,4698.583505891722,53795.92333199566,4.048103441504714,27.263836618115,27.263836618115,41298.17821583804,5720.379009493183,6.997510214149707e-20,4.048103441504714,-0.0
6,CC-charge,12,4771.310778618995,53868.650604722934,4.056053361750329,27.263836618115,27.263836618115,40880.48312752422,6173.834401042061,6.997510352352467e-20,4.056053361750329,-0.0
6,CC-charge,13,4844.038051346268,53941.377877450206,4.06318501218372,27.263836618115,27.263836618115,40462.78803921079,6627.289792591118,6.997516962594115e-20,4.06318501218372,-0.0
6,CC-charge,14,4916.76532407354,54014.105150177485,4.069735649630243,27.263836618115,27.263836618115,40045.09295089711,7080.745184139793,6.997515533745646e-20,4.069735649630243,-0.0
6,CC-charge,15,4989.492596800813,54086.83242290476,4.0758966200684625,27.263836618115,27.263836618115,39627.39786258397,7534.2005756886365,6.997518062294548e-20,4.0758966200684625,-0.0
6,CC-charge,16,5062.219869528086,54159.55969563203,4.081821342745597,27.263836618115,27.263836618115,39209.70277427055,7987.655967237357,6.997516995679388e-20,4.081821342745597,-0.0
6,CC-charge,17,5134.947142255359,54232.2869683593,4.087632784288265,27.263836618115,27.263836618115,38792.0076859572,8441.111358786085,6.997516011809238e-20,4.087632784288265,-0.0
6,CC-charge,18,5207.674414982632,54305.014241086574,4.093428209412625,27.263836618115,27.263836618115,38374.312597643955,8894.566750335078,6.997518135486054e-20,4.093428209412625,-0.0
6,CC-charge,19,5280.401687709904,54377.741513813846,4.099285097962593,27.263836618115,27.263836618115,37956.61750933024,9348.022141884043,6.99751547309368e-20,4.099285097962593,-0.0
6,CC-charge,20,5353.128960437177,54450.46878654112,4.10526442271441,27.263836618115,27.263836618115,37538.922421017094,9801.477533432924,6.99751648164224e-20,4.10526442271441,-0.0
6,CC-charge,21,5425.85623316445,54523.19605926839,4.111413869644878,27.263836618115,27.263836618115,37121.227332703675,10254.932924981716,6.997516454912094e-20,4.111413869644878,-0.0
6,CC-charge,22,5498.583505891722,54595.92333199566,4.117772124325117,27.263836618115,27.263836618115,36703.53224439015,10708.388316530432,6.997516436359984e-20,4.117772124325117,-0.0
6,CC-charge,23,5571.310778618995,54668.650604722934,4.124367821692042,27.263836618115,27.263836618115,36285.837156077505,11161.843708079155,6.997517118393404e-20,4.124367821692042,-0.0
6,CC-charge,24,5644.038051346268,54741.377877450206,4.131223889118548,27.263836618115,27.263836618115,35868.14206776383,11615.299099628672,6.997517193919697e-20,4.131223889118548,-0.0
6,CC-charge,25,5716.76532407354,54814.105150177485,4.138358262005687,27.263836618115,27.263836618115,35450.44697945025,12068.7544911775,6.997517367429955e-20,4.138358262005687,-0.0
6,CC-charge,26,5789.492596800814,54886.83242290476,4.145785025613547,27.263836618115,27.263836618115,35032.75189113725,12522.209882726434,6.997517375142425e-20,4.145785025613547,-0.0
6,CC-charge,27,5862.219869528086,54959.55969563203,4.153515372162612,27.263836618115,27.263836618115,34615.05680282382,12975.665274275258,6.997517200136915e-20,4.153515372162612,-0.0
6,CC-charge,28,5934.947142255359,55032.2869683593,4.161560288815991,27.263836618115,27.263836618115,34197.36171451061,13429.12066582365,6.99751725360372e-20,4.161560288815991,-0.0
6,CC-charge,29,6007.674414982632,55105.014241086574,4.1699242671898515,27.263836618115,27.263836618115,33779.66662619761,13882.576057372573,6.997518241267548e-20,4.1699242671898515,-0.0
6,CC-charge,30,6080.401687709904,55177.741513813846,4.178615466147104,27.263836618115,27.263836618115,33361.971537884136,14336.031448921436,6.997517719513607e-20,4.178615466147104,-0.0
6,CC-charge,31,6153.128960437177,55250.46878654112,4.1876404213531275,27.263836618115,27.263836618115,32944.27644957086,14789.486840470183,6.997516806951389e-20,4.1876404213531275,-0.0
6,CC-charge,32,6225.85623316445,55323.19605926839,4.197005986514989,27.263836618115,27.263836618115,32526.581361257962,15242.942232018717,6.997515509375412e-20,4.197005986514989,-0.0
6,CC-charge,33,6248.47597807034,55345.81580417428,4.19999,27.263836618115,27.263836618115,32396.669211499237,15383.97660466048,6.997515511851005e-20,4.19999,-0.0
6,CV-charge,0,6466.657796252158,55563.997622356095,4.2,27.288496453678977,27.288496453678977,32396.669211499237,15383.97660466048,6.997515511851005e-20,4.2,0.0
6,CV-charge,1,6539.385068979431,55636.72489508337,4.199999999999999,24.205841490972617,24.205841490972617,31874.76747999903,15879.011724603886,7.779141967521066e-20,4.199999999999999,-0.0
6,CV-charge,2,6612.112341706704,55709.45216781064,4.200000000000001,22.25922303606627,22.25922303606627,31528.368305098593,16259.117019936233,8.067783052332812e-20,4.200000000000001,-0.0
6,CV-charge,3,6684.839614433976,55782.17944053792,4.2,20.559405268268495,20.559405268268495,31210.43480562472,16609.446305785965,7.688801779526737e-20,4.2,-0.0
6,CV-charge,4,6757.566887161249,55854.90671326519,4.2,19.05785419594637,19.05785419594637,30915.638650385434,16934.083559657538,7.190858212174845e-20,4.2,-0.0
6,CV-charge,5,6830.294159888522,55927.63398599246,4.200000000000001,17.72534157741502,17.72534157741502,30641.574563105973,17235.690687648377,7.073245508049279e-20,4.200000000000001,-0.0
6,CV-charge,6,6903.021432615795,56000.361258719735,4.199999999999999,16.53681929143021,16.53681929143021,30385.995954363152,17516.784253409896,7.213822623869033e-20,4.199999999999999,-0.0
6,CV-charge,7,6975.748705343067,56073.08853144701,4.199999999999999,15.471600241776601,15.471600241776601,30146.973007389133,17779.523899776315,7.032143846401757e-20,4.199999999999999,-0.0
6,CV-charge,8,7048.47597807034,56145.81580417428,4.200000000000001,14.512561123220554,14.512561123220554,29922.846514855555,18025.764234574053,7.375303799187277e-20,4.200000000000001,-0.0
6,CV-charge,9,7121.203250797613,56218.54307690155,4.200000000000001,13.645431630073977,13.645431630073977,29712.1814912752,18257.107481603263,6.567397020069788e-20,4.200000000000001,-0.0
6,CV-charge,10,7193.930523524885,56291.27034962882,4.200000000000001,12.858264682537197,12.858264682537197,29513.731548717547,18474.943836081744,6.65641402344002e-20,4.200000000000001,-0.0
6,CV-charge,11,7266.657796252158,56363.997622356095,4.200000000000001,12.14100508028222,12.14100508028222,29326.408959055123,18680.48532971757,7.081924631203652e-20,4.200000000000001,-0.0
6,CV-charge,12,7339.385068979431,56436.72489508337,4.2,11.485094713997755,11.485094713997755,29149.247786498556,18874.807149295855,8.168948859166392e-20,4.2,-0.0
6,CV-charge,13,7412.112341706704,56509.45216781064,4.200000000000001,10.88292457502316,10.88292457502316,28981.300354014387,19058.961645943848,8.414076216246462e-20,4.200000000000001,-0.0
6,CV-charge,14,7484.839614433977,56582.17944053792,4.199999999999999,10.328726265374074,10.328726265374074,28821.935048746014,19233.652272663843,8.375214384792421e-20,4.199999999999999,-0.0
6,CV-charge,15,7557.566887161249,56654.90671326519,4.2,9.817183056608522,9.817183056608522,28670.49050820457,19399.613458350206,8.376139524044041e-20,4.2,-0.0
6,CV-charge,16,7630.294159888522,56727.63398599246,4.2,9.343703475503743,9.343703475503743,28526.37525441855,19557.501491768115,8.388577975247376e-20,4.2,-0.0
6,CV-charge,17,7703.021432615795,56800.361258719735,4.2,8.904303510914595,8.904303510914595,28389.058803641165,19707.90454219869,8.390158204883051e-20,4.2,-0.0
6,CV-charge,18,7775.748705343067,56873.08853144701,4.199999999999999,8.495526673238707,8.495526673238707,28258.065303975316,19851.349846692425,8.392106150084492e-20,4.199999999999999,-0.0
6,CV-charge,19,7848.47597807034,56945.81580417428,4.199999999999999,8.114350187039578,8.114350187039578,28132.965893472192,19988.312272482195,8.392052450220315e-20,4.199999999999999,-0.0
6,CV-charge,20,7921.203250797613,57018.54307690155,4.200000000000001,7.758126567790636,7.758126567790636,28013.373032277665,20119.220669441205,8.399318074763308e-20,4.200000000000001,-0.0
6,CV-charge,21,7993.930523524885,57091.27034962882,4.199999999999999,7.4245277929083615,7.4245277929083615,27898.93549671872,20244.463474771084,8.398981832122334e-20,4.199999999999999,-0.0
6,CV-charge,22,8066.657796252158,57163.997622356095,4.2,7.111499861828505,7.111499861828505,27789.334087486473,20364.393513773975,8.402756616446643e-20,4.2,-0.0
6,CV-charge,23,8139.385068979431,57236.72489508337,4.2,6.817228607877739,6.817228607877739,27684.27933476699,20479.330587465403,8.401026318075515e-20,4.2,-0.0
6,CV-charge,24,8212.112341706703,57309.45216781064,4.199999999999999,6.540098681546157,6.540098681546157,27583.505142705675,20589.568527789652,8.400131917145637e-20,4.199999999999999,-0.0
6,CV-charge,25,8284.839614433977,57382.17944053792,4.2,6.278672433919171,6.278672433919171,27486.768068333808,20695.37601675598,8.397608855538881e-20,4.2,-0.0
6,CV-charge,26,8357.566887161249,57454.90671326519,4.199999999999999,6.031666152255412,6.031666152255412,27393.844636575355,20796.999586385075,8.39460825984527e-20,4.199999999999999,-0.0
6,CV-charge,27,8430.294159888523,57527.63398599246,4.2,5.797930525955819,5.797930525955819,27304.52924246406,20894.665955416454,8.403000206946736e-20,4.2,-0.0
6,CV-charge,28,8503.021432615795,57600.361258719735,4.200000000000001,5.576433960943847,5.576433960943847,27218.632315857543,20988.58407336013,8.431412161727691e-20,4.200000000000001,-0.0
6,CV-charge,29,8575.748705343067,57673.08853144701,4.199999999999999,5.3662482744204345,5.3662482744204345,27135.97870966565,21078.94691443399,8.448612779869584e-20,4.199999999999999,-0.0
6,CV-charge,30,8648.475978070339,57745.81580417428,4.199999999999999,5.166536389444322,5.166536389444322,27056.406280376006,21165.93305653793,8.47012553023389e-20,4.199999999999999,-0.0
6,CV-charge,31,8721.203250797613,57818.54307690155,4.200000000000001,4.976541715463524,4.976541715463524,26979.764634466002,21249.708074913506,8.459126672676759e-20,4.200000000000001,-0.0
6,CV-charge,32,8793.930523524885,57891.27034962882,4.200000000000001,4.795578955089605,4.795578955089605,26905.91401835501,21330.42577554745,8.471670427016762e-20,4.200000000000001,-0.0
6,CV-charge,33,8866.657796252159,57963.997622356095,4.200000000000001,4.6230261215288015,4.6230261215288015,26834.72433296016,21408.22928955396,8.471941215787397e-20,4.200000000000001,-0.0
6,CV-charge,34,8939.38506897943,58036.72489508337,4.2,4.458317586975083,4.458317586975083,26766.074256722415,21483.252046625425,8.483064867072215e-20,4.2,-0.0
6,CV-charge,35,9012.112341706703,58109.45216781064,4.2,4.30093801169463,4.30093801169463,26699.85046332089,21555.61864294782,8.484163254917034e-20,4.2,-0.0
6,CV-charge,36,9084.839614433977,58182.17944053792,4.200000000000001,4.150417027758412,4.150417027758412,26635.946922289742,21625.445616794506,8.498296575473718e-20,4.200000000000001,-0.0
6,CV-charge,37,9157.566887161249,58254.90671326519,4.2,4.006324571251553,4.006324571251553,26574.26427238485,21692.842143137863,8.490430889168592e-20,4.2,-0.0
6,CV-charge,38,9230.294159888523,58327.63398599246,4.2,3.8682667733943714,3.8682667733943714,26514.709258987983,21757.91065701831,8.480044115679156e-20,4.2,-0.0
6,CV-charge,39,9303.021432615795,58400.361258719735,4.199999999999999,3.7358823346307535,3.7358823346307535,26457.1942279895,21820.74741410799,8.477588404758486e-20,4.199999999999999,-0.0
6,CV-charge,40,9375.748705343067,58473.08853144701,4.2,3.6088393172157103,3.6088393172157103,26401.636669620635,21881.442995761932,8.472700077787927e-20,4.2,-0.0
6,CV-charge,41,9448.47597807034,58545.81580417428,4.200000000000001,3.486832301382393,3.486832301382393,26347.958806566974,21940.082764881456,8.473098489342996e-20,4.200000000000001,-0.0
6,CV-charge,42,9521.203250797613,58618.54307690155,4.199999999999998,3.3695798581297867,3.3695798581297867,26296.08722140526,21996.747278100473,8.467233115791381e-20,4.199999999999998,-0.0
6,CV-charge,43,9593.930523524887,58691.27034962882,4.2,3.2568222984767123,3.2568222984767123,26245.952519073267,22051.51265910574,8.468980807848411e-20,4.2,-0.0
6,CV-charge,44,9666.657796252159,58763.997622356095,4.2,3.148319664635351,3.148319664635351,26197.489020580564,22104.45093728667,8.4708731750871e-20,4.2,-0.0
6,CV-charge,45,9739.38506897943,58836.72489508337,4.199999999999999,3.043849933412286,3.043849933412286,26150.634484664846,22155.630355400208,8.469069522011918e-20,4.199999999999999,-0.0
6,CV-charge,46,9812.112341706703,58909.45216781064,4.199999999999999,2.9432074061863345,2.9432074061863345,26105.329854477022,22205.115649491014,8.465070287775648e-20,4.199999999999999,-0.0
6,CV-charge,47,9884.839614433977,58982.17944053792,4.2,2.8462012633041796,2.8462012633041796,26061.51902674114,22252.96830390973,8.464832629388186e-20,4.2,-0.0
6,CV-charge,48,9957.566887161249,59054.90671326519,4.2,2.7526542636457614,2.7526542636457614,26019.14864111736,22299.246783948067,8.463196718323371e-20,4.2,-0.0
6,CV-charge,49,9978.505086678033,59075.84491278197,4.2,2.7263936618115,2.7263936618115,26007.23420087245,22312.260024373816,8.463138099690791e-20,4.2,-0.0
7,CC-discharge,0,218.1818181818182,59294.026730963786,3.8552162633266627,-27.263836618115,-27.263836618115,26007.23420087245,22312.260024373816,8.463138099690791e-20,3.8552162633266627,0.0
7,CC-discharge,1,290.90909090909093,59366.75400369106,3.831193840536546,-27.263836618115,-27.263836618115,26572.353936302276,21777.7601232797,8.463140694304266e-20,3.831193840536546,0.5507845781437375
7,CC-discharge,2,363.6363636363637,59439.48127641833,3.8149521518853664,-27.263836618115,-27.263836618115,26991.94180548593,21324.280184135652,8.46314229881073e-20,3.8149521518853664,1.101569156287475
7,CC-discharge,3,436.3636363636364,59512.20854914561,3.799803114307027,-27.263836618115,-27.263836618115,27409.668347101095,20870.824842300528,8.463142249682534e-20,3.799803114307027,1.652353734431212
7,CC-discharge,4,509.0909090909091,59584.93582187288,3.7854825141822994,-27.263836618115,-27.263836618115,27827.365868661294,20417.369451483482,8.463142246192614e-20,3.7854825141822994,2.2031383125749495
7,CC-discharge,5,581.8181818181819,59657.66309460015,3.771830198751898,-27.263836618115,-27.263836618115,28245.061146043317,19963.914059944615,8.463142367778998e-20,3.771830198751898,2.753922890718687
7,CC-discharge,6,654.5454545454546,59730.390367327425,3.7587404374129054,-27.263836618115,-27.263836618115,28662.756249119047,19510.458668395535,8.463142362116412e-20,3.7587404374129054,3.3047074688624245
7,CC-discharge,7,727.2727272727274,59803.1176400547,3.7461201380574063,-27.263836618115,-27.263836618115,29080.45133859115,19057.003276846015,8.463142412035162e-20,3.7461201380574063,3.855492047006162
7,CC-discharge,8,800.0000000000001,59875.84491278197,3.7339129135882856,-27.263836618115,-27.263836618115,29498.14642699581,18603.547885296444,8.463142481322374e-20,3.7339129135882856,4.4062766251499
7,CC-discharge,9,872.7272727272727,59948.57218550924,3.722071717763645,-27.263836618115,-27.263836618115,29915.841515315653,18150.09249374747,8.463142416655902e-20,3.722071717763645,4.9570612032936365
7,CC-discharge,10,945.4545454545455,60021.29945823651,3.710560504230291,-27.263836618115,-27.263836618115,30333.536603629207,17696.637102198292,8.46314241072877e-20,3.710560504230291,5.507845781437374
7,CC-discharge,11,1018.1818181818182,60094.026730963786,3.699351406551369,-27.263836618115,-27.263836618115,30751.23169194189,17243.181710649194,8.463142299338417e-20,3.699351406551369,6.0586303595811115
7,CC-discharge,12,1090.909090909091,60166.75400369106,3.688422665262955,-27.263836618115,-27.263836618115,31168.926780255257,16789.72631910008,8.463142303645355e-20,3.688422665262955,6.609414937724849
7,CC-discharge,13,1163.6363636363637,60239.48127641833,3.6777570710411944,-27.263836618115,-27.263836618115,31586.621868568087,16336.270927550988,8.46314224770335e-20,3.6777570710411944,7.1601995158685865
7,CC-discharge,14,1236.3636363636365,60312.20854914561,3.6673407680987435,-27.263836618115,-27.263836618115,32004.31695688114,15882.815536001477,8.46314212080487e-20,3.6673407680987435,7.710984094012324
7,CC-discharge,15,1309.0909090909092,60384.93582187288,3.6571623087691982,-27.263836618115,-27.263836618115,32422.0120451941,15429.360144452003,8.463142223429718e-20,3.6571623087691982,8.261768672156062
7,CC-discharge,16,1381.818181818182,60457.66309460015,3.6472118819720927,-27.263836618115,-27.263836618115,32839.70713350678,14975.904752902494,8.463142289175899e-20,3.6472118819720927,8.8125532502998
7,CC-discharge,17,1454.5454545454547,60530.390367327425,3.6374806579711008,-27.263836618115,-27.263836618115,33257.40222181949,14522.449361353547,8.463142300903613e-20,3.6374806579711008,9.363337828443537
7,CC-discharge,18,1527.2727272727275,60603.1176400547,3.6279602050098543,-27.263836618115,-27.263836618115,33675.09731013242,14068.993969804564,8.463142361784787e-20,3.6279602050098543,9.914122406587275
7,CC-discharge,19,1600.0000000000002,60675.84491278197,3.6186419415837605,-27.263836618115,-27.263836618115,34092.792398444944,13615.538578255218,8.463142337261608e-20,3.6186419415837605,10.464906984731012
7,CC-discharge,20,1672.727272727273,60748.57218550924,3.609516592820651,-27.263836618115,-27.263836618115,34510.48748675769,13162.083186706242,8.463142405994673e-20,3.609516592820651,11.01569156287475
7,CC-discharge,21,1745.4545454545455,60821.29945823651,3.6005736225147578,-27.263836618115,-27.263836618115,34928.18257507074,12708.627795156928,8.463142367295361e-20,3.6005736225147578,11.566476141018486
7,CC-discharge,22,1818.1818181818182,60894.026730963786,3.5918006057996528,-27.263836618115,-27.263836618115,35345.877663383726,12255.172403607163,8.46314235374696e-20,3.5918006057996528,12.117260719162223
7,CC-discharge,23,1890.909090909091,60966.75400369106,3.5831819263067173,-27.263836618115,-27.263836618115,35763.57275169603,11801.717012058023,8.463142246715761e-20,3.5831819263067173,12.66804529730596
7,CC-discharge,24,1963.6363636363637,61039.48127641833,3.574700621633493,-27.263836618115,-27.263836618115,36181.26784000901,11348.261620508805,8.46314231944154e-20,3.574700621633493,13.218829875449698
7,CC-discharge,25,2036.3636363636365,61112.20854914561,3.566332852472951,-27.263836618115,-27.263836618115,36598.96292832204,10894.806228959882,8.463142245600307e-20,3.566332852472951,13.769614453593435
7,CC-discharge,26,2109.0909090909095,61184.93582187288,3.558050126856725,-27.263836618115,-27.263836618115,37016.6580166342,10441.35083741031,8.463142260935514e-20,3.558050126856725,14.320399031737175
7,CC-discharge,27,2181.818181818182,61257.66309460015,3.5498168986483467,-27.263836618115,-27.263836618115,37434.35310494699,9987.895445860984,8.463135893944355e-20,3.5498168986483467,14.87118360988091
7,CC-discharge,28,2254.545454545455,61330.390367327425,3.5415887722134887,-27.263836618115,-27.263836618115,37852.04819325983,9534.440054311903,8.463131609652805e-20,3.5415887722134887,15.42196818802465
7,CC-discharge,29,2327.2727272727275,61403.1176400547,3.5333102099625613,-27.263836618115,-27.263836618115,38269.74328157258,9080.98466276286,8.463131948578607e-20,3.5333102099625613,15.972752766168385
7,CC-discharge,30,2400.0,61475.84491278197,3.5249118194736417,-27.263836618115,-27.263836618115,38687.4383698854,8627.529271213605,8.46313350166989e-20,3.5249118194736417,16.52353734431212
7,CC-discharge,31,2472.727272727273,61548.57218550924,3.516307003736876,-27.263836618115,-27.263836618115,39105.13345819819,8174.073879664203,8.463129931291793e-20,3.516307003736876,17.07432192245586
7,CC-discharge,32,2545.4545454545455,61621.29945823651,3.507388134370749,-27.263836618115,-27.263836618115,39522.828546511155,7720.618488114993,8.463130752789418e-20,3.507388134370749,17.625106500599596
7,CC-discharge,33,2618.1818181818185,61694.026730963786,3.4980198684736994,-27.263836618115,-27.263836618115,39940.523634824036,7267.163096565876,8.463142719649158e-20,3.4980198684736994,18.175891078743334
7,CC-discharge,34,2690.909090909091,61766.75400369106,3.4880361090844048,-27.263836618115,-27.263836618115,40358.21872313679,6813.707705016678,8.463136466481733e-20,3.4880361090844048,18.72667565688707
7,CC-discharge,35,2763.636363636364,61839.48127641833,3.4772292740562047,-27.263836618115,-27.263836618115,40775.913811449245,6360.252313467647,8.463153734429974e-20,3.4772292740562047,19.27746023503081
7,CC-discharge,36,2836.3636363636365,61912.20854914561,3.4653427560924914,-27.263836618115,-27.263836618115,41193.60889976152,5906.796921918497,8.463152383750457e-20,3.4653427560924914,19.828244813174546
7,CC-discharge,37,2909.0909090909095,61984.93582187288,3.4520597578293906,-27.263836618115,-27.263836618115,41611.30398807429,5453.341530369411,8.463161553554824e-20,3.4520597578293906,20.379029391318284
7,CC-discharge,38,2981.818181818182,62057.66309460015,3.4369905778401346,-27.263836618115,-27.263836618115,42028.999076387125,4999.886138820375,8.463142943392446e-20,3.4369905778401346,20.92981396946202
7,CC-discharge,39,3054.545454545455,62130.390367327425,3.419658109000989,-27.263836618115,-27.263836618115,42446.69416469874,4546.430747271291,8.463140953288604e-20,3.419658109000989,21.48059854760576
7,CC-discharge,40,3127.2727272727275,62203.1176400547,3.3994820775556787,-27.263836618115,-27.263836618115,42864.38925301131,4092.97535572216,8.46314326889573e-20,3.3994820775556787,22.031383125749496
7,CC-discharge,41,3200.0000000000005,62275.84491278197,3.3757620514804647,-27.263836618115,-27.263836618115,43282.08434132456,3639.519964172997,8.463144368068815e-20,3.3757620514804647,22.582167703893234
7,CC-discharge,42,3272.727272727273,62348.57218550924,3.3476633323667815,-27.263836618115,-27.263836618115,43699.779429637216,3186.0645726238686,8.463138006559557e-20,3.3476633323667815,23.13295228203697
7,CC-discharge,43,3345.454545454546,62421.29945823651,3.3142011545713657,-27.263836618115,-27.263836618115,44117.4745179501,2732.6091810748417,8.463215674962381e-20,3.3142011545713657,23.68373686018071
7,CC-discharge,44,3418.1818181818185,62494.026730963786,3.2742136674620594,-27.263836618115,-27.263836618115,44535.16960626334,2279.153789525709,8.463271896211007e-20,3.2742136674620594,24.234521438324446
7,CC-discharge,45,3490.909090909091,62566.75400369106,3.2262204770319154,-27.263836618115,-27.263836618115,44952.86469457498,1825.6983979766244,8.46323730185152e-20,3.2262204770319154,24.785306016468184
7,CC-discharge,46,3563.636363636364,62639.48127641833,3.1674806631613364,-27.263836618115,-27.263836618115,45370.55978288813,1372.2430064276382,8.463312563823374e-20,3.1674806631613364,25.336090594611925
7,CC-discharge,47,3636.3636363636365,62712.20854914561,3.086594242397438,-27.263836618115,-27.263836618115,45788.2548712007,918.7876148785908,8.463375292894472e-20,3.086594242397438,25.886875172755662
7,CC-discharge,48,3679.30861715776,62755.15352993973,3.00001,-27.263836618115,-27.263836618115,46034.90109994987,651.0251600139444,8.463456436019576e-20,3.00001,26.212109878294292
7,CC-charge,0,3897.490435339578,62973.335348121545,3.7158926952605524,27.263836618115,27.263836618115,46034.90109994987,651.0251600139444,8.463456436019576e-20,3.7158926952605524,0.0
7,CC-charge,1,3970.217708066851,63046.06262084882,3.8209459781470456,27.263836618115,27.263836618115,45469.78614695547,1185.522736950287,8.463463794468111e-20,3.8209459781470456,-0.0
7,CC-charge,2,4042.9449807941237,63118.78989357609,3.8672063371710843,27.263836618115,27.263836618115,45050.19711311478,1639.0050020889137,8.463450753744615e-20,3.8672063371710843,-0.0
7,CC-charge,3,4115.672253521397,63191.51716630337,3.904589226768396,27.263836618115,27.263836618115,44632.464815561514,2092.4603409630913,8.463465660001428e-20,3.904589226768396,-0.0
7,CC-charge,4,4188.39952624867,63264.24443903064,3.935826183728183,27.263836618115,27.263836618115,44214.76923205488,2545.9157328966767,8.463485370570504e-20,3.935826183728183,-0.0
7,CC-charge,5,4261.126798975942,63336.97171175791,3.9618461293278395,27.263836618115,27.263836618115,43797.07413868884,2999.371124441084,8.463483992877394e-20,3.9618461293278395,-0.0
7,CC-charge,6,4333.854071703215,63409.698984485185,3.983420785393834,27.263836618115,27.263836618115,43379.37905043949,3452.826515990218,8.463482482394224e-20,3.983420785393834,-0.0
7,CC-charge,7,4406.581344430488,63482.42625721246,4.001291329975016,27.263836618115,27.263836618115,42961.68396212719,3906.281907539091,8.463495352677462e-20,4.001291329975016,-0.0
7,CC-charge,8,4479.308617157761,63555.15352993973,4.016141371251496,27.263836618115,27.263836618115,42543.98887381407,4359.737299088086,8.463495864054752e-20,4.016141371251496,-0.0
7,CC-charge,9,4552.035889885033,63627.880802667,4.028574235590283,27.263836618115,27.263836618115,42126.293785500944,4813.192690637034,8.463490541833425e-20,4.028574235590283,-0.0
7,CC-charge,10,4624.763162612306,63700.60807539427,4.039106124915001,27.263836618115,27.263836618115,41708.59869718741,5266.648082186017,8.463502588896764e-20,4.039106124915001,-0.0
7,CC-charge,11,4697.490435339579,63773.335348121545,4.04816998301508,27.263836618115,27.263836618115,41290.90360887391,5720.103473734945,8.463492041704668e-20,4.04816998301508,-0.0
7,CC-charge,12,4770.217708066852,63846.06262084882,4.056123132483615,27.263836618115,27.263836618115,40873.208520560554,6173.558865283938,8.46349410861823e-20,4.056123132483615,-0.0
7,CC-charge,13,4842.944980794124,63918.78989357609,4.063258036147064,27.263836618115,27.263836618115,40455.513432247426,6627.014256832903,8.463502742748419e-20,4.063258036147064,-0.0
7,CC-charge,14,4915.672253521397,63991.51716630337,4.069811956552727,27.263836618115,27.263836618115,40037.81834393404,7080.469648381894,8.463497472536793e-20,4.069811956552727,-0.0
7,CC-charge,15,4988.39952624867,64064.24443903064,4.075976244059104,27.263836618115,27.263836618115,39620.12325562096,7533.925039930729,8.463496681017713e-20,4.075976244059104,-0.0
7,CC-charge,16,5061.126798975942,64136.97171175791,4.08190432083718,27.263836618115,27.263836618115,39202.42816730768,7987.380431479574,8.463494796211645e-20,4.08190432083718,-0.0
7,CC-charge,17,5133.854071703215,64209.698984485185,4.087719155516443,27.263836618115,27.263836618115,38784.733078994395,8440.83582302848,8.46349332013971e-20,4.087719155516443,-0.0
7,CC-charge,18,5206.581344430488,64282.42625721246,4.093518013448721,27.263836618115,27.263836618115,38367.03799068108,8894.291214577304,8.463499064521584e-20,4.093518013448721,-0.0
7,CC-charge,19,5279.308617157761,64355.15352993973,4.099378374453378,27.263836618115,27.263836618115,37949.34290236732,9347.746606126242,8.46349971500616e-20,4.099378374453378,-0.0
7,CC-charge,20,5352.035889885034,64427.880802667,4.105361210945164,27.263836618115,27.263836618115,37531.64781405421,9801.201997675256,8.463499656330731e-20,4.105361210945164,-0.0
7,CC-charge,21,5424.763162612306,64500.60807539427,4.111514207827657,27.263836618115,27.263836618115,37113.95272574095,10254.657389223947,8.463499732343436e-20,4.111514207827657,-0.0
7,CC-charge,22,5497.490435339579,64573.335348121545,4.1178760510574035,27.263836618115,27.263836618115,36696.25763742731,10708.112780772903,8.463499762508241e-20,4.1178760510574035,-0.0
7,CC-charge,23,5570.217708066852,64646.06262084882,4.124475374702088,27.263836618115,27.263836618115,36278.56254911398,11161.56817232205,8.463500815107948e-20,4.124475374702088,-0.0
7,CC-charge,24,5642.944980794124,64718.78989357609,4.131335106343185,27.263836618115,27.263836618115,35860.867460800684,11615.023563871071,8.463500885704304e-20,4.131335106343185,-0.0
7,CC-charge,25,5715.672253521397,64791.51716630337,4.138473182561627,27.263836618115,27.263836618115,35443.17237248735,12068.478955419858,8.463500845039991e-20,4.138473182561627,-0.0
7,CC-charge,26,5788.39952624867,64864.24443903064,4.145903690896839,27.263836618115,27.263836618115,35025.477284174354,12521.93434696867,8.463501228975461e-20,4.145903690896839,-0.0
7,CC-charge,27,5861.126798975942,64936.97171175791,4.1536378273910755,27.263836618115,27.263836618115,34607.78219586054,12975.389738517379,8.463501073901965e-20,4.1536378273910755,-0.0
7,CC-charge,28,5933.854071703216,65009.698984485185,4.161686584553066,27.263836618115,27.263836618115,34190.08710754772,13428.845130066566,8.463501079604758e-20,4.161686584553066,-0.0
7,CC-charge,29,6006.581344430488,65082.42625721246,4.1700544631544325,27.263836618115,27.263836618115,33772.392019234416,13882.300521615403,8.463499970941694e-20,4.1700544631544325,-0.0
7,CC-charge,30,6079.30861715776,65155.15352993973,4.178749632924822,27.263836618115,27.263836618115,33354.69693092103,14335.755913163874,8.463499297827057e-20,4.178749632924822,-0.0
7,CC-charge,31,6152.035889885034,65227.880802667,4.187778644546236,27.263836618115,27.263836618115,32937.00184260803,14789.211304712835,8.463500885283513e-20,4.187778644546236,-0.0
7,CC-charge,32,6224.763162612306,65300.60807539427,4.197148371588057,27.263836618115,27.263836618115,32519.30675429465,15242.66669626175,8.463501390962027e-20,4.197148371588057,-0.0
7,CC-charge,33,6246.297541957491,65322.14245473946,4.199990000000001,27.263836618115,27.263836618115,32395.628192662134,15376.933802005591,8.463501396434841e-20,4.199990000000001,-0.0
7,CV-charge,0,6464.479360139309,65540.32427292128,4.199999999999999,27.28857373769805,27.28857373769805,32395.628192662134,15376.933802005591,8.463501396434841e-20,4.199999999999999,0.0
7,CV-charge,1,6537.206632866582,65613.05154564856,4.2,24.206112280561747,24.206112280561747,31873.72221685622,15871.972842367113,9.185264991985767e-20,4.2,-0.0
7,CV-charge,2,6609.933905593855,65685.77881837582,4.199999999999999,22.259613575414043,22.259613575414043,31527.317200125723,16252.084121868786,8.072441670986921e-20,4.199999999999999,-0.0
7,CV-charge,3,6682.661178321127,65758.5060911031,4.199999999999999,20.55987163888893,20.55987163888893,31209.376322984208,16602.421126050373,6.364665034768591e-20,4.199999999999999,-0.0
7,CV-charge,4,6755.3884510484,65831.23336383037,4.2,19.05836696949258,19.05836696949258,30914.57231689803,16927.06674347646,5.544223077201635e-20,4.2,-0.0
7,CV-charge,5,6828.115723775673,65903.96063655765,4.2,17.725878170686546,17.725878170686546,30640.49993274512,17228.68279338797,6.153828886927388e-20,4.2,-0.0
7,CV-charge,6,6900.842996502946,65976.68790928491,4.2,16.537363727506754,16.537363727506754,30384.912898056107,17509.785472381143,7.235313419554238e-20,4.2,-0.0
7,CV-charge,7,6973.570269230218,66049.41518201219,4.2,15.472140932122882,15.472140932122882,30145.881567681394,17772.53422314982,7.161203844572586e-20,4.2,-0.0
7,CV-charge,8,7046.297541957491,66122.14245473947,4.2,14.513089887881923,14.513089887881923,29921.746868986207,18018.783496558335,7.704253144319585e-20,4.2,-0.0
7,CV-charge,9,7119.024814684764,66194.86972746674,4.2,13.645942630094078,13.645942630094078,29711.073906510483,18250.135411008458,6.880871978397458e-20,4.2,-0.0
7,CV-charge,10,7191.752087412036,66267.59700019401,4.2,12.858753773939046,12.858753773939046,29512.616340619905,18467.980104042923,6.805104378996482e-20,4.2,-0.0
7,CV-charge,11,7264.479360139309,66340.32427292128,4.2,12.141469479673658,12.141469479673658,29325.286504488093,18673.52953607196,6.700686571420763e-20,4.2,-0.0
7,CV-charge,12,7337.206632866582,66413.05154564856,4.2,11.485532599664463,11.485532599664463,29148.118490213295,18867.85886079184,6.716371479198637e-20,4.2,-0.0
7,CV-charge,13,7409.933905593855,66485.77881837582,4.2,10.883739664039087,10.883739664039087,28980.279333365354,19051.89459733298,5.1723035958051275e-20,4.2,-0.0
7,CV-charge,14,7482.661178321128,66558.5060911031,4.2,10.329481827303654,10.329481827303654,28820.9024080528,19226.598087436774,5.844265949967243e-20,4.2,-0.0
7,CV-charge,15,7555.3884510484,66631.23336383037,4.200000000000001,9.817882017367024,9.817882017367024,28669.447036113477,19392.57120039568,5.860831830096027e-20,4.200000000000001,-0.0
7,CV-charge,16,7628.115723775673,66703.96063655765,4.199999999999999,9.344756891985721,9.344756891985721,28525.44807102039,19550.331831978936,6.926941918303844e-20,4.199999999999999,-0.0
7,CV-charge,17,7700.842996502946,66776.68790928491,4.200000000000001,8.905278769377615,8.905278769377615,28388.11660346416,19700.751506608816,6.929825093696859e-20,4.200000000000001,-0.0
7,CV-charge,18,7773.570269230218,66849.41518201219,4.2,8.4964276982172,8.4964276982172,28257.109149066313,19844.212182810985,6.926609493207051e-20,4.2,-0.0
7,CV-charge,19,7846.297541957491,66922.14245473947,4.199999999999999,8.115181975406223,8.115181975406223,28131.996858804272,19981.188800474898,6.926679633621435e-20,4.199999999999999,-0.0
7,CV-charge,20,7919.024814684764,66994.86972746674,4.2,7.758893628648289,7.758893628648289,28012.39211956568,20112.11028802041,6.936320273682778e-20,4.2,-0.0
7,CV-charge,21,7991.752087412036,67067.59700019401,4.2,7.425234211543058,7.425234211543058,27897.943644074014,20237.365153068455,6.936243705077119e-20,4.2,-0.0
7,CV-charge,22,8064.479360139309,67140.32427292128,4.200000000000001,7.112149348097644,7.112149348097644,27788.332175179996,20357.306284854072,6.935767479986273e-20,4.200000000000001,-0.0
7,CV-charge,23,8137.206632866582,67213.05154564856,4.199999999999999,6.817824514601263,6.817824514601263,27683.268181589618,20472.253552326052,6.937751701689914e-20,4.199999999999999,-0.0
7,CV-charge,24,8209.933905593854,67285.77881837582,4.2,6.540644091804884,6.540644091804884,27582.48552841431,20582.50083046998,6.934362007398919e-20,4.2,-0.0
7,CV-charge,25,8282.661178321128,67358.5060911031,4.2,6.279170168649367,6.279170168649367,27485.740729078916,20688.316849512237,6.933366116462413e-20,4.2,-0.0
7,CV-charge,26,8355.3884510484,67431.23336383037,4.2,6.032118798540924,6.032118798540924,27392.810268400277,20789.94818572639,6.930587176257983e-20,4.2,-0.0
7,CV-charge,27,8428.115723775674,67503.96063655765,4.2,5.798340462258368,5.798340462258368,27303.488504558805,20887.62159849811,6.958292386359496e-20,4.2,-0.0
7,CV-charge,28,8500.842996502946,67576.68790928491,4.200000000000002,5.576803379316378,5.576803379316378,27217.585833457724,20981.546074769896,6.983325713183076e-20,4.200000000000002,-0.0
7,CV-charge,29,8573.570269230218,67649.41518201219,4.2,5.366579200122382,5.366579200122382,27134.927076646924,21071.914623312703,6.965924510992915e-20,4.2,-0.0
7,CV-charge,30,8646.29754195749,67722.14245473946,4.2,5.1668306982953744,5.1668306982953744,27055.350061578247,21158.905854006494,6.974918032482459e-20,4.2,-0.0
7,CV-charge,31,8719.024814684764,67794.86972746674,4.2,4.976801149217147,4.976801149217147,26978.704367774902,21242.685371762753,6.973351129108678e-20,4.2,-0.0
7,CV-charge,32,8791.752087412036,67867.59700019401,4.200000000000001,4.795805135099264,4.795805135099264,26904.85021657626,21323.40701016094,7.000874157514474e-20,4.200000000000001,-0.0
7,CV-charge,33,8864.47936013931,67940.32427292128,4.2,4.623220560901273,4.623220560901273,26833.657485502557,21401.213926050797,6.989424904194345e-20,4.2,-0.0
7,CV-charge,34,8937.206632866582,68013.05154564856,4.2,4.458481701402262,4.458481701402262,26765.004831109363,21476.239573177463,6.991344204227291e-20,4.2,-0.0
7,CV-charge,35,9009.933905593854,68085.77881837582,4.2,4.301073129139199,4.301073129139199,26698.778906556938,21548.60857026925,6.988073080704436e-20,4.2,-0.0
7,CV-charge,36,9082.661178321128,68158.5060911031,4.199999999999999,4.1505243970979935,4.1505243970979935,26634.873662084778,21618.43747678889,7.001277922267262e-20,4.199999999999999,-0.0
7,CV-charge,37,9155.3884510484,68231.23336383037,4.200000000000001,4.006405370047757,4.006405370047757,26573.18971826635,21685.835487664634,7.015971661110624e-20,4.200000000000001,-0.0
7,CV-charge,38,9228.115723775674,68303.96063655765,4.2,3.8683221148482825,3.8683221148482825,26513.633803299108,21750.905056788917,7.01491516528477e-20,4.2,-0.0
7,CV-charge,39,9300.842996502946,68376.68790928491,4.199999999999999,3.735913273839373,3.735913273839373,26456.118246792845,21813.742457685905,7.020870890198909e-20,4.199999999999999,-0.0
7,CV-charge,40,9373.570269230218,68449.41518201219,4.2,3.6088468567939245,3.6088468567939245,26400.560523512417,21874.438288661844,7.022346066995661e-20,4.2,-0.0
7,CV-charge,41,9446.297541957492,68522.14245473947,4.2,3.4868173965237714,3.4868173965237714,26346.882841413262,21933.077928752606,7.020583340033235e-20,4.2,-0.0
7,CV-charge,42,9519.024814684764,68594.86972746674,4.2,3.36954342116985,3.36954342116985,26295.01176900987,21989.741949989806,7.029920613107674e-20,4.2,-0.0
7,CV-charge,43,9591.752087412038,68667.59700019401,4.2,3.2567652029948047,3.2567652029948047,26244.877897778108,22044.5064907927,7.031286337019083e-20,4.2,-0.0
7,CV-charge,44,9664.47936013931,68740.32427292128,4.199999999999999,3.148242749151188,3.148242749151188,26196.415535810404,22097.443594679098,7.033043787659854e-20,4.199999999999999,-0.0
7,CV-charge,45,9737.206632866582,68813.05154564856,4.200000000000001,3.0437540047158085,3.0437540047158085,26149.562429420585,22148.621517992142,7.027780907447206e-20,4.200000000000001,-0.0
7,CV-charge,46,9809.933905593854,68885.77881837582,4.199999999999999,2.943093242329617,2.943093242329617,26104.259509781336,22198.105009866813,7.026717825176938e-20,4.199999999999999,-0.0
7,CV-charge,47,9882.661178321128,68958.5060911031,4.200000000000001,2.8460696162838865,2.8460696162838865,26060.45066204188,22245.955567298257,7.029099467828192e-20,4.200000000000001,-0.0
7,CV-charge,48,9955.3884510484,69031.23336383037,4.200000000000001,2.7525058618197673,2.7525058618197673,26018.082514657443,22292.231667814656,7.033633468022645e-20,4.200000000000001,-0.0
7,CV-charge,49,9976.204078213574,69052.04899099555,4.2,2.7263936618115,2.7263936618115,26006.23821835699,22305.168313980077,7.033092955915319e-20,4.2,-0.0
8,CC-discharge,0,218.1818181818182,69270.23080917737,3.8552383647903063,-27.263836618115,-27.263836618115,26006.23821835699,22305.168313980077,7.033092955915319e-20,3.8552383647903063,0.0
8,CC-discharge,1,290.90909090909093,69342.95808190464,3.831209983111268,-27.263836618115,-27.263836618115,26571.35794806323,21770.668418991936,7.033095477465098e-20,3.831209983111268,0.5507845781437375
8,CC-discharge,2,363.6363636363637,69415.68535463192,3.814965040958022,-27.263836618115,-27.263836618115,26990.94580966477,21317.18847382905,7.03309729329895e-20,3.814965040958022,1.101569156287475
8,CC-discharge,3,436.3636363636364,69488.41262735918,3.799813446510738,-27.263836618115,-27.263836618115,27408.672363255122,20863.733131908026,7.033097068517389e-20,3.799813446510738,1.652353734431212
8,CC-discharge,4,509.0909090909091,69561.13990008646,3.7854908361710407,-27.263836618115,-27.263836618115,27826.369886017634,20410.277741089347,7.033096710305331e-20,3.7854908361710407,2.2031383125749495
8,CC-discharge,5,581.8181818181819,69633.86717281373,3.7718369031353918,-27.263836618115,-27.263836618115,28244.065163515537,19956.822349550883,7.033096716696946e-20,3.7718369031353918,2.753922890718687
8,CC-discharge,6,654.5454545454546,69706.594445541,3.758745842075702,-27.263836618115,-27.263836618115,28661.76026660196,19503.36695800166,7.03309674314233e-20,3.758745842075702,3.3047074688624245
8,CC-discharge,7,727.2727272727274,69779.32171826827,3.746124461888384,-27.263836618115,-27.263836618115,29079.455356074788,19049.911566452076,7.033096713999457e-20,3.746124461888384,3.855492047006162
8,CC-discharge,8,800.0000000000001,69852.04899099555,3.733916343461307,-27.263836618115,-27.263836618115,29497.15044447948,18596.456174902734,7.033096660491753e-20,3.733916343461307,4.4062766251499
8,CC-discharge,9,872.7272727272727,69924.77626372283,3.7220744028423485,-27.263836618115,-27.263836618115,29914.845532799485,18143.000783353145,7.033096648952862e-20,3.7220744028423485,4.9570612032936365
8,CC-discharge,10,945.4545454545455,69997.5035364501,3.71056256420867,-27.263836618115,-27.263836618115,30332.54062111248,17689.545391803847,7.033096621684229e-20,3.71056256420867,5.507845781437374
8,CC-discharge,11,1018.1818181818182,70070.23080917737,3.699352937457467,-27.263836618115,-27.263836618115,30750.235709425735,17236.0900002547,7.033096753879038e-20,3.699352937457467,6.0586303595811115
8,CC-discharge,12,1090.909090909091,70142.95808190464,3.6884237434862004,-27.263836618115,-27.263836618115,31167.930797738736,16782.634608705423,7.033096725642877e-20,3.6884237434862004,6.609414937724849
8,CC-discharge,13,1163.6363636363637,70215.68535463192,3.6777577560044454,-27.263836618115,-27.263836618115,31585.62588605172,16329.179217156317,7.03309676602487e-20,3.6777577560044454,7.1601995158685865
8,CC-discharge,14,1236.3636363636365,70288.41262735918,3.6673411038414048,-27.263836618115,-27.263836618115,32003.3209743647,15875.723825607158,7.033096810809731e-20,3.6673411038414048,7.710984094012324
8,CC-discharge,15,1309.0909090909092,70361.13990008646,3.6571623245919906,-27.263836618115,-27.263836618115,32421.016062677587,15422.268434057865,7.033096797823916e-20,3.6571623245919906,8.261768672156062
8,CC-discharge,16,1381.818181818182,70433.86717281373,3.6472115922179302,-27.263836618115,-27.263836618115,32838.71115099049,14968.813042508415,7.033096779606158e-20,3.6472115922179302,8.8125532502998
8,CC-discharge,17,1454.5454545454547,70506.594445541,3.6374800609489757,-27.263836618115,-27.263836618115,33256.40623930308,14515.357650958678,7.033096804821489e-20,3.6374800609489757,9.363337828443537
8,CC-discharge,18,1527.2727272727275,70579.32171826827,3.627959281012575,-27.263836618115,-27.263836618115,33674.10132761599,14061.902259409344,7.033096780435709e-20,3.627959281012575,9.914122406587275
8,CC-discharge,19,1600.0000000000002,70652.04899099555,3.618640649896537,-27.263836618115,-27.263836618115,34091.79641592871,13608.446867860383,7.033096846605279e-20,3.618640649896537,10.464906984731012
8,CC-discharge,20,1672.727272727273,70724.77626372283,3.6095148675621327,-27.263836618115,-27.263836618115,34509.4915042417,13154.991476311096,7.033096874730299e-20,3.6095148675621327,11.01569156287475
8,CC-discharge,21,1745.4545454545455,70797.5035364501,3.6005713670960167,-27.263836618115,-27.263836618115,34927.18659255467,12701.536084761843,7.03309685537709e-20,3.6005713670960167,11.566476141018486
8,CC-discharge,22,1818.1818181818182,70870.23080917737,3.591797685688552,-27.263836618115,-27.263836618115,35344.88168086764,12248.080693212802,7.033096675087565e-20,3.591797685688552,12.117260719162223
8,CC-discharge,23,1890.909090909091,70942.95808190464,3.583178164656992,-27.263836618115,-27.263836618115,35762.57676918059,11794.625301663484,7.033096892075068e-20,3.583178164656992,12.66804529730596
8,CC-discharge,24,1963.6363636363637,71015.68535463192,3.574695771660621,-27.263836618115,-27.263836618115,36180.27185749327,11341.169910114299,7.033096776077077e-20,3.574695771660621,13.218829875449698
8,CC-discharge,25,2036.3636363636365,71088.41262735918,3.566326599263065,-27.263836618115,-27.263836618115,36597.96694580615,10887.714518564972,7.033096723243585e-20,3.566326599263065,13.769614453593435
8,CC-discharge,26,2109.0909090909095,71161.13990008646,3.5580420632605074,-27.263836618115,-27.263836618115,37015.662034118235,10434.25912701568,7.033096817396014e-20,3.5580420632605074,14.320399031737175
8,CC-discharge,27,2181.818181818182,71233.86717281373,3.5498065020801057,-27.263836618115,-27.263836618115,37433.357122431116,9980.803735466527,7.033100291442243e-20,3.5498065020801057,14.87118360988091
8,CC-discharge,28,2254.545454545455,71306.594445541,3.54157537482011,-27.263836618115,-27.263836618115,37851.05221074381,9527.348343917281,7.033098461719107e-20,3.54157537482011,15.42196818802465
8,CC-discharge,29,2327.2727272727275,71379.32171826827,3.5332929612665045,-27.263836618115,-27.263836618115,38268.74729905675,9073.892952368053,7.033101484112574e-20,3.5332929612665045,15.972752766168385
8,CC-discharge,30,2400.0,71452.04899099555,3.5248896418202897,-27.263836618115,-27.263836618115,38686.44238736942,8620.43756081904,7.033091129367202e-20,3.5248896418202897,16.52353734431212
8,CC-discharge,31,2472.727272727273,71524.77626372283,3.5162785361886364,-27.263836618115,-27.263836618115,39104.13747568244,8166.982169269918,7.033082830743249e-20,3.5162785361886364,17.07432192245586
8,CC-discharge,32,2545.4545454545455,71597.5035364501,3.5073516564076135,-27.263836618115,-27.263836618115,39521.83256399547,7713.5267777208055,7.033076102272773e-20,3.5073516564076135,17.625106500599596
8,CC-discharge,33,2618.1818181818185,71670.23080917737,3.4979732425519154,-27.263836618115,-27.263836618115,39939.52765230826,7260.07138617173,7.033093421619332e-20,3.4979732425519154,18.175891078743334
8,CC-discharge,34,2690.909090909091,71742.95808190464,3.487976637817906,-27.263836618115,-27.263836618115,40357.2227406203,6806.615994622425,7.033097025173245e-20,3.487976637817906,18.72667565688707
8,CC-discharge,35,2763.636363636364,71815.68535463192,3.4771535977410113,-27.263836618115,-27.263836618115,40774.91782893329,6353.160603073421,7.033094748337713e-20,3.4771535977410113,19.27746023503081
8,CC-discharge,36,2836.3636363636365,71888.41262735918,3.4652466985271504,-27.263836618115,-27.263836618115,41192.61291724641,5899.705211524379,7.033129589117548e-20,3.4652466985271504,19.828244813174546
8,CC-discharge,37,2909.0909090909095,71961.13990008646,3.4519381476833217,-27.263836618115,-27.263836618115,41610.308005559054,5446.249819975342,7.033120135084538e-20,3.4519381476833217,20.379029391318284
8,CC-discharge,38,2981.818181818182,72033.86717281373,3.4368370434374302,-27.263836618115,-27.263836618115,42028.003093871695,4992.794428426155,7.033122138925747e-20,3.4368370434374302,20.92981396946202
8,CC-discharge,39,3054.545454545455,72106.594445541,3.4194648493757436,-27.263836618115,-27.263836618115,42445.698182184904,4539.339036877031,7.033122651315262e-20,3.4194648493757436,21.48059854760576
8,CC-discharge,40,3127.2727272727275,72179.32171826827,3.3992396145472337,-27.263836618115,-27.263836618115,42863.39327049779,4085.8836453279864,7.033127644814919e-20,3.3992396145472337,22.031383125749496
8,CC-discharge,41,3200.0000000000005,72252.04899099555,3.3754590193145013,-27.263836618115,-27.263836618115,43281.08835881005,3632.42825377895,7.033131459714745e-20,3.3754590193145013,22.582167703893234
8,CC-discharge,42,3272.727272727273,72324.77626372283,3.347286237143245,-27.263836618115,-27.263836618115,43698.78344712185,3178.9728622298453,7.033166336462878e-20,3.347286237143245,23.13295228203697
8,CC-discharge,43,3345.454545454546,72397.5035364501,3.313734177181735,-27.263836618115,-27.263836618115,44116.478535435235,2725.5174706808225,7.033173174049606e-20,3.313734177181735,23.68373686018071
8,CC-discharge,44,3418.1818181818185,72470.23080917737,3.2736378831451316,-27.263836618115,-27.263836618115,44534.17362374776,2272.0620791317074,7.033168972539376e-20,3.2736378831451316,24.234521438324446
8,CC-discharge,45,3490.909090909091,72542.95808190464,3.2255089182409993,-27.263836618115,-27.263836618115,44951.86871206041,1818.606687582661,7.03319160358423e-20,3.2255089182409993,24.785306016468184
8,CC-discharge,46,3563.636363636364,72615.68535463192,3.166564720701162,-27.263836618115,-27.263836618115,45369.563800373035,1365.151296033633,7.033227305421707e-20,3.166564720701162,25.336090594611925
8,CC-discharge,47,3636.3636363636365,72688.41262735918,3.0850641508359393,-27.263836618115,-27.263836618115,45787.25888868575,911.6959044845778,7.033236012809391e-20,3.0850641508359393,25.886875172755662
8,CC-discharge,48,3678.218724011362,72730.2677150069,3.00001,-27.263836618115,-27.263836618115,46027.64552599177,650.728946067328,7.03310512540333e-20,3.00001,26.20385580366246
8,CC-charge,0,3896.40054219318,72948.44953318873,3.7158524724270006,27.263836618115,27.263836618115,46027.64552599177,650.728946067328,7.03310512540333e-20,3.7158524724270006,0.0
8,CC-charge,1,3969.127814920453,73021.176805916,3.8209781159684697,27.263836618115,27.263836618115,45462.53057287807,1185.226523167135,7.033112760173209e-20,3.8209781159684697,-0.0
8,CC-charge,2,4041.8550876477257,73093.90407864327,3.867243840650994,27.263836618115,27.263836618115,45042.941552644836,1638.7087879868438,7.033129291399087e-20,3.867243840650994,-0.0
8,CC-charge,3,4114.582360374999,73166.63135137054,3.904629527405824,27.263836618115,27.263836618115,44625.20924182574,2092.1641270176856,7.033138533157667e-20,3.904629527405824,-0.0
8,CC-charge,4,4187.309633102272,73239.35862409782,3.9358694206671596,27.263836618115,27.263836618115,44207.51365810044,2545.6195189499467,7.033081766005263e-20,3.9358694206671596,-0.0
8,CC-charge,5,4260.036905829544,73312.08589682508,3.961892541418662,27.263836618115,27.263836618115,43789.81856473119,2999.0749104943484,7.033077450485473e-20,3.961892541418662,-0.0
8,CC-charge,6,4332.764178556817,73384.81316955236,3.983470488640838,27.263836618115,27.263836618115,43372.123476482186,3452.5303020434876,7.033080360793156e-20,3.983470488640838,-0.0
8,CC-charge,7,4405.49145128409,73457.54044227963,4.001344356704543,27.263836618115,27.263836618115,42954.42838816983,3905.9856935925,7.033064819209413e-20,4.001344356704543,-0.0
8,CC-charge,8,4478.218724011363,73530.2677150069,4.016197714882866,27.263836618115,27.263836618115,42536.733299855754,4359.441085141472,7.033072912651958e-20,4.016197714882866,-0.0
8,CC-charge,9,4550.945996738635,73602.99498773419,4.028633877644768,27.263836618115,27.263836618115,42119.038211542174,4812.896476690448,7.033068298437055e-20,4.028633877644768,-0.0
8,CC-charge,10,4623.673269465908,73675.72226046145,4.0391690492952,27.263836618115,27.263836618115,41701.34312322857,5266.351868239329,7.033079077970606e-20,4.0391690492952,-0.0
8,CC-charge,11,4696.400542193181,73748.44953318873,4.048236181419802,27.263836618115,27.263836618115,41283.648034915714,5719.807259788131,7.03307820596529e-20,4.048236181419802,-0.0
8,CC-charge,12,4769.127814920454,73821.176805916,4.056192607069333,27.263836618115,27.263836618115,40865.95294660206,6173.262651337192,7.033073620472475e-20,4.056192607069333,-0.0
8,CC-charge,13,4841.855087647726,73893.90407864327,4.0633307984424825,27.263836618115,27.263836618115,40448.25785828832,6626.718042886143,7.03307084948031e-20,4.0633307984424825,-0.0
8,CC-charge,14,4914.582360374999,73966.63135137054,4.069888026181346,27.263836618115,27.263836618115,40030.56276997531,7080.173434435116,7.033073432686852e-20,4.069888026181346,-0.0
8,CC-charge,15,4987.309633102272,74039.35862409782,4.076055646986607,27.263836618115,27.263836618115,39612.86768166204,7533.628825984002,7.033069037901947e-20,4.076055646986607,-0.0
8,CC-charge,16,5060.036905829544,74112.08589682508,4.081987087554971,27.263836618115,27.263836618115,39195.172593348725,7987.084217532802,7.033069643766443e-20,4.081987087554971,-0.0
8,CC-charge,17,5132.764178556817,74184.81316955236,4.0878053198471305,27.263836618115,27.263836618115,38777.47750503497,8440.539609081612,7.033070131187551e-20,4.0878053198471305,-0.0
8,CC-charge,18,5205.49145128409,74257.54044227963,4.093607610905299,27.263836618115,27.263836618115,38359.782416721726,8893.995000630388,7.033067876686139e-20,4.093607610905299,-0.0
8,CC-charge,19,5278.218724011363,74330.2677150069,4.099471441365889,27.263836618115,27.263836618115,37942.08732840879,9347.450392179175,7.033065308824416e-20,4.099471441365889,-0.0
8,CC-charge,20,5350.945996738636,74402.99498773419,4.105457783992577,27.263836618115,27.263836618115,37524.39224009545,9800.905783727998,7.033064939393265e-20,4.105457783992577,-0.0
8,CC-charge,21,5423.673269465908,74475.72226046145,4.111614323151527,27.263836618115,27.263836618115,37106.69715178221,10254.361175276586,7.033064900057376e-20,4.111614323151527,-0.0
8,CC-charge,22,5496.400542193181,74548.44953318873,4.11797974566521,27.263836618115,27.263836618115,36689.002063469336,10707.816566825688,7.033064826895274e-20,4.11797974566521,-0.0
8,CC-charge,23,5569.127814920454,74621.176805916,4.1245826850747065,27.263836618115,27.263836618115,36271.306975156105,11161.271958374498,7.033063000653862e-20,4.1245826850747065,-0.0
8,CC-charge,24,5641.855087647726,74693.90407864327,4.131446069451587,27.263836618115,27.263836618115,35853.61188684266,11614.727349923236,7.033063046556972e-20,4.131446069451587,-0.0
8,CC-charge,25,5714.582360374999,74766.63135137054,4.13858783678894,27.263836618115,27.263836618115,35435.916798529965,12068.182741472348,7.033062890742513e-20,4.13858783678894,-0.0
8,CC-charge,26,5787.309633102272,74839.35862409782,4.14602207708943,27.263836618115,27.263836618115,35018.22171021638,12521.638133021503,7.033063123018473e-20,4.14602207708943,-0.0
8,CC-charge,27,5860.036905829544,74912.08589682508,4.1537599903670746,27.263836618115,27.263836618115,34600.526621902885,12975.093524570892,7.033063027185178e-20,4.1537599903670746,-0.0
8,CC-charge,28,5932.764178556818,74984.81316955236,4.16181257457197,27.263836618115,27.263836618115,34182.831533589044,13428.548916119911,7.033063008956306e-20,4.16181257457197,-0.0
8,CC-charge,29,6005.49145128409,75057.54044227963,4.170184339788753,27.263836618115,27.263836618115,33765.13644527603,13882.004307668842,7.033061954284443e-20,4.170184339788753,-0.0
8,CC-charge,30,6078.218724011362,75130.2677150069,4.178883466674866,27.263836618115,27.263836618115,33347.44135696247,14335.459699217876,7.033063800800978e-20,4.178883466674866,-0.0
8,CC-charge,31,6150.945996738636,75202.99498773419,4.187916521005022,27.263836618115,27.263836618115,32929.74626864962,14788.915090767146,7.033066321961254e-20,4.187916521005022,-0.0
8,CC-charge,32,6223.673269465908,75275.72226046145,4.197290396281582,27.263836618115,27.263836618115,32512.051180336257,15242.370482316152,7.033064232083659e-20,4.197290396281582,-0.0
8,CC-charge,33,6244.125991728271,75296.17498272381,4.199990000000001,27.263836618115,27.263836618115,32394.584907901422,15369.893443564757,7.033064216379522e-20,4.199990000000001,-0.0
8,CV-charge,0,6462.307809910089,75514.35680090563,4.2,27.288629951819132,27.288629951819132,32394.584907901422,15369.893443564757,7.033064216379522e-20,4.2,0.0
8,CV-charge,1,6535.035082637362,75587.0840736329,4.2,24.20636598069048,24.20636598069048,31872.675120638767,15864.936021596268,6.957321829477012e-20,4.2,-0.0
8,CV-charge,2,6607.762355364635,75659.81134636018,4.200000000000001,22.259989254115766,22.259989254115766,31526.264444308774,16245.053046972569,7.656796885344251e-20,4.200000000000001,-0.0
8,CV-charge,3,6680.489628091907,75732.53861908744,4.2,20.560325055356326,20.560325055356326,31208.316390720574,16595.39754419774,4.717329328931473e-20,4.2,-0.0
8,CV-charge,4,6753.21690081918,75805.26589181472,4.200000000000001,19.058868388530495,19.058868388530495,30913.504710596,16920.051328248665,4.687024859084777e-20,4.200000000000001,-0.0
8,CV-charge,5,6825.944173546453,75877.99316454199,4.2,17.726404756598274,17.726404756598274,30639.42418539392,17221.676126733386,4.6736434102556673e-20,4.2,-0.0
8,CV-charge,6,6898.671446273726,75950.72043726926,4.2,16.537899296510307,16.537899296510307,30383.828862754373,17502.78776561596,3.717799718287688e-20,4.2,-0.0
8,CV-charge,7,6971.398719000998,76023.44770999653,4.2,15.472673725379558,15.472673725379558,30144.789271781767,17765.545484469236,3.8784077486124666e-20,4.2,-0.0
8,CV-charge,8,7044.125991728271,76096.17498272381,4.200000000000001,14.513611585021655,14.513611585021655,29920.646476748738,18011.803574698406,4.376898640297171e-20,4.200000000000001,-0.0
8,CV-charge,9,7116.853264455544,76168.90225545109,4.200000000000001,13.646447275966487,13.646447275966487,29709.96567406498,18243.164047232123,4.958661917167428e-20,4.200000000000001,-0.0
8,CV-charge,10,7189.580537182817,76241.62952817835,4.2,12.859237127797568,12.859237127797568,29511.500573934798,18461.016980201308,4.7571578964585524e-20,4.2,-0.0
8,CV-charge,11,7262.307809910089,76314.35680090563,4.2,12.141928676763722,12.141928676763722,29324.163572062123,18666.574261335732,3.487588348680406e-20,4.2,-0.0
8,CV-charge,12,7335.035082637362,76387.0840736329,4.2,11.48596574996651,11.48596574996651,29146.988789530096,18860.911010011485,4.949468354159343e-20,4.2,-0.0
8,CV-charge,13,7407.762355364635,76459.81134636018,4.199999999999999,10.884145564441889,10.884145564441889,28979.143282209945,19044.953720946745,3.634116444152676e-20,4.199999999999999,-0.0
8,CV-charge,14,7480.489628091907,76532.53861908744,4.2,10.329860067143569,10.329860067143569,28819.760512793287,19219.663637084446,3.6570743137691935e-20,4.2,-0.0
8,CV-charge,15,7553.21690081918,76605.26589181472,4.2,9.818232224480731,9.818232224480731,28668.299711203443,19385.642727851704,3.6673376194879336e-20,4.2,-0.0
8,CV-charge,16,7625.944173546453,76677.99316454199,4.200000000000001,9.344671006525639,9.344671006525639,28524.169459523,19543.547288097758,3.662041177924822e-20,4.200000000000001,-0.0
8,CV-charge,17,7698.671446273726,76750.72043726926,4.200000000000001,8.905192441701729,8.905192441701729,28386.839227763983,19693.965535234453,3.662441891163572e-20,4.200000000000001,-0.0
8,CV-charge,18,7771.398719000999,76823.44770999653,4.200000000000001,8.496339956095788,8.496339956095788,28255.833115711244,19837.424758941364,3.659379624714526e-20,4.200000000000001,-0.0
8,CV-charge,19,7844.125991728271,76896.17498272381,4.2,8.115090718634253,8.115090718634253,28130.722216187947,19974.39987573597,3.6592813011950396e-20,4.2,-0.0
8,CV-charge,20,7916.853264455544,76968.90225545109,4.2,7.758797150401227,7.758797150401227,28011.118945630296,20105.319783207204,3.6537231857552446e-20,4.2,-0.0
8,CV-charge,21,7989.580537182817,77041.62952817835,4.2,7.425131121347236,7.425131121347236,27896.672038353285,20230.572964475436,3.6537009281039557e-20,4.2,-0.0
8,CV-charge,22,8062.307809910089,77114.35680090563,4.199999999999999,7.112038516703073,7.112038516703073,27787.062254807955,20350.512288852486,3.6574208659908493e-20,4.199999999999999,-0.0
8,CV-charge,23,8135.035082637362,77187.0840736329,4.200000000000001,6.817705012326561,6.817705012326561,27682.000071782655,20465.457615954732,3.6605352850100114e-20,4.200000000000001,-0.0
8,CV-charge,24,8207.762355364635,77259.81134636018,4.200000000000001,6.5405151864510485,6.5405151864510485,27581.21937183707,20575.70280110315,3.6566906973373517e-20,4.200000000000001,-0.0
8,CV-charge,25,8280.489628091907,77332.53861908744,4.2,6.279031278938116,6.279031278938116,27484.476677670325,20681.516564037738,3.661811273707342e-20,4.2,-0.0
8,CV-charge,26,8353.216900819181,77405.26589181472,4.2,6.031969469544899,6.031969469544899,27391.548481303296,20783.145472817516,3.660648426757088e-20,4.2,-0.0
8,CV-charge,27,8425.944173546453,77477.99316454199,4.2,5.798180345417458,5.798180345417458,27302.22914645645,20880.81628048365,3.6693318793622615e-20,4.2,-0.0
8,CV-charge,28,8498.671446273725,77550.72043726926,4.2,5.576632215973836,5.576632215973836,27216.329073165824,20974.73796921072,3.6744741264196505e-20,4.2,-0.0
8,CV-charge,29,8571.398719001,77623.44770999653,4.2,5.366396807918579,5.366396807918579,27133.673085920454,21065.103544345202,3.673921370296816e-20,4.2,-0.0
8,CV-charge,30,8644.125991728271,77696.17498272381,4.2,5.166636959895391,5.166636959895391,27054.099014093787,21152.09161347892,3.663977847117851e-20,4.2,-0.0
8,CV-charge,31,8716.853264455545,77768.90225545109,4.2,4.976596002951126,4.976596002951126,26977.45643826122,21235.867780208915,3.674988184591163e-20,4.2,-0.0
8,CV-charge,32,8789.580537182817,77841.62952817835,4.2,4.795588567165724,4.795588567165724,26903.605580065032,21316.58587763843,3.679480734919876e-20,4.2,-0.0
8,CV-charge,33,8862.30780991009,77914.35680090563,4.199999999999999,4.622992598868408,4.622992598868408,26832.416316682895,21394.38906286182,3.663810692281318e-20,4.199999999999999,-0.0
8,CV-charge,34,8935.035082637361,77987.0840736329,4.199999999999999,4.458242408776789,4.458242408776789,26763.767303768156,21469.410790492107,3.674481604863154e-20,4.199999999999999,-0.0
8,CV-charge,35,9007.762355364635,78059.81134636018,4.199999999999999,4.30082260080812,4.30082260080812,26697.545193087095,21541.775680676048,3.6886051498524956e-20,4.199999999999999,-0.0
8,CV-charge,36,9080.489628091907,78132.53861908744,4.2,4.150262755521747,4.150262755521747,26633.643933059437,21611.600294766977,3.700067540652241e-20,4.2,-0.0
8,CV-charge,37,9153.216900819181,78205.26589181472,4.200000000000001,4.006132762037039,4.006132762037039,26571.964142055545,21678.99383000988,3.703238839433305e-20,4.200000000000001,-0.0
8,CV-charge,38,9225.944173546453,78277.99316454199,4.2,3.8680387088666626,3.8680387088666626,26512.41254573627,21744.058742984318,3.7043830156343613e-20,4.2,-0.0
8,CV-charge,39,9298.671446273725,78350.72043726926,4.2,3.7356192577071523,3.7356192577071523,26454.901470870944,21806.891310238767,3.703471708151146e-20,4.2,-0.0
8,CV-charge,40,9371.398719001,78423.44770999653,4.2,3.6085424357553912,3.6085424357553912,26399.348389116953,21867.58213340067,3.697289781581311e-20,4.2,-0.0
8,CV-charge,41,9444.125991728271,78496.17498272381,4.2,3.486502791587345,3.486502791587345,26345.67550507395,21926.216595099868,3.697465984798262e-20,4.2,-0.0
8,CV-charge,42,9516.853264455545,78568.90225545109,4.199999999999998,3.369218867695348,3.369218867695348,26293.809383680476,21982.87527120749,3.704265557522588e-20,4.199999999999998,-0.0
8,CV-charge,43,9589.580537182817,78641.62952817835,4.199999999999999,3.256430949469901,3.256430949469901,26243.680612630822,22037.634304205276,3.705626623863108e-20,4.199999999999999,-0.0
8,CV-charge,44,9662.30780991009,78714.35680090563,4.200000000000001,3.1478990561333613,3.1478990561333613,26195.2234960515,22090.565741884908,3.710707021394339e-20,4.200000000000001,-0.0
8,CV-charge,45,9735.035082637361,78787.0840736329,4.2,3.043401143896336,3.043401143896336,26148.37577611612,22141.737845046922,3.7173472370254615e-20,4.2,-0.0
8,CV-charge,46,9807.762355364635,78859.81134636018,4.199999999999999,2.942731495703857,2.942731495703857,26103.078379697985,22191.21536746333,3.721915274123631e-20,4.199999999999999,-0.0
8,CV-charge,47,9880.489628091907,78932.53861908744,4.200000000000001,2.8456992754071324,2.8456992754071324,26059.27518750066,22239.059810928145,3.71723851490555e-20,4.200000000000001,-0.0
8,CV-charge,48,9953.216900819181,79005.26589181472,4.200000000000001,2.7521272271171635,2.7521272271171635,26016.912823393657,22285.32965791923,3.7206655579547243e-20,4.200000000000001,-0.0
8,CV-charge,49,9973.72752169571,79025.77651269124,4.200000000000001,2.7263936618115,2.7263936618115,26005.24299784446,22298.075760702723,3.719884147858227e-20,4.200000000000001,-0.0
9,CC-discharge,0,218.1818181818182,79243.95833087307,3.855260433407133,-27.263836618115,-27.263836618115,26005.24299784446,22298.075760702723,3.719884147858227e-20,3.855260433407133,0.0
9,CC-discharge,1,290.90909090909093,79316.68560360033,3.8312260954965187,-27.263836618115,-27.263836618115,26570.362721833517,21763.57587181775,3.719880716116968e-20,3.8312260954965187,0.5507845781437375
9,CC-discharge,2,363.6363636363637,79389.41287632761,3.814977901895216,-27.263836618115,-27.263836618115,26989.9505758407,21310.095920637323,3.719880639404975e-20,3.814977901895216,1.101569156287475
9,CC-discharge,3,436.3636363636364,79462.14014905487,3.799823752401126,-27.263836618115,-27.263836618115,27407.677141409975,20856.64057863143,3.7198805942260537e-20,3.799823752401126,1.652353734431212
9,CC-discharge,4,509.0909090909091,79534.86742178215,3.7854991335617836,-27.263836618115,-27.263836618115,27825.37466537624,20403.185187811367,3.719880691845877e-20,3.7854991335617836,2.2031383125749495
9,CC-discharge,5,581.8181818181819,79607.59469450942,3.7718435844778155,-27.263836618115,-27.263836618115,28243.069942990045,19949.729796272677,3.7198807438718473e-20,3.7718435844778155,2.753922890718687
9,CC-discharge,6,654.5454545454546,79680.3219672367,3.758751225147808,-27.263836618115,-27.263836618115,28660.7650460877,19496.274404723692,3.719880719045984e-20,3.758751225147808,3.3047074688624245
9,CC-discharge,7,727.2727272727274,79753.04923996396,3.746128765412482,-27.263836618115,-27.263836618115,29078.460135561363,19042.819013174685,3.719880712974279e-20,3.746128765412482,3.855492047006162
9,CC-discharge,8,800.0000000000001,79825.77651269124,3.733919754196468,-27.263836618115,-27.263836618115,29496.155223965896,18589.363621625533,3.71988071436555e-20,3.733919754196468,4.4062766251499
9,CC-discharge,9,872.7272727272727,79898.50378541852,3.722077069845576,-27.263836618115,-27.263836618115,29913.85031228609,18135.90823007584,3.719880675324023e-20,3.722077069845576,4.9570612032936365
9,CC-discharge,10,945.4545454545455,79971.23105814579,3.71056460707162,-27.263836618115,-27.263836618115,30331.54540059952,17682.452838526813,3.7198807326620786e-20,3.71056460707162,5.507845781437374
9,CC-discharge,11,1018.1818181818182,80043.95833087307,3.699354452106094,-27.263836618115,-27.263836618115,30749.2404889125,17228.997446976875,3.719880774214894e-20,3.699354452106094,6.0586303595811115
9,CC-discharge,12,1090.909090909091,80116.68560360033,3.6884248062033835,-27.263836618115,-27.263836618115,31166.935577225682,16775.542055427366,3.719880728652222e-20,3.6884248062033835,6.609414937724849
9,CC-discharge,13,1163.6363636363637,80189.41287632761,3.6777584260970784,-27.263836618115,-27.263836618115,31584.63066553808,16322.086663878035,3.7198806919457084e-20,3.6777584260970784,7.1601995158685865
9,CC-discharge,14,1236.3636363636365,80262.14014905487,3.667341425217497,-27.263836618115,-27.263836618115,32002.325753850728,15868.631272328992,3.719880772494979e-20,3.667341425217497,7.710984094012324
9,CC-discharge,15,1309.0909090909092,80334.86742178215,3.6571623263985575,-27.263836618115,-27.263836618115,32420.020842163674,15415.175880779516,3.7198807002033256e-20,3.6571623263985575,8.261768672156062
9,CC-discharge,16,1381.818181818182,80407.59469450942,3.6472112886136308,-27.263836618115,-27.263836618115,32837.715930476515,14961.72048923055,3.7198807882486605e-20,3.6472112886136308,8.8125532502998
9,CC-discharge,17,1454.5454545454547,80480.3219672367,3.6374794500179006,-27.263836618115,-27.263836618115,33255.411018789346,14508.265097681158,3.7198806747885434e-20,3.6374794500179006,9.363337828443537
9,CC-discharge,18,1527.2727272727275,80553.04923996396,3.6279583427696673,-27.263836618115,-27.263836618115,33673.106107102336,14054.809706131911,3.719880807752031e-20,3.6279583427696673,9.914122406587275
9,CC-discharge,19,1600.0000000000002,80625.77651269124,3.6186393432810355,-27.263836618115,-27.263836618115,34090.80119541489,13601.354314582872,3.7198807405989665e-20,3.6186393432810355,10.464906984731012
9,CC-discharge,20,1672.727272727273,80698.50378541852,3.6095131262598175,-27.263836618115,-27.263836618115,34508.49628372741,13147.898923033566,3.7198807495371484e-20,3.6095131262598175,11.01569156287475
9,CC-discharge,21,1745.4545454545455,80771.23105814579,3.6005690939748387,-27.263836618115,-27.263836618115,34926.191372040346,12694.443531484141,3.7198807480955345e-20,3.6005690939748387,11.566476141018486
9,CC-discharge,22,1818.1818181818182,80843.95833087307,3.5917947455340853,-27.263836618115,-27.263836618115,35343.88646035286,12240.988139935018,3.7198807704699696e-20,3.5917947455340853,12.117260719162223
9,CC-discharge,23,1890.909090909091,80916.68560360033,3.5831743797528213,-27.263836618115,-27.263836618115,35761.58154866588,11787.532748385858,3.719880652758753e-20,3.5831743797528213,12.66804529730596
9,CC-discharge,24,1963.6363636363637,80989.41287632761,3.5746908941503226,-27.263836618115,-27.263836618115,36179.27663697858,11334.077356837155,3.7198808214004804e-20,3.5746908941503226,13.218829875449698
9,CC-discharge,25,2036.3636363636365,81062.14014905487,3.5663203128841574,-27.263836618115,-27.263836618115,36596.971725291696,10880.6219652879,3.7198805725640615e-20,3.5663203128841574,13.769614453593435
9,CC-discharge,26,2109.0909090909095,81134.86742178215,3.5580339591738523,-27.263836618115,-27.263836618115,37014.66681360402,10427.166573738663,3.7198806679863743e-20,3.5580339591738523,14.320399031737175
9,CC-discharge,27,2181.818181818182,81207.59469450942,3.5497960555879193,-27.263836618115,-27.263836618115,37432.36190191653,9973.711182189338,3.719875668130463e-20,3.5497960555879193,14.87118360988091
9,CC-discharge,28,2254.545454545455,81280.3219672367,3.541561915389416,-27.263836618115,-27.263836618115,37850.05699022924,9520.255790640138,3.7198708532686665e-20,3.541561915389416,15.42196818802465
9,CC-discharge,29,2327.2727272727275,81353.04923996396,3.5332756350943346,-27.263836618115,-27.263836618115,38267.752078541846,9066.800399091004,3.719869528074484e-20,3.5332756350943346,15.972752766168385
9,CC-discharge,30,2400.0,81425.77651269124,3.524867367103598,-27.263836618115,-27.263836618115,38685.447166854756,8613.345007542019,3.719871512695317e-20,3.524867367103598,16.52353734431212
9,CC-discharge,31,2472.727272727273,81498.50378541852,3.5162499468247557,-27.263836618115,-27.263836618115,39103.142255167346,8159.8896159928745,3.7198797191288035e-20,3.5162499468247557,17.07432192245586
9,CC-discharge,32,2545.4545454545455,81571.23105814579,3.5073150254768235,-27.263836618115,-27.263836618115,39520.83734348042,7706.434224443629,3.7198899430823716e-20,3.5073150254768235,17.625106500599596
9,CC-discharge,33,2618.1818181818185,81643.95833087307,3.4979264247372215,-27.263836618115,-27.263836618115,39938.532431793385,7252.9788328944605,3.719873708052778e-20,3.4979264247372215,18.175891078743334
9,CC-discharge,34,2690.909090909091,81716.68560360033,3.4879169255189537,-27.263836618115,-27.263836618115,40356.22752010627,6799.523441345434,3.71987735920717e-20,3.4879169255189537,18.72667565688707
9,CC-discharge,35,2763.636363636364,81789.41287632761,3.477077619398411,-27.263836618115,-27.263836618115,40773.92260841887,6346.0680497963,3.7198836880948896e-20,3.477077619398411,19.27746023503081
9,CC-discharge,36,2836.3636363636365,81862.14014905487,3.4651502631928044,-27.263836618115,-27.263836618115,41191.61769673182,5892.612658247334,3.7198854742169276e-20,3.4651502631928044,19.828244813174546
9,CC-discharge,37,2909.0909090909095,81934.86742178215,3.4518160661372868,-27.263836618115,-27.263836618115,41609.31278504462,5439.157266698222,3.7198515469100374e-20,3.4518160661372868,20.379029391318284
9,CC-discharge,38,2981.818181818182,82007.59469450942,3.4366829225280404,-27.263836618115,-27.263836618115,42027.00787335709,4985.701875149107,3.71982923856728e-20,3.4366829225280404,20.92981396946202
9,CC-discharge,39,3054.545454545455,82080.3219672367,3.419270862731914,-27.263836618115,-27.263836618115,42444.70296166973,4532.246483600051,3.7198264613616986e-20,3.419270862731914,21.48059854760576
9,CC-discharge,40,3127.2727272727275,82153.04923996396,3.3989962546667947,-27.263836618115,-27.263836618115,42862.398049982825,4078.7910920509894,3.719814921809262e-20,3.3989962546667947,22.031383125749496
9,CC-discharge,41,3200.0000000000005,82225.77651269124,3.3751548870351704,-27.263836618115,-27.263836618115,43280.093138295626,3625.3357005020066,3.719797895468753e-20,3.3751548870351704,22.582167703893234
9,CC-discharge,42,3272.727272727273,82298.50378541852,3.346907802161725,-27.263836618115,-27.263836618115,43697.78822660894,3171.880308952877,3.719750083961432e-20,3.346907802161725,23.13295228203697
9,CC-discharge,43,3345.454545454546,82371.23105814579,3.313265578561903,-27.263836618115,-27.263836618115,44115.48331492236,2718.424917403794,3.7197646819696084e-20,3.313265578561903,23.68373686018071
9,CC-discharge,44,3418.1818181818185,82443.95833087307,3.2730601274368847,-27.263836618115,-27.263836618115,44533.17840323444,2264.9695258547863,3.719723528105854e-20,3.2730601274368847,24.234521438324446
9,CC-discharge,45,3490.909090909091,82516.68560360033,3.224794795194204,-27.263836618115,-27.263836618115,44950.873491547354,1811.514134305741,3.7196889392499594e-20,3.224794795194204,24.785306016468184
9,CC-discharge,46,3563.636363636364,82589.41287632761,3.1656441199396204,-27.263836618115,-27.263836618115,45368.568579859995,1358.058742756684,3.719638601025167e-20,3.1656441199396204,25.336090594611925
9,CC-discharge,47,3636.3636363636365,82662.14014905487,3.0835129406845723,-27.263836618115,-27.263836618115,45786.26366817298,904.6033512076493,3.7196106160931474e-20,3.0835129406845723,25.886875172755662
9,CC-discharge,48,3677.125973728309,82702.90248641955,3.0000100000000005,-27.263836618115,-27.263836618115,46020.3743046214,650.4497035180685,3.7197042295162924e-20,3.0000100000000005,26.195580091112028
9,CC-charge,0,3895.307791910127,82921.08430460138,3.715818541306507,27.263836618115,27.263836618115,46020.3743046214,650.4497035180685,3.7197042295162924e-20,3.715818541306507,0.0
9,CC-charge,1,3968.0350646374,82993.81157732864,3.8210121923682623,27.263836618115,27.263836618115,45455.25935140846,1184.947280760308,3.7197275842640196e-20,3.8210121923682623,-0.0
9,CC-charge,2,4040.7623373646725,83066.53885005592,3.8672828372863655,27.263836618115,27.263836618115,45035.670344010316,1638.4295452905508,3.719747891470249e-20,3.8672828372863655,-0.0
9,CC-charge,3,4113.489610091945,83139.26612278318,3.904671083193655,27.263836618115,27.263836618115,44617.93802066474,2091.8848844696026,3.719716292193525e-20,3.904671083193655,-0.0
9,CC-charge,4,4186.216882819218,83211.99339551046,3.9359137169075686,27.263836618115,27.263836618115,44200.24243673517,2545.3402764006637,3.719741088522939e-20,3.9359137169075686,-0.0
9,CC-charge,5,4258.944155546491,83284.72066823773,3.961939843800864,27.263836618115,27.263836618115,43782.547343362465,2998.795667945085,3.71973558562972e-20,3.961939843800864,-0.0
9,CC-charge,6,4331.671428273764,83357.44794096501,3.983520939466982,27.263836618115,27.263836618115,43364.852255113416,3452.2510594941928,3.719731206535636e-20,3.983520939466982,-0.0
9,CC-charge,7,4404.398701001036,83430.17521369227,4.0013980135172735,27.263836618115,27.263836618115,42947.15716680021,3905.706451043233,3.719723293152105e-20,4.0013980135172735,-0.0
9,CC-charge,8,4477.125973728309,83502.90248641955,4.016254593957823,27.263836618115,27.263836618115,42529.462078487246,4359.161842592216,3.7197119512533714e-20,4.016254593957823,-0.0
9,CC-charge,9,4549.853246455582,83575.62975914683,4.028693980410931,27.263836618115,27.263836618115,42111.76699017441,4812.617234141084,3.7197107530258575e-20,4.028693980410931,-0.0
9,CC-charge,10,4622.580519182855,83648.3570318741,4.039232376517506,27.263836618115,27.263836618115,41694.071901861185,5266.072625690094,3.7197065461871125e-20,4.039232376517506,-0.0
9,CC-charge,11,4695.307791910127,83721.08430460138,4.048302738851084,27.263836618115,27.263836618115,41276.37681354818,5719.528017239201,3.7197018981452606e-20,4.048302738851084,-0.0
9,CC-charge,12,4768.0350646374,83793.81157732864,4.056262408386046,27.263836618115,27.263836618115,40858.68172523506,6172.983408787978,3.7197062373660046e-20,4.056262408386046,-0.0
9,CC-charge,13,4840.762337364673,83866.53885005592,4.06340386455018,27.263836618115,27.263836618115,40440.986636921814,6626.438800336764,3.7196975065212785e-20,4.06340386455018,-0.0
9,CC-charge,14,4913.489610091945,83939.26612278318,4.069964384272609,27.263836618115,27.263836618115,40023.2915486088,7079.894191885707,3.7196947823941747e-20,4.069964384272609,-0.0
9,CC-charge,15,4986.216882819218,84011.99339551046,4.076135329098666,27.263836618115,27.263836618115,39605.59646029569,7533.349583434737,3.7196978614505606e-20,4.076135329098666,-0.0
9,CC-charge,16,5058.944155546491,84084.72066823773,4.08207012902849,27.263836618115,27.263836618115,39187.90137198219,7986.804974983788,3.7197041921328173e-20,4.08207012902849,-0.0
9,CC-charge,17,5131.671428273764,84157.44794096501,4.087891758341393,27.263836618115,27.263836618115,38770.20628366899,8440.260366532571,3.719705243112643e-20,4.087891758341393,-0.0
9,CC-charge,18,5204.398701001037,84230.17521369227,4.093697484970265,27.263836618115,27.263836618115,38352.51119535546,8893.71575808138,3.7197068475831e-20,4.093697484970265,-0.0
9,CC-charge,19,5277.125973728309,84302.90248641955,4.0995647897342415,27.263836618115,27.263836618115,37934.81610704226,9347.171149630436,3.719707146772685e-20,4.0995647897342415,-0.0
9,CC-charge,20,5349.853246455582,84375.62975914683,4.105554645215758,27.263836618115,27.263836618115,37517.12101872841,9800.62654117939,3.7197064778380574e-20,4.105554645215758,-0.0
9,CC-charge,21,5422.580519182855,84448.3570318741,4.111714734851531,27.263836618115,27.263836618115,37099.42593041541,10254.081932728497,3.7197065378513856e-20,4.111714734851531,-0.0
9,CC-charge,22,5495.307791910127,84521.08430460138,4.118083745982642,27.263836618115,27.263836618115,36681.73084210194,10707.53732427683,3.719706587978143e-20,4.118083745982642,-0.0
9,CC-charge,23,5568.0350646374,84593.81157732864,4.124690311390043,27.263836618115,27.263836618115,36264.03575378889,11160.992715825916,3.719707289188786e-20,4.124690311390043,-0.0
9,CC-charge,24,5640.762337364673,84666.53885005592,4.131557359452521,27.263836618115,27.263836618115,35846.340665475494,11614.448107374785,3.7197072645927927e-20,4.131557359452521,-0.0
9,CC-charge,25,5713.489610091945,84739.26612278318,4.138702829439014,27.263836618115,27.263836618115,35428.64557716169,12067.903498923879,3.719707242492302e-20,4.138702829439014,-0.0
9,CC-charge,26,5786.216882819219,84811.99339551046,4.146140813723616,27.263836618115,27.263836618115,35010.95048884852,12521.358890472824,3.719707137180565e-20,4.146140813723616,-0.0
9,CC-charge,27,5858.944155546491,84884.72066823773,4.153882516237215,27.263836618115,27.263836618115,34593.255400535236,12974.8142820218,3.7197075650703196e-20,4.153882516237215,-0.0
9,CC-charge,28,5931.671428273764,84957.44794096501,4.1619389403731475,27.263836618115,27.263836618115,34175.56031222198,13428.26967357083,3.719707600177623e-20,4.1619389403731475,-0.0
9,CC-charge,29,6004.398701001037,85030.17521369227,4.170314605494152,27.263836618115,27.263836618115,33757.865223908746,13881.72506511975,3.71970717413152e-20,4.170314605494152,-0.0
9,CC-charge,30,6077.125973728309,85102.90248641955,4.179017703250928,27.263836618115,27.263836618115,33340.17013559566,14335.180456668242,3.7197056014263e-20,4.179017703250928,-0.0
9,CC-charge,31,6149.853246455582,85175.62975914683,4.188054814588455,27.263836618115,27.263836618115,32922.47504728216,14788.635848216923,3.7197092438119307e-20,4.188054814588455,-0.0
9,CC-charge,32,6222.580519182855,85248.3570318741,4.197432853058222,27.263836618115,27.263836618115,32504.77995896871,15242.091239765577,3.719710345652022e-20,4.197432853058222,-0.0
9,CC-charge,33,6241.949245041323,85267.72575773257,4.199990000000001,27.263836618115,27.263836618115,32393.53941117171,15362.855470824818,3.7197103671720904e-20,4.199990000000001,-0.0
9,CV-charge,0,6460.131063223141,85485.90757591439,4.2,27.288665434892916,27.288665434892916,32393.53941117171,15362.855470824818,3.7197103671720904e-20,4.2,0.0
9,CV-charge,1,6532.858335950414,85558.63484864165,4.200000000000001,24.20660271309465,24.20660271309465,31871.626134938168,15857.901251255325,4.839709268994512e-20,4.200000000000001,-0.0
9,CV-charge,2,6605.585608677687,85631.36212136893,4.199999999999999,22.26035030466771,22.26035030466771,31525.210079480352,16238.023747234753,5.469767662981174e-20,4.199999999999999,-0.0
9,CV-charge,3,6678.312881404959,85704.0893940962,4.200000000000001,20.560765729285748,20.560765729285748,31207.255049180327,16588.37551579766,7.340735821107416e-20,4.200000000000001,-0.0
9,CV-charge,4,6751.040154132232,85776.81666682348,4.2,19.05935864014628,19.05935864014628,30912.435868949433,16913.037272781552,7.857188857025128e-20,4.2,-0.0
9,CV-charge,5,6823.767426859505,85849.54393955074,4.199999999999999,17.726921501367812,17.726921501367812,30638.347355936487,17214.67064936542,7.906682706865556e-20,4.199999999999999,-0.0
9,CV-charge,6,6896.494699586778,85922.27121227802,4.2,16.538426146910677,16.538426146910677,30382.74388103452,17495.791097355534,7.330368359266195e-20,4.2,-0.0
9,CV-charge,7,6969.22197231405,85994.99848500529,4.2,15.473198754821382,15.473198754821382,30143.69615019641,17758.557650271163,6.895769758654154e-20,4.2,-0.0
9,CV-charge,8,7041.949245041323,86067.72575773257,4.199999999999999,14.514126334831655,14.514126334831655,29919.545366783143,18004.82443759784,7.854397603284985e-20,4.199999999999999,-0.0
9,CV-charge,9,7114.676517768596,86140.45303045984,4.200000000000001,13.646945676555672,13.646945676555672,29708.856820888468,18236.193360747264,7.668592941818169e-20,4.200000000000001,-0.0
9,CV-charge,10,7187.403790495868,86213.18030318711,4.199999999999999,12.859714843119654,12.859714843119654,29510.384274076427,18454.05443672734,7.890700661736405e-20,4.199999999999999,-0.0
9,CV-charge,11,7260.131063223141,86285.90757591439,4.2,12.142382761934815,12.142382761934815,29323.04018579003,18659.619479227138,8.581588105421091e-20,4.2,-0.0
9,CV-charge,12,7332.858335950414,86358.63484864165,4.200000000000001,11.48639424770217,11.48639424770217,29145.858707176907,18853.963572090248,8.782301507297726e-20,4.200000000000001,-0.0
9,CV-charge,13,7405.585608677687,86431.36212136893,4.199999999999999,10.884547214706508,10.884547214706508,28978.006915288726,19038.01318463692,9.253643515848847e-20,4.199999999999999,-0.0
9,CV-charge,14,7478.31288140496,86504.0893940962,4.199999999999999,10.33023441084771,10.33023441084771,28818.61836211829,19212.729460205912,9.549812454811448e-20,4.199999999999999,-0.0
9,CV-charge,15,7551.040154132232,86576.81666682348,4.2,9.81857884823805,9.81857884823805,28667.152186381772,19378.714467567454,9.572390130700736e-20,4.2,-0.0
9,CV-charge,16,7623.767426859505,86649.54393955074,4.2,9.345397511664912,9.345397511664912,28523.143147610044,19536.48620254624,8.771972040430343e-20,4.2,-0.0
9,CV-charge,17,7696.494699586778,86722.27121227802,4.2,8.905863947672747,8.905863947672747,28385.802598273505,19686.91590150171,8.771143298015998e-20,4.2,-0.0
9,CV-charge,18,7769.22197231405,86794.99848500529,4.2,8.496958081610025,8.496958081610025,28254.78690665693,19830.385683555854,8.776654578650402e-20,4.2,-0.0
9,CV-charge,19,7841.949245041323,86867.72575773257,4.200000000000001,8.11565842941803,8.11565842941803,28129.667210147494,19967.370502527265,8.778577425258489e-20,4.200000000000001,-0.0
9,CV-charge,20,7914.676517768596,86940.45303045984,4.199999999999999,7.759317172894094,7.759317172894094,28010.05587974564,20098.299303585532,8.768593995253662e-20,4.199999999999999,-0.0
9,CV-charge,21,7987.403790495868,87013.18030318711,4.199999999999999,7.425605970851245,7.425605970851245,27895.6016106455,20223.560613032947,8.76627067787234e-20,4.199999999999999,-0.0
9,CV-charge,22,8060.131063223141,87085.90757591439,4.199999999999999,7.112470515866874,7.112470515866874,27785.98512708397,20343.507340074866,8.768905107289131e-20,4.199999999999999,-0.0
9,CV-charge,23,8132.858335950414,87158.63484864165,4.2,6.818096286525097,6.818096286525097,27680.91686430774,20458.459390112253,8.766624312471944e-20,4.2,-0.0
9,CV-charge,24,8205.585608677686,87231.36212136893,4.200000000000001,6.540867725417174,6.540867725417174,27580.130682026305,20568.71064354116,8.765863076912533e-20,4.200000000000001,-0.0
9,CV-charge,25,8278.31288140496,87304.0893940962,4.2,6.279346928797236,6.279346928797236,27483.383074483918,20674.529851498224,8.766685247759251e-20,4.2,-0.0
9,CV-charge,26,8351.040154132232,87376.81666682348,4.2,6.032249945919483,6.032249945919483,27390.450507146015,20776.163611264066,8.768384051200113e-20,4.2,-0.0
9,CV-charge,27,8423.767426859504,87449.54393955074,4.2,5.798427245682832,5.798427245682832,27301.1273190243,20873.83870306549,8.768994217658437e-20,4.2,-0.0
9,CV-charge,28,8496.494699586778,87522.27121227802,4.200000000000001,5.576847030358672,5.576847030358672,27215.223887107724,20967.764134424116,8.759661673422929e-20,4.200000000000001,-0.0
9,CV-charge,29,8569.22197231405,87594.99848500529,4.2,5.366580929582488,5.366580929582488,27132.56501434555,21058.132934366095,8.746795057884249e-20,4.2,-0.0
9,CV-charge,30,8641.949245041324,87667.72575773257,4.199999999999999,5.166791694066648,5.166791694066648,27052.98850993796,21145.12373265065,8.744884967788848e-20,4.199999999999999,-0.0
9,CV-charge,31,8714.676517768596,87740.45303045984,4.200000000000001,4.976722575202816,4.976722575202816,26976.343935523648,21228.902153676194,8.7405548444979e-20,4.200000000000001,-0.0
9,CV-charge,32,8787.403790495868,87813.18030318711,4.2,4.795688130918796,4.795688130918796,26902.491494928378,21309.622050107646,8.736642074449733e-20,4.2,-0.0
9,CV-charge,33,8860.131063223142,87885.90757591439,4.2,4.623066242193109,4.623066242193109,26831.301048528734,21387.42659747666,8.75267390019081e-20,4.2,-0.0
9,CV-charge,34,8932.858335950414,87958.63484864165,4.199999999999999,4.45829116055829,4.45829116055829,26762.651236095742,21462.449267820775,8.760399847554436e-20,4.199999999999999,-0.0
9,CV-charge,35,9005.585608677688,88031.36212136893,4.2,4.300847436345079,4.300847436345079,26696.428694346665,21534.814697787064,8.76283262406416e-20,4.2,-0.0
9,CV-charge,36,9078.31288140496,88104.0893940962,4.2,4.150264601598375,4.150264601598375,26632.52735740284,21604.63946439661,8.781831592532163e-20,4.2,-0.0
9,CV-charge,37,9151.040154132232,88176.81666682348,4.199999999999999,4.006112501542885,4.006112501542885,26570.847830022347,21672.032779808815,8.781477737217326e-20,4.199999999999999,-0.0
9,CV-charge,38,9223.767426859504,88249.54393955074,4.200000000000001,3.8679971849757586,3.8679971849757586,26511.296824866688,21737.097114834545,8.772464120446518e-20,4.200000000000001,-0.0
9,CV-charge,39,9296.494699586778,88322.27121227802,4.2,3.735557277689147,3.735557277689147,26453.786656266602,21799.92875963607,8.774046044864853e-20,4.2,-0.0
9,CV-charge,40,9369.22197231405,88394.99848500529,4.2,3.6084607744247656,3.6084607744247656,26398.234783942637,21860.618328897992,8.777718756721548e-20,4.2,-0.0
9,CV-charge,41,9441.949245041324,88467.72575773257,4.200000000000001,3.4864021944405192,3.4864021944405192,26344.56340101434,21919.251217803805,8.779814084301264e-20,4.200000000000001,-0.0
9,CV-charge,42,9514.676517768596,88540.45303045984,4.2,3.3691000537592917,3.3691000537592917,26292.699061351846,21975.908014320892,8.796448845193227e-20,4.2,-0.0
9,CV-charge,43,9587.403790495868,88613.18030318711,4.2,3.2562946138765465,3.2562946138765465,26242.572341951894,22030.66487261951,8.795054720073822e-20,4.2,-0.0
9,CV-charge,44,9660.131063223142,88685.90757591439,4.2,3.147745872453745,3.147745872453745,26194.11753657749,22083.593851802758,8.798710304278072e-20,4.2,-0.0
9,CV-charge,45,9732.858335950414,88758.63484864165,4.2,3.0432317662454667,3.0432317662454667,26147.2723773424,22134.76322365511,8.799546213640382e-20,4.2,-0.0
9,CV-charge,46,9805.585608677688,88831.36212136893,4.2,2.94254656063887,2.94254656063887,26101.977781332364,22184.237752627236,8.798375392801744e-20,4.2,-0.0
9,CV-charge,47,9878.31288140496,88904.0893940962,4.199999999999999,2.8454994036259667,2.8454994036259667,26058.177619708807,22232.078950918705,8.803656072139587e-20,4.199999999999999,-0.0
9,CV-charge,48,9951.040154132232,88976.81666682348,4.199999999999999,2.75191302498478,2.75191302498478,26015.818507024207,22278.345311168054,8.804397673413761e-20,4.199999999999999,-0.0
9,CV-charge,49,9971.376160763772,88997.15267345501,4.2,2.7263936618114992,2.7263936618114992,26004.248554005662,22290.982348583188,8.804809597056015e-20,4.2,-0.0
10,CC-discharge,0,218.1818181818182,89215.33449163684,3.855282468522015,-27.263836618115,-27.263836618115,26004.248554005662,22290.982348583188,8.804809597056015e-20,3.855282468522015,0.0
10,CC-discharge,1,290.90909090909093,89288.0617643641,3.831242177114647,-27.263836618115,-27.263836618115,26569.368272283988,21756.48246580097,8.80480835048196e-20,3.831242177114647,0.5507845781437375
10,CC-discharge,2,363.6363636363637,89360.78903709138,3.8149907341597435,-27.263836618115,-27.263836618115,26988.956118685368,21303.002508604535,8.804806203074957e-20,3.8149907341597435,1.101569156287475
10,CC-discharge,3,436.3636363636364,89433.51630981865,3.799834031472245,-27.263836618115,-27.263836618115,27406.682696239408,20849.54716651363,8.804806052468378e-20,3.799834031472245,1.652353734431212
10,CC-discharge,4,509.0909090909091,89506.24358254593,3.785507405873741,-27.263836618115,-27.263836618115,27824.380221410367,20396.091775693036,8.804806028041848e-20,3.785507405873741,2.2031383125749495
10,CC-discharge,5,581.8181818181819,89578.97085527319,3.7718502423189793,-27.263836618115,-27.263836618115,28242.075499141065,19942.636384154543,8.804806040219585e-20,3.7718502423189793,2.753922890718687
10,CC-discharge,6,654.5454545454546,89651.69812800047,3.758756586186344,-27.263836618115,-27.263836618115,28659.770602249602,19489.180992605143,8.804806146505161e-20,3.758756586186344,3.3047074688624245
10,CC-discharge,7,727.2727272727274,89724.42540072773,3.746133048201542,-27.263836618115,-27.263836618115,29077.465691724825,19035.725601055863,8.804806260429278e-20,3.746133048201542,3.855492047006162
10,CC-discharge,8,800.0000000000001,89797.15267345501,3.733923145378417,-27.263836618115,-27.263836618115,29495.1607801297,18582.270209506612,8.804806281101604e-20,3.733923145378417,4.4062766251499
10,CC-discharge,9,872.7272727272727,89869.8799461823,3.722079718369302,-27.263836618115,-27.263836618115,29912.855868449507,18128.814817957395,8.804806382090287e-20,3.722079718369302,4.9570612032936365
10,CC-discharge,10,945.4545454545455,89942.60721890956,3.7105666324252513,-27.263836618115,-27.263836618115,30330.550956763163,17675.359426408046,8.804806287222317e-20,3.7105666324252513,5.507845781437374
10,CC-discharge,11,1018.1818181818182,90015.33449163684,3.6993559501124436,-27.263836618115,-27.263836618115,30748.246045076037,17221.904034858508,8.804806277099152e-20,3.6993559501124436,6.0586303595811115
10,CC-discharge,12,1090.909090909091,90088.0617643641,3.688425853037953,-27.263836618115,-27.263836618115,31165.941133388755,16768.448643309042,8.80480628673729e-20,3.688425853037953,6.609414937724849
10,CC-discharge,13,1163.6363636363637,90160.78903709138,3.6777590809499094,-27.263836618115,-27.263836618115,31583.636221701476,16314.993251759819,8.80480638681897e-20,3.6777590809499094,7.1601995158685865
10,CC-discharge,14,1236.3636363636365,90233.51630981865,3.6673417318644224,-27.263836618115,-27.263836618115,32001.33131001383,15861.537860210734,8.804806368131553e-20,3.6673417318644224,7.710984094012324
10,CC-discharge,15,1309.0909090909092,90306.24358254593,3.6571623138320692,-27.263836618115,-27.263836618115,32419.02639832702,15408.082468661098,8.804806318305883e-20,3.6571623138320692,8.261768672156062
10,CC-discharge,16,1381.818181818182,90378.97085527319,3.6472109708071647,-27.263836618115,-27.263836618115,32836.72148664007,14954.627077111634,8.804806235561968e-20,3.6472109708071647,8.8125532502998
10,CC-discharge,17,1454.5454545454547,90451.69812800047,3.6374788248295564,-27.263836618115,-27.263836618115,33254.41657495297,14501.171685562793,8.804806335372025e-20,3.6374788248295564,9.363337828443537
10,CC-discharge,18,1527.2727272727275,90524.42540072773,3.627957389935241,-27.263836618115,-27.263836618115,33672.111663265256,14047.716294013655,8.804806231163605e-20,3.627957389935241,9.914122406587275
10,CC-discharge,19,1600.0000000000002,90597.15267345501,3.6186380213921807,-27.263836618115,-27.263836618115,34089.806751577475,13594.260902464255,8.804806275776141e-20,3.6186380213921807,10.464906984731012
10,CC-discharge,20,1672.727272727273,90669.8799461823,3.609511368567431,-27.263836618115,-27.263836618115,34507.501839889876,13140.805510914885,8.804806355878179e-20,3.609511368567431,11.01569156287475
10,CC-discharge,21,1745.4545454545455,90742.60721890956,3.6005668028013407,-27.263836618115,-27.263836618115,34925.19692820242,12687.350119365556,8.804806319922236e-20,3.6005668028013407,11.566476141018486
10,CC-discharge,22,1818.1818181818182,90815.33449163684,3.591791784979634,-27.263836618115,-27.263836618115,35342.892016515456,12233.894727816374,8.804806326961503e-20,3.591791784979634,12.117260719162223
10,CC-discharge,23,1890.909090909091,90888.0617643641,3.5831705712269164,-27.263836618115,-27.263836618115,35760.58710482845,11780.43933626677,8.804806239132646e-20,3.5831705712269164,12.66804529730596
10,CC-discharge,24,1963.6363636363637,90960.78903709138,3.5746859887200086,-27.263836618115,-27.263836618115,36178.28219314087,11326.98394471764,8.804806138687879e-20,3.5746859887200086,13.218829875449698
10,CC-discharge,25,2036.3636363636365,91033.51630981865,3.5663139929323764,-27.263836618115,-27.263836618115,36595.97728145409,10873.52855316864,8.804806106219761e-20,3.5663139929323764,13.769614453593435
10,CC-discharge,26,2109.0909090909095,91106.24358254593,3.5580258141641954,-27.263836618115,-27.263836618115,37013.67236976649,10420.073161619423,8.804806331992248e-20,3.5580258141641954,14.320399031737175
10,CC-discharge,27,2181.818181818182,91178.97085527319,3.549785558700866,-27.263836618115,-27.263836618115,37431.36745807939,9966.617770070168,8.80480858676767e-20,3.549785558700866,14.87118360988091
10,CC-discharge,28,2254.545454545455,91251.69812800047,3.541548393400595,-27.263836618115,-27.263836618115,37849.062546392124,9513.162378521132,8.804809569309936e-20,3.541548393400595,15.42196818802465
10,CC-discharge,29,2327.2727272727275,91324.42540072773,3.5332582308608527,-27.263836618115,-27.263836618115,38266.7576347049,9059.706986971938,8.804806639464833e-20,3.5332582308608527,15.972752766168385
10,CC-discharge,30,2400.0,91397.15267345501,3.524844994656038,-27.263836618115,-27.263836618115,38684.45272301768,8606.25159542263,8.804795578988829e-20,3.524844994656038,16.52353734431212
10,CC-discharge,31,2472.727272727273,91469.8799461823,3.5162212348731514,-27.263836618115,-27.263836618115,39102.14781133048,8152.79620387343,8.804802676592107e-20,3.5162212348731514,17.07432192245586
10,CC-discharge,32,2545.4545454545455,91542.60721890956,3.507278240676399,-27.263836618115,-27.263836618115,39519.84289964306,7699.340812324358,8.804810999025401e-20,3.507278240676399,17.625106500599596
10,CC-discharge,33,2618.1818181818185,91615.33449163684,3.4978794139642915,-27.263836618115,-27.263836618115,39937.537987955395,7245.88542077515,8.804814270490021e-20,3.4978794139642915,18.175891078743334
10,CC-discharge,34,2690.909090909091,91688.0617643641,3.4878569709118445,-27.263836618115,-27.263836618115,40355.23307626831,6792.43002922616,8.804813915860406e-20,3.4878569709118445,18.72667565688707
10,CC-discharge,35,2763.636363636364,91760.78903709138,3.477001337496993,-27.263836618115,-27.263836618115,40772.928164580815,6338.97463767704,8.804801143258775e-20,3.477001337496993,19.27746023503081
10,CC-discharge,36,2836.3636363636365,91833.51630981865,3.465053448243375,-27.263836618115,-27.263836618115,41190.6232528934,5885.519246127657,8.804785972875948e-20,3.465053448243375,19.828244813174546
10,CC-discharge,37,2909.0909090909095,91906.24358254593,3.451693510961361,-27.263836618115,-27.263836618115,41608.318341206,5432.063854578531,8.804765304142742e-20,3.451693510961361,20.379029391318284
10,CC-discharge,38,2981.818181818182,91978.97085527319,3.436528212418882,-27.263836618115,-27.263836618115,42026.0134295193,4978.608463029526,8.804772896030984e-20,3.436528212418882,20.92981396946202
10,CC-discharge,39,3054.545454545455,92051.69812800047,3.419076145825838,-27.263836618115,-27.263836618115,42443.708517831714,4525.15307148033,8.804786251400528e-20,3.419076145825838,21.48059854760576
10,CC-discharge,40,3127.2727272727275,92124.42540072773,3.3987519940324686,-27.263836618115,-27.263836618115,42861.403606143846,4071.697679931382,8.804802994797724e-20,3.3987519940324686,22.031383125749496
10,CC-discharge,41,3200.0000000000005,92197.15267345501,3.374849650026925,-27.263836618115,-27.263836618115,43279.098694456516,3618.2422883823237,8.804799255280092e-20,3.374849650026925,22.582167703893234
10,CC-discharge,42,3272.727272727273,92269.8799461823,3.3465280219924574,-27.263836618115,-27.263836618115,43696.7937827689,3164.786896833259,8.804734861475329e-20,3.3465280219924574,23.13295228203697
10,CC-discharge,43,3345.454545454546,92342.60721890956,3.3127953522500655,-27.263836618115,-27.263836618115,44114.48887108121,2711.3315052842026,8.804688162814312e-20,3.3127953522500655,23.68373686018071
10,CC-discharge,44,3418.1818181818185,92415.33449163684,3.2724803918586773,-27.263836618115,-27.263836618115,44532.183959393864,2257.8761137351808,8.804677567973087e-20,3.2724803918586773,24.234521438324446
10,CC-discharge,45,3490.909090909091,92488.0617643641,3.224078091156111,-27.263836618115,-27.263836618115,44949.87904770704,1804.4207221861293,8.804641980928931e-20,3.224078091156111,24.785306016468184
10,CC-discharge,46,3563.636363636364,92560.78903709138,3.16471878703335,-27.263836618115,-27.263836618115,45367.57413602024,1350.9653306370978,8.804623451170294e-20,3.16471878703335,25.336090594611925
10,CC-discharge,47,3636.3636363636365,92633.51630981865,3.0819398848769533,-27.263836618115,-27.263836618115,45785.26922433302,897.5099390880537,8.804620043510457e-20,3.0819398848769533,25.886875172755662
10,CC-discharge,48,3676.0321803358647,92673.18485379088,3.0000099999999996,-27.263836618115,-27.263836618115,46013.097869026555,650.176105925344,8.804667624882854e-20,3.0000099999999996,26.18729647879381
10,CC-charge,0,3894.2139985176827,92891.3666719727,3.715786555903987,27.263836618115,27.263836618115,46013.097869026555,650.176105925344,8.804667624882854e-20,3.715786555903987,0.0
10,CC-charge,1,3966.9412712449557,92964.09394469997,3.8210468686959245,27.263836618115,27.263836618115,45447.98291573039,1184.6736832959757,8.804615394754153e-20,3.8210468686959245,-0.0
10,CC-charge,2,4039.6685439722282,93036.82121742725,3.8673223041331943,27.263836618115,27.263836618115,45028.393920914765,1638.155947553456,8.80461708392947e-20,3.8673223041331943,-0.0
10,CC-charge,3,4112.395816699501,93109.54849015451,3.904713042349404,27.263836618115,27.263836618115,44610.66158527449,2091.6112868780756,8.804636613403834e-20,3.904713042349404,-0.0
10,CC-charge,4,4185.123089426774,93182.27576288179,3.935958360968756,27.263836618115,27.263836618115,44192.96600114361,2545.0666788079675,8.80460880710387e-20,3.935958360968756,-0.0
10,CC-charge,5,4257.850362154047,93255.00303560906,3.9619874455252613,27.263836618115,27.263836618115,43775.270907768434,2998.5220703524856,8.804604859905314e-20,3.9619874455252613,-0.0
10,CC-charge,6,4330.57763488132,93327.73030833634,3.983571648500751,27.263836618115,27.263836618115,43357.57581951957,3451.9774619016302,8.80461207992574e-20,3.983571648500751,-0.0
10,CC-charge,7,4403.304907608592,93400.4575810636,4.0014518946952276,27.263836618115,27.263836618115,42939.88073120666,3905.432853450578,8.80459565449982e-20,4.0014518946952276,-0.0
10,CC-charge,8,4476.032180335865,93473.18485379088,4.016311670290791,27.263836618115,27.263836618115,42522.18564289315,4358.88824499958,8.804592861430213e-20,4.016311670290791,-0.0
10,CC-charge,9,4548.759453063138,93545.91212651816,4.028754259255382,27.263836618115,27.263836618115,42104.49055457974,4812.343636548555,8.8045905639912e-20,4.028754259255382,-0.0
10,CC-charge,10,4621.48672579041,93618.63939924543,4.039295863685388,27.263836618115,27.263836618115,41686.79546626642,5265.799028097427,8.804593448691342e-20,4.039295863685388,-0.0
10,CC-charge,11,4694.213998517683,93691.3666719727,4.048369444311209,27.263836618115,27.263836618115,41269.1003779531,5719.254419646388,8.80459449636395e-20,4.048369444311209,-0.0
10,CC-charge,12,4766.941271244956,93764.09394469997,4.056332349268179,27.263836618115,27.263836618115,40851.405289639704,6172.7098111950645,8.804599600892529e-20,4.056332349268179,-0.0
10,CC-charge,13,4839.668543972229,93836.82121742725,4.063477064563983,27.263836618115,27.263836618115,40433.7102013259,6626.165202743979,8.804597639773107e-20,4.063477064563983,-0.0
10,CC-charge,14,4912.395816699502,93909.54849015451,4.070040872864249,27.263836618115,27.263836618115,40016.01511301246,7079.620594292957,8.804601905271078e-20,4.070040872864249,-0.0
10,CC-charge,15,4985.123089426774,93982.27576288179,4.076215140101934,27.263836618115,27.263836618115,39598.320024699104,7533.075985841973,8.804600336640497e-20,4.076215140101934,-0.0
10,CC-charge,16,5057.850362154047,94055.00303560906,4.08215329920767,27.263836618115,27.263836618115,39180.624936386004,7986.531377390777,8.804603654318278e-20,4.08215329920767,-0.0
10,CC-charge,17,5130.57763488132,94127.73030833634,4.0879783264708776,27.263836618115,27.263836618115,38762.92984807268,8439.986768939862,8.804604568196573e-20,4.0879783264708776,-0.0
10,CC-charge,18,5203.304907608592,94200.4575810636,4.09378749047308,27.263836618115,27.263836618115,38345.23475975932,8893.442160488983,8.80460282418806e-20,4.09378749047308,-0.0
10,CC-charge,19,5276.032180335865,94273.18485379088,4.099658272025751,27.263836618115,27.263836618115,37927.539671445564,9346.89755203773,8.804603249886631e-20,4.099658272025751,-0.0
10,CC-charge,20,5348.759453063138,94345.91212651816,4.105651643373048,27.263836618115,27.263836618115,37509.84458313212,9800.352943586537,8.804605279357847e-20,4.105651643373048,-0.0
10,CC-charge,21,5421.48672579041,94418.63939924543,4.111815286909343,27.263836618115,27.263836618115,37092.14949481881,10253.808335135562,8.804605339601939e-20,4.111815286909343,-0.0
10,CC-charge,22,5494.213998517683,94491.3666719727,4.118187890396003,27.263836618115,27.263836618115,36674.45440650562,10707.263726684374,8.804605263985474e-20,4.118187890396003,-0.0
10,CC-charge,23,5566.941271244956,94564.09394469997,4.124798085793753,27.263836618115,27.263836618115,36256.75931819196,11160.719118233006,8.804604862282506e-20,4.124798085793753,-0.0
10,CC-charge,24,5639.668543972229,94636.82121742725,4.131668801745456,27.263836618115,27.263836618115,35839.064229878975,11614.174509781567,8.804604885084422e-20,4.131668801745456,-0.0
10,CC-charge,25,5712.395816699502,94709.54849015451,4.138817978770559,27.263836618115,27.263836618115,35421.36914156554,12067.629901330798,8.804604914191211e-20,4.138817978770559,-0.0
10,CC-charge,26,5785.123089426774,94782.27576288179,4.146259711605979,27.263836618115,27.263836618115,35003.67405325232,12521.085292879918,8.804605270414663e-20,4.146259711605979,-0.0
10,CC-charge,27,5857.850362154047,94855.00303560906,4.154005208106358,27.263836618115,27.263836618115,34585.978964939066,12974.540684428994,8.804605382286763e-20,4.154005208106358,-0.0
10,CC-charge,28,5930.57763488132,94927.73030833634,4.162065477138678,27.263836618115,27.263836618115,34168.28387662567,13427.996075977926,8.804605429856964e-20,4.162065477138678,-0.0
10,CC-charge,29,6003.304907608592,95000.4575810636,4.170445047367076,27.263836618115,27.263836618115,33750.588788312365,13881.451467526625,8.804603621543271e-20,4.170445047367076,-0.0
10,CC-charge,30,6076.032180335865,95073.18485379088,4.179152121500111,27.263836618115,27.263836618115,33332.893699999186,14334.906859075438,8.804602603913671e-20,4.179152121500111,-0.0
10,CC-charge,31,6148.759453063138,95145.91212651816,4.188193295730691,27.263836618115,27.263836618115,32915.19861168565,14788.362250624446,8.804603640806153e-20,4.188193295730691,-0.0
10,CC-charge,32,6221.48672579041,95218.63939924543,4.197575503762632,27.263836618115,27.263836618115,32497.503523372237,15241.817642173146,8.804608274184163e-20,4.197575503762632,-0.0
10,CC-charge,33,6239.770937130648,95236.92361058567,4.19999,27.263836618115,27.263836618115,32392.49167590301,15355.819912594348,8.80460829326881e-20,4.19999,-0.0
10,CV-charge,0,6457.952755312466,95455.10542876749,4.2,27.28868002690719,27.28868002690719,32392.49167590301,15355.819912594348,8.80460829326881e-20,4.2,0.0
10,CV-charge,1,6530.680028039739,95527.83270149476,4.200000000000001,24.206822422634133,24.206822422634133,31870.575288307195,15850.868536523983,1.0138118051903541e-19,4.200000000000001,-0.0
10,CV-charge,2,6603.407300767012,95600.55997422204,4.2,22.26069661480467,22.26069661480467,31524.15408492498,16230.996246426796,9.942584892094426e-20,4.2,-0.0
10,CV-charge,3,6676.134573494284,95673.2872469493,4.200000000000001,20.56119355758775,20.56119355758775,31206.19227834769,16581.355062882325,7.891294629632934e-20,4.200000000000001,-0.0
10,CV-charge,4,6748.861846221557,95746.01451967658,4.2,19.059837632660273,19.059837632660273,30911.365773351372,16906.02459752397,7.326128010514183e-20,4.2,-0.0
10,CV-charge,5,6821.58911894883,95818.74179240385,4.200000000000001,17.72742832317595,17.72742832317595,30637.2694270389,17207.666380319097,6.977588085223801e-20,4.200000000000001,-0.0
10,CV-charge,6,6894.316391676103,95891.46906513112,4.2,16.53894420537566,16.53894420537566,30381.65793670184,17488.795485371043,6.67158224745861e-20,4.2,-0.0
10,CV-charge,7,6967.043664403375,95964.19633785839,4.2,15.473715954458493,15.473715954458493,30142.602187754495,17751.570737190603,6.794819427883139e-20,4.2,-0.0
10,CV-charge,8,7039.770937130648,96036.92361058567,4.200000000000001,14.514634077705239,14.514634077705239,29918.443524845065,17997.846100865805,6.729322042419034e-20,4.200000000000001,-0.0
10,CV-charge,9,7112.498209857921,96109.65088331295,4.2,13.64743777781692,13.64743777781692,29707.747333575622,18229.223366235725,7.800619366507966e-20,4.2,-0.0
10,CV-charge,10,7185.225482585194,96182.37815604021,4.2,12.860186870732228,12.860186870732228,29509.267428401214,18447.09248745963,8.019051830655022e-20,4.2,-0.0
10,CV-charge,11,7257.952755312466,96255.10542876749,4.2,12.142831690299294,12.142831690299294,29321.916333724348,18652.665202816155,7.843161084336578e-20,4.2,-0.0
10,CV-charge,12,7330.680028039739,96327.83270149476,4.200000000000001,11.486818051774575,11.486818051774575,29144.72823184511,18847.016559393785,8.475305893450142e-20,4.200000000000001,-0.0
10,CV-charge,13,7403.407300767012,96400.55997422204,4.200000000000001,10.884944577085157,10.884944577085157,28976.870221877914,19031.0730001244,7.985727555271181e-20,4.200000000000001,-0.0
10,CV-charge,14,7476.134573494284,96473.2872469493,4.200000000000001,10.331015752757466,10.331015752757466,28817.59577601208,19205.664145875868,9.033786501469637e-20,4.200000000000001,-0.0
10,CV-charge,15,7548.861846221557,96546.01451967658,4.2,9.819711766910228,9.819711766910228,28666.24170811782,19371.52638100647,7.93085636081565e-20,4.2,-0.0
10,CV-charge,16,7621.58911894883,96618.74179240385,4.2,9.346038030507525,9.346038030507525,28522.090370965318,19529.454260106555,7.940856983544241e-20,4.2,-0.0
10,CV-charge,17,7694.316391676103,96691.46906513112,4.200000000000001,8.906452633586776,8.906452633586776,28384.740611726265,19679.894026155926,7.946618295009619e-20,4.200000000000001,-0.0
10,CV-charge,18,7767.043664403376,96764.19633785839,4.2,8.49749909224798,8.49749909224798,28253.7165386874,19823.373053166175,7.955263848813481e-20,4.2,-0.0
10,CV-charge,19,7839.770937130648,96836.92361058567,4.2,8.116154159931078,8.116154159931078,28128.589157860268,19960.36635059495,7.954487009699303e-20,4.2,-0.0
10,CV-charge,20,7912.498209857921,96909.65088331295,4.2,7.759769863295744,7.759769863295744,28008.970808302944,20091.302901297156,7.957776678751657e-20,4.2,-0.0
10,CV-charge,21,7985.225482585194,96982.37815604021,4.200000000000001,7.42601770763038,7.42601770763038,27894.510152574712,20216.57126739411,7.953586835209826e-20,4.200000000000001,-0.0
10,CV-charge,22,8057.952755312466,97055.10542876749,4.199999999999999,7.112843242855802,7.112843242855802,27784.88788461003,20336.524391413768,7.954817153667215e-20,4.199999999999999,-0.0
10,CV-charge,23,8130.680028039739,97127.83270149476,4.200000000000001,6.818431793966085,6.818431793966085,27679.814403559594,20451.482218494897,7.954832693416576e-20,4.200000000000001,-0.0
10,CV-charge,24,8203.407300767012,97200.55997422204,4.200000000000001,6.541167704571055,6.541167704571055,27579.023550700065,20561.738649203853,7.953041267202929e-20,4.200000000000001,-0.0
10,CV-charge,25,8276.134573494284,97273.2872469493,4.199999999999999,6.27961295971162,6.27961295971162,27482.271795953875,20667.562461484136,7.954514829818332e-20,4.199999999999999,-0.0
10,CV-charge,26,8348.861846221558,97346.01451967658,4.2,6.032483506395735,6.032483506395735,27389.335581933112,20769.20027773556,7.957659874419205e-20,4.2,-0.0
10,CV-charge,27,8421.58911894883,97418.74179240385,4.2,5.798629719963412,5.798629719963412,27300.009226251368,20866.87890169883,7.989081944611073e-20,4.2,-0.0
10,CV-charge,28,8494.316391676104,97491.46906513112,4.200000000000001,5.577019717204818,5.577019717204818,27214.103085828156,20960.80736294311,8.001858507934508e-20,4.200000000000001,-0.0
10,CV-charge,29,8567.043664403376,97564.19633785839,4.2,5.366725049736325,5.366725049736325,27131.441944751103,21051.178711206016,8.02205566153006e-20,4.2,-0.0
10,CV-charge,30,8639.770937130648,97636.92361058567,4.2,5.166908397141098,5.166908397141098,27051.86359446443,21138.171595742304,8.033380264634414e-20,4.2,-0.0
10,CV-charge,31,8712.49820985792,97709.65088331295,4.200000000000001,4.976812946018613,4.976812946018613,26975.217579855373,21221.951659331775,8.020035073202548e-20,4.200000000000001,-0.0
10,CV-charge,32,8785.225482585194,97782.37815604021,4.2,4.795753195324205,4.795753195324205,26901.364088914524,21302.672772010552,8.04285391539904e-20,4.2,-0.0
10,CV-charge,33,8857.952755312466,97855.10542876749,4.2,4.623106972400434,4.623106972400434,26830.172967014827,21380.478125759706,8.039499086664925e-20,4.2,-0.0
10,CV-charge,34,8930.68002803974,97927.83270149476,4.200000000000001,4.458308480037249,4.458308480037249,26761.522839681427,21455.50120823207,8.046041004024532e-20,4.200000000000001,-0.0
10,CV-charge,35,9003.407300767012,98000.55997422204,4.2,4.300842224299648,4.300842224299648,26695.300330071866,21527.866670929587,8.055125575078241e-20,4.2,-0.0
10,CV-charge,36,9076.134573494284,98073.2872469493,4.200000000000001,4.150237697068752,4.150237697068752,26631.39935937272,21597.69110503946,8.077820245061131e-20,4.200000000000001,-0.0
10,CV-charge,37,9148.861846221558,98146.01451967658,4.2,4.006064707157916,4.006064707157916,26569.720519972103,21665.083736257715,8.077824340994602e-20,4.2,-0.0
10,CV-charge,38,9221.58911894883,98218.74179240385,4.200000000000001,3.867929270379221,3.867929270379221,26510.17051267312,21730.147048372324,8.087954096156284e-20,4.200000000000001,-0.0
10,CV-charge,39,9294.316391676104,98291.46906513112,4.2,3.7354699826764644,3.7354699826764644,26452.661640412458,21792.977344006595,8.090416933422939e-20,4.2,-0.0
10,CV-charge,40,9367.043664403376,98364.19633785839,4.2,3.6083548118052335,3.6083548118052335,26397.11135193638,21853.665249840316,8.091357755177295e-20,4.2,-0.0
10,CV-charge,41,9439.770937130648,98436.92361058567,4.199999999999999,3.4862782526504605,3.4862782526504605,26343.441829768617,21912.296172631013,8.086622718411629e-20,4.199999999999999,-0.0
10,CV-charge,42,9512.49820985792,98509.65088331295,4.2,3.3689587992321366,3.3689587992321366,26291.579617524323,21968.950711549453,8.088440598869358e-20,4.2,-0.0
10,CV-charge,43,9585.225482585194,98582.37815604021,4.2,3.2561366932082034,3.2561366932082034,26241.45528225435,22023.7050316223,8.088098841791301e-20,4.2,-0.0
10,CV-charge,44,9657.952755312466,98655.10542876749,4.200000000000001,3.147571914360609,3.147571914360609,26193.003108053847,22076.631202504013,8.087519700794066e-20,4.200000000000001,-0.0
10,CV-charge,45,9730.68002803974,98727.83270149476,4.2,3.043042383340134,3.043042383340134,26146.160817619064,22127.79750625078,8.090909659641302e-20,4.2,-0.0
10,CV-charge,46,9803.407300767012,98800.55997422204,4.2,2.942342351021396,2.942342351021396,26100.86931884313,22177.26871733824,8.095983705327633e-20,4.2,-0.0
10,CV-charge,47,9876.134573494284,98873.2872469493,4.200000000000001,2.845280952323797,2.845280952323797,26057.072473899563,22225.106357763245,8.094581192996309e-20,4.200000000000001,-0.0
10,CV-charge,48,9948.861846221558,98946.01451967658,4.200000000000001,2.7516809052225657,2.7516809052225657,26014.716888532508,22271.368929760283,8.099156941868827e-20,4.200000000000001,-0.0
10,CV-charge,49,9969.009091779688,98966.1617652347,4.200000000000002,2.7263936618115,2.7263936618115,26003.254879160675,22283.88808595386,8.099124884105099e-20,4.200000000000002,-0.0
11,CC-discharge,0,218.1818181818182,99184.34358341653,3.8553044704956863,-27.263836618115,-27.263836618115,26003.254879160675,22283.88808595386,8.099124884105099e-20,3.8553044704956863,0.0
11,CC-discharge,1,290.90909090909093,99257.0708561438,3.831258228286435,-27.263836618115,-27.263836618115,26568.374591733103,21749.38820927289,8.099127792479164e-20,3.831258228286435,0.5507845781437375
11,CC-discharge,2,363.6363636363637,99329.79812887107,3.8150035380502736,-27.263836618115,-27.263836618115,26987.96243051733,21295.9082460625,8.099125030766137e-20,3.8150035380502736,1.101569156287475
11,CC-discharge,3,436.3636363636364,99402.52540159834,3.7998442840051956,-27.263836618115,-27.263836618115,27405.689020060672,20842.452903886602,8.099125179099725e-20,3.7998442840051956,1.652353734431212
11,CC-discharge,4,509.0909090909091,99475.25267432562,3.785515653373792,-27.263836618115,-27.263836618115,27823.38654643565,20388.997513064514,8.099125041670944e-20,3.785515653373792,2.2031383125749495
11,CC-discharge,5,581.8181818181819,99547.97994705288,3.7718568769138803,-27.263836618115,-27.263836618115,28241.081824282708,19935.542121526094,8.099125343091848e-20,3.7718568769138803,2.753922890718687
11,CC-discharge,6,654.5454545454546,99620.70721978016,3.7587619254361906,-27.263836618115,-27.263836618115,28658.776927402414,19482.086729976876,8.09912543518399e-20,3.7587619254361906,3.3047074688624245
11,CC-discharge,7,727.2727272727274,99693.43449250743,3.7461373104915903,-27.263836618115,-27.263836618115,29076.472016878764,19028.631338427753,8.099125442403595e-20,3.7461373104915903,3.855492047006162
11,CC-discharge,8,800.0000000000001,99766.1617652347,3.733926517235275,-27.263836618115,-27.263836618115,29494.167105283497,18575.17594687858,8.099125430430724e-20,3.733926517235275,4.4062766251499
11,CC-discharge,9,872.7272727272727,99838.88903796198,3.722082348634373,-27.263836618115,-27.263836618115,29911.86219360367,18121.72055532911,8.099125425727691e-20,3.722082348634373,4.9570612032936365
11,CC-discharge,10,945.4545454545455,99911.61631068925,3.7105686404836637,-27.263836618115,-27.263836618115,30329.55728191713,17668.26516378019,8.099125507861435e-20,3.7105686404836637,5.507845781437374
11,CC-discharge,11,1018.1818181818182,99984.34358341653,3.6993574316841644,-27.263836618115,-27.263836618115,30747.25237023003,17214.80977223054,8.099125472584691e-20,3.6993574316841644,6.0586303595811115
11,CC-discharge,12,1090.909090909091,100057.0708561438,3.6884268841912347,-27.263836618115,-27.263836618115,31164.947458542585,16761.354380681343,8.099125449251104e-20,3.6884268841912347,6.609414937724849
11,CC-discharge,13,1163.6363636363637,100129.79812887107,3.677759720757991,-27.263836618115,-27.263836618115,31582.642546855823,16307.89898913208,8.099125478613721e-20,3.677759720757991,7.1601995158685865
11,CC-discharge,14,1236.3636363636365,100202.52540159834,3.667342023970813,-27.263836618115,-27.263836618115,32000.33763516772,15854.443597582902,8.099125369053009e-20,3.667342023970813,7.710984094012324
11,CC-discharge,15,1309.0909090909092,100275.25267432562,3.657162287074458,-27.263836618115,-27.263836618115,32418.03272348031,15400.988206033682,8.099125383433577e-20,3.657162287074458,8.261768672156062
11,CC-discharge,16,1381.818181818182,100347.97994705288,3.647210638973315,-27.263836618115,-27.263836618115,32835.72781179313,14947.532814484248,8.099125451123091e-20,3.647210638973315,8.8125532502998
11,CC-discharge,17,1454.5454545454547,100420.70721978016,3.6374781855509237,-27.263836618115,-27.263836618115,33253.42290010581,14494.077422935228,8.099125632550886e-20,3.6374781855509237,9.363337828443537
11,CC-discharge,18,1527.2727272727275,100493.43449250743,3.6279564226675642,-27.263836618115,-27.263836618115,33671.11798841905,14040.622031385612,8.099125884093011e-20,3.6279564226675642,9.914122406587275
11,CC-discharge,19,1600.0000000000002,100566.1617652347,3.6186366843784157,-27.263836618115,-27.263836618115,34088.813076731836,13587.166639836121,8.099125825509546e-20,3.6186366843784157,10.464906984731012
11,CC-discharge,20,1672.727272727273,100638.88903796198,3.6095095946221605,-27.263836618115,-27.263836618115,34506.50816504458,13133.711248286718,8.099125810007915e-20,3.6095095946221605,11.01569156287475
11,CC-discharge,21,1745.4545454545455,100711.61631068925,3.6005644936995767,-27.263836618115,-27.263836618115,34924.20325335745,12680.255856737185,8.099125713979898e-20,3.6005644936995767,11.566476141018486
11,CC-discharge,22,1818.1818181818182,100784.34358341653,3.5917888041338317,-27.263836618115,-27.263836618115,35341.898341670334,12226.800465187862,8.099125543494405e-20,3.5917888041338317,12.117260719162223
11,CC-discharge,23,1890.909090909091,100857.0708561438,3.5831667391693465,-27.263836618115,-27.263836618115,35759.593429982764,11773.345073638933,8.099125550485129e-20,3.5831667391693465,12.66804529730596
11,CC-discharge,24,1963.6363636363637,100929.79812887107,3.5746810554376474,-27.263836618115,-27.263836618115,36177.288518295725,11319.88968208992,8.099125468337363e-20,3.5746810554376474,13.218829875449698
11,CC-discharge,25,2036.3636363636365,101002.52540159834,3.566307639448985,-27.263836618115,-27.263836618115,36594.9836066083,10866.434290540405,8.099125561646204e-20,3.566307639448985,13.769614453593435
11,CC-discharge,26,2109.0909090909095,101075.25267432562,3.5580176282403118,-27.263836618115,-27.263836618115,37012.67869492144,10412.978898991225,8.099125482264616e-20,3.5580176282403118,14.320399031737175
11,CC-discharge,27,2181.818181818182,101147.97994705288,3.549775011387728,-27.263836618115,-27.263836618115,37430.37378323432,9959.523507442285,8.099125539343643e-20,3.549775011387728,14.87118360988091
11,CC-discharge,28,2254.545454545455,101220.70721978016,3.541534808773526,-27.263836618115,-27.263836618115,37848.0688715473,9506.068115893206,8.099128290018637e-20,3.541534808773526,15.42196818802465
11,CC-discharge,29,2327.2727272727275,101293.43449250743,3.533240748425847,-27.263836618115,-27.263836618115,38265.763959859876,9052.61272434401,8.099125706793563e-20,3.533240748425847,15.972752766168385
11,CC-discharge,30,2400.0,101366.1617652347,3.5248225242634192,-27.263836618115,-27.263836618115,38683.459048172575,8599.157332794915,8.099121474033428e-20,3.5248225242634192,16.52353734431212
11,CC-discharge,31,2472.727272727273,101438.88903796198,3.516192400028588,-27.263836618115,-27.263836618115,39101.1541364851,8145.701941245868,8.099122831499556e-20,3.516192400028588,17.07432192245586
11,CC-discharge,32,2545.4545454545455,101511.61631068925,3.507241301591159,-27.263836618115,-27.263836618115,39518.84922479745,7692.246549696765,8.099129795475936e-20,3.507241301591159,17.625106500599596
11,CC-discharge,33,2618.1818181818185,101584.34358341653,3.4978322096823593,-27.263836618115,-27.263836618115,39936.54431311007,7238.791158147645,8.099141109361517e-20,3.4978322096823593,18.175891078743334
11,CC-discharge,34,2690.909090909091,101657.0708561438,3.487796773273078,-27.263836618115,-27.263836618115,40354.23940142279,6785.335766598477,8.09913631856804e-20,3.487796773273078,18.72667565688707
11,CC-discharge,35,2763.636363636364,101729.79812887107,3.4769247511075556,-27.263836618115,-27.263836618115,40771.934489735555,6331.880375049376,8.099154553732935e-20,3.4769247511075556,19.27746023503081
11,CC-discharge,36,2836.3636363636365,101802.52540159834,3.4649562525001922,-27.263836618115,-27.263836618115,41189.62957804832,5878.424983500211,8.09914913430126e-20,3.4649562525001922,19.828244813174546
11,CC-discharge,37,2909.0909090909095,101875.25267432562,3.4515704806755316,-27.263836618115,-27.263836618115,41607.32466636129,5424.969591951093,8.099163280178953e-20,3.4515704806755316,20.379029391318284
11,CC-discharge,38,2981.818181818182,101947.97994705288,3.4363729112751633,-27.263836618115,-27.263836618115,42025.01975467303,4971.51420040197,8.09917722704122e-20,3.4363729112751633,20.92981396946202
11,CC-discharge,39,3054.545454545455,102020.70721978016,3.4188806964073803,-27.263836618115,-27.263836618115,42442.71484298567,4518.058808852826,8.099171528239618e-20,3.4188806964073803,21.48059854760576
11,CC-discharge,40,3127.2727272727275,102093.43449250743,3.3985068299254046,-27.263836618115,-27.263836618115,42860.40993129862,4064.603417303834,8.099176615764383e-20,3.3985068299254046,22.031383125749496
11,CC-discharge,41,3200.0000000000005,102166.1617652347,3.374543305047941,-27.263836618115,-27.263836618115,43278.10501961115,3611.1480257547514,8.099200159733306e-20,3.374543305047941,22.582167703893234
11,CC-discharge,42,3272.727272727273,102238.88903796198,3.346146892829508,-27.263836618115,-27.263836618115,43695.80010792409,3157.69263420576,8.09921584129264e-20,3.346146892829508,23.13295228203697
11,CC-discharge,43,3345.454545454546,102311.61631068925,3.312323493729532,-27.263836618115,-27.263836618115,44113.49519623719,2704.2372426566644,8.099280506449375e-20,3.312323493729532,23.68373686018071
11,CC-discharge,44,3418.1818181818185,102384.34358341653,3.2718986702298554,-27.263836618115,-27.263836618115,44531.190284549935,2250.7818511076034,8.099343365546551e-20,3.2718986702298554,24.234521438324446
11,CC-discharge,45,3490.909090909091,102457.0708561438,3.2233587919492632,-27.263836618115,-27.263836618115,44948.88537286288,1797.326459558564,8.099418304581066e-20,3.2233587919492632,24.785306016468184
11,CC-discharge,46,3563.636363636364,102529.79812887107,3.163788649464165,-27.263836618115,-27.263836618115,45366.580461175006,1343.8710680095035,8.09933020367366e-20,3.163788649464165,25.336090594611925
11,CC-discharge,47,3636.3636363636365,102602.52540159834,3.080344229903206,-27.263836618115,-27.263836618115,45784.27554948752,890.4156764604779,8.099265151281245e-20,3.080344229903206,25.886875172755662
11,CC-discharge,48,3674.9453337605787,102641.10709899529,3.0000100000000005,-27.263836618115,-27.263836618115,46005.862100132916,649.858344338819,8.099213723557903e-20,3.0000100000000005,26.17906547672227
11,CC-charge,0,3893.1271519423967,102859.28891717711,3.7157372855551327,27.263836618115,27.263836618115,46005.862100132916,649.858344338819,8.099213723557903e-20,3.7157372855551327,0.0
11,CC-charge,1,3965.8544246696697,102932.01618990437,3.821076250891956,27.263836618115,27.263836618115,45440.747146755464,1184.355921844496,8.099193066584384e-20,3.821076250891956,-0.0
11,CC-charge,2,4038.581697396942,103004.74346263165,3.8673577399091252,27.263836618115,27.263836618115,45021.15816656023,1637.8381857986376,8.099197474993425e-20,3.8673577399091252,-0.0
11,CC-charge,3,4111.308970124215,103077.47073535892,3.9047516566604563,27.263836618115,27.263836618115,44603.4258166178,2091.2935252928705,8.099192891960433e-20,3.9047516566604563,-0.0
11,CC-charge,4,4184.036242851488,103150.1980080862,3.9360002216424888,27.263836618115,27.263836618115,44185.73023225347,2544.748917221412,8.099178356483217e-20,3.9360002216424888,-0.0
11,CC-charge,5,4256.76351557876,103222.92528081346,3.9620327454611513,27.263836618115,27.263836618115,43768.03513887426,2998.2043087659267,8.099167193587519e-20,3.9620327454611513,-0.0
11,CC-charge,6,4329.490788306033,103295.65255354074,3.9836204613691413,27.263836618115,27.263836618115,43350.34005062477,3451.6597003149786,8.09917071947253e-20,3.9836204613691413,-0.0
11,CC-charge,7,4402.218061033306,103368.379826268,4.001504213809981,27.263836618115,27.263836618115,42932.64496231238,3905.1150918639105,8.099164220267936e-20,4.001504213809981,-0.0
11,CC-charge,8,4474.945333760579,103441.10709899529,4.016367454499328,27.263836618115,27.263836618115,42514.94987399946,4358.5704834128555,8.099171500579669e-20,4.016367454499328,-0.0
11,CC-charge,9,4547.672606487851,103513.83437172257,4.028813460352072,27.263836618115,27.263836618115,42097.25478568578,4812.025874961856,8.099178254969718e-20,4.028813460352072,-0.0
11,CC-charge,10,4620.399879215124,103586.56164444983,4.03935844055785,27.263836618115,27.263836618115,41679.559697372504,5265.481266510742,8.099179790099391e-20,4.03935844055785,-0.0
11,CC-charge,11,4693.127151942397,103659.28891717711,4.04843536786872,27.263836618115,27.263836618115,41261.864609058604,5718.936658059612,8.09918765271997e-20,4.04843536786872,-0.0
11,CC-charge,12,4765.854424669669,103732.01618990437,4.056401604608898,27.263836618115,27.263836618115,40844.1695207451,6172.39204960856,8.09918485872862e-20,4.056401604608898,-0.0
11,CC-charge,13,4838.581697396942,103804.74346263165,4.06354964928846,27.263836618115,27.263836618115,40426.47443243205,6625.847441157398,8.09918358920981e-20,4.06354964928846,-0.0
11,CC-charge,14,4911.308970124215,103877.47073535892,4.070116795289774,27.263836618115,27.263836618115,40008.7793441183,7079.302832706311,8.099189991193306e-20,4.070116795289774,-0.0
11,CC-charge,15,4984.036242851488,103950.1980080862,4.076294417053551,27.263836618115,27.263836618115,39591.08425580536,7532.7582242551425,8.099190817085301e-20,4.076294417053551,-0.0
11,CC-charge,16,5056.763515578761,104022.92528081346,4.082235953804561,27.263836618115,27.263836618115,39173.38916749186,7986.213615804127,8.09919244509632e-20,4.082235953804561,-0.0
11,CC-charge,17,5129.490788306033,104095.65255354074,4.088064386630877,27.263836618115,27.263836618115,38755.69407917868,8439.669007352966,8.09919127168639e-20,4.088064386630877,-0.0
11,CC-charge,18,5202.218061033306,104168.379826268,4.09387698697419,27.263836618115,27.263836618115,38337.998990865395,8893.124398901688,8.099191768898814e-20,4.09387698697419,-0.0
11,CC-charge,19,5274.945333760579,104241.10709899529,4.09975123740064,27.263836618115,27.263836618115,37920.30390255168,9346.579790450698,8.099193242391699e-20,4.09975123740064,-0.0
11,CC-charge,20,5347.672606487851,104313.83437172257,4.105748111300295,27.263836618115,27.263836618115,37502.6088142385,9800.035181999738,8.099192990005349e-20,4.105748111300295,-0.0
11,CC-charge,21,5420.399879215124,104386.56164444983,4.111915291139765,27.263836618115,27.263836618115,37084.913725925035,10253.490573548728,8.099193037871586e-20,4.111915291139765,-0.0
11,CC-charge,22,5493.127151942397,104459.28891717711,4.1182914660976655,27.263836618115,27.263836618115,36667.21863761149,10706.945965097408,8.099193025750341e-20,4.1182914660976655,-0.0
11,CC-charge,23,5565.854424669669,104532.01618990437,4.12490526801641,27.263836618115,27.263836618115,36249.523549298094,11160.401356646606,8.099193070018358e-20,4.12490526801641,-0.0
11,CC-charge,24,5638.581697396942,104604.74346263165,4.1317796263738735,27.263836618115,27.263836618115,35831.828460984514,11613.856748195434,8.09919316989772e-20,4.1317796263738735,-0.0
11,CC-charge,25,5711.308970124215,104677.47073535892,4.1389324834023,27.263836618115,27.263836618115,35414.133372671386,12067.31213974413,8.099193056733223e-20,4.1389324834023,-0.0
11,CC-charge,26,5784.036242851488,104750.1980080862,4.146377936557011,27.263836618115,27.263836618115,34996.43828435831,12520.767531292942,8.099192808529592e-20,4.146377936557011,-0.0
11,CC-charge,27,5856.763515578761,104822.92528081346,4.154127197894119,27.263836618115,27.263836618115,34578.7431960451,12974.22292284154,8.099193023304615e-20,4.154127197894119,-0.0
11,CC-charge,28,5929.490788306033,104895.65255354074,4.162191281908203,27.263836618115,27.263836618115,34161.04810773179,13427.678314390443,8.099193053997443e-20,4.162191281908203,-0.0
11,CC-charge,29,6002.218061033306,104968.379826268,4.170574726842277,27.263836618115,27.263836618115,33743.35301941844,13881.133705939134,8.099193761285283e-20,4.170574726842277,-0.0
11,CC-charge,30,6074.945333760579,105041.10709899529,4.179285746520743,27.263836618115,27.263836618115,33325.65793110478,14334.58909748747,8.099189771811967e-20,4.179285746520743,-0.0
11,CC-charge,31,6147.672606487851,105113.83437172257,4.188330952459236,27.263836618115,27.263836618115,32907.962842791494,14788.04448903606,8.09919112488726e-20,4.188330952459236,-0.0
11,CC-charge,32,6220.399879215124,105186.56164444983,4.197717298555852,27.263836618115,27.263836618115,32490.267754478245,15241.499880584623,8.099194361697332e-20,4.197717298555852,-0.0
11,CC-charge,33,6237.607044590236,105203.76880982495,4.199990000000001,27.263836618115,27.263836618115,32391.44171313984,15348.786756883086,8.099194367249569e-20,4.199990000000001,-0.0
11,CV-charge,0,6455.788862772054,105421.95062800677,4.2,27.288673800928876,27.288673800928876,32391.44171313984,15348.786756883086,8.099194367249569e-20,4.2,0.0
11,CV-charge,1,6528.516135499327,105494.67790073404,4.200000000000001,24.20702516836306,24.20702516836306,31869.522590477773,15843.83786666067,7.076287987312806e-20,4.200000000000001,-0.0
11,CV-charge,2,6601.2434082266,105567.40517346132,4.200000000000001,22.261028235405444,22.261028235405444,31523.096469574568,16223.970534694623,8.641655385420251e-20,4.200000000000001,-0.0
11,CV-charge,3,6673.970680953872,105640.13244618858,4.2,20.561608584522183,20.561608584522183,31205.12808646443,16574.33617636551,8.511744486196344e-20,4.2,-0.0
11,CV-charge,4,6746.697953681145,105712.85971891586,4.2,19.060305404879383,19.060305404879383,30910.294431438535,16899.013294062406,8.749120348365674e-20,4.2,-0.0
11,CV-charge,5,6819.425226408418,105785.58699164313,4.199999999999999,17.72792525630446,17.72792525630446,30636.190405804715,17200.663311774733,8.436779236825132e-20,4.199999999999999,-0.0
11,CV-charge,6,6892.152499135691,105858.3142643704,4.199999999999999,16.53945350239283,16.53945350239283,30380.571036386053,17481.80092236944,8.161700497815449e-20,4.199999999999999,-0.0
11,CV-charge,7,6964.879771862963,105931.04153709767,4.199999999999999,15.474225351578173,15.474225351578173,30141.507390663548,17744.584738404803,7.689758830577697e-20,4.199999999999999,-0.0
11,CV-charge,8,7037.607044590236,106003.76880982495,4.2,14.515134838191532,14.515134838191532,29917.340956759766,17990.868558103637,7.009799228799914e-20,4.2,-0.0
11,CV-charge,9,7110.334317317509,106076.49608255223,4.2,13.64792360195992,13.64792360195992,29706.63721760694,18222.254057678398,8.411319266153598e-20,4.2,-0.0
11,CV-charge,10,7183.061590044781,106149.2233552795,4.2,12.860653230823628,12.860653230823628,29508.1500420776,18440.13112672509,6.921874621017207e-20,4.2,-0.0
11,CV-charge,11,7255.788862772054,106221.95062800677,4.2,12.14327548028943,12.14327548028943,29320.79202074795,18645.71142674503,6.820877911188744e-20,4.2,-0.0
11,CV-charge,12,7328.516135499327,106294.67790073404,4.2,11.48723717907517,11.48723717907517,29143.59736815492,18840.069966853567,5.756212572216647e-20,4.2,-0.0
11,CV-charge,13,7401.2434082266,106367.40517346132,4.2,10.884934140295577,10.884934140295577,28975.618897175165,19024.258549426446,5.929662440266927e-20,4.2,-0.0
11,CV-charge,14,7473.970680953873,106440.13244618858,4.2,10.331009874796345,10.331009874796345,28816.344414956035,19198.849652862194,5.1606580106845186e-20,4.2,-0.0
11,CV-charge,15,7546.697953681145,106512.85971891586,4.2,9.819296865262382,9.819296865262382,28664.867202297944,19364.84690018325,5.1610340055505907e-20,4.2,-0.0
11,CV-charge,16,7619.425226408418,106585.58699164313,4.200000000000001,9.345650544112175,9.345650544112175,28520.721751976478,19522.76821075894,5.197429565306852e-20,4.200000000000001,-0.0
11,CV-charge,17,7692.152499135691,106658.3142643704,4.200000000000001,8.906087575321138,8.906087575321138,28383.377629140137,19673.20178984285,5.198169873489341e-20,4.200000000000001,-0.0
11,CV-charge,18,7764.879771862963,106731.04153709767,4.2,8.497151750798137,8.497151750798137,28252.358910454834,19816.674948088406,5.197756652720743e-20,4.2,-0.0
11,CV-charge,19,7837.607044590236,106803.76880982495,4.2,8.1158205779888,8.1158205779888,28127.23666693445,19953.6626247267,5.193174297921394e-20,4.2,-0.0
11,CV-charge,20,7910.334317317509,106876.49608255223,4.2,7.75944669692519,7.75944669692519,28007.623289723357,20084.593744086713,5.1883529717950175e-20,4.2,-0.0
11,CV-charge,21,7983.061590044781,106949.2233552795,4.2,7.425702124895106,7.425702124895106,27893.16748555572,20209.85681874187,5.185493442562461e-20,4.2,-0.0
11,CV-charge,22,8055.788862772054,107021.95062800677,4.2,7.112532840921673,7.112532840921673,27783.549985816815,20329.804749227238,5.19006269259342e-20,4.2,-0.0
11,CV-charge,23,8128.516135499327,107094.67790073404,4.200000000000001,6.8181245163248505,6.8181245163248505,27678.481216044835,20444.757451015885,5.1926992060121436e-20,4.200000000000001,-0.0
11,CV-charge,24,8201.243408226599,107167.40517346132,4.200000000000001,6.5408618153703495,6.5408618153703495,27577.695049820086,20555.008788518317,5.1902628935696356e-20,4.200000000000001,-0.0
11,CV-charge,25,8273.970680953873,107240.13244618858,4.2,6.279306982901373,6.279306982901373,27480.947980246176,20660.82751375063,5.195087073534452e-20,4.2,-0.0
11,CV-charge,26,8346.697953681145,107312.85971891586,4.2,6.0321761872047475,6.0321761872047475,27388.016469577124,20762.460227102576,5.1962906051709074e-20,4.2,-0.0
11,CV-charge,27,8419.425226408417,107385.58699164313,4.2,5.798319993001568,5.798319993001568,27298.694852112974,20860.133713614618,5.198884260979561e-20,4.2,-0.0
11,CV-charge,28,8492.152499135691,107458.3142643704,4.2,5.576706679787025,5.576706679787025,27212.793498914936,20954.05698700169,5.171843811370023e-20,4.2,-0.0
11,CV-charge,29,8564.879771862963,107531.04153709767,4.2,5.366407939518279,5.366407939518279,27130.137206021915,21044.423083594724,5.1932165505899465e-20,4.2,-0.0
11,CV-charge,30,8637.607044590237,107603.76880982495,4.2,5.1665865732943415,5.1665865732943415,27050.56377492987,21131.410641360453,5.1947334300100335e-20,4.2,-0.0
11,CV-charge,31,8710.334317317509,107676.49608255223,4.200000000000001,4.976485873349602,4.976485873349602,26973.922758931803,21215.18529362894,5.2155037917552366e-20,4.200000000000001,-0.0
11,CV-charge,32,8783.061590044781,107749.2233552795,4.199999999999999,4.795420430823266,4.795420430823266,26900.074352984786,21295.900902588564,5.224561970248459e-20,4.199999999999999,-0.0
11,CV-charge,33,8855.788862772055,107821.95062800677,4.200000000000001,4.622768153823295,4.622768153823295,26828.888408169885,21373.700653778094,5.219275819330955e-20,4.200000000000001,-0.0
11,CV-charge,34,8928.516135499327,107894.67790073404,4.2,4.457963316182841,4.457963316182841,26760.243554612836,21448.718029637053,5.237295754064122e-20,4.2,-0.0
11,CV-charge,35,9001.2434082266,107967.40517346132,4.200000000000001,4.300490486710884,4.300490486710884,26694.026419094964,21521.077677540292,5.222488762538118e-20,4.200000000000001,-0.0
11,CV-charge,36,9073.970680953873,108040.13244618858,4.2,4.149879212927735,4.149879212927735,26630.130925561276,21590.896185510264,5.229278930172029e-20,4.2,-0.0
11,CV-charge,37,9146.697953681145,108112.85971891586,4.2,4.00569935317841,4.00569935317841,26568.45766838578,21658.28277693697,5.23628923045607e-20,4.2,-0.0
11,CV-charge,38,9219.425226408417,108185.58699164313,4.199999999999999,3.8675569675610073,3.8675569675610073,26508.913349671835,21723.33993406059,5.235910520921051e-20,4.199999999999999,-0.0
11,CV-charge,39,9292.152499135691,108258.3142643704,4.2,3.735090691759513,3.735090691759513,26451.41027303571,21786.163958642715,5.238043590941377e-20,4.2,-0.0
11,CV-charge,40,9364.879771862963,108331.04153709767,4.2,3.6079685293402237,3.6079685293402237,26395.865887348842,21846.845477121027,5.233026108759339e-20,4.2,-0.0
11,CV-charge,41,9437.607044590237,108403.76880982495,4.2,3.4858850075749768,3.4858850075749768,26342.20237475701,21905.46989656518,5.2232347834259414e-20,4.2,-0.0
11,CV-charge,42,9510.334317317509,108476.49608255223,4.199999999999999,3.3685586498808147,3.3685586498808147,26290.34627804062,21962.117816960712,5.222689671747915e-20,4.199999999999999,-0.0
11,CV-charge,43,9583.061590044781,108549.2233552795,4.200000000000001,3.255729724689198,3.255729724689198,26240.228163000767,22016.86540460932,5.228312087959798e-20,4.200000000000001,-0.0
11,CV-charge,44,9655.788862772055,108621.95062800677,4.2,3.1471582362384636,3.1471582362384636,26191.782312103434,22069.78473086068,5.2292427818515697e-20,4.2,-0.0
11,CV-charge,45,9728.516135499327,108694.67790073404,4.199999999999999,3.0426221275820007,3.0426221275820007,26144.946446069225,22120.94407984991,5.225124770501398e-20,4.199999999999999,-0.0
11,CV-charge,46,9801.2434082266,108767.40517346132,4.2,2.9419156701609213,2.9419156701609213,26099.661470496525,22170.408228478904,5.2259710580921856e-20,4.2,-0.0
11,CV-charge,47,9873.970680953873,108840.13244618858,4.200000000000001,2.8448480178034883,2.8448480178034883,26055.87124496925,22218.23870149769,5.228124697160943e-20,4.200000000000001,-0.0
11,CV-charge,48,9946.697953681145,108912.85971891586,4.2,2.751241905900743,2.751241905900743,26013.52237237652,22264.49400419111,5.228071223936832e-20,4.2,-0.0
11,CV-charge,49,9966.492524953968,108932.65429018869,4.200000000000001,2.7263936618115,2.7263936618115,26002.26196790006,22276.79297875647,5.2274110929374235e-20,4.200000000000001,-0.0
12,CC-discharge,0,218.1818181818182,109150.83610837051,3.855326439586126,-27.263836618115,-27.263836618115,26002.26196790006,22276.79297875647,5.2274110929374235e-20,3.855326439586126,0.0
12,CC-discharge,1,290.90909090909093,109223.56338109777,3.8312742492416816,-27.263836618115,-27.263836618115,26567.38167477247,21742.293108175625,5.2274134961291e-20,3.8312742492416816,0.5507845781437375
12,CC-discharge,2,363.6363636363637,109296.29065382505,3.815016313780852,-27.263836618115,-27.263836618115,26986.96950592793,21288.813138951515,5.2274137115927896e-20,3.815016313780852,1.101569156287475
12,CC-discharge,3,436.3636363636364,109369.01792655232,3.7998545102013153,-27.263836618115,-27.263836618115,27404.696107465305,20835.35779668905,5.227413665768506e-20,3.7998545102013153,1.652353734431212
12,CC-discharge,4,509.0909090909091,109441.7451992796,3.7855238762529093,-27.263836618115,-27.263836618115,27822.393635047043,20381.90240586577,5.227413826240525e-20,3.7855238762529093,2.2031383125749495
12,CC-discharge,5,581.8181818181819,109514.47247200686,3.771863488444872,-27.263836618115,-27.263836618115,28240.088913010444,19928.447014327157,5.227413999561464e-20,3.771863488444872,2.753922890718687
12,CC-discharge,6,654.5454545454546,109587.19974473414,3.7587672430724046,-27.263836618115,-27.263836618115,28657.784016140547,19474.99162277811,5.227414052056951e-20,3.7587672430724046,3.3047074688624245
12,CC-discharge,7,727.2727272727274,109659.9270174614,3.746141552451201,-27.263836618115,-27.263836618115,29075.479105617276,19021.536231228874,5.227414079001319e-20,3.746141552451201,3.855492047006162
12,CC-discharge,8,800.0000000000001,109732.65429018869,3.7339298699297814,-27.263836618115,-27.263836618115,29493.174194021834,18568.080839679285,5.227414074261675e-20,3.7339298699297814,4.4062766251499
12,CC-discharge,9,872.7272727272727,109805.38156291597,3.722084960798212,-27.263836618115,-27.263836618115,29910.869282341733,18114.625448129427,5.227414076706685e-20,3.722084960798212,4.9570612032936365
12,CC-discharge,10,945.4545454545455,109878.10883564323,3.710570631399218,-27.263836618115,-27.263836618115,30328.564370654934,17661.17005658031,5.2274139950067866e-20,3.710570631399218,5.507845781437374
12,CC-discharge,11,1018.1818181818182,109950.83610837051,3.699358896968753,-27.263836618115,-27.263836618115,30746.25945896776,17207.71466503148,5.2274140385200086e-20,3.699358896968753,6.0586303595811115
12,CC-discharge,12,1090.909090909091,110023.56338109777,3.6884278998058884,-27.263836618115,-27.263836618115,31163.954547280773,16754.259273482257,5.2274140260723785e-20,3.6884278998058884,6.609414937724849
12,CC-discharge,13,1163.6363636363637,110096.29065382505,3.6777603456590984,-27.263836618115,-27.263836618115,31581.6496355936,16300.80388193273,5.227413954234209e-20,3.6777603456590984,7.1601995158685865
12,CC-discharge,14,1236.3636363636365,110169.01792655232,3.667342301669308,-27.263836618115,-27.263836618115,31999.34472390633,15847.34849038326,5.227413892572645e-20,3.667342301669308,7.710984094012324
12,CC-discharge,15,1309.0909090909092,110241.7451992796,3.657162246252873,-27.263836618115,-27.263836618115,32417.039812218816,15393.893098833645,5.2274138352252624e-20,3.657162246252873,8.261768672156062
12,CC-discharge,16,1381.818181818182,110314.47247200686,3.647210293233262,-27.263836618115,-27.263836618115,32834.73490053167,14940.437707284338,5.227413852657212e-20,3.647210293233262,8.8125532502998
12,CC-discharge,17,1454.5454545454547,110387.19974473414,3.6374775322965167,-27.263836618115,-27.263836618115,33252.429988844524,14486.98231573504,5.227413923477914e-20,3.6374775322965167,9.363337828443537
12,CC-discharge,18,1527.2727272727275,110459.9270174614,3.627955441073643,-27.263836618115,-27.263836618115,33670.12507715723,14033.526924186208,5.227413962014939e-20,3.627955441073643,9.914122406587275
12,CC-discharge,19,1600.0000000000002,110532.65429018869,3.6186353323380316,-27.263836618115,-27.263836618115,34087.82016547031,13580.071532636994,5.227413996445785e-20,3.6186353323380316,10.464906984731012
12,CC-discharge,20,1672.727272727273,110605.38156291597,3.6095078045120728,-27.263836618115,-27.263836618115,34505.51525378276,13126.61614108735,5.2274139862590966e-20,3.6095078045120728,11.01569156287475
12,CC-discharge,21,1745.4545454545455,110678.10883564323,3.6005621667454593,-27.263836618115,-27.263836618115,34923.21034209517,12673.16074953816,5.227414064885172e-20,3.6005621667454593,11.566476141018486
12,CC-discharge,22,1818.1818181818182,110750.83610837051,3.591785803057972,-27.263836618115,-27.263836618115,35340.90543040767,12219.705357988678,5.227414011729829e-20,3.591785803057972,12.117260719162223
12,CC-discharge,23,1890.909090909091,110823.56338109777,3.583162883623562,-27.263836618115,-27.263836618115,35758.60051872043,11766.249966439662,5.227414242405241e-20,3.583162883623562,12.66804529730596
12,CC-discharge,24,1963.6363636363637,110896.29065382505,3.574676094325237,-27.263836618115,-27.263836618115,36176.29560703352,11312.794574890731,5.227414257042035e-20,3.574676094325237,13.218829875449698
12,CC-discharge,25,2036.3636363636365,110969.01792655232,3.566301252429737,-27.263836618115,-27.263836618115,36593.99069534589,10859.339183341712,5.227414335547121e-20,3.566301252429737,13.769614453593435
12,CC-discharge,26,2109.0909090909095,111041.7451992796,3.558009401365802,-27.263836618115,-27.263836618115,37011.68578365854,10405.883791792334,5.2274144846476787e-20,3.558009401365802,14.320399031737175
12,CC-discharge,27,2181.818181818182,111114.47247200686,3.549764413572134,-27.263836618115,-27.263836618115,37429.38087197141,9952.428400243203,5.2274165693124555e-20,3.549764413572134,14.87118360988091
12,CC-discharge,28,2254.545454545455,111187.19974473414,3.5415211613827147,-27.263836618115,-27.263836618115,37847.07596028391,9498.973008694087,5.2274120818401726e-20,3.5415211613827147,15.42196818802465
12,CC-discharge,29,2327.2727272727275,111259.9270174614,3.5332231876030864,-27.263836618115,-27.263836618115,38264.77104859684,9045.517617144767,5.227409212179063e-20,3.5332231876030864,15.972752766168385
12,CC-discharge,30,2400.0,111332.65429018869,3.5247999556644896,-27.263836618115,-27.263836618115,38682.46613690938,8592.062225595759,5.227412588559861e-20,3.5247999556644896,16.52353734431212
12,CC-discharge,31,2472.727272727273,111405.38156291597,3.516164118341428,-27.263836618115,-27.263836618115,39100.16122522233,8138.6068340466045,5.2274128697988524e-20,3.516164118341428,17.07432192245586
12,CC-discharge,32,2545.4545454545455,111478.10883564323,3.507204207754891,-27.263836618115,-27.263836618115,39517.85631353496,7685.151442497387,5.2274146902433604e-20,3.507204207754891,17.625106500599596
12,CC-discharge,33,2618.1818181818185,111550.83610837051,3.4977848112678442,-27.263836618115,-27.263836618115,39935.55140184727,7231.6960509483215,5.2274124567012275e-20,3.4977848112678442,18.175891078743334
12,CC-discharge,34,2690.909090909091,111623.56338109777,3.487736331820727,-27.263836618115,-27.263836618115,40353.24649015966,6778.240659399125,5.227428558378726e-20,3.487736331820727,18.72667565688707
12,CC-discharge,35,2763.636363636364,111696.29065382505,3.476847859236896,-27.263836618115,-27.263836618115,40770.941578472564,6324.785267850022,5.2274187273108596e-20,3.476847859236896,19.27746023503081
12,CC-discharge,36,2836.3636363636365,111769.01792655232,3.464858674713391,-27.263836618115,-27.263836618115,41188.636666785525,5871.329876301003,5.227407385516985e-20,3.464858674713391,19.828244813174546
12,CC-discharge,37,2909.0909090909095,111841.7451992796,3.4514469737234887,-27.263836618115,-27.263836618115,41606.331755098305,5417.87448475186,5.227405636235248e-20,3.4514469737234887,20.379029391318284
12,CC-discharge,38,2981.818181818182,111914.47247200686,3.436217017170215,-27.263836618115,-27.263836618115,42024.026843411135,4964.419093202839,5.2274011572158917e-20,3.436217017170215,20.92981396946202
12,CC-discharge,39,3054.545454545455,111987.19974473414,3.4186845121202873,-27.263836618115,-27.263836618115,42441.7219317242,4510.963701653726,5.227419459726073e-20,3.4186845121202873,21.48059854760576
12,CC-discharge,40,3127.2727272727275,112059.9270174614,3.3982607595032563,-27.263836618115,-27.263836618115,42859.417020036155,4057.508310104604,5.227410337454487e-20,3.3982607595032563,22.031383125749496
12,CC-discharge,41,3200.0000000000005,112132.65429018869,3.3742358487115296,-27.263836618115,-27.263836618115,43277.11210834877,3604.052918555614,5.2274247713841604e-20,3.3742358487115296,22.582167703893234
12,CC-discharge,42,3272.727272727273,112205.38156291597,3.345764410695763,-27.263836618115,-27.263836618115,43694.807196661255,3150.597527006578,5.227364901840375e-20,3.345764410695763,23.13295228203697
12,CC-discharge,43,3345.454545454546,112278.10883564323,3.3118499982764114,-27.263836618115,-27.263836618115,44112.5022849743,2697.142135457571,5.2273834362474996e-20,3.3118499982764114,23.68373686018071
12,CC-discharge,44,3418.1818181818185,112350.83610837051,3.271314956090772,-27.263836618115,-27.263836618115,44530.19737328663,2243.6867439084895,5.227353801999496e-20,3.271314956090772,24.234521438324446
12,CC-discharge,45,3490.909090909091,112423.56338109777,3.222636882840287,-27.263836618115,-27.263836618115,44947.89246159998,1790.2313523594014,5.2272931869606236e-20,3.222636882840287,24.785306016468184
12,CC-discharge,46,3563.636363636364,112496.29065382505,3.162853632056591,-27.263836618115,-27.263836618115,45365.58754991225,1336.7759608103827,5.227245898982867e-20,3.162853632056591,25.336090594611925
12,CC-discharge,47,3636.3636363636365,112569.01792655232,3.07872518792119,-27.263836618115,-27.263836618115,45783.28263822467,883.3205692613456,5.227269474537951e-20,3.07872518792119,25.886875172755662
12,CC-discharge,48,3673.850297047452,112606.50458723614,3.0000099999999996,-27.263836618115,-27.263836618115,45998.580056341736,649.5908037854709,5.2272469620962707e-20,3.0000099999999996,26.17077244837851
12,CC-charge,0,3892.03211522927,112824.68640541796,3.7157071703637725,27.263836618115,27.263836618115,45998.580056341736,649.5908037854709,5.2272469620962707e-20,3.7157071703637725,0.0
12,CC-charge,1,3964.759387956543,112897.41367814523,3.8211115090360597,27.263836618115,27.263836618115,45433.46510291003,1184.0883813929343,5.22723279359916e-20,3.8211115090360597,-0.0
12,CC-charge,2,4037.4866606838154,112970.1409508725,3.8673976752575636,27.263836618115,27.263836618115,45013.87613503243,1637.5706451032252,5.227229108930518e-20,3.8673976752575636,-0.0
12,CC-charge,3,4110.213933411088,113042.86822359977,3.904794029534765,27.263836618115,27.263836618115,44596.1437730262,2091.0259847407665,5.22724492767871e-20,3.904794029534765,-0.0
12,CC-charge,4,4182.941206138361,113115.59549632705,3.9360452329858013,27.263836618115,27.263836618115,44178.44818846617,2544.4813766681405,5.2272612188950634e-20,3.9360452329858013,-0.0
12,CC-charge,5,4255.668478865634,113188.32276905431,3.9620806730760365,27.263836618115,27.263836618115,43760.75309508285,2997.9367682125885,5.227242686327135e-20,3.9620806730760365,-0.0
12,CC-charge,6,4328.395751592907,113261.0500417816,3.983671460865605,27.263836618115,27.263836618115,43343.058006834144,3451.392159761652,5.227241476125147e-20,3.983671460865605,-0.0
12,CC-charge,7,4401.123024320179,113333.77731450886,4.001558356348442,27.263836618115,27.263836618115,42925.36291852114,3904.847551310585,5.2272234526862794e-20,4.001558356348442,-0.0
12,CC-charge,8,4473.850297047452,113406.50458723614,4.016424769127943,27.263836618115,27.263836618115,42507.667830207996,4358.302942859544,5.2272073636156154e-20,4.016424769127943,-0.0
12,CC-charge,9,4546.577569774725,113479.23185996342,4.028873959833809,27.263836618115,27.263836618115,42089.97274189373,4811.75833440843,5.227213158801319e-20,4.028873959833809,-0.0
12,CC-charge,10,4619.304842501997,113551.95913269068,4.039422135347384,27.263836618115,27.263836618115,41672.27765358016,5265.2137259573565,5.227208792413456e-20,4.039422135347384,-0.0
12,CC-charge,11,4692.03211522927,113624.68640541796,4.048502271827025,27.263836618115,27.263836618115,41254.58256526666,5718.669117506366,5.227200719550066e-20,4.048502271827025,-0.0
12,CC-charge,12,4764.759387956543,113697.41367814523,4.056471738049498,27.263836618115,27.263836618115,40836.887476953474,6172.124509055363,5.227202323202437e-20,4.056471738049498,-0.0
12,CC-charge,13,4837.486660683816,113770.1409508725,4.063623038495752,27.263836618115,27.263836618115,40419.1923886402,6625.579900604365,5.227204061325301e-20,4.063623038495752,-0.0
12,CC-charge,14,4910.213933411089,113842.86822359977,4.070193471763838,27.263836618115,27.263836618115,40001.49730032649,7079.035292153226,5.2271992852721543e-20,4.070193471763838,-0.0
12,CC-charge,15,4982.941206138361,113915.59549632705,4.076374416248314,27.263836618115,27.263836618115,39583.80221201314,7532.490683702464,5.22719506666703e-20,4.076374416248314,-0.0
12,CC-charge,16,5055.668478865634,113988.32276905431,4.082319313750664,27.263836618115,27.263836618115,39166.10712370016,7985.9460752514215,5.2271992247637297e-20,4.082319313750664,-0.0
12,CC-charge,17,5128.395751592907,114061.0500417816,4.088151147077046,27.263836618115,27.263836618115,38748.41203538629,8439.40146680023,5.2271952401426185e-20,4.088151147077046,-0.0
12,CC-charge,18,5201.123024320179,114133.77731450886,4.093967188091276,27.263836618115,27.263836618115,38330.71694707296,8892.856858349041,5.227193183192959e-20,4.093967188091276,-0.0
12,CC-charge,19,5273.850297047452,114206.50458723614,4.099844919175978,27.263836618115,27.263836618115,37913.02185876007,9346.312249898147,5.2271929102450345e-20,4.099844919175978,-0.0
12,CC-charge,20,5346.577569774725,114279.23185996342,4.105845313241275,27.263836618115,27.263836618115,37495.326770446714,9799.76764144705,5.2271935824688826e-20,4.105845313241275,-0.0
12,CC-charge,21,5419.304842501997,114351.95913269068,4.11201605161444,27.263836618115,27.263836618115,37077.631682133346,10253.223032995917,5.2271935526195745e-20,4.11201605161444,-0.0
12,CC-charge,22,5492.03211522927,114424.68640541796,4.118395823812856,27.263836618115,27.263836618115,36659.93659382,10706.67842454489,5.2271933961510464e-20,4.118395823812856,-0.0
12,CC-charge,23,5564.759387956543,114497.41367814523,4.125013260818512,27.263836618115,27.263836618115,36242.24150550679,11160.13381609391,5.2271930405810043e-20,4.125013260818512,-0.0
12,CC-charge,24,5637.486660683816,114570.1409508725,4.131891292351782,27.263836618115,27.263836618115,35824.546417193465,11613.58920764255,5.227193047974609e-20,4.131891292351782,-0.0
12,CC-charge,25,5710.213933411089,114642.86822359977,4.139047861896095,27.263836618115,27.263836618115,35406.85132888044,12067.04459919128,5.2271930262553265e-20,4.139047861896095,-0.0
12,CC-charge,26,5782.941206138361,114715.59549632705,4.146497069290714,27.263836618115,27.263836618115,34989.15624056714,12520.499990739992,5.227193011743317e-20,4.146497069290714,-0.0
12,CC-charge,27,5855.668478865634,114788.32276905431,4.154250130558081,27.263836618115,27.263836618115,34571.46115225371,12973.955382289232,5.227193030095533e-20,4.154250130558081,-0.0
12,CC-charge,28,5928.395751592907,114861.0500417816,4.162318065740531,27.263836618115,27.263836618115,34153.76606394073,13427.410773838381,5.2271929800457166e-20,4.162318065740531,-0.0
12,CC-charge,29,6001.123024320179,114933.77731450886,4.1707054224562485,27.263836618115,27.263836618115,33736.07097562727,13880.86616538715,5.2271934433455577e-20,4.1707054224562485,-0.0
12,CC-charge,30,6073.850297047452,115006.50458723614,4.179420425716551,27.263836618115,27.263836618115,33318.37588731416,14334.321556935669,5.2271907086187584e-20,4.179420425716551,-0.0
12,CC-charge,31,6146.577569774725,115079.23185996342,4.188469702440814,27.263836618115,27.263836618115,32900.68079900032,14787.776948484603,5.227194202980192e-20,4.188469702440814,-0.0
12,CC-charge,32,6219.304842501997,115151.95913269068,4.197860226880422,27.263836618115,27.263836618115,32482.98571068706,15241.23234003345,5.227190627801794e-20,4.197860226880422,-0.0
12,CC-charge,33,6235.4272956488485,115168.08158583753,4.199990000000001,27.263836618115,27.263836618115,32390.389505185896,15341.756022969344,5.227190568724222e-20,4.199990000000001,-0.0
12,CV-charge,0,6453.6091138306665,115386.26340401935,4.2,27.288646651972734,27.288646651972734,32390.389505185896,15341.756022969344,5.227190568724222e-20,4.2,0.0
12,CV-charge,1,6526.3363865579395,115458.99067674662,4.2,24.207210862279968,24.207210862279968,31868.46802568516,15836.809259107717,5.88500108517132e-20,4.2,-0.0
12,CV-charge,2,6599.063659285212,115531.7179494739,4.199999999999999,22.261345088722916,22.261345088722916,31522.037218881607,16216.946628134208,6.313253803449836e-20,4.199999999999999,-0.0
12,CV-charge,3,6671.7909320124845,115604.44522220116,4.199999999999999,20.562010741114587,20.562010741114587,31204.062460057827,16567.318871150666,7.879823215395536e-20,4.199999999999999,-0.0
12,CV-charge,4,6744.5182047397575,115677.17249492844,4.2,19.06076189538082,19.06076189538082,30909.221830694463,16892.00337624003,7.958568944876578e-20,4.2,-0.0
12,CV-charge,5,6817.2454774670305,115749.8997676557,4.2,17.72841224584575,17.72841224584575,30635.110280571622,17193.661456628153,6.974477415737447e-20,4.2,-0.0
12,CV-charge,6,6889.972750194303,115822.62704038298,4.199999999999999,16.539953988690613,16.539953988690613,30379.483169190433,17474.807420397847,6.926596413227882e-20,4.199999999999999,-0.0
12,CV-charge,7,6962.7000229215755,115895.35431311025,4.200000000000001,15.47472690180321,15.47472690180321,30140.41174871603,17737.599665197653,5.952359959461176e-20,4.200000000000001,-0.0
12,CV-charge,8,7035.4272956488485,115968.08158583753,4.200000000000001,14.515628576180339,14.515628576180339,29916.237652942622,17983.891819904926,6.083400514716681e-20,4.200000000000001,-0.0
12,CV-charge,9,7108.1545683761215,116040.80885856481,4.200000000000001,13.648403112601043,13.648403112601043,29705.526463962742,18215.285445046462,6.193412335822066e-20,4.200000000000001,-0.0
12,CV-charge,10,7180.8818411033935,116113.53613129207,4.2,12.86111389028238,12.86111389028238,29507.032106599254,18433.1703639272,4.746250609062403e-20,4.2,-0.0
12,CV-charge,11,7253.6091138306665,116186.26340401935,4.2,12.143714101676842,12.143714101676842,29319.667238823167,18638.758159899702,4.942217597764356e-20,4.2,-0.0
12,CV-charge,12,7326.3363865579395,116258.99067674662,4.2,11.487651601927391,11.487651601927391,29142.466108497807,18833.123802881593,4.4667386277747125e-20,4.2,-0.0
12,CV-charge,13,7399.063659285212,116331.7179494739,4.199999999999999,10.885726459402404,10.885726459402404,28974.595861510257,19017.193680059412,4.313330487545037e-20,4.199999999999999,-0.0
12,CV-charge,14,7471.790932012485,116404.44522220116,4.199999999999999,10.331333876194133,10.331333876194133,28815.190322102273,19191.92863108344,5.162101269592603e-20,4.199999999999999,-0.0
12,CV-charge,15,7544.5182047397575,116477.17249492844,4.2,9.819597045015495,9.819597045015495,28663.70835964576,19357.931017965046,5.181330425720404e-20,4.2,-0.0
12,CV-charge,16,7617.2454774670305,116549.8997676557,4.200000000000001,9.345926398462263,9.345926398462263,28519.55863124904,19515.85704751502,5.2360738811304636e-20,4.200000000000001,-0.0
12,CV-charge,17,7689.972750194303,116622.62704038298,4.2,8.906338905983276,8.906338905983276,28382.210605803106,19666.294936072496,5.236101158477447e-20,4.2,-0.0
12,CV-charge,18,7762.7000229215755,116695.35431311025,4.2,8.49737854866609,8.49737854866609,28251.188362320794,19809.771993847997,5.2405859089425e-20,4.2,-0.0
12,CV-charge,19,7835.4272956488485,116768.08158583753,4.200000000000001,8.116022992306625,8.116022992306625,28126.06296938669,19946.76316215192,5.244389400252954e-20,4.200000000000001,-0.0
12,CV-charge,20,7908.1545683761215,116840.80885856481,4.199999999999999,7.759624989163915,7.759624989163915,28006.44681407824,20077.697369370213,5.25491614864064e-20,4.199999999999999,-0.0
12,CV-charge,21,7980.8818411033935,116913.53613129207,4.199999999999999,7.42585663919846,7.42585663919846,27891.988597769938,20202.963133627953,5.253061353579438e-20,4.199999999999999,-0.0
12,CV-charge,22,8053.6091138306665,116986.26340401935,4.199999999999999,7.1126639815153645,7.1126639815153645,27782.369045541345,20322.91336210751,5.2547093406985104e-20,4.199999999999999,-0.0
12,CV-charge,23,8126.3363865579395,117058.99067674662,4.2,6.818232711092021,6.818232711092021,27677.298568964103,20437.867985435987,5.252125878572697e-20,4.2,-0.0
12,CV-charge,24,8199.063659285212,117131.7179494739,4.2,6.540947541986493,6.540947541986493,27576.511041150163,20548.12086825149,5.2518233734480764e-20,4.2,-0.0
12,CV-charge,25,8271.790932012485,117204.44522220116,4.2,6.279370739355206,6.279370739355206,27479.76294770106,20653.9407707044,5.251683703515326e-20,4.2,-0.0
12,CV-charge,26,8344.518204739757,117277.17249492844,4.2,6.032218483918353,6.032218483918353,27386.830743061768,20755.57430161803,5.250767683900184e-20,4.2,-0.0
12,CV-charge,27,8417.24547746703,117349.8997676557,4.2,5.798341347120756,5.798341347120756,27297.50875361461,20853.248254605467,5.234520278657148e-20,4.2,-0.0
12,CV-charge,28,8489.972750194303,117422.62704038298,4.2,5.576707610936078,5.576707610936078,27211.607342459487,20947.17165201256,5.2358805969534006e-20,4.2,-0.0
12,CV-charge,29,8562.700022921576,117495.35431311025,4.2,5.3663889666820035,5.3663889666820035,27128.95129767704,21037.537538810735,5.228518068387418e-20,4.2,-0.0
12,CV-charge,30,8635.42729564885,117568.08158583753,4.200000000000001,5.166548212597865,5.166548212597865,27049.378412847844,21124.524561565475,5.2276249146659177e-20,4.200000000000001,-0.0
12,CV-charge,31,8708.154568376121,117640.80885856481,4.199999999999999,4.976428636510545,4.976428636510545,26972.738233413027,21208.29836214512,5.2392021990365166e-20,4.199999999999999,-0.0
12,CV-charge,32,8780.881841103394,117713.53613129207,4.2,4.795344824139511,4.795344824139511,26898.89094655946,21289.0128111885,5.25017467894684e-20,4.2,-0.0
12,CV-charge,33,8853.609113830667,117786.26340401935,4.2,4.62267467757345,4.62267467757345,26827.70639568952,21366.811102585714,5.2446237887068537e-20,4.2,-0.0
12,CV-charge,34,8926.33638655794,117858.99067674662,4.2,4.4578524643350255,4.4578524643350255,26759.06320334737,21441.826727027907,5.23961874442264e-20,4.2,-0.0
12,CV-charge,35,8999.063659285213,117931.7179494739,4.2,4.300362746873839,4.300362746873839,26692.847988829963,21514.184340033637,5.2328306988633e-20,4.2,-0.0
12,CV-charge,36,9071.790932012485,118004.44522220116,4.199999999999999,4.149735066478237,4.149735066478237,26628.954668694063,21584.000537663585,5.220226370854769e-20,4.199999999999999,-0.0
12,CV-charge,37,9144.518204739757,118077.17249492844,4.2,4.005539275519788,4.005539275519788,26567.28383001749,21651.38455124737,5.2219591623811876e-20,4.2,-0.0
12,CV-charge,38,9217.24547746703,118149.8997676557,4.2,3.8673814284763455,3.8673814284763455,26507.74216769423,21716.438870868176,5.219959538273022e-20,4.2,-0.0
12,CV-charge,39,9289.972750194303,118222.62704038298,4.2,3.7349001558299504,3.7349001558299504,26450.241978213504,21779.25980604221,5.223450199818424e-20,4.2,-0.0
12,CV-charge,40,9362.700022921576,118295.35431311025,4.2,3.607763456395397,3.607763456395397,26394.700703391987,21839.937990878716,5.2257253844942166e-20,4.2,-0.0
12,CV-charge,41,9435.42729564885,118368.08158583753,4.199999999999999,3.4856658531655595,3.4856658531655595,26341.040518387337,21898.558840047048,5.218935469557995e-20,4.199999999999999,-0.0
12,CV-charge,42,9508.154568376121,118440.80885856481,4.2,3.368325865755028,3.368325865755028,26289.187959051473,21955.2029610661,5.230849532011227e-20,4.2,-0.0
12,CV-charge,43,9580.881841103394,118513.53613129207,4.2,3.2554837592569337,3.2554837592569337,26239.07358430899,22009.94652771392,5.228709315802072e-20,4.2,-0.0
12,CV-charge,44,9653.609113830667,118586.26340401935,4.2,3.146899535020615,3.146899535020615,26190.631669796152,22062.861618764247,5.236728465987637e-20,4.2,-0.0
12,CV-charge,45,9726.33638655794,118658.99067674662,4.2,3.0423511336165614,3.0423511336165614,26143.799929438683,22114.016525733652,5.230069802051061e-20,4.2,-0.0
12,CV-charge,46,9799.063659285213,118731.7179494739,4.199999999999999,2.9416328243942065,2.9416328243942065,26098.519262077672,22163.476032868464,5.2289192140713256e-20,4.199999999999999,-0.0
12,CV-charge,47,9871.790932012485,118804.44522220116,4.200000000000001,2.8445537594229062,2.8445537594229062,26054.73352056473,22211.301672232556,5.227585263866525e-20,4.200000000000001,-0.0
12,CV-charge,48,9944.518204739757,118877.17249492844,4.2,2.7509366726287117,2.7509366726287117,26012.38930107894,22257.551956398205,5.2283021153464156e-20,4.2,-0.0
12,CV-charge,49,9964.06618282422,118896.7204730129,4.2,2.7263936618115,2.7263936618115,26001.2698293821,22269.697017005084,5.228250513477277e-20,4.2,-0.0
13,CC-discharge,0,218.1818181818182,119114.90229119472,3.855348375388193,-27.263836618115,-27.263836618115,26001.2698293821,22269.697017005084,5.228250513477277e-20,3.855348375388193,0.0
13,CC-discharge,1,290.90909090909093,119187.62956392199,3.83129023962394,-27.263836618115,-27.263836618115,26566.389530559543,21735.19715252307,5.2282509248303676e-20,3.83129023962394,0.5507845781437375
13,CC-discharge,2,363.6363636363637,119260.35683664927,3.8150290610200983,-27.263836618115,-27.263836618115,26985.977354075603,21281.71717728698,5.228251034416983e-20,3.8150290610200983,1.101569156287475
13,CC-discharge,3,436.3636363636364,119333.08410937653,3.799864709748565,-27.263836618115,-27.263836618115,27403.70396761228,20828.261834939716,5.2282508765869215e-20,3.799864709748565,1.652353734431212
13,CC-discharge,4,509.0909090909091,119405.81138210381,3.7855320742146032,-27.263836618115,-27.263836618115,27821.40149640025,20374.806444115624,5.2282506792610553e-20,3.7855320742146032,2.2031383125749495
13,CC-discharge,5,581.8181818181819,119478.53865483108,3.771870076628075,-27.263836618115,-27.263836618115,28239.096774480055,19921.351052577247,5.2282506586645286e-20,3.771870076628075,2.753922890718687
13,CC-discharge,6,654.5454545454546,119551.26592755836,3.7587725388216264,-27.263836618115,-27.263836618115,28656.79187762153,19467.895661028175,5.2282508359839584e-20,3.7587725388216264,3.3047074688624245
13,CC-discharge,7,727.2727272727274,119623.99320028562,3.746145773815902,-27.263836618115,-27.263836618115,29074.48696709926,19014.44026947869,5.228250928364155e-20,3.746145773815902,3.855492047006162
13,CC-discharge,8,800.0000000000001,119696.7204730129,3.7339332032051487,-27.263836618115,-27.263836618115,29492.182055504465,18560.984877929237,5.228250902948868e-20,3.7339332032051487,4.4062766251499
13,CC-discharge,9,872.7272727272727,119769.44774574018,3.7220875546107597,-27.263836618115,-27.263836618115,29909.87714382415,18107.529486379957,5.2282508356650985e-20,3.7220875546107597,4.9570612032936365
13,CC-discharge,10,945.4545454545455,119842.17501846745,3.710572604927805,-27.263836618115,-27.263836618115,30327.572232137605,17654.07409483052,5.228250728490261e-20,3.710572604927805,5.507845781437374
13,CC-discharge,11,1018.1818181818182,119914.90229119472,3.6993603457273627,-27.263836618115,-27.263836618115,30745.267320450268,17200.618703281245,5.228250742125014e-20,3.6993603457273627,6.0586303595811115
13,CC-discharge,12,1090.909090909091,119987.62956392199,3.688428899647731,-27.263836618115,-27.263836618115,31162.96240876305,16747.16331173207,5.228250756715611e-20,3.688428899647731,6.609414937724849
13,CC-discharge,13,1163.6363636363637,120060.35683664927,3.6777609554230404,-27.263836618115,-27.263836618115,31580.657497075958,16293.707920182784,5.228250624071219e-20,3.6777609554230404,7.1601995158685865
13,CC-discharge,14,1236.3636363636365,120133.08410937653,3.667342564733141,-27.263836618115,-27.263836618115,31998.352585388227,15840.25252863355,5.228250603751719e-20,3.667342564733141,7.710984094012324
13,CC-discharge,15,1309.0909090909092,120205.81138210381,3.6571621911432075,-27.263836618115,-27.263836618115,32416.047673701272,15386.79713708477,5.228250377891574e-20,3.6571621911432075,8.261768672156062
13,CC-discharge,16,1381.818181818182,120278.53865483108,3.647209933364714,-27.263836618115,-27.263836618115,32833.742762014335,14933.34174553565,5.228250458987821e-20,3.647209933364714,8.8125532502998
13,CC-discharge,17,1454.5454545454547,120351.26592755836,3.6374768648449027,-27.263836618115,-27.263836618115,33251.43785032686,14479.886353986234,5.2282503857818596e-20,3.6374768648449027,9.363337828443537
13,CC-discharge,18,1527.2727272727275,120423.99320028562,3.627954444931633,-27.263836618115,-27.263836618115,33669.132938639734,14026.430962437267,5.228250565455262e-20,3.627954444931633,9.914122406587275
13,CC-discharge,19,1600.0000000000002,120496.7204730129,3.618633965047302,-27.263836618115,-27.263836618115,34086.82802695255,13572.975570888322,5.228250556972838e-20,3.618633965047302,10.464906984731012
13,CC-discharge,20,1672.727272727273,120569.44774574018,3.6095059980096598,-27.263836618115,-27.263836618115,34504.523115265314,13119.520179338904,5.228250559632646e-20,3.6095059980096598,11.01569156287475
13,CC-discharge,21,1745.4545454545455,120642.17501846745,3.6005598217053665,-27.263836618115,-27.263836618115,34922.21820357838,12666.06478778941,5.228250585871051e-20,3.6005598217053665,11.566476141018486
13,CC-discharge,22,1818.1818181818182,120714.90229119472,3.591782781509416,-27.263836618115,-27.263836618115,35339.913291890756,12212.609396240478,5.2282506993771354e-20,3.591782781509416,12.117260719162223
13,CC-discharge,23,1890.909090909091,120787.62956392199,3.5831590043341577,-27.263836618115,-27.263836618115,35757.60838020313,11759.154004691212,5.2282508519580204e-20,3.5831590043341577,12.66804529730596
13,CC-discharge,24,1963.6363636363637,120860.35683664927,3.574671105110167,-27.263836618115,-27.263836618115,36175.30346851591,11305.69861314239,5.22825081247717e-20,3.574671105110167,13.218829875449698
13,CC-discharge,25,2036.3636363636365,120933.08410937653,3.5662948315791025,-27.263836618115,-27.263836618115,36592.998556828745,10852.243221593242,5.228250637000859e-20,3.5662948315791025,13.769614453593435
13,CC-discharge,26,2109.0909090909095,121005.81138210381,3.558001133215107,-27.263836618115,-27.263836618115,37010.69364514154,10398.787830044188,5.228250648942765e-20,3.558001133215107,14.320399031737175
13,CC-discharge,27,2181.818181818182,121078.53865483108,3.54975376488931,-27.263836618115,-27.263836618115,37428.38873345428,9945.332438494906,5.228246563068147e-20,3.54975376488931,14.87118360988091
13,CC-discharge,28,2254.545454545455,121151.26592755836,3.5415074508131337,-27.263836618115,-27.263836618115,37846.08382176763,9491.877046945694,5.228255100352214e-20,3.5415074508131337,15.42196818802465
13,CC-discharge,29,2327.2727272727275,121223.99320028562,3.5332055479135436,-27.263836618115,-27.263836618115,38263.77891008039,9038.421655396452,5.2282599102136116e-20,3.5332055479135436,15.972752766168385
13,CC-discharge,30,2400.0,121296.7204730129,3.5247772882990684,-27.263836618115,-27.263836618115,38681.4739983929,8584.966263847155,5.228255669366141e-20,3.5247772882990684,16.52353734431212
13,CC-discharge,31,2472.727272727273,121369.44774574018,3.516135031320051,-27.263836618115,-27.263836618115,39099.169086705224,8131.510872298004,5.228262514766298e-20,3.516135031320051,17.07432192245586
13,CC-discharge,32,2545.4545454545455,121442.17501846745,3.5071669583789005,-27.263836618115,-27.263836618115,39516.864175018134,7678.055480748925,5.2282580470053826e-20,3.5071669583789005,17.625106500599596
13,CC-discharge,33,2618.1818181818185,121514.90229119472,3.4977372176002732,-27.263836618115,-27.263836618115,39934.559263330884,7224.600089199904,5.2282440682761006e-20,3.4977372176002732,18.175891078743334
13,CC-discharge,34,2690.909090909091,121587.62956392199,3.487675645404755,-27.263836618115,-27.263836618115,40352.25435164331,6771.144697650789,5.2282634107029197e-20,3.487675645404755,18.72667565688707
13,CC-discharge,35,2763.636363636364,121660.35683664927,3.4767706604892408,-27.263836618115,-27.263836618115,40769.949439956144,6317.689306101813,5.228216685906058e-20,3.4767706604892408,19.27746023503081
13,CC-discharge,36,2836.3636363636365,121733.08410937653,3.464760713185793,-27.263836618115,-27.263836618115,41187.64452826883,5864.233914552711,5.228204347488519e-20,3.464760713185793,19.828244813174546
13,CC-discharge,37,2909.0909090909095,121805.81138210381,3.4513229880403093,-27.263836618115,-27.263836618115,41605.33961658137,5410.77852300365,5.2282210739309365e-20,3.4513229880403093,20.379029391318284
13,CC-discharge,38,2981.818181818182,121878.53865483108,3.436060527600003,-27.263836618115,-27.263836618115,42023.03470489302,4957.3231314545665,5.228205079004993e-20,3.436060527600003,20.92981396946202
13,CC-discharge,39,3054.545454545455,121951.26592755836,3.418487589939358,-27.263836618115,-27.263836618115,42440.72979320619,4503.867739905524,5.228226588489461e-20,3.418487589939358,21.48059854760576
13,CC-discharge,40,3127.2727272727275,122023.99320028562,3.398013779140439,-27.263836618115,-27.263836618115,42858.42488151911,4050.4123483563667,5.22820409249359e-20,3.398013779140439,22.031383125749496
13,CC-discharge,41,3200.0000000000005,122096.7204730129,3.3739272767065067,-27.263836618115,-27.263836618115,43276.11996983234,3596.9569568072666,5.228205812989741e-20,3.3739272767065067,22.582167703893234
13,CC-discharge,42,3272.727272727273,122169.44774574018,3.3453805705157937,-27.263836618115,-27.263836618115,43693.81505814447,3143.501565258127,5.228230141264459e-20,3.3453805705157937,23.13295228203697
13,CC-discharge,43,3345.454545454546,122242.17501846745,3.3113748598524486,-27.263836618115,-27.263836618115,44111.51014645748,2690.046173709091,5.2281636461428276e-20,3.3113748598524486,23.68373686018071
13,CC-discharge,44,3418.1818181818185,122314.90229119472,3.270729241376096,-27.263836618115,-27.263836618115,44529.205234769746,2236.590782160068,5.228157249810273e-20,3.270729241376096,24.234521438324446
13,CC-discharge,45,3490.909090909091,122387.62956392199,3.221912346930628,-27.263836618115,-27.263836618115,44946.90032308155,1783.1353906109896,5.228179834227077e-20,3.221912346930628,24.785306016468184
13,CC-discharge,46,3563.636363636364,122460.35683664927,3.161913654862309,-27.263836618115,-27.263836618115,45364.59541139453,1329.6799990619656,5.2282107673409776e-20,3.161913654862309,25.336090594611925
13,CC-discharge,47,3636.3636363636365,122533.08410937653,3.0770819315777214,-27.263836618115,-27.263836618115,45782.2904997067,876.2246075129226,5.2281430303345794e-20,3.0770819315777214,25.886875172755662
13,CC-discharge,48,3672.762065992742,122569.48253900565,3.0000100000000005,-27.263836618115,-27.263836618115,45991.33787228418,649.2799753234167,5.228231076710619e-20,3.0000100000000005,26.162530961245633
13,CC-charge,0,3890.94388417456,122787.66435718747,3.7156600739942784,27.263836618115,27.263836618115,45991.33787228418,649.2799753234167,5.228231076710619e-20,3.7156600739942784,0.0
13,CC-charge,1,3963.671156901833,122860.39162991474,3.8211415758542238,27.263836618115,27.263836618115,45426.22291880523,1183.7775530352203,5.2282348013286587e-20,3.8211415758542238,-0.0
13,CC-charge,2,4036.3984296291055,122933.11890264202,3.8674336588959686,27.263836618115,27.263836618115,45006.633965244546,1637.2598164755082,5.2282056208340584e-20,3.8674336588959686,-0.0
13,CC-charge,3,4109.1257023563785,123005.84617536928,3.904833123578082,27.263836618115,27.263836618115,44588.90158919985,2090.715156279916,5.228201052803799e-20,3.904833123578082,-0.0
13,CC-charge,4,4181.8529750836515,123078.57344809656,3.936087515948274,27.263836618115,27.263836618115,44171.20600441152,2544.170548205909,5.228216122147026e-20,3.936087515948274,-0.0
13,CC-charge,5,4254.5802478109235,123151.30072082383,3.9621263444741985,27.263836618115,27.263836618115,43753.51091102431,2997.625939750332,5.228230643442661e-20,3.9621263444741985,-0.0
13,CC-charge,6,4327.3075205381965,123224.0279935511,3.983720601836606,27.263836618115,27.263836618115,43335.815822775774,3451.0813312993446,5.2282273785761256e-20,3.983720601836606,-0.0
13,CC-charge,7,4400.0347932654695,123296.75526627837,4.001610967941397,27.263836618115,27.263836618115,42918.12073446323,3904.5367228483788,5.228228345428633e-20,4.001610967941397,-0.0
13,CC-charge,8,4472.7620659927425,123369.48253900565,4.016480817488549,27.263836618115,27.263836618115,42500.4256461498,4357.992114397376,5.2282250591808446e-20,4.016480817488549,-0.0
13,CC-charge,9,4545.4893387200145,123442.20981173293,4.028933403252741,27.263836618115,27.263836618115,42082.730557836454,4811.447505946282,5.2282311671273827e-20,4.028933403252741,-0.0
13,CC-charge,10,4618.2166114472875,123514.9370844602,4.03948493827402,27.263836618115,27.263836618115,41665.035469522816,5264.902897495288,5.228218010676684e-20,4.03948493827402,-0.0
13,CC-charge,11,4690.9438841745605,123587.66435718747,4.048568409827045,27.263836618115,27.263836618115,41247.34038121014,5718.358289044347,5.228222523016177e-20,4.048568409827045,-0.0
13,CC-charge,12,4763.6711569018335,123660.39162991474,4.0565412000309164,27.263836618115,27.263836618115,40829.6452928965,6171.813680593215,5.2282248085384655e-20,4.0565412000309164,-0.0
13,CC-charge,13,4836.3984296291055,123733.11890264202,4.063695825143774,27.263836618115,27.263836618115,40411.95020458326,6625.269072142131,5.2282221582361324e-20,4.063695825143774,-0.0
13,CC-charge,14,4909.1257023563785,123805.84617536928,4.070269593862026,27.263836618115,27.263836618115,39994.25511626981,7078.724463690944,5.228221856029581e-20,4.070269593862026,-0.0
13,CC-charge,15,4981.8529750836515,123878.57344809656,4.0764538925735625,27.263836618115,27.263836618115,39576.5600279563,7532.1798552397595,5.228222623124787e-20,4.0764538925735625,-0.0
13,CC-charge,16,5054.5802478109235,123951.30072082383,4.082402168954455,27.263836618115,27.263836618115,39158.864939642626,7985.635246788684,5.228221039652737e-20,4.082402168954455,-0.0
13,CC-charge,17,5127.3075205381965,124024.0279935511,4.088237410263009,27.263836618115,27.263836618115,38741.16985132925,8439.090638337599,5.2282186689397045e-20,4.088237410263009,-0.0
13,CC-charge,18,5200.0347932654695,124096.75526627837,4.094056890953555,27.263836618115,27.263836618115,38323.47476301549,8892.546029886533,5.228221474520781e-20,4.094056890953555,-0.0
13,CC-charge,19,5272.7620659927425,124169.48253900565,4.099938094953226,27.263836618115,27.263836618115,37905.779674702106,9346.001421435363,5.2282215241750676e-20,4.099938094953226,-0.0
13,CC-charge,20,5345.489338720015,124242.20981173293,4.105941996147429,27.263836618115,27.263836618115,37488.0845863891,9799.456812984212,5.228220313851663e-20,4.105941996147429,-0.0
13,CC-charge,21,5418.2166114472875,124314.9370844602,4.112116275817116,27.263836618115,27.263836618115,37070.389498075754,10252.912204533082,5.228220319517946e-20,4.112116275817116,-0.0
13,CC-charge,22,5490.9438841745605,124387.66435718747,4.118499624796164,27.263836618115,27.263836618115,36652.69440976208,10706.367596081629,5.228220286182813e-20,4.118499624796164,-0.0
13,CC-charge,23,5563.6711569018335,124460.39162991474,4.125120673894654,27.263836618115,27.263836618115,36234.99932144904,11159.822987631085,5.228220312576598e-20,4.125120673894654,-0.0
13,CC-charge,24,5636.3984296291055,124533.11890264202,4.1320023536354,27.263836618115,27.263836618115,35817.304233135765,11613.278379179676,5.2282202702001013e-20,4.1320023536354,-0.0
13,CC-charge,25,5709.1257023563785,124605.84617536928,4.139162609206816,27.263836618115,27.263836618115,35399.609144822265,12066.733770728171,5.2282200470956225e-20,4.139162609206816,-0.0
13,CC-charge,26,5781.8529750836515,124678.57344809656,4.14661554318117,27.263836618115,27.263836618115,34981.91405650857,12520.189162276616,5.228220408548147e-20,4.14661554318117,-0.0
13,CC-charge,27,5854.5802478109235,124751.30072082383,4.154372375820075,27.263836618115,27.263836618115,34564.21896819529,12973.644553825256,5.2282202083729906e-20,4.154372375820075,-0.0
13,CC-charge,28,5927.307520538197,124824.0279935511,4.16244413286535,27.263836618115,27.263836618115,34146.52387988157,13427.099945373788,5.22822006315172e-20,4.16244413286535,-0.0
13,CC-charge,29,6000.0347932654695,124896.75526627837,4.170835371583176,27.263836618115,27.263836618115,33728.828791568645,13880.555336922494,5.228222251765173e-20,4.170835371583176,-0.0
13,CC-charge,30,6072.762065992742,124969.48253900565,4.179554328229835,27.263836618115,27.263836618115,33311.13370325539,14334.010728471254,5.228219105834449e-20,4.179554328229835,-0.0
13,CC-charge,31,6145.489338720015,125042.20981173293,4.188607645203121,27.263836618115,27.263836618115,32893.43861494229,14787.466120020032,5.228217693782418e-20,4.188607645203121,-0.0
13,CC-charge,32,6218.2166114472875,125114.9370844602,4.1980023171506256,27.263836618115,27.263836618115,32475.74352662888,15240.921511569095,5.228215914673263e-20,4.1980023171506256,-0.0
13,CC-charge,33,6233.261674000143,125129.98214701306,4.19999,27.263836618115,27.263836618115,32389.33510656823,15334.727651617304,5.228215914554498e-20,4.19999,-0.0
13,CV-charge,0,6451.443492181961,125348.16396519488,4.2,27.288598922507337,27.288598922507337,32389.33510656823,15334.727651617304,5.228215914554498e-20,4.2,0.0
13,CV-charge,1,6524.170764909234,125420.89123792214,4.2,24.207379785897327,24.207379785897327,31867.4116422322,15829.782660545612,4.2316496540875414e-20,4.2,-0.0
13,CV-charge,2,6596.898037636507,125493.61851064942,4.2,22.261647420241435,22.261647420241435,31520.976377302613,16209.924477691604,6.607909661622391e-20,4.2,-0.0
13,CV-charge,3,6669.625310363779,125566.34578337669,4.199999999999999,20.562400242934658,20.562400242934658,31202.99544022328,16560.30310192516,5.266350432657716e-20,4.199999999999999,-0.0
13,CV-charge,4,6742.352583091052,125639.07305610397,4.199999999999999,19.061207294618065,19.061207294618065,30908.14800925036,16884.99480203813,5.528609390129808e-20,4.199999999999999,-0.0
13,CV-charge,5,6815.079855818325,125711.80032883123,4.2,17.728889461016482,17.728889461016482,30634.029086837676,17186.660775784312,6.177726323998491e-20,4.2,-0.0
13,CV-charge,6,6887.807128545598,125784.52760155851,4.2,16.54044581542071,16.54044581542071,30378.394368263776,17467.81494296777,5.846228516483563e-20,4.2,-0.0
13,CV-charge,7,6960.53440127287,125857.25487428578,4.2,15.475220740815608,15.475220740815608,30139.3152929519,17730.615483416204,4.833329299876002e-20,4.2,-0.0
13,CV-charge,8,7033.261674000143,125929.98214701306,4.2,14.516115414037923,14.516115414037923,29915.13364253362,17976.915854220668,4.0192932927797056e-20,4.2,-0.0
13,CV-charge,9,7105.988946727416,126002.70941974033,4.199999999999999,13.648876420574803,13.648876420574803,29704.41510006226,18208.3174981927,4.873102243600549e-20,4.199999999999999,-0.0
13,CV-charge,10,7178.716219454689,126075.4366924676,4.2,12.861568949908378,12.861568949908378,29505.913647822294,18426.210170647017,4.081240939091485e-20,4.2,-0.0
13,CV-charge,11,7251.443492181961,126148.16396519488,4.200000000000001,12.144147646485086,12.144147646485086,29318.542012379807,18631.805375436554,3.7539984765624463e-20,4.200000000000001,-0.0
13,CV-charge,12,7324.170764909234,126220.89123792214,4.199999999999999,11.488061404637392,11.488061404637392,29141.33447599713,18826.178042077787,3.33477026951965e-20,4.199999999999999,-0.0
13,CV-charge,13,7396.898037636507,126293.61851064942,4.2,10.886111031422681,10.886111031422681,28973.458209261673,19010.25452840876,2.7794999564536893e-20,4.2,-0.0
13,CV-charge,14,7469.625310363779,126366.34578337669,4.200000000000001,10.332102719336989,10.332102719336989,28814.166724213606,19184.864406784407,2.1704768697788426e-20,4.200000000000001,-0.0
13,CV-charge,15,7542.352583091052,126439.07305610397,4.199999999999999,9.820308366259637,9.820308366259637,28662.673836964943,19350.87891573737,2.1421795032888832e-20,4.199999999999999,-0.0
13,CV-charge,16,7615.079855818325,126511.80032883123,4.199999999999999,9.346583324694468,9.346583324694468,28518.51392664204,19508.816160154165,2.1417771372988065e-20,4.199999999999999,-0.0
13,CV-charge,17,7687.807128545598,126584.52760155851,4.2,8.906944351386654,8.906944351386654,28381.156520425513,19659.264387801868,2.1413784318965383e-20,4.2,-0.0
13,CV-charge,18,7760.534401272871,126657.25487428578,4.200000000000001,8.497935197560349,8.497935197560349,28250.125650897353,19802.750957114473,2.1390777383816442e-20,4.200000000000001,-0.0
13,CV-charge,19,7833.261674000143,126729.98214701306,4.2,8.116533351494908,8.116533351494908,28124.992347607353,19939.750852410696,2.1444031865271152e-20,4.2,-0.0
13,CV-charge,20,7905.988946727416,126802.70941974033,4.199999999999999,7.760091389917791,7.760091389917791,28005.368961261323,20070.69304208772,2.1447931434149286e-20,4.199999999999999,-0.0
13,CV-charge,21,7978.716219454689,126875.4366924676,4.199999999999999,7.426281249094697,7.426281249094697,27890.904159437872,20195.966081454637,2.1535792859226425e-20,4.199999999999999,-0.0
13,CV-charge,22,8051.443492181961,126948.16396519488,4.200000000000001,7.113048816441361,7.113048816441361,27781.27863579039,20315.922912265378,2.148898912364864e-20,4.200000000000001,-0.0
13,CV-charge,23,8124.170764909234,127020.89123792214,4.2,6.818579625401282,6.818579625401282,27676.202764753412,20430.883506036706,2.1469297268790596e-20,4.2,-0.0
13,CV-charge,24,8196.898037636507,127093.61851064942,4.200000000000001,6.54125828436432,6.54125828436432,27575.410400151795,20541.141748525733,2.142364821604992e-20,4.200000000000001,-0.0
13,CV-charge,25,8269.62531036378,127166.34578337669,4.2,6.279646941336841,6.279646941336841,27478.658002465312,20646.966427577747,2.1411761561012465e-20,4.2,-0.0
13,CV-charge,26,8342.352583091053,127239.07305610397,4.199999999999999,6.032461669588451,6.032461669588451,27385.722002563718,20748.604177931786,2.1402289672834827e-20,4.199999999999999,-0.0
13,CV-charge,27,8415.079855818325,127311.80032883123,4.2,5.79855294245084,5.79855294245084,27296.396704786017,20846.28181743065,2.130389103206064e-20,4.2,-0.0
13,CV-charge,28,8487.807128545599,127384.52760155851,4.200000000000001,5.576888952388499,5.576888952388499,27210.492451574308,20940.208391118824,2.1249397768081066e-20,4.200000000000001,-0.0
13,CV-charge,29,8560.534401272871,127457.25487428578,4.2,5.366541309156325,5.366541309156325,27127.83401161971,21030.576965266348,2.1434124169970805e-20,4.2,-0.0
13,CV-charge,30,8633.261674000143,127529.98214701306,4.2,5.166672736719928,5.166672736719928,27048.259160263686,21117.566206464082,2.148877725962584e-20,4.2,-0.0
13,CV-charge,31,8705.988946727415,127602.70941974033,4.200000000000001,4.976526455325055,4.976526455325055,26971.617425758654,21201.34177544527,2.1618275425557982e-20,4.200000000000001,-0.0
13,CV-charge,32,8778.716219454689,127675.4366924676,4.200000000000001,4.795416989238239,4.795416989238239,26897.768979057495,21282.05756066294,2.1761588143226893e-20,4.200000000000001,-0.0
13,CV-charge,33,8851.443492181961,127748.16396519488,4.2,4.622722184695709,4.622722184695709,26826.583648193813,21359.8567728614,2.1765794160534576e-20,4.2,-0.0
13,CV-charge,34,8924.170764909235,127820.89123792214,4.200000000000001,4.457876258498362,4.457876258498362,26757.940041131158,21434.872918711197,2.168820798557788e-20,4.200000000000001,-0.0
13,CV-charge,35,8996.898037636507,127893.61851064942,4.2,4.300363727058495,4.300363727058495,26691.724763301947,21507.230668925487,2.1644725980854713e-20,4.2,-0.0
13,CV-charge,36,9069.62531036378,127966.34578337669,4.199999999999999,4.149714089902796,4.149714089902796,26627.831718044017,21577.046634041955,2.1870335332626857e-20,4.199999999999999,-0.0
13,CV-charge,37,9142.352583091053,128039.07305610397,4.2,4.005497161560709,4.005497161560709,26566.16147980704,21644.430059215385,2.1797798281188315e-20,4.2,-0.0
13,CV-charge,38,9215.079855818325,128111.80032883123,4.2,3.867318962235746,3.867318962235746,26506.620731388663,21709.483447764953,2.184386746723115e-20,4.2,-0.0
13,CV-charge,39,9287.807128545599,128184.52760155851,4.199999999999999,3.734818091390107,3.734818091390107,26449.12175766102,21772.303121913275,2.1887300908434702e-20,4.199999999999999,-0.0
13,CV-charge,40,9360.534401272871,128257.25487428578,4.2,3.60766251979733,3.60766251979733,26393.5819892617,21832.97972799124,2.1930333476063105e-20,4.2,-0.0
13,CV-charge,41,9433.261674000143,128329.98214701306,4.199999999999999,3.4855467451159905,3.4855467451159905,26339.923590562532,21891.598692455733,2.197364598216705e-20,4.199999999999999,-0.0
13,CV-charge,42,9505.988946727415,128402.70941974033,4.2,3.3681892640910505,3.3681892640910505,26288.073086984823,21948.24063421746,2.2048815618401112e-20,4.2,-0.0
13,CV-charge,43,9578.716219454689,128475.4366924676,4.2,3.2553303211866957,3.2553303211866957,26237.9610273436,22002.98173809332,2.2064569291365608e-20,4.2,-0.0
13,CV-charge,44,9651.443492181961,128548.16396519488,4.2,3.1467298991484696,3.1467298991484696,26189.521677452576,22055.894093575003,2.204437865498055e-20,4.2,-0.0
13,CV-charge,45,9724.170764909235,128620.89123792214,4.199999999999999,3.042165921783008,3.042165921783008,26142.692741678045,22107.046002610237,2.2116185150068895e-20,4.199999999999999,-0.0
13,CV-charge,46,9796.898037636507,128693.61851064942,4.2,2.9414326433274165,2.9414326433274165,26097.415109535632,22156.502259615336,2.2120563481090155e-20,4.2,-0.0
13,CV-charge,47,9869.62531036378,128766.34578337669,4.2,2.8443392022186607,2.8443392022186607,26053.63262476187,22204.324406591157,2.2124749084578822e-20,4.2,-0.0
13,CV-charge,48,9942.352583091053,128839.07305610397,4.200000000000001,2.7507083200804185,2.7507083200804185,26011.29187461438,22250.57096583296,2.2108437817008192e-20,4.200000000000001,-0.0
13,CV-charge,49,9961.71496394239,128858.4354369553,4.2,2.7263936618115,2.7263936618115,26000.278460401823,22262.600204158432,2.2109502413477643e-20,4.2,-0.0
14,CC-discharge,0,218.1818181818182,129076.61725513713,3.8553702780591226,-27.263836618115,-27.263836618115,26000.278460401823,22262.600204158432,2.2109502413477643e-20,3.8553702780591226,0.0
14,CC-discharge,1,290.90909090909093,129149.34452786439,3.8313061995739153,-27.263836618115,-27.263836618115,26565.398155890645,21728.100345774827,2.2109485514142454e-20,3.8313061995739153,0.5507845781437375
14,CC-discharge,2,363.6363636363637,129222.07180059167,3.8150417798992056,-27.263836618115,-27.263836618115,26984.985971755756,21274.62036452724,2.2109499455019166e-20,3.8150417798992056,1.101569156287475
14,CC-discharge,3,436.3636363636364,129294.79907331894,3.7998748827703217,-27.263836618115,-27.263836618115,27402.71259729593,20821.165022093905,2.210949780064336e-20,3.7998748827703217,1.652353734431212
14,CC-discharge,4,509.0909090909091,129367.52634604622,3.7855402473758337,-27.263836618115,-27.263836618115,27820.41012729212,20367.709631268768,2.210949753266402e-20,3.7855402473758337,2.2031383125749495
14,CC-discharge,5,581.8181818181819,129440.25361877348,3.7718766415750493,-27.263836618115,-27.263836618115,28238.105405488302,19914.254239729864,2.210949752087947e-20,3.7718766415750493,2.753922890718687
14,CC-discharge,6,654.5454545454546,129512.98089150076,3.7587778127908527,-27.263836618115,-27.263836618115,28655.8005086405,19460.79884818089,2.210949695707633e-20,3.7587778127908527,3.3047074688624245
14,CC-discharge,7,727.2727272727274,129585.70816422802,3.7461499746885623,-27.263836618115,-27.263836618115,29073.4955981192,19007.343456631716,2.2109496066640415e-20,3.7461499746885623,3.855492047006162
14,CC-discharge,8,800.0000000000001,129658.4354369553,3.733936517160515,-27.263836618115,-27.263836618115,29491.190686524187,18553.88806508247,2.210949668310764e-20,3.733936517160515,4.4062766251499
14,CC-discharge,9,872.7272727272727,129731.16270968258,3.722090130167605,-27.263836618115,-27.263836618115,29908.885774844748,18100.43267353331,2.2109496281695856e-20,3.722090130167605,4.9570612032936365
14,CC-discharge,10,945.4545454545455,129803.88998240985,3.7105745611616556,-27.263836618115,-27.263836618115,30326.580863157713,17646.977281983796,2.2109496016425566e-20,3.7105745611616556,5.507845781437374
14,CC-discharge,11,1018.1818181818182,129876.61725513713,3.699361778048859,-27.263836618115,-27.263836618115,30744.275951471085,17193.521890434768,2.2109497585657705e-20,3.699361778048859,6.0586303595811115
14,CC-discharge,12,1090.909090909091,129949.34452786439,3.6884298838022134,-27.263836618115,-27.263836618115,31161.971039783846,16740.066498885375,2.2109496759404566e-20,3.6884298838022134,6.609414937724849
14,CC-discharge,13,1163.6363636363637,130022.07180059167,3.6777615501317253,-27.263836618115,-27.263836618115,31579.666128095996,16286.611107335946,2.210949642174912e-20,3.6777615501317253,7.1601995158685865
14,CC-discharge,14,1236.3636363636365,130094.79907331894,3.6673428132403223,-27.263836618115,-27.263836618115,31997.361216409154,15833.155715787056,2.2109497143791327e-20,3.6673428132403223,7.710984094012324
14,CC-discharge,15,1309.0909090909092,130167.52634604622,3.65716212181925,-27.263836618115,-27.263836618115,32415.056304722137,15379.700324237949,2.210949650361426e-20,3.65716212181925,8.261768672156062
14,CC-discharge,16,1381.818181818182,130240.25361877348,3.6472095594366736,-27.263836618115,-27.263836618115,32832.751393035054,14926.244932688956,2.210949637772971e-20,3.6472095594366736,8.8125532502998
14,CC-discharge,17,1454.5454545454547,130312.98089150076,3.637476183259517,-27.263836618115,-27.263836618115,33250.44648134772,14472.789541139367,2.210949737271857e-20,3.637476183259517,9.363337828443537
14,CC-discharge,18,1527.2727272727275,130385.70816422802,3.6279534342984534,-27.263836618115,-27.263836618115,33668.141569660744,14019.334149590124,2.2109495748628317e-20,3.6279534342984534,9.914122406587275
14,CC-discharge,19,1600.0000000000002,130458.4354369553,3.618632582555396,-27.263836618115,-27.263836618115,34085.83665797329,13565.878758041143,2.2109495589415736e-20,3.618632582555396,10.464906984731012
14,CC-discharge,20,1672.727272727273,130531.16270968258,3.609504175154777,-27.263836618115,-27.263836618115,34503.5317462862,13112.42336649201,2.2109496197996514e-20,3.609504175154777,11.01569156287475
14,CC-discharge,21,1745.4545454545455,130603.88998240985,3.600557458607861,-27.263836618115,-27.263836618115,34921.22683459873,12658.96797494309,2.2109496198046062e-20,3.600557458607861,11.566476141018486
14,CC-discharge,22,1818.1818181818182,130676.61725513713,3.5917797395028606,-27.263836618115,-27.263836618115,35338.92192291143,12205.51258339359,2.2109495269021624e-20,3.5917797395028606,12.117260719162223
14,CC-discharge,23,1890.909090909091,130749.34452786439,3.5831551012986083,-27.263836618115,-27.263836618115,35756.61701122449,11752.057191844346,2.210949391531911e-20,3.5831551012986083,12.66804529730596
14,CC-discharge,24,1963.6363636363637,130822.07180059167,3.5746660877689256,-27.263836618115,-27.263836618115,36174.312099537245,11298.601800295328,2.210949475064124e-20,3.5746660877689256,13.218829875449698
14,CC-discharge,25,2036.3636363636365,130894.79907331894,3.566288376847674,-27.263836618115,-27.263836618115,36592.00718784976,10845.146408745988,2.210949809604431e-20,3.566288376847674,13.769614453593435
14,CC-discharge,26,2109.0909090909095,130967.52634604622,3.5579928237067175,-27.263836618115,-27.263836618115,37009.70227616249,10391.691017196703,2.210949741935689e-20,3.5579928237067175,14.320399031737175
14,CC-discharge,27,2181.818181818182,131040.25361877348,3.54974306521757,-27.263836618115,-27.263836618115,37427.397364475386,9938.235625647405,2.2109538643091528e-20,3.54974306521757,14.87118360988091
14,CC-discharge,28,2254.545454545455,131112.98089150075,3.5414936768934484,-27.263836618115,-27.263836618115,37845.092452787925,9484.780234098285,2.210954542445783e-20,3.5414936768934484,15.42196818802465
14,CC-discharge,29,2327.2727272727275,131185.70816422804,3.533187829124157,-27.263836618115,-27.263836618115,38262.78754110052,9031.324842549171,2.210959330631413e-20,3.533187829124157,15.972752766168385
14,CC-discharge,30,2400.0,131258.4354369553,3.5247545218575262,-27.263836618115,-27.263836618115,38680.48262941304,8577.869450999957,2.2109603934569483e-20,3.5247545218575262,16.52353734431212
14,CC-discharge,31,2472.727272727273,131331.16270968257,3.5161058199206767,-27.263836618115,-27.263836618115,39098.17771772604,8124.414059450472,2.2109645707771525e-20,3.5161058199206767,17.07432192245586
14,CC-discharge,32,2545.4545454545455,131403.88998240986,3.5071295529433892,-27.263836618115,-27.263836618115,39515.87280603845,7670.958667901528,2.2109808075043843e-20,3.5071295529433892,17.625106500599596
14,CC-discharge,33,2618.1818181818185,131476.61725513713,3.497689427979975,-27.263836618115,-27.263836618115,39933.56789435116,7217.503276352377,2.2109735343796046e-20,3.497689427979975,18.175891078743334
14,CC-discharge,34,2690.909090909091,131549.3445278644,3.4876147131801263,-27.263836618115,-27.263836618115,40351.26298266413,6764.047884803167,2.2109854154171212e-20,3.4876147131801263,18.72667565688707
14,CC-discharge,35,2763.636363636364,131622.07180059166,3.476693153801373,-27.263836618115,-27.263836618115,40768.95807097666,6310.592493254144,2.2110067424687598e-20,3.476693153801373,19.27746023503081
14,CC-discharge,36,2836.3636363636365,131694.79907331895,3.4646623665887293,-27.263836618115,-27.263836618115,41186.6531592893,5857.137101704907,2.210964215825403e-20,3.4646623665887293,19.828244813174546
14,CC-discharge,37,2909.0909090909095,131767.52634604622,3.451198521977191,-27.263836618115,-27.263836618115,41604.3482476019,5403.681710155818,2.210946059023917e-20,3.451198521977191,20.379029391318284
14,CC-discharge,38,2981.818181818182,131840.25361877348,3.435903440534348,-27.263836618115,-27.263836618115,42022.04333591465,4950.226318606776,2.2109504163952962e-20,3.435903440534348,20.92981396946202
14,CC-discharge,39,3054.545454545455,131912.98089150075,3.418289927388094,-27.263836618115,-27.263836618115,42439.73842422745,4496.770927057735,2.2109631300543362e-20,3.418289927388094,21.48059854760576
14,CC-discharge,40,3127.2727272727275,131985.70816422804,3.397765885854184,-27.263836618115,-27.263836618115,42857.433512540236,4043.315535508681,2.210963458668215e-20,3.397765885854184,22.031383125749496
14,CC-discharge,41,3200.0000000000005,132058.4354369553,3.37361758548148,-27.263836618115,-27.263836618115,43275.128600853655,3589.8601439596678,2.2109841269707247e-20,3.37361758548148,22.582167703893234
14,CC-discharge,42,3272.727272727273,132131.16270968257,3.3449953681177185,-27.263836618115,-27.263836618115,43692.823689166304,3136.404752410623,2.211033849317493e-20,3.3449953681177185,23.13295228203697
14,CC-discharge,43,3345.454545454546,132203.88998240986,3.310898073494084,-27.263836618115,-27.263836618115,44110.51877747786,2682.949360861561,2.211077871611007e-20,3.310898073494084,23.68373686018071
14,CC-discharge,44,3418.1818181818185,132276.61725513713,3.270141519273662,-27.263836618115,-27.263836618115,44528.213865790276,2229.493969312536,2.2110571085161087e-20,3.270141519273662,24.234521438324446
14,CC-discharge,45,3490.909090909091,132349.3445278644,3.2211851685993467,-27.263836618115,-27.263836618115,44945.90895410287,1776.0385777634697,2.2110315067887542e-20,3.2211851685993467,24.785306016468184
14,CC-discharge,46,3563.636363636364,132422.07180059166,3.160968637428013,-27.263836618115,-27.263836618115,45363.6040424157,1322.5831862144507,2.2110447418117295e-20,3.160968637428013,25.336090594611925
14,CC-discharge,47,3636.3636363636365,132494.79907331895,3.07541359935964,-27.263836618115,-27.263836618115,45781.29913072822,869.1277946654133,2.2110662775182118e-20,3.07541359935964,25.886875172755662
14,CC-discharge,48,3671.6719190294853,132530.1073559848,3.0000099999999987,-27.263836618115,-27.263836618115,45984.085454114575,648.9802414743738,2.2111153469008953e-20,3.0000099999999987,26.15427496438564
14,CC-charge,0,3889.8537372113033,132748.28917416662,3.7156170185029995,27.263836618115,27.263836618115,45984.085454114575,648.9802414743738,2.2111153469008953e-20,3.7156170185029995,0.0
14,CC-charge,1,3962.5810099385762,132821.0164468939,3.821172888753375,27.263836618115,27.263836618115,45418.97050060776,1183.4778192724368,2.21112708509387e-20,3.821172888753375,-0.0
14,CC-charge,2,4035.3082826658488,132893.74371962115,3.8674706064981694,27.263836618115,27.263836618115,44999.38156085975,1636.9600824662887,2.211137977392037e-20,3.8674706064981694,-0.0
14,CC-charge,3,4108.035555393121,132966.47099234845,3.9048730320624605,27.263836618115,27.263836618115,44581.649171252364,2090.4154224321924,2.211125968817583e-20,3.9048730320624605,-0.0
14,CC-charge,4,4180.762828120394,133039.1982650757,3.936130490060626,27.263836618115,27.263836618115,44163.95358624463,2543.870814356889,2.2111271423375963e-20,3.936130490060626,-0.0
14,CC-charge,5,4253.490100847667,133111.92553780298,3.962172600369631,27.263836618115,27.263836618115,43746.25849285477,2997.3262059013773,2.2111243871624974e-20,3.962172600369631,-0.0
14,CC-charge,6,4326.21737357494,133184.65281053024,3.9837702371570374,27.263836618115,27.263836618115,43328.56340460714,3450.781597450504,2.2111232931296692e-20,3.9837702371570374,-0.0
14,CC-charge,7,4398.944646302212,133257.38008325754,4.001663999682639,27.263836618115,27.263836618115,42910.86831629465,3904.2369889994866,2.2111329915908982e-20,4.001663999682639,-0.0
14,CC-charge,8,4471.671919029485,133330.1073559848,4.016537226310868,27.263836618115,27.263836618115,42493.17322798105,4357.692380548464,2.211132321916451e-20,4.016537226310868,-0.0
14,CC-charge,9,4544.399191756758,133402.83462871207,4.028993160118072,27.263836618115,27.263836618115,42075.47813966784,4811.147772097363,2.211140867332756e-20,4.028993160118072,-0.0
14,CC-charge,10,4617.12646448403,133475.56190143936,4.039548018376864,27.263836618115,27.263836618115,41657.78305135433,5264.6031636463185,2.21114763586618e-20,4.039548018376864,-0.0
14,CC-charge,11,4689.853737211303,133548.28917416662,4.048634797692825,27.263836618115,27.263836618115,41240.08796304105,5718.058555195329,2.211155562937304e-20,4.048634797692825,-0.0
14,CC-charge,12,4762.581009938576,133621.0164468939,4.056610891910186,27.263836618115,27.263836618115,40822.39287472753,6171.513946744224,2.2111588333870542e-20,4.056610891910186,-0.0
14,CC-charge,13,4835.308282665849,133693.74371962115,4.0637688276946315,27.263836618115,27.263836618115,40404.69778641394,6624.969338292961,2.211162808225622e-20,4.0637688276946315,-0.0
14,CC-charge,14,4908.035555393122,133766.47099234845,4.0703459226842105,27.263836618115,27.263836618115,39987.002698100325,7078.424729842003,2.211163357709962e-20,4.0703459226842105,-0.0
14,CC-charge,15,4980.762828120394,133839.1982650757,4.076533570301529,27.263836618115,27.263836618115,39569.30760978668,7531.880121390896,2.2111598145363506e-20,4.076533570301529,-0.0
14,CC-charge,16,5053.490100847667,133911.92553780298,4.082485223314906,27.263836618115,27.263836618115,39151.61252147336,7985.335512939895,2.2111661993165497e-20,4.082485223314906,-0.0
14,CC-charge,17,5126.21737357494,133984.65281053024,4.088323872787008,27.263836618115,27.263836618115,38733.91743316009,8438.79090448895,2.2111665399250736e-20,4.088323872787008,-0.0
14,CC-charge,18,5198.944646302212,134057.38008325754,4.094146795251899,27.263836618115,27.263836618115,38316.22234484661,8892.246296037882,2.2111676026168446e-20,4.094146795251899,-0.0
14,CC-charge,19,5271.671919029485,134130.1073559848,4.100031475776985,27.263836618115,27.263836618115,37898.52725653316,9345.701687586708,2.21116826677767e-20,4.100031475776985,-0.0
14,CC-charge,20,5344.399191756758,134202.83462871207,4.106038888886255,27.263836618115,27.263836618115,37480.83216821977,9799.157079135714,2.2111677726272334e-20,4.106038888886255,-0.0
14,CC-charge,21,5417.12646448403,134275.56190143936,4.112216715566991,27.263836618115,27.263836618115,37063.13707990677,10252.612470684562,2.211167782546164e-20,4.112216715566991,-0.0
14,CC-charge,22,5489.853737211303,134348.28917416662,4.118603647751461,27.263836618115,27.263836618115,36645.44199159337,10706.067862233469,2.211167739519384e-20,4.118603647751461,-0.0
14,CC-charge,23,5562.581009938576,134421.0164468939,4.125228315934363,27.263836618115,27.263836618115,36227.74690328039,11159.523253782521,2.211167590565439e-20,4.125228315934363,-0.0
14,CC-charge,24,5635.308282665849,134493.74371962115,4.132113651330761,27.263836618115,27.263836618115,35810.05181496722,11612.978645331497,2.2111676285475455e-20,4.132113651330761,-0.0
14,CC-charge,25,5708.035555393122,134566.47099234845,4.139277600755529,27.263836618115,27.263836618115,35392.35672665372,12066.434036880055,2.2111676406416555e-20,4.139277600755529,-0.0
14,CC-charge,26,5780.762828120394,134639.1982650757,4.14673426946566,27.263836618115,27.263836618115,34974.66163834051,12519.889428428945,2.2111677242719326e-20,4.14673426946566,-0.0
14,CC-charge,27,5853.490100847667,134711.92553780298,4.154494881939571,27.263836618115,27.263836618115,34556.96655002716,12973.344819977185,2.2111682333658636e-20,4.154494881939571,-0.0
14,CC-charge,28,5926.21737357494,134784.65281053024,4.162570469635849,27.263836618115,27.263836618115,34139.27146171356,13426.800211525979,2.2111682132672562e-20,4.162570469635849,-0.0
14,CC-charge,29,5998.944646302212,134857.38008325754,4.17096559946474,27.263836618115,27.263836618115,33721.576373400705,13880.255603074627,2.2111679013466008e-20,4.17096559946474,-0.0
14,CC-charge,30,6071.671919029485,134930.1073559848,4.179688518993523,27.263836618115,27.263836618115,33303.88128508741,14333.710994623576,2.2111672383228114e-20,4.179688518993523,-0.0
14,CC-charge,31,6144.399191756758,135002.83462871207,4.188745886177358,27.263836618115,27.263836618115,32886.18619677404,14787.16638617237,2.211165453961067e-20,4.188745886177358,-0.0
14,CC-charge,32,6217.12646448403,135075.56190143936,4.198144716171143,27.263836618115,27.263836618115,32468.49110846132,15240.621777721417,2.211165788174364e-20,4.198144716171143,-0.0
14,CC-charge,33,6231.092742523483,135089.5281794788,4.19999,27.263836618115,27.263836618115,32388.278479548713,15327.701683778167,2.2111657864313546e-20,4.19999,-0.0
14,CV-charge,0,6449.274560705301,135307.70999766063,4.2,27.288530383541357,27.288530383541357,32388.278479548713,15327.701683778167,2.2111657864313546e-20,4.2,0.0
14,CV-charge,1,6522.001833432574,135380.4372703879,4.2,24.207531748809735,24.207531748809735,31866.353406574075,15822.758107941403,2.901299048880842e-20,4.2,-0.0
14,CV-charge,2,6594.729106159847,135453.16454311516,4.199999999999998,22.261935062617997,22.261935062617997,31519.913913910805,16202.904117433254,2.503316342724055e-20,4.199999999999998,-0.0
14,CV-charge,3,6667.456378887119,135525.89181584245,4.2,20.562776942132576,20.562776942132576,31201.926998339182,16553.288900193198,3.314186315773938e-20,4.2,-0.0
14,CV-charge,4,6740.183651614392,135598.6190885697,4.200000000000001,19.061641471340295,19.061641471340295,30907.072940526257,16877.987600695193,3.17210633692044e-20,4.200000000000001,-0.0
14,CV-charge,5,6812.910924341665,135671.34636129698,4.200000000000001,17.729356784772566,17.729356784772566,30632.946799843994,17179.661296460938,1.9178678467535044e-20,4.200000000000001,-0.0
14,CV-charge,6,6885.638197068938,135744.07363402424,4.200000000000001,16.540928877740765,16.540928877740765,30377.304610476127,17460.823515491036,2.6423100649654235e-20,4.200000000000001,-0.0
14,CV-charge,7,6958.36546979621,135816.80090675154,4.199999999999999,15.475706774315494,15.475706774315494,30138.21800170667,17723.63221684969,1.0807275399078008e-20,4.199999999999999,-0.0
14,CV-charge,8,7031.092742523483,135889.5281794788,4.2,14.516595266601307,14.516595266601307,29914.02890519116,17969.940683376266,1.6465881891428948e-20,4.2,-0.0
14,CV-charge,9,7103.820015250756,135962.25545220607,4.2,13.649343448679977,13.649343448679977,29703.303106762993,18201.350238118124,1.643178110882648e-20,4.2,-0.0
14,CV-charge,10,7176.547287978028,136034.98272493336,4.2,12.862018339459091,12.862018339459091,29504.794647692765,18419.250566681483,1.5205411260859154e-20,4.2,-0.0
14,CV-charge,11,7249.274560705301,136107.70999766063,4.2,12.14457605058717,12.14457605058717,29317.41632435812,18624.85309205484,9.465982435522135e-21,4.2,-0.0
14,CV-charge,12,7322.001833432574,136180.4372703879,4.2,11.488466528473053,11.488466528473053,29140.202454502723,18819.23270213585,1.2043848367371535e-20,4.2,-0.0
14,CV-charge,13,7394.729106159847,136253.16454311516,4.199999999999999,10.886491329229377,10.886491329229377,28972.320234297265,19003.315724425476,3.0272640671603966e-21,4.199999999999999,-0.0
14,CV-charge,14,7467.45637888712,136325.89181584245,4.2,10.332047333614451,10.332047333614451,28812.903673082525,19178.062792076355,4.775215455039738e-21,4.2,-0.0
14,CV-charge,15,7540.183651614392,136398.6190885697,4.2,9.82025789078058,9.82025789078058,28661.411464210916,19344.076458627107,4.675948922661838e-21,4.2,-0.0
14,CV-charge,16,7612.910924341665,136471.34636129698,4.199999999999999,9.34653419896758,9.34653419896758,28517.2523054741,19502.01288332865,4.549956008372933e-21,4.199999999999999,-0.0
14,CV-charge,17,7685.638197068938,136544.07363402424,4.2,8.906893728002869,8.906893728002869,28379.89566808447,19652.460278760922,4.5116122120751925e-21,4.2,-0.0
14,CV-charge,18,7758.36546979621,136616.80090675154,4.2,8.497880761597791,8.497880761597791,28248.865623156016,19795.945962622143,4.5114470210218064e-21,4.2,-0.0
14,CV-charge,19,7831.092742523483,136689.5281794788,4.199999999999999,8.11647323483677,8.11647323483677,28123.733229305468,19932.944886217505,4.4485140055638715e-21,4.199999999999999,-0.0
14,CV-charge,20,7903.820015250756,136762.25545220607,4.2,7.760024083356008,7.760024083356008,28004.11086080446,20063.885991243274,4.443890091581023e-21,4.2,-0.0
14,CV-charge,21,7976.547287978028,136834.98272493336,4.2,7.426205537252609,7.426205537252609,27889.647204191035,20189.15781150472,4.4237611114432515e-21,4.2,-0.0
14,CV-charge,22,8049.274560705301,136907.70999766063,4.2,7.112963725508258,7.112963725508258,27780.022968295256,20309.11327152302,4.4368961191864514e-21,4.2,-0.0
14,CV-charge,23,8122.001833432574,136980.4372703879,4.199999999999999,6.818484363879668,6.818484363879668,27674.948533393563,20424.07233596644,4.435015066686163e-21,4.199999999999999,-0.0
14,CV-charge,24,8194.729106159846,137053.16454311516,4.199999999999999,6.541152243719165,6.541152243719165,27574.157768921654,20534.328872970298,4.479719653468901e-21,4.199999999999999,-0.0
14,CV-charge,25,8267.45637888712,137125.89181584245,4.2,6.279529651070363,6.279529651070363,27477.40714290913,20640.15166180186,4.484265123051039e-21,4.2,-0.0
14,CV-charge,26,8340.183651614392,137198.6190885697,4.200000000000001,6.032332774289473,6.032332774289473,27384.473091882595,20741.787330700095,4.534213520248959e-21,4.200000000000001,-0.0
14,CV-charge,27,8412.910924341664,137271.34636129698,4.200000000000001,5.798412183198314,5.798412183198314,27295.149924329173,20839.462692704477,4.769678818028029e-21,4.200000000000001,-0.0
14,CV-charge,28,8485.638197068938,137344.07363402424,4.2,5.576736151473184,5.576736151473184,27209.247985566366,20933.38678948558,4.62229567362647e-21,4.2,-0.0
14,CV-charge,29,8558.36546979621,137416.80090675154,4.2,5.3663763574984005,5.3663763574984005,27126.592046087033,21023.75268514462,4.7995068197254075e-21,4.2,-0.0
14,CV-charge,30,8631.092742523484,137489.5281794788,4.2,5.166495583482003,5.166495583482003,27047.019882122895,21110.739045128226,4.66574572899995e-21,4.2,-0.0
14,CV-charge,31,8703.820015250756,137562.25545220607,4.2,4.976337099312791,4.976337099312791,26970.381022038135,21194.51152989316,4.674846852169592e-21,4.2,-0.0
14,CV-charge,32,8776.547287978028,137634.98272493336,4.2,4.795215471778149,4.795215471778149,26896.535636234286,21275.224028356493,4.681381787335433e-21,4.2,-0.0
14,CV-charge,33,8849.274560705302,137707.70999766063,4.199999999999999,4.622508583712744,4.622508583712744,26825.35355162144,21353.019752372315,4.7941365632734226e-21,4.199999999999999,-0.0
14,CV-charge,34,8922.001833432574,137780.4372703879,4.199999999999999,4.4576506835938785,4.4576506835938785,26756.713374546594,21428.032210269386,4.737330296610528e-21,4.199999999999999,-0.0
14,CV-charge,35,8994.729106159848,137853.16454311516,4.199999999999999,4.3001263154005605,4.3001263154005605,26690.501708393098,21500.386074899103,4.912259984877012e-21,4.199999999999999,-0.0
14,CV-charge,36,9067.45637888712,137925.89181584245,4.199999999999999,4.149465002803149,4.149465002803149,26626.612454075894,21570.19795935716,4.9292111743007744e-21,4.199999999999999,-0.0
14,CV-charge,37,9140.183651614392,137998.6190885697,4.200000000000001,4.005236581605255,4.005236581605255,26564.946183288324,21637.57711172265,4.8980835846069e-21,4.200000000000001,-0.0
14,CV-charge,38,9212.910924341664,138071.34636129698,4.199999999999999,3.8670470908803587,3.8670470908803587,26505.409575778114,21702.626038568975,4.9422179818643555e-21,4.199999999999999,-0.0
14,CV-charge,39,9285.638197068938,138144.07363402424,4.2,3.7345351469495554,3.7345351469495554,26447.914913108027,21765.441065661278,5.050489827988964e-21,4.2,-0.0
14,CV-charge,40,9358.36546979621,138216.80090675154,4.199999999999999,3.6073687357374857,3.6073687357374857,26392.379622368793,21826.11284313281,5.155740735788941e-21,4.199999999999999,-0.0
14,CV-charge,41,9431.092742523484,138289.5281794788,4.199999999999999,3.485242368613674,3.485242368613674,26338.72586417266,21884.7268014809,5.1550686848721515e-21,4.199999999999999,-0.0
14,CV-charge,42,9503.820015250756,138362.25545220607,4.200000000000001,3.36787455480794,3.36787455480794,26286.88015998801,21941.36356387073,5.140053794350158e-21,4.200000000000001,-0.0
14,CV-charge,43,9576.547287978028,138434.98272493336,4.2,3.2550055502170987,3.2550055502170987,26236.773054500194,21996.099319565372,5.225559163830518e-21,4.2,-0.0
14,CV-charge,44,9649.274560705302,138507.70999766063,4.199999999999999,3.146395348106856,3.146395348106856,26188.33880922998,22049.006162688336,5.1739736693101005e-21,4.199999999999999,-0.0
14,CV-charge,45,9722.001833432574,138580.4372703879,4.2,3.041821882007277,3.041821882007277,26141.515124099995,22100.152399978975,5.163480056266716e-21,4.2,-0.0
14,CV-charge,46,9794.729106159848,138653.16454311516,4.200000000000001,2.941079415165507,2.941079415165507,26096.24288404177,22149.602830803764,5.221174951590817e-21,4.200000000000001,-0.0
14,CV-charge,47,9867.45637888712,138725.89181584245,4.200000000000001,2.8439770943973723,2.8439770943973723,26052.46592808151,22197.419002251547,5.203979977294309e-21,4.200000000000001,-0.0
14,CV-charge,48,9940.183651614392,138798.6190885697,4.2,2.7503376491077227,2.7503376491077227,26010.130838641908,22243.659441843214,5.231039723084909e-21,4.2,-0.0
14,CV-charge,49,9959.247688076684,138817.683125032,4.2,2.7263936618115,2.7263936618115,25999.287856311465,22255.502545318323,5.225249218586702e-21,4.2,-0.0
15,CC-discharge,0,218.1818181818182,139035.86494321382,3.855392147822125,-27.263836618115,-27.263836618115,25999.287856311465,22255.502545318323,5.225249218586702e-21,3.855392147822125,0.0
15,CC-discharge,1,290.90909090909093,139108.59221594108,3.8313221292908075,-27.263836618115,-27.263836618115,26564.407546115577,21721.002693032053,5.2252788641371834e-21,3.8313221292908075,0.5507845781437375
15,CC-discharge,2,363.6363636363637,139181.31948866835,3.815054470603733,-27.263836618115,-27.263836618115,26983.99535431853,21267.52270577546,5.2252774642956995e-21,3.815054470603733,1.101569156287475
15,CC-discharge,3,436.3636363636364,139254.04676139564,3.799885029441133,-27.263836618115,-27.263836618115,27401.72199186782,20814.067363255137,5.2252763613210784e-21,3.799885029441133,1.652353734431212
15,CC-discharge,4,509.0909090909091,139326.7740341229,3.785548395902247,-27.263836618115,-27.263836618115,27819.41952307241,20360.61197242826,5.2252754851904254e-21,3.785548395902247,2.2031383125749495
15,CC-discharge,5,581.8181818181819,139399.50130685017,3.7718831834439293,-27.263836618115,-27.263836618115,28237.114801386142,19907.156580889758,5.225273818793368e-21,3.7718831834439293,2.753922890718687
15,CC-discharge,6,654.5454545454546,139472.22857957744,3.7587830651317846,-27.263836618115,-27.263836618115,28654.809904548925,19453.701189341045,5.2252735032068166e-21,3.7587830651317846,3.3047074688624245
15,CC-discharge,7,727.2727272727274,139544.95585230473,3.746154155215181,-27.263836618115,-27.263836618115,29072.504994029096,19000.24579779185,5.2252729590822034e-21,3.746154155215181,3.855492047006162
15,CC-discharge,8,800.0000000000001,139617.683125032,3.7339398119367337,-27.263836618115,-27.263836618115,29490.2000824341,18546.790406242195,5.225272728906525e-21,3.7339398119367337,4.4062766251499
15,CC-discharge,9,872.7272727272727,139690.41039775926,3.7220926876049365,-27.263836618115,-27.263836618115,29907.895170753858,18093.335014693126,5.225272664349716e-21,3.7220926876049365,4.9570612032936365
15,CC-discharge,10,945.4545454545455,139763.13767048655,3.7105765002324547,-27.263836618115,-27.263836618115,30325.59025906689,17639.879623144396,5.225272787142868e-21,3.7105765002324547,5.507845781437374
15,CC-discharge,11,1018.1818181818182,139835.86494321382,3.6993631940606133,-27.263836618115,-27.263836618115,30743.285347379937,17186.424231595138,5.225273656659661e-21,3.6993631940606133,6.0586303595811115
15,CC-discharge,12,1090.909090909091,139908.59221594108,3.688430852392363,-27.263836618115,-27.263836618115,31160.980435692716,16732.968840045698,5.225273900136953e-21,3.688430852392363,6.609414937724849
15,CC-discharge,13,1163.6363636363637,139981.31948866835,3.677762129903678,-27.263836618115,-27.263836618115,31578.675524005543,16279.513448496642,5.225273211383452e-21,3.677762129903678,7.1601995158685865
15,CC-discharge,14,1236.3636363636365,140054.04676139564,3.667343047304734,-27.263836618115,-27.263836618115,31996.37061231848,15826.05805694755,5.225273771095326e-21,3.667343047304734,7.710984094012324
15,CC-discharge,15,1309.0909090909092,140126.7740341229,3.657162038389804,-27.263836618115,-27.263836618115,32414.065700631432,15372.602665398337,5.225273491993202e-21,3.657162038389804,8.261768672156062
15,CC-discharge,16,1381.818181818182,140199.50130685017,3.647209171552345,-27.263836618115,-27.263836618115,32831.76078894417,14919.147273849325,5.225272989545552e-21,3.647209171552345,8.8125532502998
15,CC-discharge,17,1454.5454545454547,140272.22857957744,3.6374754876372584,-27.263836618115,-27.263836618115,33249.45587725706,14465.691882300207,5.225274530193763e-21,3.6374754876372584,9.363337828443537
15,CC-discharge,18,1527.2727272727275,140344.95585230473,3.627952409263786,-27.263836618115,-27.263836618115,33667.15096556999,14012.236490751244,5.225273685113557e-21,3.627952409263786,9.914122406587275
15,CC-discharge,19,1600.0000000000002,140417.683125032,3.618631184943513,-27.263836618115,-27.263836618115,34084.846053882655,13558.781099201808,5.225274171784801e-21,3.618631184943513,10.464906984731012
15,CC-discharge,20,1672.727272727273,140490.41039775926,3.609502336018627,-27.263836618115,-27.263836618115,34502.541142194714,13105.325707652082,5.2252735033001836e-21,3.609502336018627,11.01569156287475
15,CC-discharge,21,1745.4545454545455,140563.13767048655,3.600555077512137,-27.263836618115,-27.263836618115,34920.23623050715,12651.870316103104,5.225273959715143e-21,3.600555077512137,11.566476141018486
15,CC-discharge,22,1818.1818181818182,140635.86494321382,3.591776677083061,-27.263836618115,-27.263836618115,35337.931318819574,12198.414924553803,5.225272944596458e-21,3.591776677083061,12.117260719162223
15,CC-discharge,23,1890.909090909091,140708.59221594108,3.5831511745439677,-27.263836618115,-27.263836618115,35755.62640713258,11744.95953300455,5.225271946808503e-21,3.5831511745439677,12.66804529730596
15,CC-discharge,24,1963.6363636363637,140781.31948866835,3.574661042307113,-27.263836618115,-27.263836618115,36173.32149544483,11291.504141455202,5.225270270960454e-21,3.574661042307113,13.218829875449698
15,CC-discharge,25,2036.3636363636365,140854.04676139564,3.5662818882146823,-27.263836618115,-27.263836618115,36591.01658375763,10838.048749906327,5.225269599437452e-21,3.5662818882146823,13.769614453593435
15,CC-discharge,26,2109.0909090909095,140926.7740341229,3.5579844727874463,-27.263836618115,-27.263836618115,37008.71167207036,10384.593358357462,5.2252708933001354e-21,3.5579844727874463,14.320399031737175
15,CC-discharge,27,2181.818181818182,140999.50130685017,3.5497323144633666,-27.263836618115,-27.263836618115,37426.40676038349,9931.137966808305,5.2252021974959216e-21,3.5497323144633666,14.87118360988091
15,CC-discharge,28,2254.545454545455,141072.22857957744,3.5414798394803237,-27.263836618115,-27.263836618115,37844.1018486962,9477.682575259047,5.225183982495157e-21,3.5414798394803237,15.42196818802465
15,CC-discharge,29,2327.2727272727275,141144.95585230473,3.5331700310300325,-27.263836618115,-27.263836618115,38261.79693700897,9024.227183709925,5.225252457528868e-21,3.5331700310300325,15.972752766168385
15,CC-discharge,30,2400.0,141217.683125032,3.524731656058792,-27.263836618115,-27.263836618115,38679.492025321466,8570.771792160724,5.22527579885273e-21,3.524731656058792,16.52353734431212
15,CC-discharge,31,2472.727272727273,141290.41039775926,3.5160764837688068,-27.263836618115,-27.263836618115,39097.187113634434,8117.316400611845,5.225226553369996e-21,3.5160764837688068,17.07432192245586
15,CC-discharge,32,2545.4545454545455,141363.13767048655,3.5070919909589406,-27.263836618115,-27.263836618115,39514.882201947126,7663.861009062535,5.2253414077179104e-21,3.5070919909589406,17.625106500599596
15,CC-discharge,33,2618.1818181818185,141435.86494321382,3.4976414417720005,-27.263836618115,-27.263836618115,39932.5772902602,7210.40561751354,5.2254384430635705e-21,3.4976414417720005,18.175891078743334
15,CC-discharge,34,2690.909090909091,141508.59221594108,3.487553534335847,-27.263836618115,-27.263836618115,40350.27237857305,6756.950225964349,5.22536830466113e-21,3.487553534335847,18.72667565688707
15,CC-discharge,35,2763.636363636364,141581.31948866835,3.476615338155693,-27.263836618115,-27.263836618115,40767.967466885886,6303.49483441544,5.2254137022841614e-21,3.476615338155693,19.27746023503081
15,CC-discharge,36,2836.3636363636365,141654.04676139564,3.464563633634327,-27.263836618115,-27.263836618115,41185.662555199,5850.039442866144,5.22527854821253e-21,3.464563633634327,19.828244813174546
15,CC-discharge,37,2909.0909090909095,141726.7740341229,3.451073573931214,-27.263836618115,-27.263836618115,41603.35764351142,5396.58405131717,5.2253304559302945e-21,3.451073573931214,20.379029391318284
15,CC-discharge,38,2981.818181818182,141799.50130685017,3.435745753995632,-27.263836618115,-27.263836618115,42021.05273182443,4943.128659768176,5.225289635873491e-21,3.435745753995632,20.92981396946202
15,CC-discharge,39,3054.545454545455,141872.22857957744,3.41809152205107,-27.263836618115,-27.263836618115,42438.7478201379,4489.6732682190395,5.2254519155443035e-21,3.41809152205107,21.48059854760576
15,CC-discharge,40,3127.2727272727275,141944.95585230473,3.3975170767337883,-27.263836618115,-27.263836618115,42856.44290845033,4036.2178766700504,5.225405918288214e-21,3.3975170767337883,22.031383125749496
15,CC-discharge,41,3200.0000000000005,142017.683125032,3.3733067715711202,-27.263836618115,-27.263836618115,43274.137996762816,3582.7624851209557,5.225351713138614e-21,3.3733067715711202,22.582167703893234
15,CC-discharge,42,3272.727272727273,142090.41039775926,3.3446087994327973,-27.263836618115,-27.263836618115,43691.83308507485,3129.3070935718897,5.225433465081523e-21,3.3446087994327973,23.13295228203697
15,CC-discharge,43,3345.454545454546,142163.13767048655,3.3104196343572667,-27.263836618115,-27.263836618115,44109.52817338687,2675.851702022919,5.22562625104628e-21,3.3104196343572667,23.68373686018071
15,CC-discharge,44,3418.1818181818185,142235.86494321382,3.269551783080396,-27.263836618115,-27.263836618115,44527.22326169927,2222.3963104738173,5.226423148530714e-21,3.269551783080396,24.234521438324446
15,CC-discharge,45,3490.909090909091,142308.59221594108,3.2204553321160994,-27.263836618115,-27.263836618115,44944.91835001315,1768.9409189248122,5.226970593966857e-21,3.2204553321160994,24.785306016468184
15,CC-discharge,46,3563.636363636364,142381.31948866835,3.1600184969674436,-27.263836618115,-27.263836618115,45362.61343832544,1315.4855273757858,5.226972624354561e-21,3.1600184969674436,25.336090594611925
15,CC-discharge,47,3636.3636363636365,142454.04676139564,3.073719290817895,-27.263836618115,-27.263836618115,45780.308526638335,862.0301358267571,5.226119892315788e-21,3.073719290817895,25.886875172755662
15,CC-discharge,48,3670.572742364824,142488.25586739683,3.000009999999999,-27.263836618115,-27.263836618115,45976.78194048157,648.735961927497,5.225610597715083e-21,3.000009999999999,26.145950582996818
15,CC-charge,0,3888.754560546642,142706.43768557865,3.715595238882433,27.263836618115,27.263836618115,45976.78194048157,648.735961927497,5.225610597715083e-21,3.715595238882433,0.0
15,CC-charge,1,3961.481833273915,142779.16495830592,3.821210703113938,27.263836618115,27.263836618115,45411.6669869635,1183.233539793811,5.225508796480105e-21,3.821210703113938,-0.0
15,CC-charge,2,4034.2091060011876,142851.89223103318,3.867512529082953,27.263836618115,27.263836618115,44992.07805847972,1636.7158027884482,5.2256014350634065e-21,3.867512529082953,-0.0
15,CC-charge,3,4106.93637872846,142924.61950376048,3.9049170950504783,27.263836618115,27.263836618115,44574.34565780133,2090.171142886334,5.225693859568916e-21,3.9049170950504783,-0.0
15,CC-charge,4,4179.663651455733,142997.34677648774,3.936176945917186,27.263836618115,27.263836618115,44156.650072615965,2543.626534810024,5.2258688557497336e-21,3.936176945917186,-0.0
15,CC-charge,5,4252.390924183006,143070.074049215,3.9622217592795708,27.263836618115,27.263836618115,43738.95497922316,2997.081926354605,5.225845506580011e-21,3.9622217592795708,-0.0
15,CC-charge,6,4325.118196910279,143142.80132194227,3.983822287434227,27.263836618115,27.263836618115,43321.25989097338,3450.537317903742,5.2260446041566034e-21,3.983822287434227,-0.0
15,CC-charge,7,4397.845469637551,143215.52859466957,4.001719044445166,27.263836618115,27.263836618115,42903.564802660556,3903.9927094527043,5.22614981553223e-21,4.001719044445166,-0.0
15,CC-charge,8,4470.572742364824,143288.25586739683,4.01659532387487,27.263836618115,27.263836618115,42485.86971434739,4357.448101001711,5.226230098388211e-21,4.01659532387487,-0.0
15,CC-charge,9,4543.300015092097,143360.9831401241,4.029054348885142,27.263836618115,27.263836618115,42068.174626034495,4810.903492550695,5.226080225834579e-21,4.029054348885142,-0.0
15,CC-charge,10,4616.02728781937,143433.7104128514,4.039612330581008,27.263836618115,27.263836618115,41650.47953771999,5264.358884099595,5.2261382531712674e-21,4.039612330581008,-0.0
15,CC-charge,11,4688.754560546642,143506.43768557865,4.048702265369144,27.263836618115,27.263836618115,41232.78444940649,5717.814275648468,5.226100129853914e-21,4.048702265369144,-0.0
15,CC-charge,12,4761.481833273915,143579.16495830592,4.056681550262924,27.263836618115,27.263836618115,40815.08936109311,6171.269667197626,5.226084291601857e-21,4.056681550262924,-0.0
15,CC-charge,13,4834.209106001188,143651.89223103318,4.063842715111844,27.263836618115,27.263836618115,40397.39427277948,6624.725058746643,5.22605923351684e-21,4.063842715111844,-0.0
15,CC-charge,14,4906.93637872846,143724.61950376048,4.0704230804118415,27.263836618115,27.263836618115,39979.69918446636,7078.180450295571,5.2260413758311705e-21,4.0704230804118415,-0.0
15,CC-charge,15,4979.663651455733,143797.34677648774,4.076614041583947,27.263836618115,27.263836618115,39562.00409615307,7531.635841844539,5.226016030769579e-21,4.076614041583947,-0.0
15,CC-charge,16,5052.390924183006,143870.074049215,4.082569052377566,27.263836618115,27.263836618115,39144.30900783965,7985.091233393499,5.225989083846769e-21,4.082569052377566,-0.0
15,CC-charge,17,5125.118196910279,143942.80132194227,4.08841110425266,27.263836618115,27.263836618115,38726.61391952633,8438.546624942426,5.226037749508032e-21,4.08841110425266,-0.0
15,CC-charge,18,5197.845469637552,144015.52859466957,4.094237473126507,27.263836618115,27.263836618115,38308.91883121293,8892.002016491371,5.2260311293405246e-21,4.094237473126507,-0.0
15,CC-charge,19,5270.572742364824,144088.25586739683,4.100125643062877,27.263836618115,27.263836618115,37891.22374290007,9345.45740804017,5.226065458620221e-21,4.100125643062877,-0.0
15,CC-charge,20,5343.300015092097,144160.9831401241,4.106136587425702,27.263836618115,27.263836618115,37473.528654586684,9798.912799589043,5.2260787913340825e-21,4.106136587425702,-0.0
15,CC-charge,21,5416.02728781937,144233.7104128514,4.112317985568075,27.263836618115,27.263836618115,37055.833566273286,10252.368191137892,5.226079592081029e-21,4.112317985568075,-0.0
15,CC-charge,22,5488.754560546642,144306.43768557865,4.1187085293269226,27.263836618115,27.263836618115,36638.13847795997,10705.823582686944,5.226079755624409e-21,4.1187085293269226,-0.0
15,CC-charge,23,5561.481833273915,144379.16495830592,4.125336848059579,27.263836618115,27.263836618115,36220.44338964698,11159.278974236016,5.226080857460588e-21,4.125336848059579,-0.0
15,CC-charge,24,5634.209106001188,144451.89223103318,4.1322258730170605,27.263836618115,27.263836618115,35802.74830133351,11612.734365784796,5.226081799728624e-21,4.1322258730170605,-0.0
15,CC-charge,25,5706.93637872846,144524.61950376048,4.139393552128145,27.263836618115,27.263836618115,35385.053213020314,12066.189757333519,5.226082299670796e-21,4.139393552128145,-0.0
15,CC-charge,26,5779.663651455734,144597.34677648774,4.146853992962795,27.263836618115,27.263836618115,34967.358124707345,12519.64514888204,5.226083782679615e-21,4.146853992962795,-0.0
15,CC-charge,27,5852.390924183006,144670.074049215,4.154618423953732,27.263836618115,27.263836618115,34549.66303639411,12973.100540430798,5.226083085318696e-21,4.154618423953732,-0.0
15,CC-charge,28,5925.118196910279,144742.80132194227,4.162697882184979,27.263836618115,27.263836618115,34131.967948080484,13426.555931979738,5.226082400324768e-21,4.162697882184979,-0.0
15,CC-charge,29,5997.845469637552,144815.52859466957,4.171096943982183,27.263836618115,27.263836618115,33714.27285976709,13880.011323528814,5.226058504277715e-21,4.171096943982183,-0.0
15,CC-charge,30,6070.572742364824,144888.25586739683,4.179823868297676,27.263836618115,27.263836618115,33296.57777145371,14333.466715077777,5.2260456354629875e-21,4.179823868297676,-0.0
15,CC-charge,31,6143.300015092097,144960.9831401241,4.18888532872812,27.263836618115,27.263836618115,32878.88268314057,14786.922106626553,5.226045881388509e-21,4.18888532872812,-0.0
15,CC-charge,32,6216.02728781937,145033.7104128514,4.1982883611049395,27.263836618115,27.263836618115,32461.187594827446,15240.377498175509,5.226013278667846e-21,4.1982883611049395,-0.0
15,CC-charge,33,6228.90629408688,145046.58941911889,4.19999,27.263836618115,27.263836618115,32387.219501998443,15320.678252085148,5.226013333473701e-21,4.19999,-0.0
15,CV-charge,0,6447.088112268698,145264.7712373007,4.200000000000001,27.288440283630695,27.288440283630695,32387.219501998443,15320.678252085148,5.226013333473701e-21,4.200000000000001,0.0
15,CV-charge,1,6519.815384995971,145337.49851002797,4.199999999999999,24.207666129146844,24.207666129146844,31865.293210302436,15815.735720892197,2.514049592494204e-20,4.199999999999999,-0.0
15,CV-charge,2,6592.542657723244,145410.22578275524,4.2,22.26220747101897,22.26220747101897,31518.849728828878,16195.88565750558,4.5122386883889496e-21,4.2,-0.0
15,CV-charge,3,6665.269930450516,145482.95305548253,4.2,20.56314035852645,20.56314035852645,31200.85704201536,16546.27636777749,6.866654930839618e-21,4.2,-0.0
15,CV-charge,4,6737.997203177789,145555.6803282098,4.200000000000001,19.06206400008889,19.06206400008889,30905.99653875245,16870.98186667647,1.551702898959914e-20,4.200000000000001,-0.0
15,CV-charge,5,6810.724475905062,145628.40760093706,4.2,17.72981383825841,17.72981383825841,30631.863339715084,17172.663106581,1.4450997554603065e-20,4.2,-0.0
15,CV-charge,6,6883.451748632335,145701.13487366433,4.200000000000002,16.541402836677413,16.541402836677413,30376.213821221703,17453.833220044766,1.0226777498324165e-20,4.200000000000002,-0.0
15,CV-charge,7,6956.179021359607,145773.86214639162,4.2,15.476184697646648,15.476184697646648,30137.119805109625,17716.649942329917,7.146936017385794e-21,4.2,-0.0
15,CV-charge,8,7028.90629408688,145846.58941911889,4.199999999999999,14.51706785887819,14.51706785887819,29912.923375313556,17962.96637947684,8.121691403830358e-21,4.199999999999999,-0.0
15,CV-charge,9,7101.633566814153,145919.31669184615,4.200000000000001,13.649803947700075,13.649803947700075,29702.190422330183,18194.38373264932,1.0196219427730048e-20,4.200000000000001,-0.0
15,CV-charge,10,7174.360839541425,145992.04396457344,4.200000000000001,12.862461832233498,12.862461832233498,29503.675047995326,18412.291615968526,1.0666267002432542e-20,4.200000000000001,-0.0
15,CV-charge,11,7247.088112268698,146064.7712373007,4.2,12.144999107023315,12.144999107023315,29316.290119752724,18617.90137014634,5.279269622479791e-21,4.2,-0.0
15,CV-charge,12,7319.815384995971,146137.49851002797,4.199999999999999,11.488866783863804,11.488866783863804,29139.069991949313,18812.28784020219,-6.0660187817302686e-21,4.199999999999999,-0.0
15,CV-charge,13,7392.542657723244,146210.22578275524,4.2,10.886867178629311,10.886867178629311,28971.181887251067,18996.37732227737,-1.5792766070045438e-20,4.2,-0.0
15,CV-charge,14,7465.269930450517,146282.95305548253,4.200000000000001,10.332807664203932,10.332807664203932,28811.879348089566,19170.999352095092,-5.744776840047782e-21,4.200000000000001,-0.0
15,CV-charge,15,7537.997203177789,146355.6803282098,4.2,9.821370481723832,9.821370481723832,28660.499230793615,19336.89026123451,-1.5153936437797622e-20,4.2,-0.0
15,CV-charge,16,7610.724475905062,146428.40760093706,4.2,9.347563606774877,9.347563606774877,28516.324223559375,19494.844231822328,-1.5064780294401217e-20,4.2,-0.0
15,CV-charge,17,7683.451748632335,146501.13487366433,4.2,8.907845315636536,8.907845315636536,28378.95284739188,19645.307860959292,-1.506533103667185e-20,4.2,-0.0
15,CV-charge,18,7756.179021359607,146573.86214639162,4.200000000000001,8.498759851291817,8.498759851291817,28247.90918988731,19788.808542177427,-1.5005539397524595e-20,4.200000000000001,-0.0
15,CV-charge,19,7828.90629408688,146646.58941911889,4.2,8.117284634178015,8.117284634178015,28122.76423149831,19925.821310646556,-1.4969860134710542e-20,4.2,-0.0
15,CV-charge,20,7901.633566814153,146719.31669184615,4.200000000000001,7.760772144058054,7.760772144058054,28003.130278699457,20056.775183126592,-1.4902999091167414e-20,4.200000000000001,-0.0
15,CV-charge,21,7974.360839541425,146792.04396457344,4.200000000000001,7.4268942070205295,7.4268942070205295,27888.655956469367,20182.058761488657,-1.4916264956889457e-20,4.200000000000001,-0.0
15,CV-charge,22,8047.088112268698,146864.7712373007,4.2,7.113596593770892,7.113596593770892,27779.021917683338,20302.025032088965,-1.488168614608444e-20,4.2,-0.0
15,CV-charge,23,8119.815384995971,146937.49851002797,4.200000000000001,6.819064677864143,6.819064677864143,27673.938482858994,20416.994025610948,-1.4855509833298736e-20,4.200000000000001,-0.0
15,CV-charge,24,8192.542657723243,147010.22578275524,4.199999999999999,6.541682993303499,6.541682993303499,27573.139483764953,20527.259651714015,-1.485718833632779e-20,4.199999999999999,-0.0
15,CV-charge,25,8265.269930450517,147082.95305548253,4.200000000000001,6.280013574852694,6.280013574852694,27476.381346100654,20633.090736462902,-1.4859881033965457e-20,4.200000000000001,-0.0
15,CV-charge,26,8337.997203177789,147155.6803282098,4.2,6.032772386435748,6.032772386435748,27383.440467420744,20734.73395108785,-1.4856835284771412e-20,4.2,-0.0
15,CV-charge,27,8410.724475905063,147228.40760093706,4.2,5.798809797436026,5.798809797436026,27294.111120366368,20832.416148153967,-1.465382019787116e-20,4.2,-0.0
15,CV-charge,28,8483.451748632335,147301.13487366433,4.199999999999999,5.577093902253711,5.577093902253711,27208.203617197625,20926.34640577065,-1.4362926555109654e-20,4.199999999999999,-0.0
15,CV-charge,29,8556.179021359607,147373.86214639162,4.2,5.366696218715488,5.366696218715488,27125.54269784575,21016.71782170547,-1.4163503995275824e-20,4.2,-0.0
15,CV-charge,30,8628.906294086879,147446.58941911889,4.199999999999999,5.166779385055675,5.166779385055675,27045.966110219855,21103.709092591896,-1.4155630756718103e-20,4.199999999999999,-0.0
15,CV-charge,31,8701.633566814153,147519.31669184615,4.2,4.976586541911527,4.976586541911527,26969.32335637128,21187.485907847655,-1.418769394769368e-20,4.2,-0.0
15,CV-charge,32,8774.360839541425,147592.04396457344,4.199999999999999,4.7954321399068,4.7954321399068,26895.47458219323,21268.202183352158,-1.387921387848392e-20,4.199999999999999,-0.0
15,CV-charge,33,8847.088112268699,147664.7712373007,4.200000000000001,4.622693957381649,4.622693957381649,26824.289591713165,21346.00115611999,-1.3820260874887855e-20,4.200000000000001,-0.0
15,CV-charge,34,8919.81538499597,147737.49851002797,4.200000000000001,4.45780614872019,4.45780614872019,26755.646969854963,21421.01635802242,-1.3679120766629416e-20,4.200000000000001,-0.0
15,CV-charge,35,8992.542657723243,147810.22578275524,4.200000000000001,4.300253173122502,4.300253173122502,26689.43329989908,21493.372483993822,-1.370849615767252e-20,4.200000000000001,-0.0
15,CV-charge,36,9065.269930450517,147882.95305548253,4.2,4.149564477812085,4.149564477812085,26625.542463843925,21563.186167897777,-1.3535173454774131e-20,4.2,-0.0
15,CV-charge,37,9137.997203177789,147955.6803282098,4.2,4.0053098296178895,4.0053098296178895,26563.87501553823,21630.566677398838,-1.3608535680641496e-20,4.2,-0.0
15,CV-charge,38,9210.724475905063,148028.40760093706,4.199999999999999,3.867095205356639,3.867095205356639,26504.337617853405,21695.616537581347,-1.3630711739481435e-20,4.199999999999999,-0.0
15,CV-charge,39,9283.451748632335,148101.13487366433,4.199999999999999,3.7345591651232724,3.7345591651232724,26446.842536347518,21758.43209175403,-1.3640389525896913e-20,4.199999999999999,-0.0
15,CV-charge,40,9356.179021359607,148173.86214639162,4.2,3.6073696440486285,3.6073696440486285,26391.307182896264,21819.104006725396,-1.3631143625756058e-20,4.2,-0.0
15,CV-charge,41,9428.90629408688,148246.58941911889,4.200000000000001,3.4852211076023596,3.4852211076023596,26337.65370361074,21877.717728873802,-1.3594535637014432e-20,4.200000000000001,-0.0
15,CV-charge,42,9501.633566814153,148319.31669184615,4.199999999999999,3.367832023520408,3.367832023520408,26285.80860610214,21934.353896533852,-1.3536180322869737e-20,4.199999999999999,-0.0
15,CV-charge,43,9574.360839541427,148392.04396457344,4.2,3.25494261017471,3.25494261017471,26235.702421781018,21989.08871349738,-1.3553979019776073e-20,4.2,-0.0
15,CV-charge,44,9647.088112268699,148464.7712373007,4.2,3.1463128268855267,3.1463128268855267,26187.269399421046,22041.99428782645,-1.3505517871284812e-20,4.2,-0.0
15,CV-charge,45,9719.81538499597,148537.49851002797,4.2,3.04172057645821,3.04172057645821,26140.447226675984,22093.138939675184,-1.35294360975697e-20,4.2,-0.0
15,CV-charge,46,9792.542657723243,148610.22578275524,4.200000000000001,2.940960094309214,2.940960094309214,26095.17677663865,22142.587481345472,-1.3558229597072462e-20,4.200000000000001,-0.0
15,CV-charge,47,9865.269930450517,148682.95305548253,4.2,2.843840502021417,2.843840502021417,26051.401876888736,22190.401472432113,-1.3560820499417755e-20,4.2,-0.0
15,CV-charge,48,9937.997203177789,148755.6803282098,4.200000000000001,2.750184506102759,2.750184506102759,26009.06909875915,22236.63945256355,-1.3560344815271774e-20,4.200000000000001,-0.0
15,CV-charge,49,9956.935368300592,148774.6184933326,4.2,2.7263936618115,2.7263936618115,25998.29802197859,22248.404035131654,-1.356390883089251e-20,4.2,-0.0
16,CC-discharge,0,218.1818181818182,148992.8003115144,3.855413984466846,-27.263836618115,-27.263836618115,25998.29802197859,22248.404035131654,-1.356390883089251e-20,3.855413984466846,0.0
16,CC-discharge,1,290.90909090909093,149065.52758424167,3.8313380285903222,-27.263836618115,-27.263836618115,26563.417706104097,21713.90418894169,-1.3563915454296552e-20,3.8313380285903222,0.5507845781437375
16,CC-discharge,2,363.6363636363637,149138.25485696894,3.815067132962508,-27.263836618115,-27.263836618115,26983.005506633384,21260.424195675565,-1.35639219314042e-20,3.815067132962508,1.101569156287475
16,CC-discharge,3,436.3636363636364,149210.98212969623,3.7998951495997866,-27.263836618115,-27.263836618115,27400.732156196533,20806.968853069957,-1.3563920753159108e-20,3.7998951495997866,1.652353734431212
16,CC-discharge,4,509.0909090909091,149283.7094024235,3.7855565196405574,-27.263836618115,-27.263836618115,27818.429688610042,20353.51346224185,-1.3563921260994557e-20,3.7855565196405574,2.2031383125749495
16,CC-discharge,5,581.8181818181819,149356.43667515076,3.771889702087857,-27.263836618115,-27.263836618115,28236.124967040287,19900.058070703442,-1.3563922783200432e-20,3.771889702087857,2.753922890718687
16,CC-discharge,6,654.5454545454546,149429.16394787803,3.7587882957028746,-27.263836618115,-27.263836618115,28653.820070214653,19446.602679154326,-1.3563922890627703e-20,3.7587882957028746,3.3047074688624245
16,CC-discharge,7,727.2727272727274,149501.89122060532,3.746158315258634,-27.263836618115,-27.263836618115,29071.515159695613,18993.147287604923,-1.3563922029582194e-20,3.746158315258634,3.855492047006162
16,CC-discharge,8,800.0000000000001,149574.6184933326,3.7339430874004056,-27.263836618115,-27.263836618115,29489.21024810083,18539.6918960555,-1.356392215139247e-20,3.7339430874004056,4.4062766251499
16,CC-discharge,9,872.7272727272727,149647.34576605985,3.72209522679248,-27.263836618115,-27.263836618115,29906.905336420852,18086.236504506203,-1.3563922011474576e-20,3.72209522679248,4.9570612032936365
16,CC-discharge,10,945.4545454545455,149720.07303878714,3.710578422012629,-27.263836618115,-27.263836618115,30324.60042473416,17632.781112957156,-1.356392164919514e-20,3.710578422012629,5.507845781437374
16,CC-discharge,11,1018.1818181818182,149792.8003115144,3.699364593637319,-27.263836618115,-27.263836618115,30742.29551304662,17179.32572140769,-1.3563922428323152e-20,3.699364593637319,6.0586303595811115
16,CC-discharge,12,1090.909090909091,149865.52758424167,3.688431805294698,-27.263836618115,-27.263836618115,31159.990601359725,16725.870329858477,-1.3563922278509942e-20,3.688431805294698,6.609414937724849
16,CC-discharge,13,1163.6363636363637,149938.25485696894,3.6777626946168467,-27.263836618115,-27.263836618115,31577.685689672508,16272.41493830954,-1.356392155712333e-20,3.6777626946168467,7.1601995158685865
16,CC-discharge,14,1236.3636363636365,150010.98212969623,3.6673432668051467,-27.263836618115,-27.263836618115,31995.38077798565,15818.959546760438,-1.356392154212697e-20,3.6673432668051467,7.710984094012324
16,CC-discharge,15,1309.0909090909092,150083.7094024235,3.657161940733875,-27.263836618115,-27.263836618115,32413.075866298692,15365.504155211107,-1.3563920923676034e-20,3.657161940733875,8.261768672156062
16,CC-discharge,16,1381.818181818182,150156.43667515076,3.647208769590222,-27.263836618115,-27.263836618115,32830.770954611486,14912.048763661807,-1.3563920186136805e-20,3.647208769590222,8.8125532502998
16,CC-discharge,17,1454.5454545454547,150229.16394787803,3.6374747778552017,-27.263836618115,-27.263836618115,33248.466042924694,14458.593372112146,-1.3563920920731673e-20,3.6374747778552017,9.363337828443537
16,CC-discharge,18,1527.2727272727275,150301.89122060532,3.627951369702131,-27.263836618115,-27.263836618115,33666.161131237066,14005.137980563195,-1.3563920132724926e-20,3.627951369702131,9.914122406587275
16,CC-discharge,19,1600.0000000000002,150374.6184933326,3.618629772082187,-27.263836618115,-27.263836618115,34083.85621955015,13551.682589013766,-1.3563918651415575e-20,3.618629772082187,10.464906984731012
16,CC-discharge,20,1672.727272727273,150447.34576605985,3.609500480465922,-27.263836618115,-27.263836618115,34501.551307863374,13098.227197464757,-1.3563918436036425e-20,3.609500480465922,11.01569156287475
16,CC-discharge,21,1745.4545454545455,150520.07303878714,3.600552678274883,-27.263836618115,-27.263836618115,34919.24639617645,12644.771805915527,-1.356391753755503e-20,3.600552678274883,11.566476141018486
16,CC-discharge,22,1818.1818181818182,150592.8003115144,3.5917735940958537,-27.263836618115,-27.263836618115,35336.94148448929,12191.316414365903,-1.3563918010582744e-20,3.5917735940958537,12.117260719162223
16,CC-discharge,23,1890.909090909091,150665.52758424167,3.5831472239015802,-27.263836618115,-27.263836618115,35754.636572801704,11737.861022816322,-1.3563918454756028e-20,3.5831472239015802,12.66804529730596
16,CC-discharge,24,1963.6363636363637,150738.25485696894,3.574655968537299,-27.263836618115,-27.263836618115,36172.33166111476,11284.405631267617,-1.3563919406461755e-20,3.574655968537299,13.218829875449698
16,CC-discharge,25,2036.3636363636365,150810.98212969623,3.566275365468497,-27.263836618115,-27.263836618115,36590.02674942698,10830.950239718502,-1.356391832099622e-20,3.566275365468497,13.769614453593435
16,CC-discharge,26,2109.0909090909095,150883.7094024235,3.5579760802145883,-27.263836618115,-27.263836618115,37007.72183773949,10377.494848169576,-1.3563920575898316e-20,3.5579760802145883,14.320399031737175
16,CC-discharge,27,2181.818181818182,150956.43667515076,3.5497215123439987,-27.263836618115,-27.263836618115,37425.41692605236,9924.039456620452,-1.3563979614256807e-20,3.5497215123439987,14.87118360988091
16,CC-discharge,28,2254.545454545455,151029.16394787803,3.5414659382405143,-27.263836618115,-27.263836618115,37843.11201436479,9470.584065071273,-1.356393194053858e-20,3.5414659382405143,15.42196818802465
16,CC-discharge,29,2327.2727272727275,151101.89122060532,3.5331521532340258,-27.263836618115,-27.263836618115,38260.80710267768,9017.128673522118,-1.3563928652413856e-20,3.5331521532340258,15.972752766168385
16,CC-discharge,30,2400.0,151174.6184933326,3.5247086904253138,-27.263836618115,-27.263836618115,38678.50219099071,8563.673281973015,-1.356385049188794e-20,3.5247086904253138,16.52353734431212
16,CC-discharge,31,2472.727272727273,151247.34576605985,3.5160470222868754,-27.263836618115,-27.263836618115,39096.197279303124,8110.217890423752,-1.3563897954896137e-20,3.5160470222868754,17.07432192245586
16,CC-discharge,32,2545.4545454545455,151320.07303878714,3.5070542717236015,-27.263836618115,-27.263836618115,39513.892367615736,7656.76249887457,-1.3564003191158957e-20,3.5070542717236015,17.625106500599596
16,CC-discharge,33,2618.1818181818185,151392.8003115144,3.4975932581157565,-27.263836618115,-27.263836618115,39931.58745592849,7203.307107325569,-1.3564263006595728e-20,3.4975932581157565,18.175891078743334
16,CC-discharge,34,2690.909090909091,151465.52758424167,3.4874921078176344,-27.263836618115,-27.263836618115,40349.28254424159,6749.851715776574,-1.356446942284785e-20,3.4874921078176344,18.72667565688707
16,CC-discharge,35,2763.636363636364,151538.25485696894,3.476537212242323,-27.263836618115,-27.263836618115,40766.977632554284,6296.396324227491,-1.3564574535451217e-20,3.476537212242323,19.27746023503081
16,CC-discharge,36,2836.3636363636365,151610.98212969623,3.4644645127382425,-27.263836618115,-27.263836618115,41184.67272086732,5842.940932678362,-1.3564829767713047e-20,3.4644645127382425,19.828244813174546
16,CC-discharge,37,2909.0909090909095,151683.7094024235,3.450948141964499,-27.263836618115,-27.263836618115,41602.367809180316,5389.485541129381,-1.356478023048409e-20,3.450948141964499,20.379029391318284
16,CC-discharge,38,2981.818181818182,151756.43667515076,3.4355874656225067,-27.263836618115,-27.263836618115,42020.0628974928,4936.030149580284,-1.3564662494502172e-20,3.4355874656225067,20.92981396946202
16,CC-discharge,39,3054.545454545455,151829.16394787803,3.4178923710680293,-27.263836618115,-27.263836618115,42437.75798580538,4482.574758031143,-1.3564463656957325e-20,3.4178923710680293,21.48059854760576
16,CC-discharge,40,3127.2727272727275,151901.89122060532,3.3972673483476012,-27.263836618115,-27.263836618115,42855.453074118166,4029.1193664820717,-1.3564640470776945e-20,3.3972673483476012,22.031383125749496
16,CC-discharge,41,3200.0000000000005,151974.6184933326,3.372994830895094,-27.263836618115,-27.263836618115,43273.14816243119,3575.663974932961,-1.3564701707670533e-20,3.372994830895094,22.582167703893234
16,CC-discharge,42,3272.727272727273,152047.34576605985,3.3442208596615557,-27.263836618115,-27.263836618115,43690.84325074429,3122.2085833839246,-1.3564691665171324e-20,3.3442208596615557,23.13295228203697
16,CC-discharge,43,3345.454545454546,152120.07303878714,3.3099395367217195,-27.263836618115,-27.263836618115,44108.53833905701,2668.753191834914,-1.3564023391846268e-20,3.3099395367217195,23.68373686018071
16,CC-discharge,44,3418.1818181818185,152192.8003115144,3.268960025008598,-27.263836618115,-27.263836618115,44526.23342737006,2215.297800285823,-1.3564052543895562e-20,3.268960025008598,24.234521438324446
16,CC-discharge,45,3490.909090909091,152265.52758424167,3.219722820190706,-27.263836618115,-27.263836618115,44943.92851568343,1761.8424087367273,-1.3564176758716074e-20,3.219722820190706,24.785306016468184
16,CC-discharge,46,3563.636363636364,152338.25485696894,3.1590631464318024,-27.263836618115,-27.263836618115,45361.623603996,1308.3870171877447,-1.356346793486054e-20,3.1590631464318024,25.336090594611925
16,CC-discharge,47,3636.3636363636365,152410.98212969623,3.071998061341464,-27.263836618115,-27.263836618115,45779.31869230896,854.9316256387198,-1.3563858729752155e-20,3.071998061341464,25.886875172755662
16,CC-discharge,48,3669.476055678463,152444.09454901106,3.000009999999999,-27.263836618115,-27.263836618115,45969.49349732046,648.4753059875401,-1.3564100360241536e-20,3.000009999999999,26.137645058930648
16,CC-charge,0,3887.657873860281,152662.27636719288,3.7155668968145195,27.263836618115,27.263836618115,45969.49349732046,648.4753059875401,-1.3564100360241536e-20,3.7155668968145195,0.0
16,CC-charge,1,3960.385146587554,152735.00363992015,3.8212465135349545,27.263836618115,27.263836618115,45404.3785438056,1182.972883905271,-1.356423812023451e-20,3.8212465135349545,-0.0
16,CC-charge,2,4033.1124193148266,152807.7309126474,3.8675529335604293,27.263836618115,27.263836618115,44984.789627343045,1636.455146708397,-1.356424580878448e-20,3.8675529335604293,-0.0
16,CC-charge,3,4105.839692042099,152880.4581853747,3.9049599056487607,27.263836618115,27.263836618115,44567.057214832654,2089.9104869475455,-1.3564492247434703e-20,3.9049599056487607,-0.0
16,CC-charge,4,4178.566964769372,152953.18545810197,3.9362223663196017,27.263836618115,27.263836618115,44149.361629457344,2543.365878870101,-1.3564437576972108e-20,3.9362223663196017,-0.0
16,CC-charge,5,4251.294237496645,153025.91273082924,3.9622700683834515,27.263836618115,27.263836618115,43731.66653606096,2996.8212704146913,-1.3564510024640807e-20,3.9622700683834515,-0.0
16,CC-charge,6,4324.021510223918,153098.6400035565,3.9838736560883556,27.263836618115,27.263836618115,43313.971447813434,3450.2766619638132,-1.3564698461947312e-20,3.9838736560883556,-0.0
16,CC-charge,7,4396.74878295119,153171.3672762838,4.001773524311572,27.263836618115,27.263836618115,42896.27635950019,3903.7320535127783,-1.3564644288715896e-20,4.001773524311572,-0.0
16,CC-charge,8,4469.476055678463,153244.09454901106,4.01665296066019,27.263836618115,27.263836618115,42478.58127118699,4357.187445061739,-1.356465893941161e-20,4.01665296066019,-0.0
16,CC-charge,9,4542.203328405736,153316.82182173833,4.029115159754104,27.263836618115,27.263836618115,42060.88618287345,4810.6428366107175,-1.3564724008373457e-20,4.029115159754104,-0.0
16,CC-charge,10,4614.930601133008,153389.54909446562,4.039676329852991,27.263836618115,27.263836618115,41643.19109455946,5264.09822815961,-1.3564753379332088e-20,4.039676329852991,-0.0
16,CC-charge,11,4687.657873860281,153462.27636719288,4.048769470174395,27.263836618115,27.263836618115,41225.49600624687,5717.553619708568,-1.356475688694034e-20,4.048769470174395,-0.0
16,CC-charge,12,4760.385146587554,153535.00363992015,4.056751983579747,27.263836618115,27.263836618115,40807.80091793335,6171.00901125747,-1.356476209517609e-20,4.056751983579747,-0.0
16,CC-charge,13,4833.112419314827,153607.7309126474,4.063916405356624,27.263836618115,27.263836618115,40390.10582962005,6624.464402806388,-1.3564841641903168e-20,4.063916405356624,-0.0
16,CC-charge,14,4905.8396920421,153680.4581853747,4.070500060752139,27.263836618115,27.263836618115,39972.410741306914,7077.919794355241,-1.356481059319477e-20,4.070500060752139,-0.0
16,CC-charge,15,4978.566964769372,153753.18545810197,4.076694348751258,27.263836618115,27.263836618115,39554.71565299362,7531.375185904242,-1.3564757994513056e-20,4.076694348751258,-0.0
16,CC-charge,16,5051.294237496645,153825.91273082924,4.082652725362737,27.263836618115,27.263836618115,39137.020564680206,7984.83057745316,-1.3564788910847564e-20,4.082652725362737,-0.0
16,CC-charge,17,5124.021510223918,153898.6400035565,4.088498183504012,27.263836618115,27.263836618115,38719.32547636698,8438.28596900216,-1.3564778564198283e-20,4.088498183504012,-0.0
16,CC-charge,18,5196.74878295119,153971.3672762838,4.094327999317902,27.263836618115,27.263836618115,38301.63038805355,8891.741360551247,-1.3564742553880035e-20,4.094327999317902,-0.0
16,CC-charge,19,5269.476055678463,154044.09454901106,4.100219656537192,27.263836618115,27.263836618115,37883.93529974,9345.196752100028,-1.356473899979607e-20,4.100219656537192,-0.0
16,CC-charge,20,5342.203328405736,154116.82182173833,4.106234127934131,27.263836618115,27.263836618115,37466.24021142727,9798.652143648955,-1.356473756324686e-20,4.106234127934131,-0.0
16,CC-charge,21,5414.930601133008,154189.54909446562,4.112419091657317,27.263836618115,27.263836618115,37048.54512311406,10252.107535198113,-1.35647372229465e-20,4.112419091657317,-0.0
16,CC-charge,22,5487.657873860281,154262.27636719288,4.11881323983431,27.263836618115,27.263836618115,36630.85003480072,10705.562926747096,-1.3564736971100232e-20,4.11881323983431,-0.0
16,CC-charge,23,5560.385146587554,154335.00363992015,4.12544520096195,27.263836618115,27.263836618115,36213.15494648785,11159.018318296012,-1.356474710946272e-20,4.12544520096195,-0.0
16,CC-charge,24,5633.112419314827,154407.7309126474,4.132337906555691,27.263836618115,27.263836618115,35795.45985817448,11612.47370984491,-1.356474773615838e-20,4.132337906555691,-0.0
16,CC-charge,25,5705.8396920421,154480.4581853747,4.139509305848798,27.263836618115,27.263836618115,35377.764769861555,12065.929101393784,-1.3564747285117327e-20,4.139509305848798,-0.0
16,CC-charge,26,5778.566964769372,154553.18545810197,4.146973508876944,27.263836618115,27.263836618115,34960.06968154816,12519.384492942814,-1.3564748943164067e-20,4.146973508876944,-0.0
16,CC-charge,27,5851.294237496645,154625.91273082924,4.154741748154285,27.263836618115,27.263836618115,34542.374593234694,12972.83988449145,-1.3564750544552625e-20,4.154741748154285,-0.0
16,CC-charge,28,5924.021510223918,154698.6400035565,4.162825066475969,27.263836618115,27.263836618115,34124.67950492136,13426.29527604008,-1.3564750359129317e-20,4.162825066475969,-0.0
16,CC-charge,29,5996.74878295119,154771.3672762838,4.1712280497195575,27.263836618115,27.263836618115,33706.9844166084,13879.750667588902,-1.3564738164257226e-20,4.1712280497195575,-0.0
16,CC-charge,30,6069.476055678463,154844.09454901106,4.179958968285292,27.263836618115,27.263836618115,33289.28932829515,14333.206059137554,-1.3564733074187468e-20,4.179958968285292,-0.0
16,CC-charge,31,6142.203328405736,154916.82182173833,4.189024511489198,27.263836618115,27.263836618115,32871.594239981685,14786.66145068637,-1.3564708916955268e-20,4.189024511489198,-0.0
16,CC-charge,32,6214.930601133008,154989.54909446562,4.1984317359172145,27.263836618115,27.263836618115,32453.899151668276,15240.116842235475,-1.356470156697168e-20,4.1984317359172145,-0.0
16,CC-charge,33,6226.724144209282,155001.34263754188,4.199990000000001,27.263836618115,27.263836618115,32386.165207687653,15313.649720519768,-1.3564701138875525e-20,4.199990000000001,-0.0
16,CV-charge,0,6444.9059623911,155219.5244557237,4.200000000000001,27.28837217548949,27.28837217548949,32386.165207687653,15313.649720519768,-1.3564701138875525e-20,4.200000000000001,0.0
16,CV-charge,1,6517.633235118373,155292.25172845097,4.200000000000002,24.207818893045513,24.207818893045513,31864.237293043534,15808.70861792514,-1.294577782232327e-20,4.200000000000002,-0.0
16,CV-charge,2,6590.360507845646,155364.97900117823,4.200000000000001,22.26249611034485,22.26249611034485,31517.78956896204,16188.862762509818,-3.9137278077966165e-21,4.200000000000001,-0.0
16,CV-charge,3,6663.087780572918,155437.70627390553,4.2,20.56351819191432,20.56351819191432,31199.79088623788,16539.25964962449,2.4482569545516013e-20,4.2,-0.0
16,CV-charge,4,6735.815053300191,155510.4335466328,4.199999999999999,19.06249940225228,19.06249940225228,30904.923737384026,16863.972168972592,2.418133411603923e-20,4.199999999999999,-0.0
16,CV-charge,5,6808.542326027464,155583.16081936006,4.200000000000001,17.730282441913157,17.730282441913157,30630.783300412557,17165.66115205623,3.008627544192208e-20,4.200000000000001,-0.0
16,CV-charge,6,6881.269598754737,155655.88809208732,4.200000000000001,16.541887205718535,16.541887205718535,30375.12629110269,17446.839339004615,3.999460158864574e-20,4.200000000000001,-0.0
16,CV-charge,7,6953.996871482009,155728.6153648146,4.200000000000001,15.476672042412432,15.476672042412432,30136.024721365917,17709.66424406575,4.676141152587556e-20,4.200000000000001,-0.0
16,CV-charge,8,7026.724144209282,155801.34263754188,4.2,14.517549011208317,14.517549011208317,29911.820825448223,17955.988798697224,4.455542833437769e-20,4.2,-0.0
16,CV-charge,9,7099.451416936555,155874.06991026914,4.199999999999999,13.650272252613963,13.650272252613963,29701.080596832,18187.414084060023,4.786760551920601e-20,4.199999999999999,-0.0
16,CV-charge,10,7172.178689663828,155946.79718299644,4.199999999999999,12.862912467413242,12.862912467413242,29502.558196466347,18405.32964441978,2.933069792903427e-20,4.199999999999999,-0.0
16,CV-charge,11,7244.9059623911,156019.5244557237,4.199999999999999,12.145428719501016,12.145428719501016,29315.166561673395,18610.946739543193,4.099657255145674e-20,4.199999999999999,-0.0
16,CV-charge,12,7317.633235118373,156092.25172845097,4.2,11.489273075083432,11.489273075083432,29137.940082376637,18805.34017272105,4.6974170573448884e-20,4.2,-0.0
16,CV-charge,13,7390.360507845646,156164.97900117823,4.199999999999999,10.887248600505256,10.887248600505256,28970.046006852033,18989.436209724376,4.756837449405039e-20,4.199999999999999,-0.0
16,CV-charge,14,7463.087780572918,156237.70627390553,4.200000000000001,10.333163255563441,10.333163255563441,28810.73789235339,19164.064368376752,5.294560773440615e-20,4.200000000000001,-0.0
16,CV-charge,15,7535.815053300191,156310.4335466328,4.200000000000002,9.82129078961809,9.82129078961809,28659.22977176192,19330.09564580033,5.2987591277725804e-20,4.200000000000002,-0.0
16,CV-charge,16,7608.542326027464,156383.16081936006,4.2,9.347486901239494,9.347486901239494,28515.055841767582,19488.048344132007,5.287815064720097e-20,4.2,-0.0
16,CV-charge,17,7681.269598754737,156455.88809208732,4.200000000000001,8.90776909770953,8.90776909770953,28377.685633527402,19638.510704324934,5.289198741303107e-20,4.200000000000001,-0.0
16,CV-charge,18,7753.99687148201,156528.6153648146,4.2,8.498681596134132,8.498681596134132,28246.643168919454,19782.010094775946,5.2884651412795276e-20,4.2,-0.0
16,CV-charge,19,7826.724144209282,156601.34263754188,4.2,8.117202298493563,8.117202298493563,28121.49946350851,19919.021513716532,5.295628875970117e-20,4.2,-0.0
16,CV-charge,20,7899.451416936555,156674.06991026914,4.2,7.760684064899559,7.760684064899559,28001.866849627306,20049.97394857645,5.294581526972056e-20,4.2,-0.0
16,CV-charge,21,7972.178689663828,156746.79718299644,4.200000000000001,7.426799033871847,7.426799033871847,27887.39397332756,20175.255977374025,5.29402500338561e-20,4.200000000000001,-0.0
16,CV-charge,22,8044.9059623911,156819.5244557237,4.200000000000001,7.113493233626782,7.113493233626782,27777.761504518927,20295.220567166052,5.2937470335051494e-20,4.200000000000001,-0.0
16,CV-charge,23,8117.633235118373,156892.25172845097,4.2,6.818952233953525,6.818952233953525,27672.679771271884,20410.187739886773,5.292025450811283e-20,4.2,-0.0
16,CV-charge,24,8190.360507845646,156964.97900117823,4.2,6.54156076348953,6.54156076348953,27571.882622349538,20520.451386036253,5.2940350567690996e-20,4.2,-0.0
16,CV-charge,25,8263.087780572918,157037.70627390553,4.2,6.279881005340091,6.279881005340091,27475.126492295807,20626.28032166456,5.2933557679500425e-20,4.2,-0.0
16,CV-charge,26,8335.815053300192,157110.4335466328,4.2,6.032629047488351,6.032629047488351,27382.187785477607,20727.92121021936,5.2936589026122826e-20,4.2,-0.0
16,CV-charge,27,8408.542326027464,157183.16081936006,4.2,5.798655363647398,5.798655363647398,27292.860779718325,20825.60089831596,5.299866520110551e-20,4.2,-0.0
16,CV-charge,28,8481.269598754738,157255.88809208732,4.2,5.576928136297136,5.576928136297136,27206.955791081,20919.528459661808,5.301485545620651e-20,4.2,-0.0
16,CV-charge,29,8553.99687148201,157328.6153648146,4.199999999999999,5.3665189579258215,5.3665189579258215,27124.29756213043,21009.89698893407,5.316166967399232e-20,4.199999999999999,-0.0
16,CV-charge,30,8626.724144209282,157401.34263754188,4.2,5.166590530326616,5.166590530326616,27044.723842415697,21096.8851807902,5.328857499863839e-20,4.2,-0.0
16,CV-charge,31,8699.451416936554,157474.06991026914,4.2,4.976386048479156,4.976386048479156,26968.084134777488,21180.65872362281,5.3320989381173204e-20,4.2,-0.0
16,CV-charge,32,8772.178689663828,157546.79718299644,4.2,4.7952200096916116,4.7952200096916116,26894.238585170144,21261.371533100795,5.3416868089001075e-20,4.2,-0.0
16,CV-charge,33,8844.9059623911,157619.5244557237,4.199999999999999,4.622470232597687,4.622470232597687,26823.056997051568,21339.166846730222,5.3573763585563675e-20,4.199999999999999,-0.0
16,CV-charge,34,8917.633235118374,157692.25172845097,4.199999999999999,4.457570906547236,4.457570906547236,26754.417954231038,21414.1781974874,5.3674282524071163e-20,4.199999999999999,-0.0
16,CV-charge,35,8990.360507845646,157764.97900117823,4.200000000000002,4.3000065212456615,4.3000065212456615,26688.208038399167,21486.53028193946,5.3622308275919626e-20,4.200000000000002,-0.0
16,CV-charge,36,9063.087780572918,157837.70627390553,4.199999999999999,4.14930655068512,4.14930655068512,26624.321129547257,21556.339736046866,5.361115547702895e-20,4.199999999999999,-0.0
16,CV-charge,37,9135.815053300192,157910.4335466328,4.200000000000001,4.005040785322914,4.005040785322914,26562.657779148358,21623.71582997842,5.3702838064274713e-20,4.200000000000001,-0.0
16,CV-charge,38,9208.542326027464,157983.16081936006,4.200000000000001,3.866815222961512,3.866815222961512,26503.12464737197,21688.761091689474,5.3643962169112217e-20,4.200000000000001,-0.0
16,CV-charge,39,9281.269598754738,158055.88809208732,4.200000000000001,3.7342684424509565,3.7342684424509565,26445.633996782617,21751.57186768057,5.37679793834794e-20,4.200000000000001,-0.0
16,CV-charge,40,9353.99687148201,158128.6153648146,4.2,3.607068395790245,3.607068395790245,26390.103236001214,21812.238828242083,5.375824365554924e-20,4.2,-0.0
16,CV-charge,41,9426.724144209282,158201.34263754188,4.200000000000002,3.4849095637066503,3.4849095637066503,26336.454507646158,21870.847423498002,5.373126456939794e-20,4.200000000000002,-0.0
16,CV-charge,42,9499.451416936554,158274.06991026914,4.200000000000001,3.367510427818876,3.367510427818876,26284.614315620667,21927.47829576535,5.3783965030028324e-20,4.200000000000001,-0.0
16,CV-charge,43,9572.178689663828,158346.79718299644,4.2,3.254611219201292,3.254611219201292,26234.513187432145,21982.20765303512,5.3844263404565017e-20,4.2,-0.0
16,CV-charge,44,9644.9059623911,158419.5244557237,4.2,3.145971908842197,3.145971908842197,26186.085367768726,22035.107607770682,5.377360839525444e-20,4.2,-0.0
16,CV-charge,45,9717.633235118374,158492.25172845097,4.199999999999999,3.0413704103129575,3.0413704103129575,26139.26854003162,22086.24648470752,5.381601920846267e-20,4.199999999999999,-0.0
16,CV-charge,46,9790.360507845646,158564.97900117823,4.200000000000001,2.94060096899199,2.94060096899199,26094.00357290797,22135.689100902455,5.379136113149181e-20,4.200000000000001,-0.0
16,CV-charge,47,9863.087780572918,158637.70627390553,4.2,2.843472715699917,2.843472715699917,26050.234289428452,22183.49702085929,5.376685997517564e-20,4.2,-0.0
16,CV-charge,48,9935.815053300192,158710.4335466328,4.2,2.749808365516068,2.749808365516068,26007.90725624385,22229.728789263965,5.370008748743033e-20,4.2,-0.0
16,CV-charge,49,9954.450658212936,158729.06915154553,4.2,2.7263936618115,2.7263936618115,25997.30895098757,22241.304680628284,5.369648795759924e-20,4.2,-0.0
17,CC-discharge,0,218.1818181818182,158947.25096972735,3.855435788297035,-27.263836618115,-27.263836618115,25997.30895098757,22241.304680628284,5.369648795759924e-20,3.855435788297035,0.0
17,CC-discharge,1,290.90909090909093,159019.9782424546,3.8313538977427957,-27.263836618115,-27.263836618115,26562.428629439124,21706.804840534496,5.3696478222860894e-20,3.8313538977427957,0.5507845781437375
17,CC-discharge,2,363.6363636363637,159092.70551518188,3.8150797672272434,-27.263836618115,-27.263836618115,26982.01642228494,21253.324841259928,5.369648252146958e-20,3.8150797672272434,1.101569156287475
17,CC-discharge,3,436.3636363636364,159165.43278790917,3.7999052434830993,-27.263836618115,-27.263836618115,27399.74308386644,20799.869498566793,5.369648061224214e-20,3.7999052434830993,1.652353734431212
17,CC-discharge,4,509.0909090909091,159238.16006063644,3.78556461881549,-27.263836618115,-27.263836618115,27817.44061749074,20346.41410773713,5.369648187580489e-20,3.78556461881549,2.2031383125749495
17,CC-discharge,5,581.8181818181819,159310.8873333637,3.7718961977214533,-27.263836618115,-27.263836618115,28235.135896037427,19892.958716198435,5.369648176486584e-20,3.7718961977214533,2.753922890718687
17,CC-discharge,6,654.5454545454546,159383.61460609097,3.758793504710207,-27.263836618115,-27.263836618115,28652.830999222464,19439.503324649595,5.369648346201351e-20,3.758793504710207,3.3047074688624245
17,CC-discharge,7,727.2727272727274,159456.34187881826,3.746162455017431,-27.263836618115,-27.263836618115,29070.526088704282,18986.047933100184,5.369648358435934e-20,3.746162455017431,3.855492047006162
17,CC-discharge,8,800.0000000000001,159529.06915154553,3.733946343743279,-27.263836618115,-27.263836618115,29488.221177109823,18532.592541551152,5.3696483938609476e-20,3.733946343743279,4.4062766251499
17,CC-discharge,9,872.7272727272727,159601.7964242728,3.7220977479157877,-27.263836618115,-27.263836618115,29905.916265430453,18079.13715000188,5.3696483600132386e-20,3.7220977479157877,4.9570612032936365
17,CC-discharge,10,945.4545454545455,159674.52369700008,3.7105803266819395,-27.263836618115,-27.263836618115,30323.61135374395,17625.681758453156,5.369648299935038e-20,3.7105803266819395,5.507845781437374
17,CC-discharge,11,1018.1818181818182,159747.25096972735,3.6993659769531133,-27.263836618115,-27.263836618115,30741.306442056844,17172.22636690428,5.3696482582155344e-20,3.6993659769531133,6.0586303595811115
17,CC-discharge,12,1090.909090909091,159819.9782424546,3.6884327426778887,-27.263836618115,-27.263836618115,31159.00153036914,16718.770975354833,5.369648203401205e-20,3.6884327426778887,6.609414937724849
17,CC-discharge,13,1163.6363636363637,159892.70551518188,3.6777632444343116,-27.263836618115,-27.263836618115,31576.696618682057,16265.31558380512,5.3696482882686354e-20,3.6777632444343116,7.1601995158685865
17,CC-discharge,14,1236.3636363636365,159965.43278790917,3.6673434718989224,-27.263836618115,-27.263836618115,31994.391706994957,15811.86019225585,5.369648252897325e-20,3.6673434718989224,7.710984094012324
17,CC-discharge,15,1309.0909090909092,160038.16006063644,3.6571618290027805,-27.263836618115,-27.263836618115,32412.08679530744,15358.404800706716,5.369648227806072e-20,3.6571618290027805,8.261768672156062
17,CC-discharge,16,1381.818181818182,160110.8873333637,3.647208353695059,-27.263836618115,-27.263836618115,32829.781883620504,14904.94940915731,5.36964824018868e-20,3.647208353695059,8.8125532502998
17,CC-discharge,17,1454.5454545454547,160183.61460609097,3.637474054050877,-27.263836618115,-27.263836618115,33247.476971933385,14451.494017607833,5.3696483143695205e-20,3.637474054050877,9.363337828443537
17,CC-discharge,18,1527.2727272727275,160256.34187881826,3.6279503157428463,-27.263836618115,-27.263836618115,33665.17206024573,13998.038626058751,5.3696484246983487e-20,3.6279503157428463,9.914122406587275
17,CC-discharge,19,1600.0000000000002,160329.06915154553,3.618628344091439,-27.263836618115,-27.263836618115,34082.867148558755,13544.583234509795,5.3696484203052483e-20,3.618628344091439,10.464906984731012
17,CC-discharge,20,1672.727272727273,160401.7964242728,3.6094986086058847,-27.263836618115,-27.263836618115,34500.562236871454,13091.127842960492,5.3696484273658917e-20,3.6094986086058847,11.01569156287475
17,CC-discharge,21,1745.4545454545455,160474.52369700008,3.600550260992564,-27.263836618115,-27.263836618115,34918.25732518422,12637.672451411281,5.369648334981967e-20,3.600550260992564,11.566476141018486
17,CC-discharge,22,1818.1818181818182,160547.25096972735,3.591770490622464,-27.263836618115,-27.263836618115,35335.952413497536,12184.217059861961,5.3696483794490526e-20,3.591770490622464,12.117260719162223
17,CC-discharge,23,1890.909090909091,160619.9782424546,3.5831432494341717,-27.263836618115,-27.263836618115,35753.64750181049,11730.761668313166,5.369648367074045e-20,3.5831432494341717,12.66804529730596
17,CC-discharge,24,1963.6363636363637,160692.70551518188,3.5746508665001056,-27.263836618115,-27.263836618115,36171.34259012363,11277.306276764199,5.3696483367808294e-20,3.5746508665001056,13.218829875449698
17,CC-discharge,25,2036.3636363636365,160765.43278790917,3.566268808622761,-27.263836618115,-27.263836618115,36589.03767843637,10823.850885214708,5.369648548066902e-20,3.566268808622761,13.769614453593435
17,CC-discharge,26,2109.0909090909095,160838.16006063644,3.557967645968846,-27.263836618115,-27.263836618115,37006.73276674932,10370.395493665917,5.36964836450678e-20,3.557967645968846,14.320399031737175
17,CC-discharge,27,2181.818181818182,160910.8873333637,3.5497106587994067,-27.263836618115,-27.263836618115,37424.42785506207,9916.940102116854,5.3696511951227373e-20,3.5497106587994067,14.87118360988091
17,CC-discharge,28,2254.545454545455,160983.61460609097,3.5414519730639324,-27.263836618115,-27.263836618115,37842.12294337484,9463.484710567778,5.369651829931181e-20,3.5414519730639324,15.42196818802465
17,CC-discharge,29,2327.2727272727275,161056.34187881826,3.5331341955644437,-27.263836618115,-27.263836618115,38259.81803168708,9010.029319018602,5.369660037313972e-20,3.5331341955644437,15.972752766168385
17,CC-discharge,30,2400.0,161129.06915154553,3.524685624709401,-27.263836618115,-27.263836618115,38677.5131199997,8556.573927469482,5.3696648353014684e-20,3.524685624709401,16.52353734431212
17,CC-discharge,31,2472.727272727273,161201.7964242728,3.516017435134225,-27.263836618115,-27.263836618115,39095.208208312506,8103.118535920368,5.3696597287001895e-20,3.516017435134225,17.07432192245586
17,CC-discharge,32,2545.4545454545455,161274.52369700008,3.507016394782646,-27.263836618115,-27.263836618115,39512.903296625016,7649.663144371117,5.369678930530473e-20,3.507016394782646,17.625106500599596
17,CC-discharge,33,2618.1818181818185,161347.25096972735,3.497544876412218,-27.263836618115,-27.263836618115,39930.59838493791,7196.207752822029,5.3696776625686837e-20,3.497544876412218,18.175891078743334
17,CC-discharge,34,2690.909090909091,161419.9782424546,3.4874304328523045,-27.263836618115,-27.263836618115,40348.293473250604,6742.752361272926,5.369676059023802e-20,3.4874304328523045,18.72667565688707
17,CC-discharge,35,2763.636363636364,161492.70551518188,3.4764587750839033,-27.263836618115,-27.263836618115,40765.98856156351,6289.296969723789,5.3696723566318687e-20,3.4764587750839033,19.27746023503081
17,CC-discharge,36,2836.3636363636365,161565.43278790917,3.4643650026566912,-27.263836618115,-27.263836618115,41183.68364987621,5835.84157817485,5.369690815663293e-20,3.4643650026566912,19.828244813174546
17,CC-discharge,37,2909.0909090909095,161638.16006063644,3.450822224523149,-27.263836618115,-27.263836618115,41601.37873818883,5382.386186625844,5.3696718635383554e-20,3.450822224523149,20.379029391318284
17,CC-discharge,38,2981.818181818182,161710.8873333637,3.4354285734929415,-27.263836618115,-27.263836618115,42019.073826500986,4928.930795076729,5.369656180029402e-20,3.4354285734929415,20.92981396946202
17,CC-discharge,39,3054.545454545455,161783.61460609097,3.417692472087933,-27.263836618115,-27.263836618115,42436.76891481347,4475.475403527651,5.3696574120187334e-20,3.417692472087933,21.48059854760576
17,CC-discharge,40,3127.2727272727275,161856.34187881826,3.3970166978611247,-27.263836618115,-27.263836618115,42854.464003126006,4022.020011978518,5.36965206740847e-20,3.3970166978611247,22.031383125749496
17,CC-discharge,41,3200.0000000000005,161929.06915154553,3.372681760079597,-27.263836618115,-27.263836618115,43272.15909143824,3568.5646204294176,5.369639169775404e-20,3.372681760079597,22.582167703893234
17,CC-discharge,42,3272.727272727273,162001.7964242728,3.343831544845258,-27.263836618115,-27.263836618115,43689.85417975104,3115.109228880312,5.369652685430965e-20,3.343831544845258,23.13295228203697
17,CC-discharge,43,3345.454545454546,162074.52369700008,3.309457775866812,-27.263836618115,-27.263836618115,44107.54926806347,2661.653837331311,5.369635083353964e-20,3.309457775866812,23.68373686018071
17,CC-discharge,44,3418.1818181818185,162147.25096972735,3.26836623843115,-27.263836618115,-27.263836618115,44525.24435637613,2208.198445782245,5.3696077888125635e-20,3.26836623843115,24.234521438324446
17,CC-discharge,45,3490.909090909091,162219.9782424546,3.218987616677647,-27.263836618115,-27.263836618115,44942.939444689066,1754.7430542332277,5.369625485796551e-20,3.218987616677647,24.785306016468184
17,CC-discharge,46,3563.636363636364,162292.70551518188,3.158102497854448,-27.263836618115,-27.263836618115,45360.634533001736,1301.287662684211,5.3696610114137127e-20,3.158102497854448,25.336090594611925
17,CC-discharge,47,3636.3636363636365,162365.43278790917,3.0702489258361005,-27.263836618115,-27.263836618115,45778.32962131467,847.8322711351666,5.369601063866954e-20,3.0702489258361005,25.886875172755662
17,CC-discharge,48,3668.3809573898325,162397.45010893536,3.0000099999999987,-27.263836618115,-27.263836618115,45962.214940151374,648.2039020537594,5.369506241989295e-20,3.0000099999999987,26.12935156425787
17,CC-charge,0,3886.5627755716505,162615.63192711718,3.715534161215712,27.263836618115,27.263836618115,45962.214940151374,648.2039020537594,5.369506241989295e-20,3.715534161215712,0.0
17,CC-charge,1,3959.2900482989235,162688.35919984445,3.821280986320673,27.263836618115,27.263836618115,45397.099986653455,1182.701480013192,5.369536048992222e-20,3.821280986320673,-0.0
17,CC-charge,2,4032.017321026196,162761.0864725717,3.8675923289006287,27.263836618115,27.263836618115,44977.51108271346,1636.1837426283616,5.369535455104889e-20,3.8675923289006287,-0.0
17,CC-charge,3,4104.7445937534685,162833.813745299,3.9050018876490977,27.263836618115,27.263836618115,44559.778657864495,2089.639083014913,5.369543707057784e-20,3.9050018876490977,-0.0
17,CC-charge,4,4177.4718664807415,162906.54101802627,3.9362671052665346,27.263836618115,27.263836618115,44142.08307229053,2543.094474936272,5.3695737128332766e-20,3.9362671052665346,-0.0
17,CC-charge,5,4250.1991392080145,162979.26829075353,3.9623178217273116,27.263836618115,27.263836618115,43724.38797889011,2996.5498664808765,5.3695734039025663e-20,3.9623178217273116,-0.0
17,CC-charge,6,4322.926411935287,163051.9955634808,3.983924562583369,27.263836618115,27.263836618115,43306.692890643106,3450.0052580299657,5.369569691343988e-20,3.983924562583369,-0.0
17,CC-charge,7,4395.6536846625595,163124.7228362081,4.001827641195841,27.263836618115,27.263836618115,42888.99780232932,3903.460649578874,5.369566443414331e-20,4.001827641195841,-0.0
17,CC-charge,8,4468.3809573898325,163197.45010893536,4.01671008417919,27.263836618115,27.263836618115,42471.302714016005,4356.916041127934,5.369558860825372e-20,4.01671008417919,-0.0
17,CC-charge,9,4541.108230117105,163270.17738166262,4.029175734411794,27.263836618115,27.263836618115,42053.607625703364,4810.371432676961,5.369546173419525e-20,4.029175734411794,-0.0
17,CC-charge,10,4613.835502844378,163342.90465438992,4.039740137118877,27.263836618115,27.263836618115,41635.912537389995,5263.826824225963,5.369538123804745e-20,4.039740137118877,-0.0
17,CC-charge,11,4686.5627755716505,163415.63192711718,4.0488365171666,27.263836618115,27.263836618115,41218.21744907671,5717.282215774803,5.3695411257841866e-20,4.0488365171666,-0.0
17,CC-charge,12,4759.2900482989235,163488.35919984445,4.0568222850623865,27.263836618115,27.263836618115,40800.52236076391,6170.7376073237065,5.369541806228821e-20,4.0568222850623865,-0.0
17,CC-charge,13,4832.017321026196,163561.0864725717,4.063989983043183,27.263836618115,27.263836618115,40382.82727245041,6624.192998872483,5.369550367479654e-20,4.063989983043183,-0.0
17,CC-charge,14,4904.7445937534685,163633.813745299,4.070576942375231,27.263836618115,27.263836618115,39965.132184137095,7077.648390421347,5.369548020143914e-20,4.070576942375231,-0.0
17,CC-charge,15,4977.4718664807415,163706.54101802627,4.076774566655547,27.263836618115,27.263836618115,39547.43709582392,7531.103781970281,5.3695455788049574e-20,4.076774566655547,-0.0
17,CC-charge,16,5050.1991392080145,163779.26829075353,4.082736315008128,27.263836618115,27.263836618115,39129.7420075105,7984.559173519061,5.3695469445269845e-20,4.082736315008128,-0.0
17,CC-charge,17,5122.926411935287,163851.9955634808,4.088585182517939,27.263836618115,27.263836618115,38712.0469191973,8438.01456506775,5.3695509677793994e-20,4.088585182517939,-0.0
17,CC-charge,18,5195.65368466256,163924.7228362081,4.094418446118318,27.263836618115,27.263836618115,38294.351830883854,8891.4699566166,5.369551026363925e-20,4.094418446118318,-0.0
17,CC-charge,19,5268.3809573898325,163997.45010893536,4.100313589663026,27.263836618115,27.263836618115,37876.656742570165,9344.925348165383,5.3695523953361337e-20,4.100313589663026,-0.0
17,CC-charge,20,5341.108230117105,164070.17738166262,4.1063315857155285,27.263836618115,27.263836618115,37458.96165425694,9798.380739713984,5.3695527286846955e-20,4.1063315857155285,-0.0
17,CC-charge,21,5413.835502844378,164142.90465438992,4.11252011151085,27.263836618115,27.263836618115,37041.26656594392,10251.836131262764,5.369552760147848e-20,4.11252011151085,-0.0
17,CC-charge,22,5486.5627755716505,164215.63192711718,4.1189178597293745,27.263836618115,27.263836618115,36623.57147763064,10705.291522811887,5.3695528530328746e-20,4.1189178597293745,-0.0
17,CC-charge,23,5559.2900482989235,164288.35919984445,4.12555345819822,27.263836618115,27.263836618115,36205.87638931742,11158.746914360743,5.36955363837954e-20,4.12555345819822,-0.0
17,CC-charge,24,5632.017321026196,164361.0864725717,4.1324498388564,27.263836618115,27.263836618115,35788.18130100375,11612.202305909586,5.3695536757852194e-20,4.1324498388564,-0.0
17,CC-charge,25,5704.7445937534685,164433.813745299,4.139624952377137,27.263836618115,27.263836618115,35370.48621269087,12065.657697458104,5.3695540627628095e-20,4.139624952377137,-0.0
17,CC-charge,26,5777.471866480742,164506.54101802627,4.1470929113734245,27.263836618115,27.263836618115,34952.791124377225,12519.11308900731,5.369553812551501e-20,4.1470929113734245,-0.0
17,CC-charge,27,5850.1991392080145,164579.26829075353,4.154864952537467,27.263836618115,27.263836618115,34535.09603606384,12972.568480555694,5.369553633991104e-20,4.154864952537467,-0.0
17,CC-charge,28,5922.926411935287,164651.9955634808,4.162952124447388,27.263836618115,27.263836618115,34117.400947750946,13426.023872105003,5.3695535737416383e-20,4.162952124447388,-0.0
17,CC-charge,29,5995.65368466256,164724.7228362081,4.171359022640541,27.263836618115,27.263836618115,33699.70585943756,13879.479263653515,5.369553554923524e-20,4.171359022640541,-0.0
17,CC-charge,30,6068.3809573898325,164797.45010893536,4.180093929028761,27.263836618115,27.263836618115,33282.010771124296,14332.93465520216,5.369553108434107e-20,4.180093929028761,-0.0
17,CC-charge,31,6141.108230117105,164870.17738166262,4.189163548725806,27.263836618115,27.263836618115,32864.31568281114,14786.39004675073,5.36955759946818e-20,4.189163548725806,-0.0
17,CC-charge,32,6213.835502844378,164942.90465438992,4.198574959157349,27.263836618115,27.263836618115,32446.620594498436,15239.845438299608,5.369555978829147e-20,4.198574959157349,-0.0
17,CC-charge,33,6224.542104014108,164953.61125555963,4.199990000000001,27.263836618115,27.263836618115,32385.12929208294,15306.601221151206,5.369555965531534e-20,4.199990000000001,-0.0
17,CV-charge,0,6442.723922195926,165171.79307374146,4.200000000000001,27.28841083393955,27.28841083393955,32385.12929208294,15306.601221151206,5.369555965531534e-20,4.200000000000001,0.0
17,CV-charge,1,6515.451194923199,165244.52034646872,4.199999999999999,24.208060053685294,24.208060053685294,31863.197804391573,15801.663399898374,5.332410951951263e-20,4.199999999999999,-0.0
17,CV-charge,2,6588.178467650472,165317.247619196,4.2,22.262862235085045,22.262862235085045,31516.74462470557,16181.823096359429,7.306405123441718e-20,4.2,-0.0
17,CV-charge,3,6660.905740377744,165389.97489192328,4.200000000000001,20.563964369755478,20.563964369755478,31198.73888051978,16532.22734479728,4.3875839993167243e-20,4.200000000000001,-0.0
17,CV-charge,4,6733.633013105017,165462.70216465055,4.199999999999999,19.062995419476344,19.062995419476344,30903.864143122737,16856.947932223233,4.5668078974750206e-20,4.199999999999999,-0.0
17,CV-charge,5,6806.36028583229,165535.4294373778,4.200000000000001,17.73080508037978,17.73080508037978,30629.71562763934,17158.645591392284,4.4914391333532976e-20,4.200000000000001,-0.0
17,CV-charge,6,6879.087558559563,165608.15671010508,4.2,16.542419979093363,16.542419979093363,30374.050375158982,17439.832685986596,4.0693366508062776e-20,4.2,-0.0
17,CV-charge,7,6951.814831286835,165680.88398283237,4.199999999999999,15.477202944945754,15.477202944945754,30134.940575130695,17702.66652337308,3.970108139010019e-20,4.199999999999999,-0.0
17,CV-charge,8,7024.542104014108,165753.61125555963,4.199999999999999,14.51806952860059,14.51806952860059,29910.72860190458,17948.999871918524,2.917761446847996e-20,4.199999999999999,-0.0
17,CV-charge,9,7097.269376741381,165826.3385282869,4.2,13.65077627677057,13.65077627677057,29699.980543361195,18180.43370244004,3.4416162226246106e-20,4.2,-0.0
17,CV-charge,10,7169.996649468654,165899.0658010142,4.2,12.86339563563174,12.86339563563174,29501.450612209665,18398.357497603272,4.134939165312503e-20,4.2,-0.0
17,CV-charge,11,7242.723922195926,165971.79307374146,4.2,12.14588806798409,12.14588806798409,29314.051809703098,18603.982442903616,4.821546311761225e-20,4.2,-0.0
17,CV-charge,12,7315.451194923199,166044.52034646872,4.2,11.489706636233114,11.489706636233114,29136.818556136463,18798.383305738866,5.0107065473694355e-20,4.2,-0.0
17,CV-charge,13,7388.178467650472,166117.247619196,4.199999999999999,10.887253184185141,10.887253184185141,28968.80427169873,18982.611208155424,5.374930288852293e-20,4.199999999999999,-0.0
17,CV-charge,14,7460.905740377744,166189.97489192328,4.199999999999999,10.333171345247585,10.333171345247585,28809.49590575104,19157.23956215383,5.73227048948462e-20,4.199999999999999,-0.0
17,CV-charge,15,7533.633013105017,166262.70216465055,4.2,9.821298991016747,9.821298991016747,28657.987649170333,19323.270982647624,5.774136908408358e-20,4.2,-0.0
17,CV-charge,16,7606.36028583229,166335.4294373778,4.2,9.347492195864508,9.347492195864508,28513.813625523548,19481.223789253727,5.742983821019433e-20,4.2,-0.0
17,CV-charge,17,7679.087558559563,166408.15671010508,4.199999999999999,8.907769079326982,8.907769079326982,28376.44340335572,19631.686178713695,5.739729100206766e-20,4.199999999999999,-0.0
17,CV-charge,18,7751.814831286836,166480.88398283237,4.2,8.498674326361074,8.498674326361074,28245.401033935897,19775.18548605753,5.738118471978043e-20,4.2,-0.0
17,CV-charge,19,7824.542104014108,166553.61125555963,4.199999999999999,8.117186239441368,8.117186239441368,28120.25755684385,19912.19668220629,5.737101174411348e-20,4.199999999999999,-0.0
17,CV-charge,20,7897.269376741381,166626.3385282869,4.199999999999999,7.7606579976982655,7.7606579976982655,28000.625323441567,20043.14873293043,5.732452205418273e-20,4.199999999999999,-0.0
17,CV-charge,21,7969.996649468654,166699.0658010142,4.200000000000001,7.42676199931002,7.42676199931002,27886.152994748838,20168.430199186103,5.733279115244876e-20,4.200000000000001,-0.0
17,CV-charge,22,8042.723922195926,166771.79307374146,4.2,7.113444484645263,7.113444484645263,27776.521252318096,20288.3940347237,5.734134814204335e-20,4.2,-0.0
17,CV-charge,23,8115.451194923199,166844.52034646872,4.2,6.818891180047793,6.818891180047793,27671.440426797788,20403.360258252542,5.735728590922525e-20,4.2,-0.0
17,CV-charge,24,8188.178467650472,166917.247619196,4.199999999999999,6.54148697547903,6.54148697547903,27570.64437990274,20513.622745601017,5.740180423581887e-20,4.199999999999999,-0.0
17,CV-charge,25,8260.905740377744,166989.97489192328,4.2,6.279794172926367,6.279794172926367,27473.88955123679,20619.450307006937,5.74243431650585e-20,4.2,-0.0
17,CV-charge,26,8333.633013105018,167062.70216465055,4.2,6.032528958739846,6.032528958739846,27380.952348592367,20721.08960188921,5.7437974528826e-20,4.2,-0.0
17,CV-charge,27,8406.36028583229,167135.4294373778,4.2,5.798541888487392,5.798541888487392,27291.627051938995,20818.767474280445,5.735701650551555e-20,4.2,-0.0
17,CV-charge,28,8479.087558559564,167208.15671010508,4.2,5.576801213003451,5.576801213003451,27205.723978412258,20912.69299651007,5.749723489312347e-20,4.2,-0.0
17,CV-charge,29,8551.814831286836,167280.88398283237,4.200000000000001,5.3663785820898555,5.3663785820898555,27123.067870753584,21003.059262886985,5.756983472793797e-20,4.200000000000001,-0.0
17,CV-charge,30,8624.542104014108,167353.61125555963,4.200000000000001,5.166436745779847,5.166436745779847,27043.496477930094,21090.04496854748,5.746774285462299e-20,4.200000000000001,-0.0
17,CV-charge,31,8697.26937674138,167426.3385282869,4.2,4.976218939849375,4.976218939849375,26966.859301564236,21173.815803082296,5.732692558700354e-20,4.2,-0.0
17,CV-charge,32,8769.996649468654,167499.0658010142,4.2,4.795039696265548,4.795039696265548,26893.016485848486,21254.525683966178,5.726262162389531e-20,4.2,-0.0
17,CV-charge,33,8842.723922195926,167571.79307374146,4.199999999999999,4.62227686326924,4.62227686326924,26821.83783201657,21332.317851027103,5.757564217402936e-20,4.199999999999999,-0.0
17,CV-charge,34,8915.4511949232,167644.52034646872,4.199999999999999,4.457364655644649,4.457364655644649,26753.201921256197,21407.325840010857,5.760656826657253e-20,4.199999999999999,-0.0
17,CV-charge,35,8988.178467650472,167717.247619196,4.200000000000001,4.2997875850862295,4.2997875850862295,26686.995332291794,21479.674350634334,5.764156643843663e-20,4.200000000000001,-0.0
17,CV-charge,36,9060.905740377744,167789.97489192328,4.2,4.149075144729329,4.149075144729329,26623.111941851534,21549.48002234362,5.764954503141488e-20,4.2,-0.0
17,CV-charge,37,9133.633013105018,167862.70216465055,4.2,4.004797141818161,4.004797141818161,26561.452297883006,21616.852129082476,5.762061366599286e-20,4.2,-0.0
17,CV-charge,38,9206.36028583229,167935.4294373778,4.199999999999999,3.866559588990581,3.866559588990581,26501.92305680015,21681.89320283799,5.774583029187474e-20,4.199999999999999,-0.0
17,CV-charge,39,9279.087558559564,168008.15671010508,4.200000000000001,3.7340010783095208,3.7340010783095208,26444.436477205545,21744.69959437133,5.780588822799375e-20,4.200000000000001,-0.0
17,CV-charge,40,9351.814831286836,168080.88398283237,4.2,3.60678957363875,3.60678957363875,26388.909963574468,21805.361978437402,5.78243362901459e-20,4.2,-0.0
17,CV-charge,41,9424.542104014108,168153.61125555963,4.2,3.4846195664415935,3.4846195664415935,26335.265654212788,21863.965809809753,5.783155343901979e-20,4.2,-0.0
17,CV-charge,42,9497.26937674138,168226.3385282869,4.2,3.3672095481257083,3.3672095481257083,26283.430048559745,21920.59173562245,5.781588908013494e-20,4.2,-0.0
17,CV-charge,43,9569.996649468654,168299.0658010142,4.2,3.2542997587467384,3.2542997587467384,26233.333669518313,21975.315968835093,5.789303482849573e-20,4.2,-0.0
17,CV-charge,44,9642.723922195926,168371.79307374146,4.200000000000001,3.145650177590841,3.145650177590841,26184.91075704573,22028.210627021923,5.788498659281566e-20,4.200000000000001,-0.0
17,CV-charge,45,9715.4511949232,168444.52034646872,4.200000000000001,3.041038725922161,3.041038725922161,26138.098989692262,22079.344040164644,5.783062298770237e-20,4.200000000000001,-0.0
17,CV-charge,46,9788.178467650472,168517.247619196,4.2,2.940259656284063,2.940259656284063,26092.83923118362,22128.781030682334,5.782721582992014e-20,4.2,-0.0
17,CV-charge,47,9860.905740377744,168589.97489192328,4.2,2.843122106179128,2.843122106179128,26049.075299484586,22176.58316855835,5.785874475244214e-20,4.2,-0.0
17,CV-charge,48,9933.633013105018,168662.70216465055,4.2,2.749448796928357,2.749448796928357,26006.753756085134,22222.809004061008,5.77978654536003e-20,4.2,-0.0
17,CV-charge,49,9951.979247906018,168681.04839945154,4.199999999999999,2.7263936618115006,2.7263936618115006,25996.32064617322,22234.204478728436,5.779410761990251e-20,4.199999999999999,-0.0
18,CC-discharge,0,218.1818181818182,168899.23021763336,3.8554575591949836,-27.263836618115,-27.263836618115,25996.32064617322,22234.204478728436,5.779410761990251e-20,3.8554575591949836,0.0
18,CC-discharge,1,290.90909090909093,168971.95749036063,3.8313697366459403,-27.263836618115,-27.263836618115,26561.440318955832,21699.70464472797,5.779408377492159e-20,3.8313697366459403,0.5507845781437375
18,CC-discharge,2,363.6363636363637,169044.6847630879,3.8150923733031425,-27.263836618115,-27.263836618115,26981.028104105844,21246.224639447944,5.779407406772161e-20,3.8150923733031425,1.101569156287475
18,CC-discharge,3,436.3636363636364,169117.41203581518,3.7999153110017305,-27.263836618115,-27.263836618115,27398.754777711598,20792.769296668026,5.779407508054697e-20,3.7999153110017305,1.652353734431212
18,CC-discharge,4,509.0909090909091,169190.13930854245,3.785572693342108,-27.263836618115,-27.263836618115,27816.45231254586,20339.31390583781,5.779407533888197e-20,3.785572693342108,2.2031383125749495
18,CC-discharge,5,581.8181818181819,169262.8665812697,3.7719026702631697,-27.263836618115,-27.263836618115,28234.147591210087,19885.858514299263,5.779407520649829e-20,3.7719026702631697,2.753922890718687
18,CC-discharge,6,654.5454545454546,169335.59385399698,3.7587986920750227,-27.263836618115,-27.263836618115,28651.842694406114,19432.40312275001,5.779407660972538e-20,3.7587986920750227,3.3047074688624245
18,CC-discharge,7,727.2727272727274,169408.32112672427,3.7461665744150547,-27.263836618115,-27.263836618115,29069.53778388908,18978.947731200376,5.779407631748274e-20,3.7461665744150547,3.855492047006162
18,CC-discharge,8,800.0000000000001,169481.04839945154,3.73394958089069,-27.263836618115,-27.263836618115,29487.232872294026,18525.492339650737,5.779407518924269e-20,3.73394958089069,4.4062766251499
18,CC-discharge,9,872.7272727272727,169553.7756721788,3.7221002509017254,-27.263836618115,-27.263836618115,29904.927960614255,18072.036948101904,5.779407503537082e-20,3.7221002509017254,4.9570612032936365
18,CC-discharge,10,945.4545454545455,169626.5029449061,3.7105822141684053,-27.263836618115,-27.263836618115,30322.62304892808,17618.58155655286,5.779407562363029e-20,3.7105822141684053,5.507845781437374
18,CC-discharge,11,1018.1818181818182,169699.23021763336,3.6993673439368924,-27.263836618115,-27.263836618115,30740.31813724076,17165.126165003552,5.77940747076946e-20,3.6993673439368924,6.0586303595811115
18,CC-discharge,12,1090.909090909091,169771.95749036063,3.688433664471285,-27.263836618115,-27.263836618115,31158.013225553572,16711.67077345449,5.779407541509707e-20,3.688433664471285,6.609414937724849
18,CC-discharge,13,1163.6363636363637,169844.6847630879,3.6777637792855473,-27.263836618115,-27.263836618115,31575.708313866857,16258.215381904745,5.779407598526637e-20,3.6777637792855473,7.1601995158685865
18,CC-discharge,14,1236.3636363636365,169917.41203581518,3.667343662515174,-27.263836618115,-27.263836618115,31993.403402179443,15804.759990355265,5.779407568762521e-20,3.667343662515174,7.710984094012324
18,CC-discharge,15,1309.0909090909092,169990.13930854245,3.6571617031246735,-27.263836618115,-27.263836618115,32411.09849049266,15351.3045988057,5.779407554187237e-20,3.6571617031246735,8.261768672156062
18,CC-discharge,16,1381.818181818182,170062.8665812697,3.6472079237934047,-27.263836618115,-27.263836618115,32828.7935788056,14897.84920725606,5.77940767526383e-20,3.6472079237934047,8.8125532502998
18,CC-discharge,17,1454.5454545454547,170135.59385399698,3.6374733161482986,-27.263836618115,-27.263836618115,33246.4886671187,14444.393815706768,5.779407650198489e-20,3.6374733161482986,9.363337828443537
18,CC-discharge,18,1527.2727272727275,170208.32112672427,3.6279492473063537,-27.263836618115,-27.263836618115,33664.183755431135,13990.938424157415,5.779407639610416e-20,3.6279492473063537,9.914122406587275
18,CC-discharge,19,1600.0000000000002,170281.04839945154,3.618626900886681,-27.263836618115,-27.263836618115,34081.87884374397,13537.483032607845,5.779407579992708e-20,3.618626900886681,10.464906984731012
18,CC-discharge,20,1672.727272727273,170353.7756721788,3.609496720347132,-27.263836618115,-27.263836618115,34499.57393205682,13084.027641057772,5.779407556863881e-20,3.609496720347132,11.01569156287475
18,CC-discharge,21,1745.4545454545455,170426.5029449061,3.600547825564825,-27.263836618115,-27.263836618115,34917.26902036936,12630.572249508414,5.779407517088682e-20,3.600547825564825,11.566476141018486
18,CC-discharge,22,1818.1818181818182,170499.23021763336,3.591767366550847,-27.263836618115,-27.263836618115,35334.964108682114,12177.116857959452,5.779407515710988e-20,3.591767366550847,12.117260719162223
18,CC-discharge,23,1890.909090909091,170571.95749036063,3.5831392510144005,-27.263836618115,-27.263836618115,35752.659196994704,11723.661466410265,5.779407413668891e-20,3.5831392510144005,12.66804529730596
18,CC-discharge,24,1963.6363636363637,170644.6847630879,3.5746457360486956,-27.263836618115,-27.263836618115,36170.35428530786,11270.206074860733,5.779407544728082e-20,3.5746457360486956,13.218829875449698
18,CC-discharge,25,2036.3636363636365,170717.41203581518,3.5662622175057734,-27.263836618115,-27.263836618115,36588.04937362062,10816.75068331147,5.7794077462787e-20,3.5662622175057734,13.769614453593435
18,CC-discharge,26,2109.0909090909095,170790.13930854245,3.557959169846911,-27.263836618115,-27.263836618115,37005.74446193329,10363.295291762086,5.779407729331935e-20,3.557959169846911,14.320399031737175
18,CC-discharge,27,2181.818181818182,170862.8665812697,3.549699753585851,-27.263836618115,-27.263836618115,37423.43955024619,9909.839900212995,5.779408589533426e-20,3.549699753585851,14.87118360988091
18,CC-discharge,28,2254.545454545455,170935.59385399698,3.5414379436560495,-27.263836618115,-27.263836618115,37841.134638559204,9456.384508663812,5.779405963363945e-20,3.5414379436560495,15.42196818802465
18,CC-discharge,29,2327.2727272727275,171008.32112672427,3.533116157662813,-27.263836618115,-27.263836618115,38258.829726871976,9002.929117114641,5.779414760046307e-20,3.533116157662813,15.972752766168385
18,CC-discharge,30,2400.0,171081.04839945154,3.5246624584724273,-27.263836618115,-27.263836618115,38676.52481518525,8549.473725565376,5.779420333994038e-20,3.5246624584724273,16.52353734431212
18,CC-discharge,31,2472.727272727273,171153.7756721788,3.515987721772904,-27.263836618115,-27.263836618115,39094.219903497804,8096.018334016124,5.779421548799107e-20,3.515987721772904,17.07432192245586
18,CC-discharge,32,2545.4545454545455,171226.5029449061,3.506978359474825,-27.263836618115,-27.263836618115,39511.91499181068,7642.562942466893,5.779425608567973e-20,3.506978359474825,17.625106500599596
18,CC-discharge,33,2618.1818181818185,171299.23021763336,3.4974962958431015,-27.263836618115,-27.263836618115,39929.610080123195,7189.10755091779,5.779423066482438e-20,3.4974962958431015,18.175891078743334
18,CC-discharge,34,2690.909090909091,171371.95749036063,3.487368508430247,-27.263836618115,-27.263836618115,40347.30516843631,6735.652159368792,5.779406496655904e-20,3.487368508430247,18.72667565688707
18,CC-discharge,35,2763.636363636364,171444.6847630879,3.4763800254356862,-27.263836618115,-27.263836618115,40765.00025674881,6282.196767819732,5.779372330206427e-20,3.4763800254356862,19.27746023503081
18,CC-discharge,36,2836.3636363636365,171517.41203581518,3.4642651018577855,-27.263836618115,-27.263836618115,41182.695345061744,5828.741376270618,5.779384989553607e-20,3.4642651018577855,19.828244813174546
18,CC-discharge,37,2909.0909090909095,171590.13930854245,3.4506958197277458,-27.263836618115,-27.263836618115,41600.39043337456,5375.285984721754,5.779406535397363e-20,3.4506958197277458,20.379029391318284
18,CC-discharge,38,2981.818181818182,171662.8665812697,3.435269075312037,-27.263836618115,-27.263836618115,42018.085521687106,4921.830593172575,5.779419673095739e-20,3.435269075312037,20.92981396946202
18,CC-discharge,39,3054.545454545455,171735.59385399698,3.417491822327501,-27.263836618115,-27.263836618115,42435.78060999968,4468.375201623403,5.779419364926249e-20,3.417491822327501,21.48059854760576
18,CC-discharge,40,3127.2727272727275,171808.32112672427,3.396765121933696,-27.263836618115,-27.263836618115,42853.47569831223,4014.9198100742697,5.77939325580376e-20,3.396765121933696,22.031383125749496
18,CC-discharge,41,3200.0000000000005,171881.04839945154,3.3723675551533074,-27.263836618115,-27.263836618115,43271.170786625335,3561.4644185251836,5.779384289237726e-20,3.3723675551533074,22.582167703893234
18,CC-discharge,42,3272.727272727273,171953.7756721788,3.34344085031524,-27.263836618115,-27.263836618115,43688.86587493784,3108.009026976163,5.779390209078506e-20,3.34344085031524,23.13295228203697
18,CC-discharge,43,3345.454545454546,172026.5029449061,3.3089743462201695,-27.263836618115,-27.263836618115,44106.560963250944,2654.5536354270776,5.779409244251227e-20,3.3089743462201695,23.68373686018071
18,CC-discharge,44,3418.1818181818185,172099.23021763336,3.267770415663353,-27.263836618115,-27.263836618115,44524.25605156439,2201.0982438780397,5.779451516648065e-20,3.267770415663353,24.234521438324446
18,CC-discharge,45,3490.909090909091,172171.95749036063,3.2182497038877376,-27.263836618115,-27.263836618115,44941.95113987713,1747.6428523289926,5.779451296097912e-20,3.2182497038877376,24.785306016468184
18,CC-discharge,46,3563.636363636364,172244.6847630879,3.1571364588407373,-27.263836618115,-27.263836618115,45359.64622818915,1294.1874607799602,5.779526362772016e-20,3.1571364588407373,25.336090594611925
18,CC-discharge,47,3636.3636363636365,172317.41203581518,3.0684708505393234,-27.263836618115,-27.263836618115,45777.341316501486,840.732069230911,5.779564215064233e-20,3.0684708505393234,25.886875172755662
18,CC-discharge,48,3667.287092620293,172348.33549207184,3.0000099999999987,-27.263836618115,-27.263836618115,45954.944233642185,647.9239597133785,5.779560273529487e-20,3.0000099999999987,26.12106741138036
18,CC-charge,0,3885.468910802111,172566.51731025366,3.715497878668406,27.263836618115,27.263836618115,45954.944233642185,647.9239597133785,5.779560273529487e-20,3.715497878668406,0.0
18,CC-charge,1,3958.196183529384,172639.24458298093,3.8213143830511305,27.263836618115,27.263836618115,45389.82928017623,1182.4215377029643,5.779572975626775e-20,3.8213143830511305,-0.0
18,CC-charge,2,4030.9234562566567,172711.9718557082,3.8676309150429624,27.263836618115,27.263836618115,44970.2403891589,1635.9038001366334,5.779539011534374e-20,3.8676309150429624,-0.0
18,CC-charge,3,4103.650728983929,172784.6991284355,3.9050432075160115,27.263836618115,27.263836618115,44552.5079515629,2089.359140675685,5.77953259934227e-20,3.9050432075160115,-0.0
18,CC-charge,4,4176.378001711202,172857.42640116275,3.9363113017849782,27.263836618115,27.263836618115,44134.812365785416,2542.814532595819,5.779529359319537e-20,3.9363113017849782,-0.0
18,CC-charge,5,4249.105274438475,172930.15367389002,3.9623651347738407,27.263836618115,27.263836618115,43717.1172723821,2996.2699241404234,5.7795254470281e-20,3.9623651347738407,-0.0
18,CC-charge,6,4321.832547165748,173002.88094661728,3.983975114610895,27.263836618115,27.263836618115,43299.42218413481,3449.7253156895385,5.779519391264129e-20,3.983975114610895,-0.0
18,CC-charge,7,4394.55981989302,173075.60821934458,4.001881474356985,27.263836618115,27.263836618115,42881.727095821756,3903.1807072385513,5.779511145172779e-20,4.001881474356985,-0.0
18,CC-charge,8,4467.287092620293,173148.33549207184,4.016767202410434,27.263836618115,27.263836618115,42464.03200750868,4356.636098787473,5.779495258590697e-20,4.016767202410434,-0.0
18,CC-charge,9,4540.014365347566,173221.0627647991,4.029236128453569,27.263836618115,27.263836618115,42046.33691919528,4810.091490336504,5.779496987562028e-20,4.029236128453569,-0.0
18,CC-charge,10,4612.741638074838,173293.7900375264,4.0398037998166325,27.263836618115,27.263836618115,41628.641830882065,5263.546881885465,5.779490003759745e-20,4.0398037998166325,-0.0
18,CC-charge,11,4685.468910802111,173366.51731025366,4.048903447548228,27.263836618115,27.263836618115,41210.94674256847,5717.002273434482,5.779498991049703e-20,4.048903447548228,-0.0
18,CC-charge,12,4758.196183529384,173439.24458298093,4.056892491253585,27.263836618115,27.263836618115,40793.2516542552,6170.45766498344,5.77950694297306e-20,4.056892491253585,-0.0
18,CC-charge,13,4830.923456256657,173511.9718557082,4.064063481338379,27.263836618115,27.263836618115,40375.556565941864,6623.913056532505,5.779502891022628e-20,4.064063481338379,-0.0
18,CC-charge,14,4903.65072898393,173584.6991284355,4.0706537561103575,27.263836618115,27.263836618115,39957.861477628874,7077.368448081223,5.779498475737933e-20,4.0706537561103575,-0.0
18,CC-charge,15,4976.378001711202,173657.42640116275,4.0768547246234865,27.263836618115,27.263836618115,39540.16638931559,7530.82383963007,5.779501566167394e-20,4.0768547246234865,-0.0
18,CC-charge,16,5049.105274438475,173730.15367389002,4.0828198498069925,27.263836618115,27.263836618115,39122.4713010023,7984.279231178938,5.779502986936993e-20,4.0828198498069925,-0.0
18,CC-charge,17,5121.832547165748,173802.88094661728,4.088672129485994,27.263836618115,27.263836618115,38704.776212689154,8437.734622727863,5.779506022424799e-20,4.088672129485994,-0.0
18,CC-charge,18,5194.55981989302,173875.60821934458,4.094508841840416,27.263836618115,27.263836618115,38287.0811243758,8891.190014276806,5.779510746806268e-20,4.094508841840416,-0.0
18,CC-charge,19,5267.287092620293,173948.33549207184,4.100407471210265,27.263836618115,27.263836618115,37869.38603606292,9344.645405825822,5.779510265951662e-20,4.100407471210265,-0.0
18,CC-charge,20,5340.014365347566,174021.0627647991,4.106428990260291,27.263836618115,27.263836618115,37451.69094774943,9798.100797374565,5.779510882437966e-20,4.106428990260291,-0.0
18,CC-charge,21,5412.741638074838,174093.7900375264,4.112621075548423,27.263836618115,27.263836618115,37033.99585943533,10251.556188923416,5.779510876759215e-20,4.112621075548423,-0.0
18,CC-charge,22,5485.468910802111,174166.51731025366,4.1190224205214525,27.263836618115,27.263836618115,36616.30077112246,10705.011580472144,5.77951087535688e-20,4.1190224205214525,-0.0
18,CC-charge,23,5558.196183529384,174239.24458298093,4.125661652493731,27.263836618115,27.263836618115,36198.605682809415,11158.46697202091,5.779511912225407e-20,4.125661652493731,-0.0
18,CC-charge,24,5630.923456256657,174311.9718557082,4.132561703959707,27.263836618115,27.263836618115,35780.91059449598,11611.922363569718,5.77951186439466e-20,4.132561703959707,-0.0
18,CC-charge,25,5703.65072898393,174384.6991284355,4.139740527146475,27.263836618115,27.263836618115,35363.215506182656,12065.377755118428,5.779511806857114e-20,4.139740527146475,-0.0
18,CC-charge,26,5776.378001711202,174457.42640116275,4.1472122373397955,27.263836618115,27.263836618115,34945.52041786955,12518.83314666785,5.77951166654656e-20,4.1472122373397955,-0.0
18,CC-charge,27,5849.105274438475,174530.15367389002,4.15498807549457,27.263836618115,27.263836618115,34527.82532955649,12972.288538216348,5.779511930627011e-20,4.15498807549457,-0.0
18,CC-charge,28,5921.832547165748,174602.88094661728,4.163079096038321,27.263836618115,27.263836618115,34110.13024124315,13425.743929765187,5.779511972519938e-20,4.163079096038321,-0.0
18,CC-charge,29,5994.55981989302,174675.60821934458,4.171489904264845,27.263836618115,27.263836618115,33692.435152929844,13879.19932131399,5.779512242720035e-20,4.171489904264845,-0.0
18,CC-charge,30,6067.287092620293,174748.33549207184,4.180228793661703,27.263836618115,27.263836618115,33274.740064616635,14332.654712863075,5.779510619295359e-20,4.180228793661703,-0.0
18,CC-charge,31,6140.014365347566,174821.0627647991,4.189302485219055,27.263836618115,27.263836618115,32857.044976303405,14786.1101044117,5.779515805283115e-20,4.189302485219055,-0.0
18,CC-charge,32,6212.741638074838,174893.7900375264,4.198718077290414,27.263836618115,27.263836618115,32439.349887990622,15239.565495960731,5.779518760936607e-20,4.198718077290414,-0.0
18,CC-charge,33,6222.362947410995,174903.41134686253,4.19999,27.263836618115,27.263836618115,32384.09175026383,15299.55447160397,5.779518763640138e-20,4.19999,-0.0
18,CV-charge,0,6440.544765592813,175121.59316504435,4.199999999999999,27.288432395222035,27.288432395222035,32384.09175026383,15299.55447160397,5.779518763640138e-20,4.199999999999999,0.0
18,CV-charge,1,6513.272038320086,175194.32043777162,4.2,24.208287320985622,24.208287320985622,31862.15699800802,15794.619638474198,5.843883191452294e-20,4.2,-0.0
18,CV-charge,2,6585.999311047359,175267.04771049888,4.199999999999999,22.26321635564887,22.26321635564887,31515.69855107086,16174.784677626663,4.513224491540832e-20,4.199999999999999,-0.0
18,CV-charge,3,6658.726583774631,175339.77498322618,4.2,20.56440011003187,20.56440011003187,31197.685908309883,16525.196105702486,8.152464696744539e-20,4.2,-0.0
18,CV-charge,4,6731.453856501904,175412.50225595344,4.199999999999999,19.063482309127192,19.063482309127192,30902.80372454646,16849.92460279148,8.014469944460586e-20,4.199999999999999,-0.0
18,CV-charge,5,6804.181129229177,175485.2295286807,4.2,17.73131969275743,17.73131969275743,30628.64725555101,17151.630798922495,6.672810862163952e-20,4.2,-0.0
18,CV-charge,6,6876.90840195645,175557.95680140797,4.2,16.542945657199986,16.542945657199986,30372.973870352784,17432.826678369343,7.077951442538328e-20,4.2,-0.0
18,CV-charge,7,6949.635674683722,175630.68407413526,4.199999999999999,15.47772754249514,15.47772754249514,30133.855938100558,17695.669339171745,7.654131797668669e-20,4.199999999999999,-0.0
18,CV-charge,8,7022.362947410995,175703.41134686253,4.2,14.518584415578486,14.518584415578486,29909.63597507645,17942.011384543144,8.224850059074169e-20,4.2,-0.0
18,CV-charge,9,7095.090220138268,175776.1386195898,4.200000000000001,13.651275249464,13.651275249464,29698.880165075658,18173.453673247106,8.62697335306826e-20,4.200000000000001,-0.0
18,CV-charge,10,7167.817492865541,175848.8658923171,4.2,12.863874251813517,12.863874251813517,29500.34277383747,18391.385624921553,8.009856254959006e-20,4.2,-0.0
18,CV-charge,11,7240.544765592813,175921.59316504435,4.2,12.146343297047334,12.146343297047334,29312.936867552486,18597.01834965769,7.307768212198981e-20,4.2,-0.0
18,CV-charge,12,7313.272038320086,175994.32043777162,4.200000000000001,11.490136454601641,11.490136454601641,29135.69689778717,18791.42657794741,6.182745152826784e-20,4.200000000000001,-0.0
18,CV-charge,13,7385.999311047359,176067.04771049888,4.200000000000001,10.88805820400588,10.88805820400588,28967.790155997798,18975.536523819694,5.904801798964952e-20,4.200000000000001,-0.0
18,CV-charge,14,7458.726583774631,176139.77498322618,4.2,10.333508740403387,10.333508740403387,28808.3510174844,19150.30841216645,5.831908110512503e-20,4.2,-0.0
18,CV-charge,15,7531.453856501904,176212.50225595344,4.199999999999999,9.821611687919571,9.821611687919571,28656.8378190096,19316.345184632053,5.787839140284578e-20,4.199999999999999,-0.0
18,CV-charge,16,7604.181129229177,176285.2295286807,4.200000000000001,9.347779744452797,9.347779744452797,28512.659336367502,19474.302909104757,5.799704923009928e-20,4.200000000000001,-0.0
18,CV-charge,17,7676.90840195645,176357.95680140797,4.2,8.908031354509417,8.908031354509417,28375.285042359425,19624.76979403811,5.799590389664957e-20,4.2,-0.0
18,CV-charge,18,7749.635674683723,176430.68407413526,4.2,8.498911383997497,8.498911383997497,28244.238989542493,19768.273175171373,5.801075421186853e-20,4.2,-0.0
18,CV-charge,19,7822.362947410995,176503.41134686253,4.200000000000001,8.1173982866586,8.1173982866586,28119.092214166856,19905.288026505994,5.79899896191053e-20,4.200000000000001,-0.0
18,CV-charge,20,7895.090220138268,176576.1386195898,4.2,7.760845347747156,7.760845347747156,27999.457062720947,20036.243318762674,5.811743243010235e-20,4.2,-0.0
18,CV-charge,21,7967.817492865541,176648.8658923171,4.2,7.42692504279,7.42692504279,27884.9821901402,20161.527619252178,5.811730335847738e-20,4.2,-0.0
18,CV-charge,22,8040.544765592813,176721.59316504435,4.2,7.113583667595898,7.113583667595898,27775.348271023737,20281.49388909023,5.816395902024632e-20,4.2,-0.0
18,CV-charge,23,8113.272038320086,176794.32043777162,4.2,6.819006968016455,6.819006968016455,27670.265621445407,20396.462162810923,5.815999542943259e-20,4.2,-0.0
18,CV-charge,24,8185.999311047359,176867.04771049888,4.200000000000001,6.541579880280016,6.541579880280016,27569.46810213823,20506.72631704173,5.81261387034295e-20,4.200000000000001,-0.0
18,CV-charge,25,8258.72658377463,176939.77498322618,4.200000000000001,6.279864723523406,6.279864723523406,27472.712144721045,20612.5551706881,5.813197889623405e-20,4.200000000000001,-0.0
18,CV-charge,26,8331.453856501905,177012.50225595344,4.2,6.032577693730861,6.032577693730861,27379.774148737903,20714.19539208673,5.815258424448473e-20,4.2,-0.0
18,CV-charge,27,8404.181129229177,177085.2295286807,4.2,5.798569350721952,5.798569350721952,27290.44838584351,20811.873834281618,5.82820438347366e-20,4.2,-0.0
18,CV-charge,28,8476.90840195645,177157.95680140797,4.199999999999999,5.57680794560987,5.57680794560987,27204.545164847816,20905.79957863467,5.851112643162864e-20,4.199999999999999,-0.0
18,CV-charge,29,8549.635674683723,177230.68407413526,4.199999999999999,5.366365125596204,5.366365125596204,27121.889220200388,20996.165728464668,5.84505985769946e-20,4.199999999999999,-0.0
18,CV-charge,30,8622.362947410995,177303.41134686253,4.200000000000001,5.166403636102134,5.166403636102134,27042.31829264555,21083.150987846842,5.873422491296527e-20,4.200000000000001,-0.0
18,CV-charge,31,8695.090220138267,177376.1386195898,4.200000000000001,4.97616670693056,4.97616670693056,26965.681875671326,21166.921055218943,5.880117475979895e-20,4.200000000000001,-0.0
18,CV-charge,32,8767.81749286554,177448.8658923171,4.2,4.794968863223382,4.794968863223382,26891.8401054392,21247.629856793283,5.899419616422994e-20,4.2,-0.0
18,CV-charge,33,8840.544765592813,177521.59316504435,4.2,4.622187945940493,4.622187945940493,26820.662775264427,21325.42064101822,5.930791686337518e-20,4.2,-0.0
18,CV-charge,34,8913.272038320087,177594.32043777162,4.2,4.457258162419565,4.457258162419565,26752.028458528945,21400.426952133497,5.934114627630048e-20,4.2,-0.0
18,CV-charge,35,8985.999311047359,177667.04771049888,4.2,4.299664016970817,4.299664016970817,26685.82372626664,21472.773498228355,5.931532592625792e-20,4.2,-0.0
18,CV-charge,36,9058.72658377463,177739.77498322618,4.2,4.148934995568289,4.148934995568289,26621.942447623416,21542.576927000115,5.934878890991346e-20,4.2,-0.0
18,CV-charge,37,9131.453856501905,177812.50225595344,4.2,4.004640898646117,4.004640898646117,26560.28516307193,21609.94652052854,5.918626213754231e-20,4.2,-0.0
18,CV-charge,38,9204.181129229177,177885.2295286807,4.200000000000001,3.8663877324569933,3.8663877324569933,26500.75852164791,21674.98481883012,5.922950719135451e-20,4.200000000000001,-0.0
18,CV-charge,39,9276.90840195645,177957.95680140797,4.200000000000001,3.7338140831687525,3.7338140831687525,26443.274774669742,21737.788180592528,5.92281509111119e-20,4.200000000000001,-0.0
18,CV-charge,40,9349.635674683723,178030.68407413526,4.2,3.606587909262562,3.606587909262562,26387.751319410374,21798.447288404976,5.92371741874663e-20,4.2,-0.0
18,CV-charge,41,9422.362947410995,178103.41134686253,4.200000000000001,3.4844036973458485,3.4844036973458485,26334.110287048894,21857.04760479171,5.93036701850024e-20,4.200000000000001,-0.0
18,CV-charge,42,9495.090220138267,178176.1386195898,4.2,3.366979934496278,3.366979934496278,26282.278169966037,21913.669784564045,5.924368871825488e-20,4.2,-0.0
18,CV-charge,43,9567.81749286554,178248.8658923171,4.199999999999999,3.2540568569497657,3.2540568569497657,26232.185484066224,21968.3900482913,5.920912154503672e-20,4.199999999999999,-0.0
18,CV-charge,44,9640.544765592813,178321.59316504435,4.199999999999999,3.145394440652147,3.145394440652147,26183.766462358722,22021.280521102326,5.914466356377313e-20,4.199999999999999,-0.0
18,CV-charge,45,9713.272038320087,178394.32043777162,4.2,3.040770603983016,3.040770603983016,26136.958776492338,22072.409540478187,5.913348218518306e-20,4.2,-0.0
18,CV-charge,46,9785.999311047359,178467.04771049888,4.2,2.9399795970096854,2.9399795970096854,26091.70328332905,22121.841936295787,5.914619081467025e-20,4.2,-0.0
18,CV-charge,47,9858.72658377463,178539.77498322618,4.200000000000001,2.8428305551289346,2.8428305551289346,26047.943794004794,22169.63928596134,5.914675616336138e-20,4.200000000000001,-0.0
18,CV-charge,48,9931.453856501905,178612.50225595344,4.2,2.7491461978703384,2.7491461978703384,26005.626863206595,22215.860147133135,5.911686110179795e-20,4.2,-0.0
18,CV-charge,49,9949.555934476371,178630.6043339279,4.2,2.7263936618115,2.7263936618115,25995.333106671293,22227.103430358784,5.911736981828361e-20,4.2,-0.0
19,CC-discharge,0,218.1818181818182,178848.78615210974,3.855479297211327,-27.263836618115,-27.263836618115,25995.333106671293,22227.103430358784,5.911736981828361e-20,3.855479297211327,0.0
19,CC-discharge,1,290.90909090909093,178921.513424837,3.8313855453463055,-27.263836618115,-27.263836618115,26560.452773789755,21692.60360245275,5.911736839011062e-20,3.8313855453463055,0.5507845781437375
19,CC-discharge,2,363.6363636363637,178994.24069756427,3.815104951233716,-27.263836618115,-27.263836618115,26980.04055123412,21239.12359116682,5.911735186328871e-20,3.815104951233716,1.101569156287475
19,CC-discharge,3,436.3636363636364,179066.96797029156,3.7999253521965715,-27.263836618115,-27.263836618115,27397.76723686873,20785.66824830006,5.911735095492953e-20,3.7999253521965715,1.652353734431212
19,CC-discharge,4,509.0909090909091,179139.69524301882,3.7855807432589694,-27.263836618115,-27.263836618115,27815.464772915973,20332.212857468625,5.91173521715163e-20,3.7855807432589694,2.2031383125749495
19,CC-discharge,5,581.8181818181819,179212.4225157461,3.771909119749632,-27.263836618115,-27.263836618115,28233.160051697443,19878.75746592988,5.911735231081293e-20,3.771909119749632,2.753922890718687
19,CC-discharge,6,654.5454545454546,179285.14978847335,3.7588038578322163,-27.263836618115,-27.263836618115,28650.855154904635,19425.30207438069,5.91173526719463e-20,3.7588038578322163,3.3047074688624245
19,CC-discharge,7,727.2727272727274,179357.87706120065,3.746170673484725,-27.263836618115,-27.263836618115,29068.550244388764,18971.846682831383,5.91173527397742e-20,3.746170673484725,3.855492047006162
19,CC-discharge,8,800.0000000000001,179430.6043339279,3.7339527988742374,-27.263836618115,-27.263836618115,29486.24533279374,18518.39129128241,5.91173536904769e-20,3.7339527988742374,4.4062766251499
19,CC-discharge,9,872.7272727272727,179503.33160665518,3.7221027357802696,-27.263836618115,-27.263836618115,29903.94042111396,18064.935899733093,5.9117353639218e-20,3.7221027357802696,4.9570612032936365
19,CC-discharge,10,945.4545454545455,179576.05887938247,3.7105840845004088,-27.263836618115,-27.263836618115,30321.635509427375,17611.48050818354,5.91173541127039e-20,3.7105840845004088,5.507845781437374
19,CC-discharge,11,1018.1818181818182,179648.78615210974,3.6993686946152975,-27.263836618115,-27.263836618115,30739.330597740292,17158.025116634242,5.911735418345101e-20,3.6993686946152975,6.0586303595811115
19,CC-discharge,12,1090.909090909091,179721.513424837,3.6884345706996635,-27.263836618115,-27.263836618115,31157.025686052846,16704.56972508456,5.911735306244301e-20,3.6884345706996635,6.609414937724849
19,CC-discharge,13,1163.6363636363637,179794.24069756427,3.6777642991932007,-27.263836618115,-27.263836618115,31574.72077436571,16251.114333535215,5.911735336130537e-20,3.6777642991932007,7.1601995158685865
19,CC-discharge,14,1236.3636363636365,179866.96797029156,3.6673438386740314,-27.263836618115,-27.263836618115,31992.415862678474,15797.658941985808,5.911735403859001e-20,3.6673438386740314,7.710984094012324
19,CC-discharge,15,1309.0909090909092,179939.69524301882,3.6571615631167442,-27.263836618115,-27.263836618115,32410.110950991013,15344.203550436787,5.911735495743892e-20,3.6571615631167442,8.261768672156062
19,CC-discharge,16,1381.818181818182,180012.4225157461,3.647207479898825,-27.263836618115,-27.263836618115,32827.80603930393,14890.748158887764,5.911735453407909e-20,3.647207479898825,8.8125532502998
19,CC-discharge,17,1454.5454545454547,180085.14978847335,3.6374725641566434,-27.263836618115,-27.263836618115,33245.50112761666,14437.292767338417,5.911735379594909e-20,3.6374725641566434,9.363337828443537
19,CC-discharge,18,1527.2727272727275,180157.87706120065,3.6279481643963742,-27.263836618115,-27.263836618115,33663.196215929165,13983.837375789208,5.911735277391744e-20,3.6279481643963742,9.914122406587275
19,CC-discharge,19,1600.0000000000002,180230.6043339279,3.618625442464876,-27.263836618115,-27.263836618115,34080.89130424191,13530.381984240075,5.911735151175016e-20,3.618625442464876,10.464906984731012
19,CC-discharge,20,1672.727272727273,180303.33160665518,3.609494815678223,-27.263836618115,-27.263836618115,34498.58639255462,13076.926592690728,5.911735182429599e-20,3.609494815678223,11.01569156287475
19,CC-discharge,21,1745.4545454545455,180376.05887938247,3.6005453719696683,-27.263836618115,-27.263836618115,34916.281480867496,12623.471201141816,5.911735155608456e-20,3.6005453719696683,11.566476141018486
19,CC-discharge,22,1818.1818181818182,180448.78615210974,3.5917642218457813,-27.263836618115,-27.263836618115,35333.976569180224,12170.015809592815,5.911735088392982e-20,3.5917642218457813,12.117260719162223
19,CC-discharge,23,1890.909090909091,180521.513424837,3.583135228590347,-27.263836618115,-27.263836618115,35751.67165749318,11716.56041804386,5.911735293717283e-20,3.583135228590347,12.66804529730596
19,CC-discharge,24,1963.6363636363637,180594.24069756427,3.5746405771104923,-27.263836618115,-27.263836618115,36169.3667458056,11263.10502649449,5.911735400342305e-20,3.5746405771104923,13.218829875449698
19,CC-discharge,25,2036.3636363636365,180666.96797029156,3.5662555920190964,-27.263836618115,-27.263836618115,36587.06183411861,10809.649634944979,5.911735285821566e-20,3.5662555920190964,13.769614453593435
19,CC-discharge,26,2109.0909090909095,180739.69524301882,3.5579506517179995,-27.263836618115,-27.263836618115,37004.756922431494,10356.194243396061,5.911735331509096e-20,3.5579506517179995,14.320399031737175
19,CC-discharge,27,2181.818181818182,180812.4225157461,3.549688796531794,-27.263836618115,-27.263836618115,37422.4520107437,9902.738851846958,5.91173578569138e-20,3.549688796531794,14.87118360988091
19,CC-discharge,28,2254.545454545455,180885.14978847335,3.5414238497945805,-27.263836618115,-27.263836618115,37840.14709905629,9449.283460297944,5.91173360952179e-20,3.5414238497945805,15.42196818802465
19,CC-discharge,29,2327.2727272727275,180957.87706120065,3.5330980392435345,-27.263836618115,-27.263836618115,38257.84218736914,8995.828068748711,5.911734416259715e-20,3.5330980392435345,15.972752766168385
19,CC-discharge,30,2400.0,181030.6043339279,3.524639191349921,-27.263836618115,-27.263836618115,38675.53727568202,8542.372677199493,5.911726751293279e-20,3.524639191349921,16.52353734431212
19,CC-discharge,31,2472.727272727273,181103.33160665518,3.515957881741144,-27.263836618115,-27.263836618115,39093.23236399471,8088.917285650348,5.911731437043988e-20,3.515957881741144,17.07432192245586
19,CC-discharge,32,2545.4545454545455,181176.05887938247,3.5069401652181513,-27.263836618115,-27.263836618115,39510.92745230756,7635.46189410145,5.911730526153803e-20,3.5069401652181513,17.625106500599596
19,CC-discharge,33,2618.1818181818185,181248.78615210974,3.4974475156736267,-27.263836618115,-27.263836618115,39928.6225406201,7182.006502552185,5.91172751438644e-20,3.4974475156736267,18.175891078743334
19,CC-discharge,34,2690.909090909091,181321.513424837,3.487306333631298,-27.263836618115,-27.263836618115,40346.31762893341,6728.551111003284,5.91172015938223e-20,3.487306333631298,18.72667565688707
19,CC-discharge,35,2763.636363636364,181394.24069756427,3.4763009621501904,-27.263836618115,-27.263836618115,40764.01271724585,6275.095719454038,5.911723561583387e-20,3.4763009621501904,19.27746023503081
19,CC-discharge,36,2836.3636363636365,181466.96797029156,3.4641648089172326,-27.263836618115,-27.263836618115,41181.70780555913,5821.64032790507,5.911684820725644e-20,3.4641648089172326,19.828244813174546
19,CC-discharge,37,2909.0909090909095,181539.69524301882,3.450568925819887,-27.263836618115,-27.263836618115,41599.402893871724,5368.184936355873,5.91168793578053e-20,3.450568925819887,20.379029391318284
19,CC-discharge,38,2981.818181818182,181612.4225157461,3.435108968923132,-27.263836618115,-27.263836618115,42017.09798218416,4914.729544806754,5.911687585378282e-20,3.435108968923132,20.92981396946202
19,CC-discharge,39,3054.545454545455,181685.14978847335,3.417290419163646,-27.263836618115,-27.263836618115,42434.7930704971,4461.274153257652,5.911671911405565e-20,3.417290419163646,21.48059854760576
19,CC-discharge,40,3127.2727272727275,181757.87706120065,3.3965126174126583,-27.263836618115,-27.263836618115,42852.48815881045,4007.8187617086382,5.911678152110581e-20,3.3965126174126583,22.031383125749496
19,CC-discharge,41,3200.0000000000005,181830.6043339279,3.3720522123678034,-27.263836618115,-27.263836618115,43270.18324712294,3554.3633701595772,5.911679726990394e-20,3.3720522123678034,22.582167703893234
19,CC-discharge,42,3272.727272727273,181903.33160665518,3.343048771655998,-27.263836618115,-27.263836618115,43687.8783354359,3100.907978610566,5.911714901227412e-20,3.343048771655998,23.13295228203697
19,CC-discharge,43,3345.454545454546,181976.05887938247,3.3084892425219037,-27.263836618115,-27.263836618115,44105.573423748705,2647.4525870615234,5.911748572013203e-20,3.3084892425219037,23.68373686018071
19,CC-discharge,44,3418.1818181818185,182048.78615210974,3.2671725493558634,-27.263836618115,-27.263836618115,44523.26851206076,2193.9971955124997,5.911766171789399e-20,3.2671725493558634,24.234521438324446
19,CC-discharge,45,3490.909090909091,182121.513424837,3.21750906426252,-27.263836618115,-27.263836618115,44940.963600373616,1740.5418039634744,5.911777137032382e-20,3.21750906426252,24.785306016468184
19,CC-discharge,46,3563.636363636364,182194.24069756427,3.1561702637978657,-27.263836618115,-27.263836618115,45358.65868868678,1287.0864124144787,5.911675624072521e-20,3.1561702637978657,25.336090594611925
19,CC-discharge,47,3636.3636363636365,182266.96797029156,3.066662754215245,-27.263836618115,-27.263836618115,45776.35377699873,833.6310208654306,5.911733426284746e-20,3.066662754215245,25.886875172755662
19,CC-discharge,48,3666.1929597761905,182296.7972937041,3.0000099999999996,-27.263836618115,-27.263836618115,45947.672752809165,647.6448423597984,5.91166893843247e-20,3.0000099999999996,26.112781228296992
19,CC-charge,0,3884.3747779580085,182514.9791118859,3.715461688684438,27.263836618115,27.263836618115,45947.672752809165,647.6448423597984,5.91166893843247e-20,3.715461688684438,0.0
19,CC-charge,1,3957.1020506852815,182587.70638461318,3.821347813409296,27.263836618115,27.263836618115,45382.557799391245,1182.1424203663362,5.911672654596244e-20,3.821347813409296,-0.0
19,CC-charge,2,4029.829323412554,182660.43365734044,3.8676695389017217,27.263836618115,27.263836618115,44962.968921262276,1635.6246826318072,5.911639460122382e-20,3.8676695389017217,-0.0
19,CC-charge,3,4102.556596139827,182733.16093006774,3.905084570486956,27.263836618115,27.263836618115,44545.23647093564,2089.080023323404,5.911651850542417e-20,3.905084570486956,-0.0
19,CC-charge,4,4175.2838688671,182805.888202795,3.9363555450951644,27.263836618115,27.263836618115,44127.540884956514,2542.535415242331,5.911630214877789e-20,3.9363555450951644,-0.0
19,CC-charge,5,4248.011141594372,182878.61547552227,3.9624124970704107,27.263836618115,27.263836618115,43709.845791549094,2995.9908067869014,5.911622291191907e-20,3.9624124970704107,-0.0
19,CC-charge,6,4320.738414321645,182951.34274824953,3.984025717710448,27.263836618115,27.263836618115,43292.15070330179,3449.4461983359547,5.911615895018801e-20,3.984025717710448,-0.0
19,CC-charge,7,4393.465687048918,183024.07002097683,4.001935360136078,27.263836618115,27.263836618115,42874.45561498818,3902.901589884855,5.91160540539134e-20,4.001935360136078,-0.0
19,CC-charge,8,4466.192959776191,183096.7972937041,4.016824374724939,27.263836618115,27.263836618115,42456.760526674516,4356.356981433927,5.911609191645274e-20,4.016824374724939,-0.0
19,CC-charge,9,4538.920232503463,183169.52456643136,4.029296578057021,27.263836618115,27.263836618115,42039.065438360725,4809.812372982895,5.911621370262743e-20,4.029296578057021,-0.0
19,CC-charge,10,4611.647505230736,183242.25183915865,4.0398675195975375,27.263836618115,27.263836618115,41621.37035004664,5263.267764531841,5.911620579340164e-20,4.0398675195975375,-0.0
19,CC-charge,11,4684.374777958009,183314.9791118859,4.048970436582928,27.263836618115,27.263836618115,41203.6752617336,5716.7231560807395,5.91162528195027e-20,4.048970436582928,-0.0
19,CC-charge,12,4757.102050685282,183387.70638461318,4.056962757703074,27.263836618115,27.263836618115,40785.98017342021,6170.178547629663,5.911629676572213e-20,4.056962757703074,-0.0
19,CC-charge,13,4829.829323412554,183460.43365734044,4.064137041515804,27.263836618115,27.263836618115,40368.28508510691,6623.633939178511,5.911624584071168e-20,4.064137041515804,-0.0
19,CC-charge,14,4902.556596139827,183533.16093006774,4.0707306333525946,27.263836618115,27.263836618115,39950.589996793664,7077.089330727371,5.911622510622329e-20,4.0707306333525946,-0.0
19,CC-charge,15,4975.2838688671,183605.888202795,4.076934947708337,27.263836618115,27.263836618115,39532.894908480266,7530.544722276353,5.911625683935146e-20,4.076934947708337,-0.0
19,CC-charge,16,5048.011141594372,183678.61547552227,4.082903451304736,27.263836618115,27.263836618115,39115.199820166796,7984.000113825366,5.91162478547955e-20,4.082903451304736,-0.0
19,CC-charge,17,5120.738414321645,183751.34274824953,4.088759144697151,27.263836618115,27.263836618115,38697.50473185341,8437.455505374186,5.911627552113443e-20,4.088759144697151,-0.0
19,CC-charge,18,5193.465687048918,183824.07002097683,4.094599307306754,27.263836618115,27.263836618115,38279.809643539724,8890.910896923058,5.911628815764984e-20,4.094599307306754,-0.0
19,CC-charge,19,5266.192959776191,183896.7972937041,4.1005014239578434,27.263836618115,27.263836618115,37862.11455522674,9344.366288472012,5.911628538000457e-20,4.1005014239578434,-0.0
19,CC-charge,20,5338.920232503464,183969.52456643136,4.106526467417879,27.263836618115,27.263836618115,37444.419466912994,9797.821680020848,5.911627494602462e-20,4.106526467417879,-0.0
19,CC-charge,21,5411.647505230736,184042.25183915865,4.112722113573395,27.263836618115,27.263836618115,37026.7243785999,10251.277071569782,5.911627491607243e-20,4.112722113573395,-0.0
19,CC-charge,22,5484.374777958009,184114.9791118859,4.119127056645326,27.263836618115,27.263836618115,36609.0292902864,10704.732463118682,5.911627460996512e-20,4.119127056645326,-0.0
19,CC-charge,23,5557.102050685282,184187.70638461318,4.1257699234489715,27.263836618115,27.263836618115,36191.33420197372,11158.187854667554,5.911627668452742e-20,4.1257699234489715,-0.0
19,CC-charge,24,5629.829323412554,184260.43365734044,4.132673647050875,27.263836618115,27.263836618115,35773.639113660276,11611.643246216563,5.911627641493345e-20,4.132673647050875,-0.0
19,CC-charge,25,5702.556596139827,184333.16093006774,4.139856181254313,27.263836618115,27.263836618115,35355.94402534726,12065.098637765457,5.911627592769037e-20,4.139856181254313,-0.0
19,CC-charge,26,5775.2838688671,184405.888202795,4.147331644045138,27.263836618115,27.263836618115,34938.24893703327,12518.554029314626,5.91162746158925e-20,4.147331644045138,-0.0
19,CC-charge,27,5848.011141594372,184478.61547552227,4.1551112806749595,27.263836618115,27.263836618115,34520.553848719894,12972.009420862827,5.911627543114449e-20,4.1551112806749595,-0.0
19,CC-charge,28,5920.738414321646,184551.34274824953,4.1632061514642995,27.263836618115,27.263836618115,34102.8587604066,13425.464812411867,5.911627531745647e-20,4.1632061514642995,-0.0
19,CC-charge,29,5993.465687048918,184624.07002097683,4.171620871512847,27.263836618115,27.263836618115,33685.16367209338,13878.920203960673,5.91162528134442e-20,4.171620871512847,-0.0
19,CC-charge,30,6066.19295977619,184696.7972937041,4.180363745949914,27.263836618115,27.263836618115,33267.468583779984,14332.375595509251,5.911626802676603e-20,4.180363745949914,-0.0
19,CC-charge,31,6138.920232503464,184769.52456643136,4.189441511722075,27.263836618115,27.263836618115,32849.773495466805,14785.83098705774,5.911628492728691e-20,4.189441511722075,-0.0
19,CC-charge,32,6211.647505230736,184842.25183915865,4.198861288211438,27.263836618115,27.263836618115,32432.07840715364,15239.2863786061,5.911629708322296e-20,4.198861288211438,-0.0
19,CC-charge,33,6220.183779765193,184850.7881136931,4.19999,27.263836618115,27.263836618115,32383.0519579025,15292.510149637703,5.911629675823819e-20,4.19999,-0.0
19,CV-charge,0,6438.365597947011,185068.96993187492,4.2,27.288432998728265,27.288432998728265,32383.0519579025,15292.510149637703,5.911629675823819e-20,4.2,0.0
19,CV-charge,1,6511.092870674284,185141.69720460218,4.2,24.208497505385743,24.208497505385743,31861.114319979868,15787.577944509416,7.224514419986129e-20,4.2,-0.0
19,CV-charge,2,6583.820143401557,185214.42447732945,4.200000000000001,22.26355568079273,22.26355568079273,31514.6508378512,16167.74806873093,6.51675714269569e-20,4.200000000000001,-0.0
19,CV-charge,3,6656.547416128829,185287.15175005674,4.199999999999999,20.564822954916757,20.564822954916757,31196.631497726157,16518.166452141268,7.557740696338828e-20,4.199999999999999,-0.0
19,CV-charge,4,6729.274688856102,185359.879022784,4.200000000000001,19.063957894988636,19.063957894988636,30901.742043631974,16842.902662848268,7.731964460582744e-20,4.200000000000001,-0.0
19,CV-charge,5,6802.001961583375,185432.60629551127,4.2,17.73182434225172,17.73182434225172,30627.577776258695,17144.617223364156,7.214512549626762e-20,4.2,-0.0
19,CV-charge,6,6874.729234310648,185505.33356823854,4.2,16.543462507820596,16.543462507820596,30371.896395724252,17425.82173500196,7.176110786773202e-20,4.2,-0.0
19,CV-charge,7,6947.45650703792,185578.06084096583,4.200000000000001,15.478244278655238,15.478244278655238,30132.77045349879,17688.673083514106,6.338038432021058e-20,4.200000000000001,-0.0
19,CV-charge,8,7020.183779765193,185650.7881136931,4.2,14.519092267577665,14.519092267577665,29908.542609996362,17935.023704478834,5.710887034876081e-20,4.2,-0.0
19,CV-charge,9,7092.911052492466,185723.51538642036,4.2,13.651767897965074,13.651767897965074,29697.77914676206,18166.474342539932,6.101039639728783e-20,4.2,-0.0
19,CV-charge,10,7165.638325219739,185796.24265914765,4.200000000000001,12.864347158261301,12.864347158261301,29499.234384101892,18384.41435257545,6.872251355137803e-20,4.200000000000001,-0.0
19,CV-charge,11,7238.365597947011,185868.96993187492,4.2,12.146793349807766,12.146793349807766,29311.82145436604,18590.054767900154,5.833706623422943e-20,4.2,-0.0
19,CV-charge,12,7311.092870674284,185941.69720460218,4.200000000000001,11.490561562059382,11.490561562059382,29134.574841486105,18784.47028087326,5.912814779463369e-20,4.200000000000001,-0.0
19,CV-charge,13,7383.820143401557,186014.42447732945,4.2,10.888456995909644,10.888456995909644,28966.661859759395,18968.58707824766,5.650760639417814e-20,4.2,-0.0
19,CV-charge,14,7456.547416128829,186087.15175005674,4.2,10.333880667272915,10.333880667272915,28807.21697519218,19143.365283726136,5.599069178828546e-20,4.2,-0.0
19,CV-charge,15,7529.274688856102,186159.879022784,4.200000000000001,9.821956262080722,9.821956262080722,28655.698434552778,19309.407936918717,5.609582064974316e-20,4.200000000000001,-0.0
19,CV-charge,16,7602.001961583375,186232.60629551127,4.2,9.348096847325447,9.348096847325447,28511.51503250816,19467.371083574486,5.600025215210396e-20,4.2,-0.0
19,CV-charge,17,7674.729234310648,186305.33356823854,4.2,8.90832110641023,8.90832110641023,28374.136241687953,19617.84293174676,5.598656147276712e-20,4.2,-0.0
19,CV-charge,18,7747.456507037921,186378.06084096583,4.2,8.49917404655694,8.49917404655694,28243.086109495445,19761.35082225756,5.60044705004894e-20,4.2,-0.0
19,CV-charge,19,7820.183779765193,186450.7881136931,4.2,8.117634247492376,8.117634247492376,28117.935666132656,19898.369735287375,5.603159753835459e-20,4.2,-0.0
19,CV-charge,20,7892.911052492466,186523.51538642036,4.199999999999999,7.761055078712104,7.761055078712104,27998.297250736727,20029.328649265393,5.600990909644696e-20,4.199999999999999,-0.0
19,CV-charge,21,7965.638325219739,186596.24265914765,4.2,7.427109074351196,7.427109074351196,27883.819509978865,20154.616140280952,5.607613206972504e-20,4.2,-0.0
19,CV-charge,22,8038.365597947011,186668.96993187492,4.2,7.113742569530351,7.113742569530351,27774.183109574547,20274.58517895889,5.606954798882535e-20,4.2,-0.0
19,CV-charge,23,8111.092870674284,186741.69720460218,4.199999999999999,6.8191413154993645,6.8191413154993645,27669.09834924518,20389.555817634722,5.605582571555362e-20,4.199999999999999,-0.0
19,CV-charge,24,8183.820143401557,186814.42447732945,4.200000000000001,6.541690282900345,6.541690282900345,27568.2990872929,20499.8219353426,5.605188178151246e-20,4.200000000000001,-0.0
19,CV-charge,25,8256.54741612883,186887.15175005674,4.200000000000001,6.279951797521223,6.279951797521223,27471.541745991875,20605.65236116297,5.605195826777637e-20,4.200000000000001,-0.0
19,CV-charge,26,8329.274688856103,186959.879022784,4.2,6.032642055833025,6.032642055833025,27378.60271542591,20707.293773695143,5.606470131467456e-20,4.2,-0.0
19,CV-charge,27,8402.001961583375,187032.60629551127,4.200000000000001,5.798611613893591,5.798611613893591,27289.276257843892,20804.97303620194,5.610925678331502e-20,4.200000000000001,-0.0
19,CV-charge,28,8474.72923431065,187105.33356823854,4.199999999999999,5.576828716059318,5.576828716059318,27203.372672749967,20898.899240169132,5.634998794186757e-20,4.199999999999999,-0.0
19,CV-charge,29,8547.456507037921,187178.06084096583,4.2,5.366365000741887,5.366365000741887,27120.716685417785,20989.265498897235,5.643504200464384e-20,4.2,-0.0
19,CV-charge,30,8620.183779765193,187250.7881136931,4.200000000000001,5.166383203282182,5.166383203282182,27041.14602757014,21076.250526287786,5.63582697618262e-20,4.200000000000001,-0.0
19,CV-charge,31,8692.911052492465,187323.51538642036,4.199999999999999,4.97612654267144,4.97612654267144,26964.510183838494,21160.02003042394,5.642805483061178e-20,4.199999999999999,-0.0
19,CV-charge,32,8765.63832521974,187396.24265914765,4.200000000000001,4.7949095329334135,4.7949095329334135,26890.669281696853,21240.727946982173,5.640867103970793e-20,4.200000000000001,-0.0
19,CV-charge,33,8838.365597947011,187468.96993187492,4.199999999999999,4.622110003921735,4.622110003921735,26819.493105943955,21318.517533689836,5.631049909650877e-20,4.199999999999999,-0.0
19,CV-charge,34,8911.092870674285,187541.69720460218,4.200000000000001,4.45716215212166,4.45716215212166,26750.86022161308,21393.522343881126,5.644013972879041e-20,4.200000000000001,-0.0
19,CV-charge,35,8983.820143401557,187614.42447732945,4.200000000000001,4.29955047140793,4.29955047140793,26684.657191549035,21465.867094568646,5.641076887564555e-20,4.200000000000001,-0.0
19,CV-charge,36,9056.54741612883,187687.15175005674,4.2,4.148804437871531,4.148804437871531,26620.777876864344,21535.66844220041,5.645250155858711e-20,4.2,-0.0
19,CV-charge,37,9129.274688856103,187759.879022784,4.2,4.004493842681944,4.004493842681944,26559.122810138677,21603.035677453438,5.647109194020113e-20,4.2,-0.0
19,CV-charge,38,9202.001961583375,187832.60629551127,4.2,3.8662246835063043,3.8662246835063043,26499.598632649337,21668.071348790723,5.65086751127261e-20,4.2,-0.0
19,CV-charge,39,9274.72923431065,187905.33356823854,4.2,3.7336355386299567,3.7336355386299567,26442.117588078516,21730.871823215995,5.666284423728775e-20,4.2,-0.0
19,CV-charge,40,9347.456507037921,187978.06084096583,4.2,3.6063943593555443,3.6063943593555443,26386.597066173024,21791.527791508608,5.671204879442308e-20,4.2,-0.0
19,CV-charge,41,9420.183779765193,188050.7881136931,4.2,3.4841956258176565,3.4841956258176565,26332.959190689744,21850.1247242742,5.669088565191388e-20,4.2,-0.0
19,CV-charge,42,9492.911052492465,188123.51538642036,4.199999999999999,3.3667578192936594,3.3667578192936594,26281.130446674844,21906.743284300137,5.668369998821958e-20,4.199999999999999,-0.0
19,CV-charge,43,9565.63832521974,188196.24265914765,4.199999999999999,3.2538211708621803,3.2538211708621803,26231.041342778073,21961.459700048814,5.667657137188034e-20,4.199999999999999,-0.0
19,CV-charge,44,9638.365597947011,188268.96993187492,4.200000000000001,3.14514565192135,3.14514565192135,26182.62610482718,22014.346104458287,5.668752960779678e-20,4.200000000000001,-0.0
19,CV-charge,45,9711.092870674285,188341.69720460218,4.2,3.0405091768597763,3.0405091768597763,26135.82239735022,22065.470842753817,5.672930601842538e-20,4.2,-0.0
19,CV-charge,46,9783.820143401557,188414.42447732945,4.199999999999999,2.939705992263509,2.939705992263509,26090.571070143484,22114.89875249464,5.674489112374539e-20,4.199999999999999,-0.0
19,CV-charge,47,9856.54741612883,188487.15175005674,4.200000000000001,2.8425452305026893,2.8425452305026893,26046.81592732328,22162.691418713388,5.678163044301895e-20,4.200000000000001,-0.0
19,CV-charge,48,9929.274688856103,188559.879022784,4.2,2.748849608478807,2.748849608478807,26004.50351659997,22208.907406653707,5.676072469600904e-20,4.2,-0.0
19,CV-charge,49,9947.1374314184,188577.7417653463,4.199999999999999,2.7263936618115,2.7263936618115,25994.346331386427,22220.001536698826,5.675336685516623e-20,4.199999999999999,-0.0
20,CC-discharge,0,218.1818181818182,188795.9235835281,3.8555010024072405,-27.263836618115,-27.263836618115,25994.346331386427,22220.001536698826,5.675336685516623e-20,3.8555010024072405,0.0
20,CC-discharge,1,290.90909090909093,188868.65085625538,3.831401323899733,-27.263836618115,-27.263836618115,26559.465992845842,21685.501714886028,5.675334857375092e-20,3.831401323899733,0.5507845781437375
20,CC-discharge,2,363.6363636363637,188941.37812898264,3.8151175010712315,-27.263836618115,-27.263836618115,26979.053762573327,21232.02169759518,5.675335193617575e-20,3.8151175010712315,1.101569156287475
20,CC-discharge,3,436.3636363636364,189014.10540170994,3.799935367116711,-27.263836618115,-27.263836618115,27396.780460241258,20778.56635464125,5.675335191961498e-20,3.799935367116711,1.652353734431212
20,CC-discharge,4,509.0909090909091,189086.8326744372,3.785588768612633,-27.263836618115,-27.263836618115,27814.47799750111,20325.110963808558,5.675335195538417e-20,3.785588768612633,2.2031383125749495
20,CC-discharge,5,581.8181818181819,189159.55994716447,3.7719155462251,-27.263836618115,-27.263836618115,28232.17327639947,19871.655572269596,5.675335049593326e-20,3.7719155462251,2.753922890718687
20,CC-discharge,6,654.5454545454546,189232.28721989173,3.758809002024028,-27.263836618115,-27.263836618115,28649.868379618067,19418.200180720487,5.675335019583907e-20,3.758809002024028,3.3047074688624245
20,CC-discharge,7,727.2727272727274,189305.01449261903,3.7461747522667665,-27.263836618115,-27.263836618115,29067.563469103326,18964.744789171258,5.675335003766424e-20,3.7461747522667665,3.855492047006162
20,CC-discharge,8,800.0000000000001,189377.7417653463,3.733955997732399,-27.263836618115,-27.263836618115,29485.258557508914,18511.289397621968,5.675335024191128e-20,3.733955997732399,4.4062766251499
20,CC-discharge,9,872.7272727272727,189450.46903807356,3.7221052025881396,-27.263836618115,-27.263836618115,29902.953645829115,18057.834006072604,5.67533505692928e-20,3.7221052025881396,4.9570612032936365
20,CC-discharge,10,945.4545454545455,189523.19631080085,3.7105859377128168,-27.263836618115,-27.263836618115,30320.64873414278,17604.37861452309,5.675335053192838e-20,3.7105859377128168,5.507845781437374
20,CC-discharge,11,1018.1818181818182,189595.9235835281,3.6993700290213156,-27.263836618115,-27.263836618115,30738.343822455652,17150.923222974026,5.675335079093829e-20,3.6993700290213156,6.0586303595811115
20,CC-discharge,12,1090.909090909091,189668.65085625538,3.6884354613939245,-27.263836618115,-27.263836618115,31156.038910768984,16697.467831424736,5.675335049798388e-20,3.6884354613939245,6.609414937724849
20,CC-discharge,13,1163.6363636363637,189741.37812898264,3.677764804185826,-27.263836618115,-27.263836618115,31573.733999082102,16244.012439875623,5.675334970387326e-20,3.677764804185826,7.1601995158685865
20,CC-discharge,14,1236.3636363636365,189814.10540170994,3.6673440004014113,-27.263836618115,-27.263836618115,31991.429087394376,15790.557048326638,5.675335024260488e-20,3.6673440004014113,7.710984094012324
20,CC-discharge,15,1309.0909090909092,189886.8326744372,3.6571614090017377,-27.263836618115,-27.263836618115,32409.124175707246,15337.10165677723,5.675335029696577e-20,3.6571614090017377,8.261768672156062
20,CC-discharge,16,1381.818181818182,189959.55994716447,3.6472070220303254,-27.263836618115,-27.263836618115,32826.8192640198,14883.646265228352,5.675335126515969e-20,3.6472070220303254,8.8125532502998
20,CC-discharge,17,1454.5454545454547,190032.28721989173,3.637471798090335,-27.263836618115,-27.263836618115,33244.514352332844,14430.190873679481,5.675335109883863e-20,3.637471798090335,9.363337828443537
20,CC-discharge,18,1527.2727272727275,190105.01449261903,3.627947067021747,-27.263836618115,-27.263836618115,33662.2094406454,13976.735482129714,5.675335017704221e-20,3.627947067021747,9.914122406587275
20,CC-discharge,19,1600.0000000000002,190177.7417653463,3.6186239688279365,-27.263836618115,-27.263836618115,34079.90452895861,13523.280090580403,5.675334970376555e-20,3.6186239688279365,10.464906984731012
20,CC-discharge,20,1672.727272727273,190250.46903807356,3.6094928945924707,-27.263836618115,-27.263836618115,34497.599617271495,13069.824699031573,5.675334865105028e-20,3.6094928945924707,11.01569156287475
20,CC-discharge,21,1745.4545454545455,190323.19631080085,3.6005429001897484,-27.263836618115,-27.263836618115,34915.29470558427,12616.369307481844,5.67533489548451e-20,3.6005429001897484,11.566476141018486
20,CC-discharge,22,1818.1818181818182,190395.9235835281,3.5917610564765843,-27.263836618115,-27.263836618115,35332.98979389679,12162.91391593245,5.675334682765059e-20,3.5917610564765843,12.117260719162223
20,CC-discharge,23,1890.909090909091,190468.65085625538,3.5831311821145393,-27.263836618115,-27.263836618115,35750.68488220968,11709.458524383086,5.67533481093753e-20,3.5831311821145393,12.66804529730596
20,CC-discharge,24,1963.6363636363637,190541.37812898264,3.574635389617191,-27.263836618115,-27.263836618115,36168.37997052211,11256.003132833659,5.675334932674765e-20,3.574635389617191,13.218829875449698
20,CC-discharge,25,2036.3636363636365,190614.10540170994,3.5662489320684347,-27.263836618115,-27.263836618115,36586.07505883468,10802.547741284674,5.675334976246763e-20,3.5662489320684347,13.769614453593435
20,CC-discharge,26,2109.0909090909095,190686.8326744372,3.557942091455343,-27.263836618115,-27.263836618115,37003.770147147465,10349.092349735152,5.675334987254987e-20,3.557942091455343,14.320399031737175
20,CC-discharge,27,2181.818181818182,190759.55994716447,3.549677787469478,-27.263836618115,-27.263836618115,37421.46523546012,9895.636958185994,5.675329801647198e-20,3.549677787469478,14.87118360988091
20,CC-discharge,28,2254.545454545455,190832.28721989173,3.5414096912608004,-27.263836618115,-27.263836618115,37839.16032377294,9442.181566636937,5.675326915317575e-20,3.5414096912608004,15.42196818802465
20,CC-discharge,29,2327.2727272727275,190905.01449261903,3.5330798400243504,-27.263836618115,-27.263836618115,38256.85541208562,8988.726175087688,5.675328044846159e-20,3.5330798400243504,15.972752766168385
20,CC-discharge,30,2400.0,190977.7417653463,3.524615822980482,-27.263836618115,-27.263836618115,38674.55050039846,8535.270783538246,5.675336783243865e-20,3.524615822980482,16.52353734431212
20,CC-discharge,31,2472.727272727273,191050.46903807356,3.5159279145800655,-27.263836618115,-27.263836618115,39092.24558871067,8081.815391989054,5.675335319321081e-20,3.5159279145800655,17.07432192245586
20,CC-discharge,32,2545.4545454545455,191123.19631080085,3.506901811433278,-27.263836618115,-27.263836618115,39509.940677023245,7628.360000439948,5.675331666897303e-20,3.506901811433278,17.625106500599596
20,CC-discharge,33,2618.1818181818185,191195.9235835281,3.4973985351713863,-27.263836618115,-27.263836618115,39927.63576533588,7174.904608890928,5.675319013914657e-20,3.4973985351713863,18.175891078743334
20,CC-discharge,34,2690.909090909091,191268.65085625538,3.4872439075373816,-27.263836618115,-27.263836618115,40345.33085364848,6721.449217341645,5.675338975533022e-20,3.4872439075373816,18.72667565688707
20,CC-discharge,35,2763.636363636364,191341.37812898264,3.4762215840817703,-27.263836618115,-27.263836618115,40763.025941961416,6267.993825792505,5.675342486051363e-20,3.4762215840817703,19.27746023503081
20,CC-discharge,36,2836.3636363636365,191414.10540170994,3.4640641224123128,-27.263836618115,-27.263836618115,41180.72103027425,5814.538434243451,5.675362630068061e-20,3.4640641224123128,19.828244813174546
20,CC-discharge,37,2909.0909090909095,191486.8326744372,3.4504415410425224,-27.263836618115,-27.263836618115,41598.41611858671,5361.083042694218,5.675331837898006e-20,3.4504415410425224,20.379029391318284
20,CC-discharge,38,2981.818181818182,191559.55994716447,3.4349482521708063,-27.263836618115,-27.263836618115,42016.11120689946,4907.627651145117,5.675342682330317e-20,3.4349482521708063,20.92981396946202
20,CC-discharge,39,3054.545454545455,191632.28721989173,3.417088259974647,-27.263836618115,-27.263836618115,42433.806295212235,4454.172259595968,5.675327304493091e-20,3.417088259974647,21.48059854760576
20,CC-discharge,40,3127.2727272727275,191705.01449261903,3.3962591811473186,-27.263836618115,-27.263836618115,42851.50138352494,4000.7168680468144,5.675326555043814e-20,3.3962591811473186,22.031383125749496
20,CC-discharge,41,3200.0000000000005,191777.7417653463,3.3717357279775846,-27.263836618115,-27.263836618115,43269.196471837764,3547.2614764976747,5.675294064197392e-20,3.3717357279775846,22.582167703893234
20,CC-discharge,42,3272.727272727273,191850.46903807356,3.34265530449381,-27.263836618115,-27.263836618115,43686.89156015064,3093.806084948612,5.675268425606613e-20,3.34265530449381,23.13295228203697
20,CC-discharge,43,3345.454545454546,191923.19631080085,3.3080024595121778,-27.263836618115,-27.263836618115,44104.58664846292,2640.3506933996487,5.675239656170192e-20,3.3080024595121778,23.68373686018071
20,CC-discharge,44,3418.1818181818185,191995.9235835281,3.26657263211914,-27.263836618115,-27.263836618115,44522.281736775745,2186.89530185057,5.675235498268062e-20,3.26657263211914,24.234521438324446
20,CC-discharge,45,3490.909090909091,192068.65085625538,3.216765679911795,-27.263836618115,-27.263836618115,44939.97682508838,1733.439910301511,5.675223575833923e-20,3.216765679911795,24.785306016468184
20,CC-discharge,46,3563.636363636364,192141.37812898264,3.1551929213671546,-27.263836618115,-27.263836618115,45357.67191340126,1279.9845187524775,5.675254558592048e-20,3.1551929213671546,25.336090594611925
20,CC-discharge,47,3636.3636363636365,192214.10540170994,3.064823504536842,-27.263836618115,-27.263836618115,45775.36700171335,826.5291272034501,5.675230666718743e-20,3.064823504536842,25.886875172755662
20,CC-discharge,48,3665.0996674949997,192242.8414328413,3.000009999999999,-27.263836618115,-27.263836618115,45940.406863804594,647.359638790187,5.675228169046492e-20,3.000009999999999,26.104501411038594
20,CC-charge,0,3883.2814856768177,192461.0232510231,3.7154228948357586,27.263836618115,27.263836618115,45940.406863804594,647.359638790187,5.675228169046492e-20,3.7154228948357586,0.0
20,CC-charge,1,3956.0087584040907,192533.75052375038,3.821380458536208,27.263836618115,27.263836618115,45375.29191045152,1181.8572168002875,5.675219194388388e-20,3.821380458536208,-0.0
20,CC-charge,2,4028.7360311313632,192606.47779647764,3.8677075757890305,27.263836618115,27.263836618115,44955.703045498005,1635.339478907146,5.675218163257565e-20,3.8677075757890305,-0.0
20,CC-charge,3,4101.463303858636,192679.20506920494,3.9051254563381312,27.263836618115,27.263836618115,44537.97058214031,2088.794819755019,5.675225659485729e-20,3.9051254563381312,-0.0
20,CC-charge,4,4174.190576585909,192751.9323419322,3.936399400500963,27.263836618115,27.263836618115,44120.27499595335,2542.250211672674,5.675219258010431e-20,3.936399400500963,-0.0
20,CC-charge,5,4246.917849313181,192824.65961465947,3.962459547411767,27.263836618115,27.263836618115,43702.579902542566,2995.7056032172413,5.675211866658167e-20,3.962459547411767,-0.0
20,CC-charge,6,4319.645122040454,192897.38688738673,3.984076072626782,27.263836618115,27.263836618115,43284.88481429612,3449.1609947663574,5.675203063726466e-20,3.984076072626782,-0.0
20,CC-charge,7,4392.372394767727,192970.11416011403,4.001989050311424,27.263836618115,27.263836618115,42867.189725982185,3902.6163863153497,5.675202920371588e-20,4.001989050311424,-0.0
20,CC-charge,8,4465.099667495,193042.8414328413,4.016881394108205,27.263836618115,27.263836618115,42449.49463766871,4356.071777864392,5.675195924059642e-20,4.016881394108205,-0.0
20,CC-charge,9,4537.826940222272,193115.56870556856,4.02935690887359,27.263836618115,27.263836618115,42031.799549355026,4809.527169413255,5.675187993284747e-20,4.02935690887359,-0.0
20,CC-charge,10,4610.554212949545,193188.29597829585,4.03993114757607,27.263836618115,27.263836618115,41614.10446104229,5262.982560962234,5.675184399891823e-20,4.03993114757607,-0.0
20,CC-charge,11,4683.281485676818,193261.0232510231,4.049037354844458,27.263836618115,27.263836618115,41196.40937272864,5716.437952511085,5.675185624489384e-20,4.049037354844458,-0.0
20,CC-charge,12,4756.00875840409,193333.75052375038,4.057032969520488,27.263836618115,27.263836618115,40778.71428441529,6169.893344059906,5.675176910230356e-20,4.057032969520488,-0.0
20,CC-charge,13,4828.736031131363,193406.47779647764,4.064210559209287,27.263836618115,27.263836618115,40361.0191961016,6623.348735609055,5.67516739730869e-20,4.064210559209287,-0.0
20,CC-charge,14,4901.463303858636,193479.20506920494,4.070807477015597,27.263836618115,27.263836618115,39943.3241077884,7076.804127157771,5.675160830125547e-20,4.070807477015597,-0.0
20,CC-charge,15,4974.190576585909,193551.9323419322,4.077015143494426,27.263836618115,27.263836618115,39525.629019474865,7530.259518706823,5.67516036141733e-20,4.077015143494426,-0.0
20,CC-charge,16,5046.917849313182,193624.65961465947,4.082987029665697,27.263836618115,27.263836618115,39107.93393116198,7983.714910255545,5.675162638155262e-20,4.082987029665697,-0.0
20,CC-charge,17,5119.645122040454,193697.38688738673,4.088846139234979,27.263836618115,27.263836618115,38690.23884284857,8437.170301804505,5.675166016610165e-20,4.088846139234979,-0.0
20,CC-charge,18,5192.372394767727,193770.11416011403,4.094689753199774,27.263836618115,27.263836618115,38272.54375453525,8890.625693353242,5.675165397448704e-20,4.094689753199774,-0.0
20,CC-charge,19,5265.099667495,193842.8414328413,4.1005953571377605,27.263836618115,27.263836618115,37854.848666221995,9344.081084901985,5.67516484561268e-20,4.1005953571377605,-0.0
20,CC-charge,20,5337.826940222272,193915.56870556856,4.1066239241482645,27.263836618115,27.263836618115,37437.15357790852,9797.536476451,5.675164755134992e-20,4.1066239241482645,-0.0
20,CC-charge,21,5410.554212949545,193988.29597829585,4.112823129622449,27.263836618115,27.263836618115,37019.45848959531,10250.99186799976,5.675164775605077e-20,4.112823129622449,-0.0
20,CC-charge,22,5483.281485676818,194061.0232510231,4.11923166871506,27.263836618115,27.263836618115,36601.763401282005,10704.44725954888,5.675164684512774e-20,4.11923166871506,-0.0
20,CC-charge,23,5556.00875840409,194133.75052375038,4.125878167861841,27.263836618115,27.263836618115,36184.068312968324,11157.902651097862,5.675163231725311e-20,4.125878167861841,-0.0
20,CC-charge,24,5628.736031131363,194206.47779647764,4.132785560803084,27.263836618115,27.263836618115,35766.37322465489,11611.358042646929,5.675163280440642e-20,4.132785560803084,-0.0
20,CC-charge,25,5701.463303858636,194279.20506920494,4.139971803008252,27.263836618115,27.263836618115,35348.678136341456,12064.81343419589,5.675163103552593e-20,4.139971803008252,-0.0
20,CC-charge,26,5774.190576585909,194351.9323419322,4.147451015240914,27.263836618115,27.263836618115,34930.9830480286,12518.268825744975,5.675163032393785e-20,4.147451015240914,-0.0
20,CC-charge,27,5846.917849313182,194424.65961465947,4.155234447120925,27.263836618115,27.263836618115,34513.2879597148,12971.724217294026,5.675163361139228e-20,4.155234447120925,-0.0
20,CC-charge,28,5919.645122040454,194497.38688738673,4.16333316492234,27.263836618115,27.263836618115,34095.592871401685,13425.179608842824,5.675163408982552e-20,4.16333316492234,-0.0
20,CC-charge,29,5992.372394767727,194570.11416011403,4.171751793635199,27.263836618115,27.263836618115,33677.897783088214,13878.63500039183,5.67516351054433e-20,4.171751793635199,-0.0
20,CC-charge,30,6065.099667495,194642.8414328413,4.18049865009538,27.263836618115,27.263836618115,33260.20269477485,14332.090391940774,5.675162969731559e-20,4.18049865009538,-0.0
20,CC-charge,31,6137.826940222272,194715.56870556856,4.189580487285184,27.263836618115,27.263836618115,32842.50760646176,14785.545783489564,5.675164448371977e-20,4.189580487285184,-0.0
20,CC-charge,32,6210.554212949545,194788.29597829585,4.199004445707117,27.263836618115,27.263836618115,32424.81251814851,15239.001175038613,5.675160754026585e-20,4.199004445707117,-0.0
20,CC-charge,33,6218.006817494534,194795.74858284084,4.199990000000001,27.263836618115,27.263836618115,32382.00991883672,15285.468251078668,5.675160704736162e-20,4.199990000000001,-0.0
20,CV-charge,0,6436.188635676352,195013.93040102266,4.200000000000001,27.288412672983057,27.288412672983057,32382.00991883672,15285.468251078668,5.675160704736162e-20,4.200000000000001,0.0
20,CV-charge,1,6508.915908403625,195086.65767374993,4.199999999999998,24.20869062912759,24.20869062912759,31860.069773644253,15780.538314306537,7.350869801639376e-20,4.199999999999998,-0.0
20,CV-charge,2,6581.643181130898,195159.3849464772,4.2,22.263880229186825,22.263880229186825,31513.601488090197,16160.713266303119,6.454315096098605e-20,4.2,-0.0
20,CV-charge,3,6654.37045385817,195232.1122192045,4.200000000000001,20.565232920301014,20.565232920301014,31195.575651563937,16511.138381022465,6.340120497863511e-20,4.200000000000001,-0.0
20,CV-charge,4,6727.097726585443,195304.83949193175,4.199999999999999,19.064422190748566,19.064422190748566,30900.67910296105,16835.88210954018,6.445698668518136e-20,4.199999999999999,-0.0
20,CV-charge,5,6799.824999312716,195377.56676465902,4.2,17.732319040786923,17.732319040786923,30626.507192157704,17137.604862070646,6.230692000353368e-20,4.2,-0.0
20,CV-charge,6,6872.552272039989,195450.29403738628,4.200000000000001,16.54397054144438,16.54397054144438,30370.81795350625,17418.81785342066,5.426808328333882e-20,4.200000000000001,-0.0
20,CV-charge,7,6945.279544767261,195523.02131011357,4.2,15.47875316273122,15.47875316273122,30131.684123412484,17681.677754098415,5.16148448626119e-20,4.2,-0.0
20,CV-charge,8,7018.006817494534,195595.74858284084,4.2,14.5195930929273,14.5195930929273,29907.44850862292,17928.036829567012,4.682512277227695e-20,4.2,-0.0
20,CV-charge,9,7090.734090221807,195668.4758555681,4.2,13.652254229779276,13.652254229779276,29696.67749026194,18159.495708288327,4.2081036501643953e-20,4.2,-0.0
20,CV-charge,10,7163.46136294908,195741.2031282954,4.2,12.864814361780851,12.864814361780851,29498.125444738173,18377.443678653413,3.036042351063492e-20,4.2,-0.0
20,CV-charge,11,7236.188635676352,195813.93040102266,4.200000000000001,12.1472382324777,12.1472382324777,29310.705571782957,18583.091695826235,4.561018788250499e-20,4.200000000000001,-0.0
20,CV-charge,12,7308.915908403625,195886.65767374993,4.200000000000001,11.490981964304897,11.490981964304897,29133.452388782815,18777.514412808792,4.8658781625479856e-20,4.200000000000001,-0.0
20,CV-charge,13,7381.643181130898,195959.3849464772,4.2,10.888851489945917,10.888851489945917,28965.53323376355,18961.637988083527,3.196135956546853e-20,4.2,-0.0
20,CV-charge,14,7454.37045385817,196032.1122192045,4.199999999999999,10.334657004373746,10.334657004373746,28806.20171224506,19136.291880194512,3.3160903533127384e-20,4.199999999999999,-0.0
20,CV-charge,15,7527.097726585443,196104.83949193175,4.2,9.822674622319852,9.822674622319852,28654.672136197063,19302.346775489354,3.3561643060781293e-20,4.2,-0.0
20,CV-charge,16,7599.824999312716,196177.56676465902,4.200000000000001,9.348760418493036,9.348760418493036,28510.478449566683,19460.321249676614,3.3744394603565623e-20,4.200000000000001,-0.0
20,CV-charge,17,7672.552272039989,196250.29403738628,4.200000000000001,8.908932828399877,8.908932828399877,28373.09018098396,19610.80354334871,3.373868423412938e-20,4.200000000000001,-0.0
20,CV-charge,18,7745.2795447672615,196323.02131011357,4.199999999999999,8.4997366279359,8.4997366279359,28242.031331091897,19754.321045938595,3.3742944320217917e-20,4.199999999999999,-0.0
20,CV-charge,19,7818.006817494534,196395.74858284084,4.2,8.1181502175927,8.1181502175927,28116.872890704824,19891.348781021377,3.3814582594352895e-20,4.2,-0.0
20,CV-charge,20,7890.734090221807,196468.4758555681,4.200000000000001,7.761526789810367,7.761526789810367,27997.227162262163,20022.315767396834,3.382330322697592e-20,4.200000000000001,-0.0
20,CV-charge,21,7963.46136294908,196541.2031282954,4.199999999999999,7.427538713601265,7.427538713601265,27882.74275833707,20147.610618671533,3.380830049401033e-20,4.199999999999999,-0.0
20,CV-charge,22,8036.188635676352,196613.93040102266,4.200000000000001,7.114132171059154,7.114132171059154,27773.10031293538,20267.58634035389,3.3852653404872884e-20,4.200000000000001,-0.0
20,CV-charge,23,8108.915908403625,196686.65767374993,4.2,6.819492750627507,6.819492750627507,27668.010088373565,20382.563025960986,3.3872004474879184e-20,4.2,-0.0
20,CV-charge,24,8181.643181130898,196759.3849464772,4.2,6.542005316147327,6.542005316147327,27567.205923418758,20492.8345759201,3.389331710150752e-20,4.2,-0.0
20,CV-charge,25,8254.37045385817,196832.1122192045,4.199999999999999,6.280232075196181,6.280232075196181,27470.444214993342,20598.669847260262,3.3849830458009187e-20,4.199999999999999,-0.0
20,CV-charge,26,8327.097726585444,196904.83949193175,4.200000000000001,6.032889115825432,6.032889115825432,27377.50132939235,20700.315544731922,3.3880047186932994e-20,4.200000000000001,-0.0
20,CV-charge,27,8399.824999312716,196977.56676465902,4.199999999999999,5.7988268950802135,5.7988268950802135,27288.171506620034,20797.998556048104,3.410001269501608e-20,4.199999999999999,-0.0
20,CV-charge,28,8472.55227203999,197050.29403738628,4.2,5.577013566995368,5.577013566995368,27202.265025337852,20891.92799559518,3.420134745379921e-20,4.2,-0.0
20,CV-charge,29,8545.279544767262,197123.02131011357,4.200000000000001,5.366520687662537,5.366520687662537,27119.606591253443,20982.296998166847,3.444833160812556e-20,4.200000000000001,-0.0
20,CV-charge,30,8618.006817494534,197195.74858284084,4.200000000000001,5.166510917460762,5.166510917460762,27040.03391768731,21069.28429787067,3.449686683113813e-20,4.200000000000001,-0.0
20,CV-charge,31,8690.734090221806,197268.4758555681,4.2,4.976227407161269,4.976227407161269,26963.39647192552,21153.05562182636,3.446086830257675e-20,4.2,-0.0
20,CV-charge,32,8763.46136294908,197341.2031282954,4.2,4.794984608755403,4.794984608755403,26889.554365063497,21233.7649236808,3.460523751819716e-20,4.2,-0.0
20,CV-charge,33,8836.188635676352,197413.93040102266,4.200000000000001,4.622160295709331,4.622160295709331,26818.37736639358,21311.555478166443,3.469611097187149e-20,4.200000000000001,-0.0
20,CV-charge,34,8908.915908403626,197486.65767374993,4.199999999999999,4.457188613294573,4.457188613294573,26749.7440262398,21386.560854744355,3.4871965891475796e-20,4.199999999999999,-0.0
20,CV-charge,35,8981.643181130898,197559.3849464772,4.2,4.299554008896557,4.299554008896557,26683.540893458794,21458.9057857516,3.4973738533453675e-20,4.2,-0.0
20,CV-charge,36,9054.37045385817,197632.1122192045,4.200000000000001,4.148785916428747,4.148785916428747,26619.66181582809,21528.7069422423,3.513690658030891e-20,4.200000000000001,-0.0
20,CV-charge,37,9127.097726585444,197704.83949193175,4.2,4.004454088833226,4.004454088833226,26558.00731318867,21596.07362883804,3.513099966962535e-20,4.2,-0.0
20,CV-charge,38,9199.824999312716,197777.56676465902,4.2,3.8661644891477853,3.8661644891477853,26498.484014615762,21661.108407356227,3.5142531901381656e-20,4.2,-0.0
20,CV-charge,39,9272.55227203999,197850.29403738628,4.2,3.7335556643147423,3.7335556643147423,26441.00415207635,21723.907657612403,3.513434492665509e-20,4.2,-0.0
20,CV-charge,40,9345.279544767262,197923.02131011357,4.2,3.606295537292447,3.606295537292447,26385.485104043444,21784.56208271441,3.516536652152071e-20,4.2,-0.0
20,CV-charge,41,9418.006817494534,197995.74858284084,4.2,3.4840785625984374,3.4840785625984374,26331.84898339546,21843.157165148863,3.521933631736807e-20,4.2,-0.0
20,CV-charge,42,9490.734090221806,198068.4758555681,4.2,3.366623198380496,3.366623198380496,26280.0222646623,21899.773579197412,3.5204304439667056e-20,4.2,-0.0
20,CV-charge,43,9563.46136294908,198141.2031282954,4.199999999999999,3.253669654843926,3.253669654843926,26229.935446300376,21954.4875644492,3.51830807157941e-20,4.199999999999999,-0.0
20,CV-charge,44,9636.188635676352,198213.93040102266,4.200000000000001,3.1449778845599483,3.1449778845599483,26181.522744236885,22007.37126464851,3.5158166244680296e-20,4.200000000000001,-0.0
20,CV-charge,45,9708.915908403626,198286.65767374993,4.2,3.0403257849385033,3.0403257849385033,26134.721813363612,22058.493035534346,3.508992788743915e-20,4.2,-0.0
20,CV-charge,46,9781.643181130898,198359.3849464772,4.199999999999998,2.9395075872528666,2.9395075872528666,26089.473494077083,22107.917724914514,3.508319003262066e-20,4.199999999999998,-0.0
20,CV-charge,47,9854.37045385817,198432.1122192045,4.199999999999999,2.8423324100569323,2.8423324100569323,26045.721581311056,22155.706927834606,3.5084119961925994e-20,4.199999999999999,-0.0
20,CV-charge,48,9927.097726585444,198504.83949193175,4.2,2.7486229577655794,2.7486229577655794,26003.412613783858,22201.919219337396,3.507542298479414e-20,4.2,-0.0
20,CV-charge,49,9944.776626354836,198522.51839170113,4.2,2.7263936618114997,2.7263936618114997,25993.360319214247,22212.89879893844,3.506767576078588e-20,4.2,-0.0
21,CC-discharge,0,218.1818181818182,198740.70020988295,3.855522674844302,-27.263836618115,-27.263836618115,25993.360319214247,22212.89879893844,3.506767576078588e-20,3.855522674844302,0.0
21,CC-discharge,1,290.90909090909093,198813.42748261022,3.8314170723624725,-27.263836618115,-27.263836618115,26558.479975018447,21678.39898321905,3.5067664129063163e-20,3.8314170723624725,0.5507845781437375
21,CC-discharge,2,363.6363636363637,198886.15475533748,3.8151300228682565,-27.263836618115,-27.263836618115,26978.067737018846,21224.91895992298,3.506764464961419e-20,3.8151300228682565,1.101569156287475
21,CC-discharge,3,436.3636363636364,198958.88202806478,3.7999453558115146,-27.263836618115,-27.263836618115,27395.79444672578,20771.463616881218,3.506764440640252e-20,3.7999453558115146,1.652353734431212
21,CC-discharge,4,509.0909090909091,199031.60930079204,3.785596769449804,-27.263836618115,-27.263836618115,27813.49198519879,20318.008226046382,3.5067645047284e-20,3.785596769449804,2.2031383125749495
21,CC-discharge,5,581.8181818181819,199104.3365735193,3.771921949733894,-27.263836618115,-27.263836618115,28231.187264215136,19864.552834507267,3.506764536955732e-20,3.771921949733894,2.753922890718687
21,CC-discharge,6,654.5454545454546,199177.06384624657,3.7588141246927638,-27.263836618115,-27.263836618115,28648.8823674446,19411.097442958715,3.5067646217113795e-20,3.7588141246927638,3.3047074688624245
21,CC-discharge,7,727.2727272727274,199249.79111897387,3.746178810801564,-27.263836618115,-27.263836618115,29066.577456930543,18957.642051409184,3.5067645395873535e-20,3.746178810801564,3.855492047006162
21,CC-discharge,8,800.0000000000001,199322.51839170113,3.7339591775037864,-27.263836618115,-27.263836618115,29484.272545335978,18504.18665986031,3.5067646465746084e-20,3.7339591775037864,4.4062766251499
21,CC-discharge,9,872.7272727272727,199395.2456644284,3.722107651362135,-27.263836618115,-27.263836618115,29901.967633656397,18050.731268311127,3.5067646526816805e-20,3.722107651362135,4.9570612032936365
21,CC-discharge,10,945.4545454545455,199467.9729371557,3.71058777384066,-27.263836618115,-27.263836618115,30319.662721969726,17597.275876761516,3.506764662712223e-20,3.71058777384066,5.507845781437374
21,CC-discharge,11,1018.1818181818182,199540.70020988295,3.699371347188072,-27.263836618115,-27.263836618115,30737.357810282498,17143.820485212418,3.506764724567782e-20,3.699371347188072,6.0586303595811115
21,CC-discharge,12,1090.909090909091,199613.42748261022,3.6884363365851645,-27.263836618115,-27.263836618115,31155.05289859562,16690.365093662895,3.506764691787745e-20,3.6884363365851645,6.609414937724849
21,CC-discharge,13,1163.6363636363637,199686.15475533748,3.677765294292228,-27.263836618115,-27.263836618115,31572.7479869084,16236.909702113235,3.506764668088114e-20,3.677765294292228,7.1601995158685865
21,CC-discharge,14,1236.3636363636365,199758.88202806478,3.6673441477234165,-27.263836618115,-27.263836618115,31990.44307522101,15783.454310563717,3.506764749447778e-20,3.6673441477234165,7.710984094012324
21,CC-discharge,15,1309.0909090909092,199831.60930079204,3.65716124080265,-27.263836618115,-27.263836618115,32408.13816353349,15329.998919014475,3.506764740762954e-20,3.65716124080265,8.261768672156062
21,CC-discharge,16,1381.818181818182,199904.3365735193,3.6472065502071023,-27.263836618115,-27.263836618115,32825.83325184653,14876.543527465397,3.506764684144976e-20,3.6472065502071023,8.8125532502998
21,CC-discharge,17,1454.5454545454547,199977.06384624657,3.637471017964017,-27.263836618115,-27.263836618115,33243.528340159384,14423.08813591599,3.506764596323608e-20,3.637471017964017,9.363337828443537
21,CC-discharge,18,1527.2727272727275,200049.79111897387,3.6279459551914943,-27.263836618115,-27.263836618115,33661.223428472425,13969.632744366665,3.5067645568681794e-20,3.6279459551914943,9.914122406587275
21,CC-discharge,19,1600.0000000000002,200122.51839170113,3.6186224799779896,-27.263836618115,-27.263836618115,34078.91851678509,13516.177352817445,3.506764559501979e-20,3.6186224799779896,10.464906984731012
21,CC-discharge,20,1672.727272727273,200195.2456644284,3.6094909570833966,-27.263836618115,-27.263836618115,34496.61360509812,13062.721961268113,3.506764583368934e-20,3.6094909570833966,11.01569156287475
21,CC-discharge,21,1745.4545454545455,200267.9729371557,3.6005404102078447,-27.263836618115,-27.263836618115,34914.30869341117,12609.266569719055,3.506764599476951e-20,3.6005404102078447,11.566476141018486
21,CC-discharge,22,1818.1818181818182,200340.70020988295,3.591757870412641,-27.263836618115,-27.263836618115,35332.003781724285,12155.811178169988,3.5067646030861196e-20,3.591757870412641,12.117260719162223
21,CC-discharge,23,1890.909090909091,200413.42748261022,3.5831271115394734,-27.263836618115,-27.263836618115,35749.69887003703,11702.355786620941,3.506765112690457e-20,3.5831271115394734,12.66804529730596
21,CC-discharge,24,1963.6363636363637,200486.15475533748,3.5746301735004034,-27.263836618115,-27.263836618115,36167.39395834971,11248.90039507113,3.506765220922456e-20,3.5746301735004034,13.218829875449698
21,CC-discharge,25,2036.3636363636365,200558.88202806478,3.566242237559261,-27.263836618115,-27.263836618115,36585.08904666285,10795.445003522143,3.5067650790431464e-20,3.566242237559261,13.769614453593435
21,CC-discharge,26,2109.0909090909095,200631.60930079204,3.557933488931803,-27.263836618115,-27.263836618115,37002.78413497616,10341.989611972547,3.506765100209217e-20,3.557933488931803,14.320399031737175
21,CC-discharge,27,2181.818181818182,200704.3365735193,3.549666726230682,-27.263836618115,-27.263836618115,37420.479223289054,9888.534220423384,3.506761903677412e-20,3.549666726230682,14.87118360988091
21,CC-discharge,28,2254.545454545455,200777.06384624657,3.5413954678353803,-27.263836618115,-27.263836618115,37838.174311601695,9435.078828874037,3.506766492504419e-20,3.5413954678353803,15.42196818802465
21,CC-discharge,29,2327.2727272727275,200849.79111897387,3.5330615597221633,-27.263836618115,-27.263836618115,38255.86939991446,8981.623437324972,3.5067718346381707e-20,3.5330615597221633,15.972752766168385
21,CC-discharge,30,2400.0,200922.51839170113,3.524592353001634,-27.263836618115,-27.263836618115,38673.56448822716,8528.168045775594,3.506769836295134e-20,3.524592353001634,16.52353734431212
21,CC-discharge,31,2472.727272727273,200995.2456644284,3.515897819829366,-27.263836618115,-27.263836618115,39091.25957653985,8074.712654226471,3.50676515450672e-20,3.515897819829366,17.07432192245586
21,CC-discharge,32,2545.4545454545455,201067.9729371557,3.506863297539024,-27.263836618115,-27.263836618115,39508.95466485246,7621.257262677205,3.5067602391068234e-20,3.506863297539024,17.625106500599596
21,CC-discharge,33,2618.1818181818185,201140.70020988295,3.4973493536016207,-27.263836618115,-27.263836618115,39926.64975316532,7167.801871128076,3.5067862789892756e-20,3.4973493536016207,18.175891078743334
21,CC-discharge,34,2690.909090909091,201213.42748261022,3.4871812292274376,-27.263836618115,-27.263836618115,40344.34484147832,6714.346479578997,3.506787457543374e-20,3.4871812292274376,18.72667565688707
21,CC-discharge,35,2763.636363636364,201286.15475533748,3.476141890081129,-27.263836618115,-27.263836618115,40762.039929790706,6260.891088030004,3.506826077659334e-20,3.476141890081129,19.27746023503081
21,CC-discharge,36,2836.3636363636365,201358.88202806478,3.4639630409158277,-27.263836618115,-27.263836618115,41179.73501810377,5807.435696480801,3.506804739750255e-20,3.4639630409158277,19.828244813174546
21,CC-discharge,37,2909.0909090909095,201431.60930079204,3.4503136636332012,-27.263836618115,-27.263836618115,41597.430106416396,5353.9803049316115,3.5067808694350107e-20,3.4503136636332012,20.379029391318284
21,CC-discharge,38,2981.818181818182,201504.3365735193,3.4347869228932524,-27.263836618115,-27.263836618115,42015.12519472968,4900.52491338242,3.5067776393330604e-20,3.4347869228932524,20.92981396946202
21,CC-discharge,39,3054.545454545455,201577.06384624657,3.4168853421314043,-27.263836618115,-27.263836618115,42432.82028304239,4447.069521833249,3.5067794869923945e-20,3.4168853421314043,21.48059854760576
21,CC-discharge,40,3127.2727272727275,201649.79111897387,3.396004809978733,-27.263836618115,-27.263836618115,42850.51537135472,3993.614130284084,3.506774094496366e-20,3.396004809978733,22.031383125749496
21,CC-discharge,41,3200.0000000000005,201722.51839170113,3.3714180982282533,-27.263836618115,-27.263836618115,43268.21045966749,3540.1587387349914,3.506786383975385e-20,3.3714180982282533,22.582167703893234
21,CC-discharge,42,3272.727272727273,201795.2456644284,3.3422613663127665,-27.263836618115,-27.263836618115,43685.905547980015,3086.703347185947,3.5067892659517914e-20,3.3422613663127665,23.13295228203697
21,CC-discharge,43,3345.454545454546,201867.9729371557,3.3075139919143695,-27.263836618115,-27.263836618115,44103.60063629231,2633.2479556368967,3.506802610558242e-20,3.3075139919143695,23.68373686018071
21,CC-discharge,44,3418.1818181818185,201940.70020988295,3.2659706565023785,-27.263836618115,-27.263836618115,44521.29572460548,2179.7925640878007,3.5068547606119196e-20,3.2659706565023785,24.234521438324446
21,CC-discharge,45,3490.909090909091,202013.42748261022,3.2160195325790912,-27.263836618115,-27.263836618115,44938.99081291795,1726.337172538762,3.50690350406677e-20,3.2160195325790912,24.785306016468184
21,CC-discharge,46,3563.636363636364,202086.15475533748,3.1542098834592047,-27.263836618115,-27.263836618115,45356.68590123026,1272.8817809897002,3.506880466960255e-20,3.1542098834592047,25.336090594611925
21,CC-discharge,47,3636.3636363636365,202158.88202806478,3.062957130378279,-27.263836618115,-27.263836618115,45774.380989543104,819.4263894406764,3.506911317905744e-20,3.062957130378279,25.886875172755662
21,CC-discharge,48,3664.0042195386354,202186.52261123978,3.0000099999999987,-27.263836618115,-27.263836618115,45933.12935720979,647.087031779565,3.5069392776947335e-20,3.0000099999999987,26.09620526823138
21,CC-charge,0,3882.1860377204534,202404.7044294216,3.7153887909294983,27.263836618115,27.263836618115,45933.12935720979,647.087031779565,3.5069392776947335e-20,3.7153887909294983,0.0
21,CC-charge,1,3954.9133104477264,202477.43170214887,3.8214145337463212,27.263836618115,27.263836618115,45368.014403933325,1181.5846097798812,3.506918899464312e-20,3.8214145337463212,-0.0
21,CC-charge,2,4027.640583174999,202550.15897487613,3.867746715678385,27.263836618115,27.263836618115,44948.42555158,1635.066871747838,3.5069277251143426e-20,3.867746715678385,-0.0
21,CC-charge,3,4100.367855902272,202622.88624760343,3.905167272387569,27.263836618115,27.263836618115,44530.69307574757,2088.5222127455154,3.506923283362156e-20,3.905167272387569,-0.0
21,CC-charge,4,4173.095128629545,202695.6135203307,3.936444043927653,27.263836618115,27.263836618115,44112.997489362184,2541.977604661976,3.5069159632261146e-20,3.936444043927653,-0.0
21,CC-charge,5,4245.822401356817,202768.34079305796,3.962507262914129,27.263836618115,27.263836618115,43695.3023959481,2995.432996206606,3.5069189426968737e-20,3.962507262914129,-0.0
21,CC-charge,6,4318.54967408409,202841.06806578522,3.984126988897271,27.263836618115,27.263836618115,43277.607307701146,3448.888387755666,3.506937319190391e-20,3.984126988897271,-0.0
21,CC-charge,7,4391.276946811363,202913.79533851251,4.0020432163754585,27.263836618115,27.263836618115,42859.91221938777,3902.343779304592,3.506935037798584e-20,4.0020432163754585,-0.0
21,CC-charge,8,4464.004219538636,202986.52261123978,4.0169388205890035,27.263836618115,27.263836618115,42442.21713107428,4355.799170853528,3.506916088766072e-20,4.0169388205890035,-0.0
21,CC-charge,9,4536.731492265908,203059.24988396704,4.029417592571489,27.263836618115,27.263836618115,42024.52204276119,4809.254562402498,3.506942257951484e-20,4.029417592571489,-0.0
21,CC-charge,10,4609.458764993181,203131.97715669434,4.039995086541777,27.263836618115,27.263836618115,41606.82695444782,5262.709953951438,3.5069398649139177e-20,4.039995086541777,-0.0
21,CC-charge,11,4682.186037720454,203204.7044294216,4.049104552481787,27.263836618115,27.263836618115,41189.131866134965,5716.165345500354,3.5069301416615136e-20,4.049104552481787,-0.0
21,CC-charge,12,4754.913310447726,203277.43170214887,4.057103437529936,27.263836618115,27.263836618115,40771.43677782146,6169.620737049278,3.5069312138462744e-20,4.057103437529936,-0.0
21,CC-charge,13,4827.640583174999,203350.15897487613,4.064284316767889,27.263836618115,27.263836618115,40353.74168950794,6623.076128598142,3.506930913805204e-20,4.064284316767889,-0.0
21,CC-charge,14,4900.367855902272,203422.88624760343,4.07088454974779,27.263836618115,27.263836618115,39936.04660119473,7076.531520146922,3.506931804920843e-20,4.07088454974779,-0.0
21,CC-charge,15,4973.095128629545,203495.6135203307,4.0770955619861535,27.263836618115,27.263836618115,39518.351512881425,7529.986911696004,3.506930173538169e-20,4.0770955619861535,-0.0
21,CC-charge,16,5045.822401356818,203568.34079305796,4.083070827904616,27.263836618115,27.263836618115,39100.656424567875,7983.442303244817,3.506932149921064e-20,4.083070827904616,-0.0
21,CC-charge,17,5118.54967408409,203641.06806578522,4.088933353616462,27.263836618115,27.263836618115,38682.96133625449,8436.897694793508,3.5069327792741284e-20,4.088933353616462,-0.0
21,CC-charge,18,5191.276946811363,203713.79533851251,4.094780421109961,27.263836618115,27.263836618115,38265.26624794109,8890.353086342524,3.5069319661718114e-20,4.094780421109961,-0.0
21,CC-charge,19,5264.004219538636,203786.52261123978,4.100689516252378,27.263836618115,27.263836618115,37847.57115962748,9343.808477891518,3.5069322067622445e-20,4.100689516252378,-0.0
21,CC-charge,20,5336.731492265908,203859.24988396704,4.106721612088321,27.263836618115,27.263836618115,37429.87607131416,9797.263869440458,3.5069336020432457e-20,4.106721612088321,-0.0
21,CC-charge,21,5409.458764993181,203931.97715669434,4.112924383229172,27.263836618115,27.263836618115,37012.18098300066,10250.719260989266,3.506933587839685e-20,4.112924383229172,-0.0
21,CC-charge,22,5482.186037720454,204004.7044294216,4.119336525512276,27.263836618115,27.263836618115,36594.48589468725,10704.174652538302,3.506933582797017e-20,4.119336525512276,-0.0
21,CC-charge,23,5554.913310447726,204077.43170214887,4.125986664827577,27.263836618115,27.263836618115,36176.790806373945,11157.630044086885,3.506934184556411e-20,4.125986664827577,-0.0
21,CC-charge,24,5627.640583174999,204150.15897487613,4.132897735461096,27.263836618115,27.263836618115,35759.09571806039,11611.085435635543,3.506934267184663e-20,4.132897735461096,-0.0
21,CC-charge,25,5700.367855902272,204222.88624760343,4.14008769445577,27.263836618115,27.263836618115,35341.40062974754,12064.540827184732,3.506934338619387e-20,4.14008769445577,-0.0
21,CC-charge,26,5773.095128629545,204295.6135203307,4.147570665294683,27.263836618115,27.263836618115,34923.70554143402,12517.996218733568,3.5069345358787965e-20,4.147570665294683,-0.0
21,CC-charge,27,5845.822401356818,204368.34079305796,4.155357901936594,27.263836618115,27.263836618115,34506.01045312077,12971.45161028276,3.506934921569238e-20,4.155357901936594,-0.0
21,CC-charge,28,5918.54967408409,204441.06806578522,4.163460476624434,27.263836618115,27.263836618115,34088.315364807364,13424.90700183147,3.5069348276963426e-20,4.163460476624434,-0.0
21,CC-charge,29,5991.276946811363,204513.79533851251,4.171883024228972,27.263836618115,27.263836618115,33670.62027649394,13878.362393380607,3.50693146243498e-20,4.171883024228972,-0.0
21,CC-charge,30,6064.004219538636,204586.52261123978,4.18063387336166,27.263836618115,27.263836618115,33252.925188180525,14331.817784929366,3.5069317176734605e-20,4.18063387336166,-0.0
21,CC-charge,31,6136.731492265908,204659.24988396704,4.189719793122965,27.263836618115,27.263836618115,32835.23009986716,14785.2731764782,3.506933617313071e-20,4.189719793122965,-0.0
21,CC-charge,32,6209.458764993181,204731.97715669434,4.199147945253203,27.263836618115,27.263836618115,32417.53501155427,15238.72856802689,3.506934860609937e-20,4.199147945253203,-0.0
21,CC-charge,33,6215.825964358664,204738.3443560598,4.19999,27.263836618115,27.263836618115,32380.966227911766,15278.428130145427,3.506934854831621e-20,4.19999,-0.0
21,CV-charge,0,6434.007782540482,204956.52617424162,4.2,27.288375103765055,27.288375103765055,32380.966227911766,15278.428130145427,3.506934854831621e-20,4.2,0.0
21,CV-charge,1,6506.735055267755,205029.25344696888,4.199999999999999,24.208869735099555,24.208869735099555,31859.023886651936,15773.50016592886,5.936950517820322e-20,4.199999999999999,-0.0
21,CV-charge,2,6579.462327995028,205101.98071969615,4.200000000000002,22.26419266241637,22.26419266241637,31512.55098775954,16153.679734600775,7.214271579849515e-20,4.200000000000002,-0.0
21,CV-charge,3,6652.1896007223,205174.70799242344,4.2,20.565632348974635,20.565632348974635,31194.518819265053,16504.111397231205,5.38727974760134e-20,4.2,-0.0
21,CV-charge,4,6724.916873449573,205247.4352651507,4.2,19.0648772701737,19.0648772701737,30899.615319709967,16828.862483615394,5.199201962734968e-20,4.2,-0.0
21,CV-charge,5,6797.644146176846,205320.16253787797,4.2,17.732805633588367,17.732805633588367,30625.43589171632,17130.593287664295,5.151380834769855e-20,4.2,-0.0
21,CV-charge,6,6870.371418904119,205392.88981060524,4.2,16.544471408137706,16.544471408137706,30369.738906513754,17411.814634699003,5.535995149376332e-20,4.2,-0.0
21,CV-charge,7,6943.098691631391,205465.61708333253,4.2,15.479255677176491,15.479255677176491,30130.59728762507,17674.68297751988,5.396900449491848e-20,4.2,-0.0
21,CV-charge,8,7015.825964358664,205538.3443560598,4.2,14.520088229365545,14.520088229365545,29906.353989965963,17921.050409399926,5.651827778139491e-20,4.2,-0.0
21,CV-charge,9,7088.553237085937,205611.07162878706,4.199999999999999,13.652735457053458,13.652735457053458,29695.575495772086,18152.517440894615,5.935415717587656e-20,4.199999999999999,-0.0
21,CV-charge,10,7161.28050981321,205683.79890151435,4.199999999999999,12.865276964972567,12.865276964972567,29497.016238834047,18370.473292466824,7.116160793267547e-20,4.199999999999999,-0.0
21,CV-charge,11,7234.007782540482,205756.52617424162,4.199999999999999,12.147678951673749,12.147678951673749,29309.589487278725,18576.128839991237,6.860249271539703e-20,4.199999999999999,-0.0
21,CV-charge,12,7306.735055267755,205829.25344696888,4.2,11.491398583475364,11.491398583475364,29132.329792855275,18770.558696090764,7.859467731460514e-20,4.2,-0.0
21,CV-charge,13,7379.462327995028,205901.98071969615,4.200000000000001,10.889242533589343,10.889242533589343,28964.40451805447,18954.68899015162,8.028547670379322e-20,4.200000000000001,-0.0
21,CV-charge,14,7452.1896007223,205974.70799242344,4.200000000000001,10.334613483812857,10.334613483812857,28804.948312351287,19129.47964119051,8.267447332807851e-20,4.200000000000001,-0.0
21,CV-charge,15,7524.916873449573,206047.4352651507,4.2,9.822635264314751,9.822635264314751,28653.419244546552,19295.53388248656,8.269608733136501e-20,4.2,-0.0
21,CV-charge,16,7597.644146176846,206120.16253787797,4.199999999999999,9.348721696631282,9.348721696631282,28509.226148558006,19453.507713826155,8.276063082035821e-20,4.199999999999999,-0.0
21,CV-charge,17,7670.371418904119,206192.88981060524,4.2,8.908891956191711,8.908891956191711,28371.83849804218,19603.989340932923,8.276705575614345e-20,4.2,-0.0
21,CV-charge,18,7743.098691631392,206265.61708333253,4.2,8.49969134480986,8.49969134480986,28240.780331274516,19747.506113473795,8.279318544739285e-20,4.2,-0.0
21,CV-charge,19,7815.825964358664,206338.3443560598,4.2,8.118098704102941,8.118098704102941,28115.622667382264,19884.533022851876,8.274473644723131e-20,4.2,-0.0
21,CV-charge,20,7888.553237085937,206411.07162878706,4.2,7.761467580514154,7.761467580514154,27995.9778316874,20015.499061918126,8.258904205136005e-20,4.2,-0.0
21,CV-charge,21,7961.28050981321,206483.79890151435,4.2,7.427470632595166,7.427470632595166,27881.494455108346,20140.7928234569,8.259580264409025e-20,4.2,-0.0
21,CV-charge,22,8034.007782540482,206556.52617424162,4.199999999999999,7.11405428024439,7.11405428024439,27771.853186274777,20260.767296355767,8.255296062267985e-20,4.199999999999999,-0.0
21,CV-charge,23,8106.735055267755,206629.25344696888,4.2,6.819404290838144,6.819404290838144,27666.764292823213,20375.742567857702,8.257505395668842e-20,4.2,-0.0
21,CV-charge,24,8179.462327995028,206701.98071969615,4.2,6.541905708299158,6.541905708299158,27565.961628687674,20486.012521261924,8.262470262368016e-20,4.2,-0.0
21,CV-charge,25,8252.1896007223,206774.70799242344,4.2,6.280120875645409,6.280120875645409,27469.201597920724,20591.846005481635,8.265708269797949e-20,4.2,-0.0
21,CV-charge,26,8324.916873449574,206847.4352651507,4.199999999999999,6.032765993714404,6.032765993714404,27376.26057209409,20693.489719187764,8.267131588046831e-20,4.199999999999999,-0.0
21,CV-charge,27,8397.644146176846,206920.16253787797,4.2,5.7986916139997895,5.7986916139997895,27286.932795011846,20791.17054567401,8.258741574682716e-20,4.2,-0.0
21,CV-charge,28,8470.37141890412,206992.88981060524,4.2,5.576865969916025,5.576865969916025,27201.028547888374,20885.097596307733,8.264705097284794e-20,4.2,-0.0
21,CV-charge,29,8543.098691631392,207065.61708333253,4.2,5.366360684557602,5.366360684557602,27118.37253793922,20975.46400404048,8.257375502598576e-20,4.2,-0.0
21,CV-charge,30,8615.825964358664,207138.3443560598,4.2,5.1663384750826795,5.1663384750826795,27038.802479101643,21062.448502132986,8.25673196020021e-20,4.2,-0.0
21,CV-charge,31,8688.553237085936,207211.07162878706,4.2,4.976042540598372,4.976042540598372,26962.167838523364,21146.21681770541,8.261560157336008e-20,4.2,-0.0
21,CV-charge,32,8761.28050981321,207283.79890151435,4.2,4.794787374432774,4.794787374432774,26888.328726513235,21226.922905130523,8.250014798374667e-20,4.2,-0.0
21,CV-charge,33,8834.007782540482,207356.52617424162,4.200000000000001,4.621950785591344,4.621950785591344,26817.154911024205,21304.71004048516,8.24841950339583e-20,4.200000000000001,-0.0
21,CV-charge,34,8906.735055267756,207429.25344696888,4.2,4.456966950056644,4.456966950056644,26748.524940559546,21379.71179511276,8.265583837955488e-20,4.2,-0.0
21,CV-charge,35,8979.462327995028,207501.98071969615,4.2,4.2993203419163475,4.2993203419163475,26682.325361739935,21452.052903696236,8.27570111633425e-20,4.2,-0.0
21,CV-charge,36,9052.1896007223,207574.70799242344,4.2,4.1485404184362356,4.1485404184362356,26618.450019741456,21521.850040041983,8.274347473936225e-20,4.2,-0.0
21,CV-charge,37,9124.916873449574,207647.4352651507,4.2,4.004196953120537,4.004196953120537,26556.79943148554,21589.21251187727,8.292627339253624e-20,4.2,-0.0
21,CV-charge,38,9197.644146176846,207720.16253787797,4.200000000000001,3.8658959272279416,3.8658959272279416,26497.280222842626,21654.24288444402,8.300009087222467e-20,4.200000000000001,-0.0
21,CV-charge,39,9270.37141890412,207792.88981060524,4.2,3.7332759039586687,3.7332759039586687,26439.80462232114,21717.037541260645,8.300486134891357e-20,4.2,-0.0
21,CV-charge,40,9343.098691631392,207865.61708333253,4.2,3.6060048208820024,3.6060048208820024,26384.290004710474,21777.68718938985,8.31291252870834e-20,4.2,-0.0
21,CV-charge,41,9415.825964358664,207938.3443560598,4.200000000000001,3.4837771457308846,3.4837771457308846,26330.658479000616,21836.277315503394,8.313688493576895e-20,4.200000000000001,-0.0
21,CV-charge,42,9488.553237085936,208011.07162878706,4.2,3.366311348681064,3.366311348681064,26278.83651564485,21892.88859826557,8.30870078752298e-20,4.2,-0.0
21,CV-charge,43,9561.28050981321,208083.79890151435,4.2,3.2533476509502584,3.2533476509502584,26228.754608853786,21947.597281846683,8.310702952426338e-20,4.2,-0.0
21,CV-charge,44,9634.007782540482,208156.52617424162,4.2,3.144646015243425,3.144646015243425,26180.34697015112,22000.475514737813,8.317493920646225e-20,4.2,-0.0
21,CV-charge,45,9706.735055267756,208229.25344696888,4.200000000000001,3.0399843483327413,3.0399843483327413,26133.5512498795,22051.59165758747,8.316259753874076e-20,4.200000000000001,-0.0
21,CV-charge,46,9779.462327995028,208301.98071969615,4.2,2.9391568901744245,2.9391568901744245,26088.308283753882,22101.010563262047,8.319917632021226e-20,4.2,-0.0
21,CV-charge,47,9852.1896007223,208374.70799242344,4.199999999999999,2.841972767384239,2.841972767384239,26044.561861899703,22148.793832001553,8.321141088697936e-20,4.199999999999999,-0.0
21,CV-charge,48,9924.916873449574,208447.4352651507,4.200000000000001,2.748254691872751,2.748254691872751,26002.258518111805,22195.000044170636,8.320259575548649e-20,4.200000000000001,-0.0
21,CV-charge,49,9942.29974118058,208464.81813288172,4.200000000000001,2.7263936618115006,2.7263936618115006,25992.375070846512,22205.795216368813,8.320485460056721e-20,4.200000000000001,-0.0
22,CC-discharge,0,218.1818181818182,208682.99995106354,3.8555443145022545,-27.263836618115,-27.263836618115,25992.375070846512,22205.795216368813,8.320485460056721e-20,3.8555443145022545,0.0
22,CC-discharge,1,290.90909090909093,208755.7272237908,3.831432790718399,-27.263836618115,-27.263836618115,26557.494721000825,21671.295406742993,8.320483301748602e-20,3.831432790718399,0.5507845781437375
22,CC-discharge,2,363.6363636363637,208828.45449651807,3.8151425166101585,-27.263836618115,-27.263836618115,26977.082475263007,21217.81537744396,8.320486660923212e-20,3.8151425166101585,1.101569156287475
22,CC-discharge,3,436.3636363636364,208901.18176924536,3.7999553182671373,-27.263836618115,-27.263836618115,27394.80919701449,20764.360034315134,8.320486651225801e-20,3.7999553182671373,1.652353734431212
22,CC-discharge,4,509.0909090909091,208973.90904197263,3.7856047457571735,-27.263836618115,-27.263836618115,27812.506736701722,20310.904643479633,8.320486602611146e-20,3.7856047457571735,2.2031383125749495
22,CC-discharge,5,581.8181818181819,209046.6363146999,3.771928330263063,-27.263836618115,-27.263836618115,28230.202015836076,19857.449251940896,8.320486652835601e-20,3.771928330263063,2.753922890718687
22,CC-discharge,6,654.5454545454546,209119.36358742716,3.7588192258256563,-27.263836618115,-27.263836618115,28647.897119076424,19403.99386039152,8.320486590962114e-20,3.7588192258256563,3.3047074688624245
22,CC-discharge,7,727.2727272727274,209192.09086015445,3.7461828490763054,-27.263836618115,-27.263836618115,29065.592208563492,18950.538468842293,8.320486559521588e-20,3.7461828490763054,3.855492047006162
22,CC-discharge,8,800.0000000000001,209264.81813288172,3.733962338175402,-27.263836618115,-27.263836618115,29483.28729696906,18497.083077293166,8.320486607788523e-20,3.733962338175402,4.4062766251499
22,CC-discharge,9,872.7272727272727,209337.54540560898,3.722110082088993,-27.263836618115,-27.263836618115,29900.982385289073,18043.627685743508,8.320486641098942e-20,3.722110082088993,4.9570612032936365
22,CC-discharge,10,945.4545454545455,209410.27267833627,3.7105895928701966,-27.263836618115,-27.263836618115,30318.6774736023,17590.17229419398,8.320486643964704e-20,3.7105895928701966,5.507845781437374
22,CC-discharge,11,1018.1818181818182,209482.99995106354,3.69937264910116,-27.263836618115,-27.263836618115,30736.372561914926,17136.716902644457,8.320486605856598e-20,3.69937264910116,6.0586303595811115
22,CC-discharge,12,1090.909090909091,209555.7272237908,3.688437196258065,-27.263836618115,-27.263836618115,31154.067650227607,16683.26151109557,8.320486535172796e-20,3.688437196258065,6.609414937724849
22,CC-discharge,13,1163.6363636363637,209628.45449651807,3.6777657694958426,-27.263836618115,-27.263836618115,31571.76273854076,16229.806119546347,8.320486688187218e-20,3.6777657694958426,7.1601995158685865
22,CC-discharge,14,1236.3636363636365,209701.18176924536,3.667344280621888,-27.263836618115,-27.263836618115,31989.457826853304,15776.350727996854,8.320486568566475e-20,3.667344280621888,7.710984094012324
22,CC-discharge,15,1309.0909090909092,209773.90904197263,3.6571610584991334,-27.263836618115,-27.263836618115,32407.152915166174,15322.895336446854,8.320486599351099e-20,3.6571610584991334,8.261768672156062
22,CC-discharge,16,1381.818181818182,209846.6363146999,3.64720606440604,-27.263836618115,-27.263836618115,32824.84800347877,14869.439944897658,8.320486541831102e-20,3.64720606440604,8.8125532502998
22,CC-discharge,17,1454.5454545454547,209919.36358742716,3.637470223750895,-27.263836618115,-27.263836618115,33242.54309179145,14415.984553348431,8.320486553479456e-20,3.637470223750895,9.363337828443537
22,CC-discharge,18,1527.2727272727275,209992.09086015445,3.6279448288740985,-27.263836618115,-27.263836618115,33660.23818010435,13962.529161799315,8.320486609854169e-20,3.6279448288740985,9.914122406587275
22,CC-discharge,19,1600.0000000000002,210064.81813288172,3.6186209758773753,-27.263836618115,-27.263836618115,34077.93326841698,13509.073770250301,8.320486637339918e-20,3.6186209758773753,10.464906984731012
22,CC-discharge,20,1672.727272727273,210137.54540560898,3.6094890031055265,-27.263836618115,-27.263836618115,34495.62835672954,13055.61837870143,8.320486749926126e-20,3.6094890031055265,11.01569156287475
22,CC-discharge,21,1745.4545454545455,210210.27267833627,3.6005379019684884,-27.263836618115,-27.263836618115,34913.323445042035,12602.162987152089,8.320486856596848e-20,3.6005379019684884,11.566476141018486
22,CC-discharge,22,1818.1818181818182,210282.99995106354,3.5917546635857533,-27.263836618115,-27.263836618115,35331.01853335469,12148.70759560293,8.320486907244806e-20,3.5917546635857533,12.117260719162223
22,CC-discharge,23,1890.909090909091,210355.7272237908,3.5831230167806196,-27.263836618115,-27.263836618115,35748.71362166775,11695.252204053108,8.320486568734865e-20,3.5831230167806196,12.66804529730596
22,CC-discharge,24,1963.6363636363637,210428.45449651807,3.5746249286551732,-27.263836618115,-27.263836618115,36166.40870998046,11241.796812504092,8.320486506136741e-20,3.5746249286551732,13.218829875449698
22,CC-discharge,25,2036.3636363636365,210501.18176924536,3.566235508360864,-27.263836618115,-27.263836618115,36584.10379829353,10788.341420954685,8.320486733520683e-20,3.566235508360864,13.769614453593435
22,CC-discharge,26,2109.0909090909095,210573.90904197263,3.557924843984241,-27.263836618115,-27.263836618115,37001.79888660625,10334.886029405247,8.320486602269876e-20,3.557924843984241,14.320399031737175
22,CC-discharge,27,2181.818181818182,210646.6363146999,3.5496556126111107,-27.263836618115,-27.263836618115,37419.49397491879,9881.430637856038,8.320486201876871e-20,3.5496556126111107,14.87118360988091
22,CC-discharge,28,2254.545454545455,210719.36358742716,3.541381179262578,-27.263836618115,-27.263836618115,37837.18906323197,9427.975246306863,8.320490517984908e-20,3.541381179262578,15.42196818802465
22,CC-discharge,29,2327.2727272727275,210792.09086015445,3.533043198016853,-27.263836618115,-27.263836618115,38254.88415154505,8974.519854757746,8.320493784315631e-20,3.533043198016853,15.972752766168385
22,CC-discharge,30,2400.0,210864.81813288172,3.5245687810128414,-27.263836618115,-27.263836618115,38672.5792398579,8521.064463208833,8.320490124908647e-20,3.5245687810128414,16.52353734431212
22,CC-discharge,31,2472.727272727273,210937.54540560898,3.515867596989218,-27.263836618115,-27.263836618115,39090.27432817054,8067.609071659371,8.320496628745728e-20,3.515867596989218,17.07432192245586
22,CC-discharge,32,2545.4545454545455,211010.27267833627,3.5068246229125988,-27.263836618115,-27.263836618115,39507.969416483626,7614.153680110474,8.320497913560285e-20,3.5068246229125988,17.625106500599596
22,CC-discharge,33,2618.1818181818185,211082.99995106354,3.497299970185056,-27.263836618115,-27.263836618115,39925.66450479651,7160.69828856135,8.320506119006056e-20,3.497299970185056,18.175891078743334
22,CC-discharge,34,2690.909090909091,211155.7272237908,3.48711829773215,-27.263836618115,-27.263836618115,40343.35959310911,6707.242897012115,8.320515085085133e-20,3.48711829773215,18.72667565688707
22,CC-discharge,35,2763.636363636364,211228.45449651807,3.476061878945704,-27.263836618115,-27.263836618115,40761.05468142171,6253.787505463063,8.320539235653363e-20,3.476061878945704,19.27746023503081
22,CC-discharge,36,2836.3636363636365,211301.18176924536,3.4638615629410094,-27.263836618115,-27.263836618115,41178.74976973465,5800.332113914115,8.320524837964452e-20,3.4638615629410094,19.828244813174546
22,CC-discharge,37,2909.0909090909095,211373.90904197263,3.4501852917619225,-27.263836618115,-27.263836618115,41596.444858047704,5346.876722365069,8.320522442768274e-20,3.4501852917619225,20.379029391318284
22,CC-discharge,38,2981.818181818182,211446.6363146999,3.4346249788511733,-27.263836618115,-27.263836618115,42014.139946360076,4893.421330816023,8.320527635133056e-20,3.4346249788511733,20.92981396946202
22,CC-discharge,39,3054.545454545455,211519.36358742716,3.4166816629150114,-27.263836618115,-27.263836618115,42431.83503467286,4439.965939266862,8.320524425109563e-20,3.4166816629150114,21.48059854760576
22,CC-discharge,40,3127.2727272727275,211592.09086015445,3.3957495006431526,-27.263836618115,-27.263836618115,42849.53012298573,3986.510547717752,8.32052545979404e-20,3.3957495006431526,22.031383125749496
22,CC-discharge,41,3200.0000000000005,211664.81813288172,3.371099319242297,-27.263836618115,-27.263836618115,43267.2252112981,3533.0551561687016,8.32052763805185e-20,3.371099319242297,22.582167703893234
22,CC-discharge,42,3272.727272727273,211737.54540560898,3.341865143341413,-27.263836618115,-27.263836618115,43684.92029961087,3079.5997646196947,8.320465204372204e-20,3.341865143341413,23.13295228203697
22,CC-discharge,43,3345.454545454546,211810.27267833627,3.3070238342728846,-27.263836618115,-27.263836618115,44102.61538792426,2626.144373070622,8.320477954322238e-20,3.3070238342728846,23.68373686018071
22,CC-discharge,44,3418.1818181818185,211882.99995106354,3.2653666147977924,-27.263836618115,-27.263836618115,44520.310476236,2172.688981521597,8.320396591943803e-20,3.2653666147977924,24.234521438324446
22,CC-discharge,45,3490.909090909091,211955.7272237908,3.215270603395367,-27.263836618115,-27.263836618115,44938.00556454884,1719.233589972549,8.320326920258592e-20,3.215270603395367,24.785306016468184
22,CC-discharge,46,3563.636363636364,212028.45449651807,3.153221046180837,-27.263836618115,-27.263836618115,45355.70065286208,1265.7781984235112,8.320394098319757e-20,3.153221046180837,25.336090594611925
22,CC-discharge,47,3636.3636363636365,212101.18176924536,3.061051370652735,-27.263836618115,-27.263836618115,45773.395741174245,812.3228068744857,8.320396994491097e-20,3.061051370652735,25.886875172755662
22,CC-discharge,48,3662.909428010268,212127.72756089197,3.0000099999999996,-27.263836618115,-27.263836618115,45925.85638448386,646.8094871293298,8.320344324076715e-20,3.0000099999999996,26.08791409674241
22,CC-charge,0,3881.091246192086,212345.9093790738,3.7153525337119717,27.263836618115,27.263836618115,45925.85638448386,646.8094871293298,8.320344324076715e-20,3.7153525337119717,0.0
22,CC-charge,1,3953.818518919359,212418.63665180106,3.8214479608021246,27.263836618115,27.263836618115,45360.7414313019,1181.3070651063254,8.320346343515725e-20,3.8214479608021246,-0.0
22,CC-charge,2,4026.5457916466316,212491.36392452833,3.867785373154331,27.263836618115,27.263836618115,44941.15259178036,1634.7893269458777,8.320380803650542e-20,3.867785373154331,-0.0
22,CC-charge,3,4099.273064373904,212564.09119725562,3.905208698362365,27.263836618115,27.263836618115,44523.42010322625,2088.2446680965445,8.320387829619252e-20,3.905208698362365,-0.0
22,CC-charge,4,4172.000337101177,212636.81846998289,3.9364883721706647,27.263836618115,27.263836618115,44105.72451664094,2541.7000600118317,8.320405328671015e-20,3.9364883721706647,-0.0
22,CC-charge,5,4244.72760982845,212709.54574271015,3.962554726884399,27.263836618115,27.263836618115,43688.02942322425,2995.155451556519,8.320398927650579e-20,3.962554726884399,-0.0
22,CC-charge,6,4317.454882555723,212782.27301543741,3.9841777070469035,27.263836618115,27.263836618115,43270.33433497663,3448.610843105579,8.320404949133692e-20,3.9841777070469035,-0.0
22,CC-charge,7,4390.182155282995,212855.0002881647,4.002097228365583,27.263836618115,27.263836618115,42852.639246663115,3902.066234654569,8.320390587041773e-20,4.002097228365583,-0.0
22,CC-charge,8,4462.909428010268,212927.72756089197,4.016996128779461,27.263836618115,27.263836618115,42434.94415835025,4355.521626203528,8.32038457589364e-20,4.016996128779461,-0.0
22,CC-charge,9,4535.636700737541,213000.45483361924,4.0294781866619775,27.263836618115,27.263836618115,42017.24907003701,4808.977017752465,8.320378158488482e-20,4.0294781866619775,-0.0
22,CC-charge,10,4608.363973464813,213073.18210634653,4.040058958626421,27.263836618115,27.263836618115,41599.553981723264,5262.432409301366,8.320376634119366e-20,4.040058958626421,-0.0
22,CC-charge,11,4681.091246192086,213145.9093790738,4.049171701011648,27.263836618115,27.263836618115,41181.85889341008,5715.887800850385,8.320385303616916e-20,4.049171701011648,-0.0
22,CC-charge,12,4753.818518919359,213218.63665180106,4.057173870139406,27.263836618115,27.263836618115,40764.16380509686,6169.343192399294,8.320401087844691e-20,4.057173870139406,-0.0
22,CC-charge,13,4826.545791646632,213291.36392452833,4.064358049310726,27.263836618115,27.263836618115,40346.46871678372,6622.798583948336,8.32038936463987e-20,4.064358049310726,-0.0
22,CC-charge,14,4899.273064373905,213364.09119725562,4.070961605146598,27.263836618115,27.263836618115,39928.77362847067,7076.253975497317,8.320381883252901e-20,4.070961605146598,-0.0
22,CC-charge,15,4972.000337101177,213436.81846998289,4.077175968638214,27.263836618115,27.263836618115,39511.07854015736,7529.7093670461045,8.320379722134864e-20,4.077175968638214,-0.0
22,CC-charge,16,5044.72760982845,213509.54574271015,4.0831546180281455,27.263836618115,27.263836618115,39093.38345184434,7983.164758595073,8.320380735847062e-20,4.0831546180281455,-0.0
22,CC-charge,17,5117.454882555723,213582.27301543741,4.089020562185665,27.263836618115,27.263836618115,38675.68836353099,8436.620150143992,8.320381091649535e-20,4.089020562185665,-0.0
22,CC-charge,18,5190.182155282995,213655.0002881647,4.094871084368156,27.263836618115,27.263836618115,38257.99327521765,8890.075541693004,8.320388372731192e-20,4.094871084368156,-0.0
22,CC-charge,19,5262.909428010268,213727.72756089197,4.100783670956354,27.263836618115,27.263836618115,37840.298186904525,9343.530933241778,8.320388663764224e-20,4.100783670956354,-0.0
22,CC-charge,20,5335.636700737541,213800.45483361924,4.106819295131423,27.263836618115,27.263836618115,37422.60309859092,9796.986324790685,8.32038917265035e-20,4.106819295131423,-0.0
22,CC-charge,21,5408.363973464813,213873.18210634653,4.113025630872609,27.263836618115,27.263836618115,37004.90801027748,10250.441716339632,8.32038914642268e-20,4.113025630872609,-0.0
22,CC-charge,22,5481.091246192086,213945.9093790738,4.119441374834295,27.263836618115,27.263836618115,36587.2129219644,10703.897107888693,8.320389109531294e-20,4.119441374834295,-0.0
22,CC-charge,23,5553.818518919359,214018.63665180106,4.126095152462582,27.263836618115,27.263836618115,36169.517833650934,11157.352499437531,8.320389650044312e-20,4.126095152462582,-0.0
22,CC-charge,24,5626.545791646632,214091.36392452833,4.13300989867684,27.263836618115,27.263836618115,35751.822745337435,11610.80789098656,8.320389534053149e-20,4.13300989867684,-0.0
22,CC-charge,25,5699.273064373905,214164.09119725562,4.140203572172357,27.263836618115,27.263836618115,35334.12765702411,12064.26328253523,8.320389934437499e-20,4.140203572172357,-0.0
22,CC-charge,26,5772.000337101177,214236.81846998289,4.147690299221182,27.263836618115,27.263836618115,34916.432568710865,12517.718674083986,8.320389863226025e-20,4.147690299221182,-0.0
22,CC-charge,27,5844.72760982845,214309.54574271015,4.155481338186496,27.263836618115,27.263836618115,34498.73748039739,12971.174065632624,8.32039004832486e-20,4.155481338186496,-0.0
22,CC-charge,28,5917.454882555723,214382.27301543741,4.163587767338153,27.263836618115,27.263836618115,34081.04239208378,13424.629457181292,8.320390035409069e-20,4.163587767338153,-0.0
22,CC-charge,29,5990.182155282995,214455.0002881647,4.172014231506675,27.263836618115,27.263836618115,33663.34730377058,13878.084848729917,8.320391076622594e-20,4.172014231506675,-0.0
22,CC-charge,30,6062.909428010268,214527.72756089197,4.180769071144658,27.263836618115,27.263836618115,33245.65221545725,14331.540240278739,8.32039100994278e-20,4.180769071144658,-0.0
22,CC-charge,31,6135.636700737541,214600.45483361924,4.189859071550802,27.263836618115,27.263836618115,32827.95712714421,14784.995631827716,8.320391001768089e-20,4.189859071550802,-0.0
22,CC-charge,32,6208.363973464813,214673.18210634653,4.199291415797467,27.263836618115,27.263836618115,32410.262038830773,15238.451023376532,8.320390752481742e-20,4.199291415797467,-0.0
22,CC-charge,33,6213.645497395981,214678.4636302777,4.199990000000001,27.263836618115,27.263836618115,32379.928623014057,15271.381386531506,8.320390745234226e-20,4.199990000000001,-0.0
22,CV-charge,0,6431.827315577799,214896.64544845952,4.2,27.288368172763178,27.288368172763178,32379.928623014057,15271.381386531506,8.320390745234226e-20,4.2,0.0
22,CV-charge,1,6504.554588305072,214969.37272118678,4.2,24.209074370367222,24.209074370367222,31857.983523723236,15766.45592869332,9.737199544602084e-20,4.2,-0.0
22,CV-charge,2,6577.281861032345,215042.09999391405,4.199999999999999,22.264527582167812,22.264527582167812,31511.505659748043,16146.64050343234,9.391092096973135e-20,4.199999999999999,-0.0
22,CV-charge,3,6650.009133759617,215114.82726664134,4.2,20.56605170524183,20.56605170524183,31193.46684869336,16497.07905884623,1.2371033598894418e-19,4.2,-0.0
22,CV-charge,4,6722.73640648689,215187.5545393686,4.2,19.065350104351474,19.065350104351474,30898.556122100686,16821.837809545872,1.1921091253437208e-19,4.2,-0.0
22,CV-charge,5,6795.463679214163,215260.28181209587,4.2,17.73330812283991,17.73330812283991,30624.368929718534,17123.57693921838,1.2076101326394418e-19,4.2,-0.0
22,CV-charge,6,6868.190951941436,215333.00908482313,4.200000000000001,16.544986573973382,16.544986573973382,30368.663975819087,17404.806888032188,1.2551041134003604e-19,4.200000000000001,-0.0
22,CV-charge,7,6940.918224668708,215405.73635755043,4.200000000000001,15.479771109049697,15.479771109049697,30129.51436753867,17667.683895022452,1.1167316896944276e-19,4.200000000000001,-0.0
22,CV-charge,8,7013.645497395981,215478.4636302777,4.200000000000001,14.520595082287961,14.520595082287961,29905.263205156778,17914.059884431885,1.2996314787121663e-19,4.200000000000001,-0.0
22,CV-charge,9,7086.372770123254,215551.19090300496,4.199999999999999,13.653227351781897,13.653227351781897,29694.477069642337,18145.53525157991,1.364272136761518e-19,4.199999999999999,-0.0
22,CV-charge,10,7159.100042850527,215623.91817573225,4.2,12.865749314782004,12.865749314782004,29495.910450117386,18363.499151302887,1.327534374692543e-19,4.2,-0.0
22,CV-charge,11,7231.827315577799,215696.64544845952,4.2,12.148128605516183,12.148128605516183,29308.476681429594,18569.162382060968,1.4484501397817064e-19,4.2,-0.0
22,CV-charge,12,7304.554588305072,215769.37272118678,4.2,11.49182341842215,11.49182341842215,29131.210348239554,18763.599517724695,1.4705582948749015e-19,4.2,-0.0
22,CV-charge,13,7377.281861032345,215842.09999391405,4.200000000000001,10.889240565381773,10.889240565381773,28963.165370650542,18947.861120293142,1.549882432372445e-19,4.200000000000001,-0.0
22,CV-charge,14,7450.009133759617,215914.82726664134,4.2,10.33502373064816,10.33502373064816,28803.82797639537,19122.521387301742,1.5809606729933848e-19,4.2,-0.0
22,CV-charge,15,7522.73640648689,215987.5545393686,4.200000000000001,9.823015233934749,9.823015233934749,28652.293110463503,19288.582098368308,1.5795159127015504e-19,4.200000000000001,-0.0
22,CV-charge,16,7595.463679214163,216060.28181209587,4.2,9.34907164775417,9.34907164775417,28508.094583755443,19446.561912173736,1.5811870112085132e-19,4.2,-0.0
22,CV-charge,17,7668.190951941436,216133.00908482313,4.2,8.909212273548967,8.909212273548967,28370.70196370278,19597.04902275081,1.5810254425357709e-19,4.2,-0.0
22,CV-charge,18,7740.918224668709,216205.73635755043,4.2,8.499982512896372,8.499982512896372,28239.639276749036,19740.570789498815,1.5809645087889448e-19,4.2,-0.0
22,CV-charge,19,7813.645497395981,216278.4636302777,4.200000000000001,8.118361306333536,8.118361306333536,28114.477533016736,19877.60221336585,1.580995517769418e-19,4.200000000000001,-0.0
22,CV-charge,20,7886.372770123254,216351.19090300496,4.2,7.761702261122322,7.761702261122322,27994.82904778275,20008.572297904662,1.5811184356221547e-19,4.2,-0.0
22,CV-charge,21,7959.100042850527,216423.91817573225,4.200000000000001,7.427678074333883,7.427678074333883,27880.342441328572,20133.86964731762,1.5816002530875256e-19,4.200000000000001,-0.0
22,CV-charge,22,8031.827315577799,216496.64544845952,4.2,7.114235187867298,7.114235187867298,27770.69835129773,20253.84726233837,1.5817446970379434e-19,4.2,-0.0
22,CV-charge,23,8104.554588305072,216569.37272118678,4.200000000000001,6.819559359315209,6.819559359315209,27665.6070270296,20368.825250166912,1.5818793398336908e-19,4.200000000000001,-0.0
22,CV-charge,24,8177.281861032345,216642.09999391405,4.199999999999999,6.542035654250146,6.542035654250146,27564.8023184391,20479.097498273695,1.581925570479639e-19,4.199999999999999,-0.0
22,CV-charge,25,8250.009133759617,216714.82726664134,4.2,6.2802264110282735,6.2802264110282735,27468.04061874572,20584.932867397518,1.5820077738318908e-19,4.2,-0.0
22,CV-charge,26,8322.73640648689,216787.5545393686,4.200000000000001,6.032847821090379,6.032847821090379,27375.098288725952,20686.57806795261,1.5820824195136237e-19,4.200000000000001,-0.0
22,CV-charge,27,8395.463679214163,216860.28181209587,4.2,5.798750423505711,5.798750423505711,27285.769561577916,20784.25999478021,1.582305834601052e-19,4.2,-0.0
22,CV-charge,28,8468.190951941437,216933.00908482313,4.199999999999999,5.576902437323527,5.576902437323527,27199.864708130877,20878.18777056498,1.5835634342521292e-19,4.199999999999999,-0.0
22,CV-charge,29,8540.918224668709,217005.73635755043,4.199999999999999,5.366375470137327,5.366375470137327,27117.208425448054,20968.55453932369,1.5848315411634366e-19,4.199999999999999,-0.0
22,CV-charge,30,8613.64549739598,217078.4636302777,4.2,5.16633222309461,5.16633222309461,27037.63841756145,21055.539045118345,1.5874721930992134e-19,4.2,-0.0
22,CV-charge,31,8686.372770123253,217151.19090300496,4.2,4.976015879233685,4.976015879233685,26961.004141959802,21139.307025603513,1.5888593885359155e-19,4.2,-0.0
22,CV-charge,32,8759.100042850527,217223.91817573225,4.2,4.794740916092888,4.794740916092888,26887.165699535246,21220.01244542174,1.5864402589959299e-19,4.2,-0.0
22,CV-charge,33,8831.827315577799,217296.64544845952,4.2,4.621885127415905,4.621885127415905,26815.992849060938,21297.798590663446,1.5859737804390808e-19,4.2,-0.0
22,CV-charge,34,8904.554588305073,217369.37272118678,4.2,4.456882674615692,4.456882674615692,26747.36413008308,21372.799042435134,1.5854050645155274e-19,4.2,-0.0
22,CV-charge,35,8977.281861032345,217442.09999391405,4.2,4.299218018025925,4.299218018025925,26681.166080479565,21445.138544953803,1.58617171838145e-19,4.2,-0.0
22,CV-charge,36,9050.009133759617,217514.82726664134,4.199999999999999,4.14842060204538,4.14842060204538,26617.292536883047,21514.93378134028,1.5858197802022618e-19,4.199999999999999,-0.0
22,CV-charge,37,9122.73640648689,217587.5545393686,4.2,4.004060188237513,4.004060188237513,26555.644007855437,21582.294068436448,1.5859012474822708e-19,4.2,-0.0
22,CV-charge,38,9195.463679214163,217660.28181209587,4.2,3.865742746865838,3.865742746865838,26496.12711107859,21647.32198040164,1.5872653729007879e-19,4.2,-0.0
22,CV-charge,39,9268.190951941437,217733.00908482313,4.2,3.73310683107344,3.73310683107344,26438.65406702992,21710.113909508502,1.5867872494560681e-19,4.2,-0.0
22,CV-charge,40,9340.918224668709,217805.73635755043,4.200000000000001,3.6058203692878417,3.6058203692878417,26383.14224260738,21770.760571411138,1.5880837200942458e-19,4.200000000000001,-0.0
22,CV-charge,41,9413.64549739598,217878.4636302777,4.2,3.483577820986257,3.483577820986257,26329.51373903974,21829.347461233847,1.5882361749709836e-19,4.2,-0.0
22,CV-charge,42,9486.372770123253,217951.19090300496,4.2,3.366097648928156,3.366097648928156,26277.695019132716,21885.955265965862,1.5891065808480796e-19,4.2,-0.0
22,CV-charge,43,9559.100042850527,218023.91817573225,4.2,3.2531200677123597,3.2531200677123597,26227.61656955441,21940.66023798481,1.5889129594040825e-19,4.2,-0.0
22,CV-charge,44,9631.827315577799,218096.64544845952,4.2,3.1444050341580825,3.1444050341580825,26179.21259437634,21993.534533891885,1.5896561521054146e-19,4.2,-0.0
22,CV-charge,45,9704.554588305073,218169.37272118678,4.2,3.0397304498303317,3.0397304498303317,26132.420736569828,22044.646522351784,1.5895245379209823e-19,4.2,-0.0
22,CV-charge,46,9777.281861032345,218242.09999391405,4.199999999999999,2.9388905500925846,2.9388905500925846,26087.181824551346,22094.061064169957,1.5898697525200369e-19,4.199999999999999,-0.0
22,CV-charge,47,9850.009133759617,218314.82726664134,4.2,2.8416944575189387,2.8416944575189387,26043.439641209985,22141.83976745406,1.5901210909755662e-19,4.2,-0.0
22,CV-charge,48,9922.73640648689,218387.5545393686,4.200000000000001,2.7479648804607497,2.7479648804607497,26001.140713160446,22188.04122037529,1.5904556103916286e-19,4.200000000000001,-0.0
22,CV-charge,49,9939.885484650069,218404.70361753178,4.200000000000001,2.7263936618115,2.7263936618115,25991.390584208657,22198.690791229124,1.5903933397441085e-19,4.200000000000001,-0.0
23,CC-discharge,0,218.1818181818182,218622.8854357136,3.8555659214868476,-27.263836618115,-27.263836618115,25991.390584208657,22198.690791229124,1.5903933397441085e-19,3.8555659214868476,0.0
23,CC-discharge,1,290.90909090909093,218695.61270844087,3.8314484790628454,-27.263836618115,-27.263836618115,26556.51022871619,21664.190987694838,1.590392760208546e-19,3.8314484790628454,0.5507845781437375
23,CC-discharge,2,363.6363636363637,218768.33998116813,3.815154982385825,-27.263836618115,-27.263836618115,26976.09797523053,21210.710952392925,1.5903927168729497e-19,3.815154982385825,1.101569156287475
23,CC-discharge,3,436.3636363636364,218841.06725389542,3.7999652545671676,-27.263836618115,-27.263836618115,27393.82470903154,20757.255609175612,1.5903926990298012e-19,3.7999652545671676,1.652353734431212
23,CC-discharge,4,509.0909090909091,218913.7945266227,3.7856126976139457,-27.263836618115,-27.263836618115,27811.522249934602,20303.800218338944,1.5903927025908065e-19,3.7856126976139457,2.2031383125749495
23,CC-discharge,5,581.8181818181819,218986.52179934995,3.771934687888107,-27.263836618115,-27.263836618115,28229.21752918574,19850.344826800076,1.590392706812028e-19,3.771934687888107,2.753922890718687
23,CC-discharge,6,654.5454545454546,219059.24907207722,3.7588243054949646,-27.263836618115,-27.263836618115,28646.912632437212,19396.889435251087,1.5903926988291615e-19,3.7588243054949646,3.3047074688624245
23,CC-discharge,7,727.2727272727274,219131.9763448045,3.746186867160294,-27.263836618115,-27.263836618115,29064.60772192537,18943.43404370207,1.5903926981116608e-19,3.746186867160294,3.855492047006162
23,CC-discharge,8,800.0000000000001,219204.70361753178,3.73396547981382,-27.263836618115,-27.263836618115,29482.30281033118,18489.978652152742,1.5903926949099186e-19,3.73396547981382,4.4062766251499
23,CC-discharge,9,872.7272727272727,219277.43089025904,3.7221124948326665,-27.263836618115,-27.263836618115,29899.997898651054,18036.523260603637,1.5903926857190147e-19,3.7221124948326665,4.9570612032936365
23,CC-discharge,10,945.4545454545455,219350.15816298634,3.710591394862812,-27.263836618115,-27.263836618115,30317.692986964797,17583.067869054506,1.5903926908457153e-19,3.710591394862812,5.507845781437374
23,CC-discharge,11,1018.1818181818182,219422.8854357136,3.699373934819386,-27.263836618115,-27.263836618115,30735.388075277537,17129.61247750437,1.5903926721570537e-19,3.699373934819386,6.0586303595811115
23,CC-discharge,12,1090.909090909091,219495.61270844087,3.6884380404686894,-27.263836618115,-27.263836618115,31153.08316359083,16676.157085955212,1.5903926694351754e-19,3.6884380404686894,6.609414937724849
23,CC-discharge,13,1163.6363636363637,219568.33998116813,3.6777662298498415,-27.263836618115,-27.263836618115,31570.778251903663,16222.701694405725,1.590392668521532e-19,3.6777662298498415,7.1601995158685865
23,CC-discharge,14,1236.3636363636365,219641.06725389542,3.667344399146718,-27.263836618115,-27.263836618115,31988.47334021674,15769.246302856485,1.5903926774376356e-19,3.667344399146718,7.710984094012324
23,CC-discharge,15,1309.0909090909092,219713.7945266227,3.6571608621374248,-27.263836618115,-27.263836618115,32406.168428529098,15315.790911307036,1.5903926746838025e-19,3.6571608621374248,8.261768672156062
23,CC-discharge,16,1381.818181818182,219786.52179934995,3.647205564669017,-27.263836618115,-27.263836618115,32823.86351684236,14862.335519758031,1.5903926819209752e-19,3.647205564669017,8.8125532502998
23,CC-discharge,17,1454.5454545454547,219859.24907207722,3.6374694154877445,-27.263836618115,-27.263836618115,33241.55860515488,14408.880128208579,1.590392663090836e-19,3.6374694154877445,9.363337828443537
23,CC-discharge,18,1527.2727272727275,219931.9763448045,3.6279436881001836,-27.263836618115,-27.263836618115,33659.25369346765,13955.424736659086,1.5903926615107424e-19,3.6279436881001836,9.914122406587275
23,CC-discharge,19,1600.0000000000002,220004.70361753178,3.6186194565492777,-27.263836618115,-27.263836618115,34076.94878178044,13501.96934510966,1.5903926445579123e-19,3.6186194565492777,10.464906984731012
23,CC-discharge,20,1672.727272727273,220077.43089025904,3.6094870326729023,-27.263836618115,-27.263836618115,34494.643870093496,13048.513953560485,1.5903926448231697e-19,3.6094870326729023,11.01569156287475
23,CC-discharge,21,1745.4545454545455,220150.15816298634,3.6005353754744895,-27.263836618115,-27.263836618115,34912.33895840593,12595.058562010769,1.5903926546275215e-19,3.6005353754744895,11.566476141018486
23,CC-discharge,22,1818.1818181818182,220222.8854357136,3.5917514359848397,-27.263836618115,-27.263836618115,35330.034046718945,12141.603170461569,1.5903926443428837e-19,3.5917514359848397,12.117260719162223
23,CC-discharge,23,1890.909090909091,220295.61270844087,3.583118897809589,-27.263836618115,-27.263836618115,35747.72913503128,11688.147778912282,1.5903926674866197e-19,3.583118897809589,12.66804529730596
23,CC-discharge,24,1963.6363636363637,220368.33998116813,3.5746196550317695,-27.263836618115,-27.263836618115,36165.42422334416,11234.692387363059,1.5903926734405483e-19,3.5746196550317695,13.218829875449698
23,CC-discharge,25,2036.3636363636365,220441.06725389542,3.5662287443969847,-27.263836618115,-27.263836618115,36583.11931165705,10781.236995813999,1.590392721932221e-19,3.5662287443969847,13.769614453593435
23,CC-discharge,26,2109.0909090909095,220513.7945266227,3.557916156503383,-27.263836618115,-27.263836618115,37000.81439996938,10327.781604264957,1.5903926953609793e-19,3.557916156503383,14.320399031737175
23,CC-discharge,27,2181.818181818182,220586.52179934995,3.5496444464600048,-27.263836618115,-27.263836618115,37418.50948828193,9874.326212715981,1.5903926172599296e-19,3.5496444464600048,14.87118360988091
23,CC-discharge,28,2254.545454545455,220659.24907207722,3.541366825340219,-27.263836618115,-27.263836618115,37836.20457659487,9420.870821166876,1.5903927254864735e-19,3.541366825340219,15.42196818802465
23,CC-discharge,29,2327.2727272727275,220731.9763448045,3.5330247546422355,-27.263836618115,-27.263836618115,38253.89966490745,8967.415429617637,1.5903922450834762e-19,3.5330247546422355,15.972752766168385
23,CC-discharge,30,2400.0,220804.70361753178,3.5245451066683415,-27.263836618115,-27.263836618115,38671.5947532204,8513.96003806843,1.5903930227761992e-19,3.5245451066683415,16.52353734431212
23,CC-discharge,31,2472.727272727273,220877.43089025904,3.515837245615997,-27.263836618115,-27.263836618115,39089.289841533275,8060.504646519201,1.5903929984326532e-19,3.515837245615997,17.07432192245586
23,CC-discharge,32,2545.4545454545455,220950.15816298634,3.506785786989575,-27.263836618115,-27.263836618115,39506.98492984581,7607.049254969985,1.590393548500467e-19,3.506785786989575,17.625106500599596
23,CC-discharge,33,2618.1818181818185,221022.8854357136,3.4972503842038045,-27.263836618115,-27.263836618115,39924.68001815895,7153.593863420729,1.590393152254887e-19,3.4972503842038045,18.175891078743334
23,CC-discharge,34,2690.909090909091,221095.61270844087,3.4870551121477593,-27.263836618115,-27.263836618115,40342.37510647152,6700.138471871539,1.590392302528037e-19,3.4870551121477593,18.72667565688707
23,CC-discharge,35,2763.636363636364,221168.33998116813,3.475981549544187,-27.263836618115,-27.263836618115,40760.070194784465,6246.683080322358,1.5903927660138683e-19,3.475981549544187,19.27746023503081
23,CC-discharge,36,2836.3636363636365,221241.06725389542,3.463759687079764,-27.263836618115,-27.263836618115,41177.765283097484,5793.227688773124,1.5903927413753577e-19,3.463759687079764,19.828244813174546
23,CC-discharge,37,2909.0909090909095,221313.7945266227,3.450056423687044,-27.263836618115,-27.263836618115,41595.46037141,5339.772297224043,1.5903940431066304e-19,3.450056423687044,20.379029391318284
23,CC-discharge,38,2981.818181818182,221386.52179934995,3.4344624179060337,-27.263836618115,-27.263836618115,42013.15545972244,4886.316905674991,1.5903957080421782e-19,3.4344624179060337,20.92981396946202
23,CC-discharge,39,3054.545454545455,221459.24907207722,3.416477219723327,-27.263836618115,-27.263836618115,42430.85054803537,4432.861514125956,1.590396004495307e-19,3.416477219723327,21.48059854760576
23,CC-discharge,40,3127.2727272727275,221531.9763448045,3.39549325001399,-27.263836618115,-27.263836618115,42848.54563634772,3979.4061225768264,1.5903962295826545e-19,3.39549325001399,22.031383125749496
23,CC-discharge,41,3200.0000000000005,221604.70361753178,3.37077938730496,-27.263836618115,-27.263836618115,43266.24072466038,3525.950731027789,1.5903959907714578e-19,3.37077938730496,22.582167703893234
23,CC-discharge,42,3272.727272727273,221677.43089025904,3.3414675193266548,-27.263836618115,-27.263836618115,43683.93581297275,3072.495339478692,1.5903946991843774e-19,3.3414675193266548,23.13295228203697
23,CC-discharge,43,3345.454545454546,221750.15816298634,3.3065319813582197,-27.263836618115,-27.263836618115,44101.63090128555,2619.039947929599,1.5903923087999602e-19,3.3065319813582197,23.68373686018071
23,CC-discharge,44,3418.1818181818185,221822.8854357136,3.2647604995241135,-27.263836618115,-27.263836618115,44519.3259895979,2165.5845563805824,1.5903945187631353e-19,3.2647604995241135,24.234521438324446
23,CC-discharge,45,3490.909090909091,221895.61270844087,3.2145188734541428,-27.263836618115,-27.263836618115,44937.02107791121,1712.1291648315498,1.5903986138934282e-19,3.2145188734541428,24.785306016468184
23,CC-discharge,46,3563.636363636364,221968.33998116813,3.1522263027074504,-27.263836618115,-27.263836618115,45354.71616622388,1258.6737732824988,1.5903987149866109e-19,3.1522263027074504,25.336090594611925
23,CC-discharge,47,3636.3636363636365,222041.06725389542,3.0591066830725673,-27.263836618115,-27.263836618115,45772.41125453677,805.2183817334409,1.5903985418523115e-19,3.0591066830725673,25.886875172755662
23,CC-discharge,48,3661.8129491607183,222066.5165666925,3.000010000000002,-27.263836618115,-27.263836618115,45918.57448268574,646.5416203714432,1.5904100843887263e-19,3.000010000000002,26.079610146684256
23,CC-charge,0,3879.9947673425363,222284.69838487433,3.7153198423043334,27.263836618115,27.263836618115,45918.57448268574,646.5416203714432,1.5904100843887263e-19,3.7153198423043334,0.0
23,CC-charge,1,3952.7220400698093,222357.4256576016,3.8214824734785893,27.263836618115,27.263836618115,45353.45952960916,1181.0391983129186,1.5904079663959953e-19,3.8214824734785893,-0.0
23,CC-charge,2,4025.449312797082,222430.15293032886,3.8678248705413862,27.263836618115,27.263836618115,44933.87070247654,1634.5214600410761,1.5904098620000674e-19,3.8678248705413862,-0.0
23,CC-charge,3,4098.176585524355,222502.88020305615,3.9052508354356856,27.263836618115,27.263836618115,44516.13820162443,2087.9768013397897,1.590413124652653e-19,3.9052508354356856,-0.0
23,CC-charge,4,4170.903858251628,222575.6074757834,3.9365333053913862,27.263836618115,27.263836618115,44098.44261484562,2541.432193253904,1.5904129392649495e-19,3.9365333053913862,-0.0
23,CC-charge,5,4243.6311309789,222648.33474851068,3.962602703958793,27.263836618115,27.263836618115,43680.74752142628,2994.887584798579,1.5904126579242888e-19,3.962602703958793,-0.0
23,CC-charge,6,4316.358403706173,222721.06202123794,3.984228860613212,27.263836618115,27.263836618115,43263.05243317904,3448.3429763476756,1.5904129939432737e-19,3.984228860613212,-0.0
23,CC-charge,7,4389.085676433446,222793.78929396524,4.002151611822972,27.263836618115,27.263836618115,42845.35734486493,3901.798367896604,1.5904124883626624e-19,4.002151611822972,-0.0
23,CC-charge,8,4461.812949160719,222866.5165666925,4.017053757018557,27.263836618115,27.263836618115,42427.66225655095,4355.253759445463,1.5904107976423392e-19,4.017053757018557,-0.0
23,CC-charge,9,4534.540221887991,222939.24383941977,4.029539060355909,27.263836618115,27.263836618115,42009.96716823808,4808.709150994469,1.5904105603798746e-19,4.029539060355909,-0.0
23,CC-charge,10,4607.267494615264,223011.97111214706,4.040123079154277,27.263836618115,27.263836618115,41592.27207992419,5262.164542543311,1.590408108465273e-19,4.040123079154277,-0.0
23,CC-charge,11,4679.994767342537,223084.69838487433,4.0492390745757865,27.263836618115,27.263836618115,41174.576991610884,5715.619934092087,1.590408895408576e-19,4.0492390745757865,-0.0
23,CC-charge,12,4752.72204006981,223157.4256576016,4.057244510725895,27.263836618115,27.263836618115,40756.8819032977,6169.07532564098,1.5904091474356796e-19,4.057244510725895,-0.0
23,CC-charge,13,4825.449312797082,223230.15293032886,4.0644319779386375,27.263836618115,27.263836618115,40339.1868149844,6622.530717189874,1.590408708346936e-19,4.0644319779386375,-0.0
23,CC-charge,14,4898.176585524355,223302.88020305615,4.071038848901516,27.263836618115,27.263836618115,39921.491726671135,7075.986108738697,1.590408130730127e-19,4.071038848901516,-0.0
23,CC-charge,15,4970.903858251628,223375.6074757834,4.077256559249614,27.263836618115,27.263836618115,39503.796638357744,7529.441500287573,1.59040788850257e-19,4.077256559249614,-0.0
23,CC-charge,16,5043.6311309789,223448.33474851068,4.083238590368559,27.263836618115,27.263836618115,39086.10155004464,7982.896891836424,1.5904078396787326e-19,4.083238590368559,-0.0
23,CC-charge,17,5116.358403706173,223521.06202123794,4.089107953322411,27.263836618115,27.263836618115,38668.406461731305,8436.35228338533,1.5904081007074034e-19,4.089107953322411,-0.0
23,CC-charge,18,5189.085676433446,223593.78929396524,4.094961932195666,27.263836618115,27.263836618115,38250.71137341814,8889.807674934274,1.5904086117158513e-19,4.094961932195666,-0.0
23,CC-charge,19,5261.812949160719,223666.5165666925,4.100878013533093,27.263836618115,27.263836618115,37833.01628510441,9343.263066483487,1.5904087829492509e-19,4.100878013533093,-0.0
23,CC-charge,20,5334.540221887992,223739.24383941977,4.106917170361895,27.263836618115,27.263836618115,37415.32119679077,9796.718458032521,1.5904089428206975e-19,4.106917170361895,-0.0
23,CC-charge,21,5407.267494615264,223811.97111214706,4.113127075816677,27.263836618115,27.263836618115,36997.626108477365,10250.173849581317,1.5904089419025595e-19,4.113127075816677,-0.0
23,CC-charge,22,5479.994767342537,223884.69838487433,4.119546427181831,27.263836618115,27.263836618115,36579.931020164564,10703.62924113026,1.5904089288834866e-19,4.119546427181831,-0.0
23,CC-charge,23,5552.72204006981,223957.4256576016,4.126203849338104,27.263836618115,27.263836618115,36162.235931851,11157.084632678778,1.5904089757754034e-19,4.126203849338104,-0.0
23,CC-charge,24,5625.449312797082,224030.15293032886,4.133122277746203,27.263836618115,27.263836618115,35744.54084353764,11610.540024227246,1.5904089749966226e-19,4.133122277746203,-0.0
23,CC-charge,25,5698.176585524355,224102.88020305615,4.140319672689786,27.263836618115,27.263836618115,35326.84575522426,12063.995415775915,1.5904089823977554e-19,4.140319672689786,-0.0
23,CC-charge,26,5770.903858251628,224175.6074757834,4.147810163193128,27.263836618115,27.263836618115,34909.15066691086,12517.450807325033,1.5904089744184093e-19,4.147810163193128,-0.0
23,CC-charge,27,5843.6311309789,224248.33474851068,4.155605012010634,27.263836618115,27.263836618115,34491.45557859793,12970.906198873687,1.5904090184492282e-19,4.155605012010634,-0.0
23,CC-charge,28,5916.358403706174,224321.06202123794,4.163715303461928,27.263836618115,27.263836618115,34073.76049028486,13424.361590422446,1.5904090186670073e-19,4.163715303461928,-0.0
23,CC-charge,29,5989.085676433446,224393.78929396524,4.172145692342969,27.263836618115,27.263836618115,33656.065401970925,13877.816981971142,1.5904089494004833e-19,4.172145692342969,-0.0
23,CC-charge,30,6061.812949160718,224466.5165666925,4.1809045310165525,27.263836618115,27.263836618115,33238.37031365782,14331.272373519932,1.59040849122747e-19,4.1809045310165525,-0.0
23,CC-charge,31,6134.540221887992,224539.24383941977,4.18999862106254,27.263836618115,27.263836618115,32820.67522534464,14784.727765068825,1.5904086732768767e-19,4.18999862106254,-0.0
23,CC-charge,32,6207.267494615264,224611.97111214706,4.199435166999984,27.263836618115,27.263836618115,32402.980137031263,15238.183156617659,1.590408588696548e-19,4.199435166999984,-0.0
23,CC-charge,33,6211.461285328304,224616.1649028601,4.199990000000001,27.263836618115,27.263836618115,32378.893907525362,15264.33149050318,1.590408587961413e-19,4.199990000000001,-0.0
23,CV-charge,0,6429.643103510122,224834.34672104192,4.2,27.288372092145597,27.288372092145597,32378.893907525362,15264.33149050318,1.590408587961413e-19,4.2,0.0
23,CV-charge,1,6502.370376237395,224907.07399376918,4.199999999999999,24.209288192382513,24.209288192382513,31856.945849077452,15759.40873002297,1.603222230747759e-19,4.199999999999999,-0.0
23,CV-charge,2,6575.097648964668,224979.80126649645,4.2,22.264870690240834,22.264870690240834,31510.462892173295,16139.598452080067,1.8047332672044976e-19,4.2,-0.0
23,CV-charge,3,6647.82492169194,225052.52853922374,4.200000000000001,20.56647840119608,20.56647840119608,31192.417324248036,16490.04402686437,1.7437625521697837e-19,4.200000000000001,-0.0
23,CV-charge,4,6720.552194419213,225125.255811951,4.199999999999999,19.065829549342048,19.065829549342048,30897.499267921263,16814.81055562104,1.7075342476002349e-19,4.199999999999999,-0.0
23,CV-charge,5,6793.279467146486,225197.98308467827,4.2,17.733816591789346,17.733816591789346,30623.304218241992,17116.55811372335,1.7202234644958332e-19,4.2,-0.0
23,CV-charge,6,6866.006739873759,225270.71035740554,4.199999999999999,16.545507170458272,16.545507170458272,30367.591211370902,17397.79675749502,1.7868524950847619e-19,4.199999999999999,-0.0
23,CV-charge,7,6938.734012601031,225343.43763013283,4.2,15.480291490484667,15.480291490484667,30128.433536903613,17660.682513503245,1.8490115961137685e-19,4.2,-0.0
23,CV-charge,8,7011.461285328304,225416.1649028601,4.2,14.521106461520699,14.521106461520699,29904.17443959522,17907.06713795495,1.885368377194394e-19,4.2,-0.0
23,CV-charge,9,7084.188558055577,225488.89217558736,4.2,13.653723398853415,13.653723398853415,29693.38059838803,18138.55091178527,1.824110929622231e-19,4.2,-0.0
23,CV-charge,10,7156.915830782849,225561.61944831465,4.2,12.866225485029641,12.866225485029641,29494.806557060183,18356.52292496028,1.9489687457320606e-19,4.2,-0.0
23,CV-charge,11,7229.643103510122,225634.34672104192,4.2,12.148581783910544,12.148581783910544,29307.365716617976,18562.193899155005,1.8887179452223117e-19,4.2,-0.0
23,CV-charge,12,7302.370376237395,225707.07399376918,4.200000000000001,11.492251513319063,11.492251513319063,29130.092694157698,18756.638370019155,1.9631895055662336e-19,4.200000000000001,-0.0
23,CV-charge,13,7375.097648964668,225779.80126649645,4.2,10.889642475613062,10.889642475613062,28962.041509359373,18940.90678799382,1.9625511558581026e-19,4.2,-0.0
23,CV-charge,14,7447.824921691941,225852.52853922374,4.200000000000001,10.334990772232032,10.334990772232032,28802.5794246633,19115.703818017453,1.9618594076501386e-19,4.200000000000001,-0.0
23,CV-charge,15,7520.552194419213,225925.255811951,4.2,9.822985689513787,9.822985689513787,28651.044918925632,19281.764042016992,1.964489040725336e-19,4.2,-0.0
23,CV-charge,16,7593.279467146486,225997.98308467827,4.2,9.3490420489918,9.3490420489918,28506.846841574807,19439.74336834202,1.9678679345443294e-19,4.2,-0.0
23,CV-charge,17,7666.006739873759,226070.71035740554,4.2,8.909179901919329,8.909179901919329,28369.454708109613,19590.229956990595,1.9677802051254242e-19,4.2,-0.0
23,CV-charge,18,7738.734012601031,226143.43763013283,4.2,8.499945167070052,8.499945167070052,28238.392581548924,19733.751128645647,1.9676028223448692e-19,4.2,-0.0
23,CV-charge,19,7811.461285328304,226216.1649028601,4.199999999999999,8.118317219012239,8.118317219012239,28113.231499517336,19870.781852985932,1.9679919812681136e-19,4.199999999999999,-0.0
23,CV-charge,20,7884.188558055577,226288.89217558736,4.200000000000001,7.761650012928992,7.761650012928992,27993.583799456468,20001.751108415625,1.9683401658053557e-19,4.200000000000001,-0.0
23,CV-charge,21,7956.915830782849,226361.61944831465,4.199999999999999,7.427616530196218,7.427616530196218,27879.098119356568,20127.047479020654,1.9685095568385298e-19,4.199999999999999,-0.0
23,CV-charge,22,8029.643103510122,226434.34672104192,4.2,7.114163445998915,7.114163445998915,27769.455110919138,20247.023949542738,1.9682490465688886e-19,4.2,-0.0
23,CV-charge,23,8102.370376237395,226507.07399376918,4.199999999999999,6.819476692888886,6.819476692888886,27664.36502828043,20362.000621487998,1.9686601389014228e-19,4.199999999999999,-0.0
23,CV-charge,24,8175.097648964668,226579.80126649645,4.2,6.541941513172501,6.541941513172501,27563.56173608931,20472.271365677592,1.9689292296122974e-19,4.2,-0.0
23,CV-charge,25,8247.824921691941,226652.52853922374,4.200000000000001,6.280120377672356,6.280120377672356,27466.80163429189,20578.1050351842,1.969169699933657e-19,4.200000000000001,-0.0
23,CV-charge,26,8320.552194419213,226725.255811951,4.2,6.032729588013977,6.032729588013977,27373.861088576457,20679.748334744585,1.9692908844172816e-19,4.2,-0.0
23,CV-charge,27,8393.279467146487,226797.98308467827,4.2,5.798619775429291,5.798619775429291,27284.53433561374,20777.428155145444,1.9711140805547423e-19,4.2,-0.0
23,CV-charge,28,8466.00673987376,226870.71035740554,4.200000000000001,5.576759236337676,5.576759236337676,27198.631648489587,20871.353616379864,1.9715634154370953e-19,4.200000000000001,-0.0
23,CV-charge,29,8538.734012601031,226943.43763013283,4.2,5.366219643554249,5.366219643554249,27115.9777255048,20961.717860918245,1.9739464319259378e-19,4.2,-0.0
23,CV-charge,30,8611.461285328303,227016.1649028601,4.200000000000001,5.166163753431239,5.166163753431239,27036.41027106337,21048.699632247084,1.9764764619354196e-19,4.200000000000001,-0.0
23,CV-charge,31,8684.188558055577,227088.89217558736,4.2,4.975834795945898,4.975834795945898,26959.778742293453,21132.464668269306,1.9762164891861552e-19,4.2,-0.0
23,CV-charge,32,8756.91583078285,227161.61944831465,4.199999999999999,4.794547288729289,4.794547288729289,26885.943239097454,21213.16693457704,1.9775822894826034e-19,4.199999999999999,-0.0
23,CV-charge,33,8829.643103510123,227234.34672104192,4.2,4.621679059950606,4.621679059950606,26814.7735187214,21290.949718810527,1.9783506901222294e-19,4.2,-0.0
23,CV-charge,34,8902.370376237395,227307.07399376918,4.199999999999999,4.456664300745285,4.456664300745285,26746.148118721863,21365.946604148383,1.9778644093593918e-19,4.199999999999999,-0.0
23,CV-charge,35,8975.097648964667,227379.80126649645,4.200000000000001,4.298987497254363,4.298987497254363,26679.953574581963,21438.282337326324,1.979268495194109e-19,4.200000000000001,-0.0
23,CV-charge,36,9047.824921691941,227452.52853922374,4.199999999999999,4.148178116434416,4.148178116434416,26616.08372019076,21508.073604374276,1.9793329730045544e-19,4.199999999999999,-0.0
23,CV-charge,37,9120.552194419213,227525.255811951,4.199999999999999,4.003805939684853,4.003805939684853,26554.439061054505,21575.429725388887,1.978233729587587e-19,4.199999999999999,-0.0
23,CV-charge,38,9193.279467146487,227597.98308467827,4.2,3.8654769548431767,3.8654769548431767,26494.92621152801,21640.453278090237,1.9786705804471975e-19,4.2,-0.0
23,CV-charge,39,9266.00673987376,227670.71035740554,4.2,3.7328297307251117,3.7328297307251117,26437.457388517127,21703.240658578776,1.9783930459882157e-19,4.2,-0.0
23,CV-charge,40,9338.734012601031,227743.43763013283,4.199999999999999,3.605532209836664,3.605532209836664,26381.94995512993,21763.882586579373,1.9792913103087133e-19,4.199999999999999,-0.0
23,CV-charge,41,9411.461285328305,227816.1649028601,4.200000000000001,3.4832788643871253,3.4832788643871253,26328.326008607277,21822.46456150797,1.9801893726550067e-19,4.200000000000001,-0.0
23,CV-charge,42,9484.188558055577,227888.89217558736,4.2,3.36578816872501,3.36578816872501,26276.512007587604,21879.067274842873,1.9798328375169224e-19,4.2,-0.0
23,CV-charge,43,9556.915830782851,227961.61944831465,4.2,3.25280034806374,3.25280034806374,26226.438434407653,21933.76698363077,1.980158172038076e-19,4.2,-0.0
23,CV-charge,44,9629.643103510123,228034.34672104192,4.199999999999999,3.1440753689878105,3.1440753689878105,26178.039488654576,21986.635849311402,1.980905504775514e-19,4.199999999999999,-0.0
23,CV-charge,45,9702.370376237395,228107.07399376918,4.2,3.039391142097461,3.039391142097461,26131.252808678775,22037.74224553979,1.98134027012832e-19,4.2,-0.0
23,CV-charge,46,9775.097648964667,228179.80126649645,4.200000000000001,2.938541911128971,2.938541911128971,26086.019218143338,22087.151038257143,1.981271998911322e-19,4.200000000000001,-0.0
23,CV-charge,47,9847.824921691941,228252.52853922374,4.2,2.8413368064387168,2.8413368064387168,26042.282495063857,22134.923840835654,1.9811996176100768e-19,4.2,-0.0
23,CV-charge,48,9920.552194419213,228325.255811951,4.2,2.7475985436179635,2.7475985436179635,25999.989161070684,22181.119246836708,1.9810099172837023e-19,4.2,-0.0
23,CV-charge,49,9937.406882543384,228342.11050007518,4.200000000000001,2.7263936618115,2.7263936618115,25990.4068604558,22191.5855222769,1.9810687499200182e-19,4.200000000000001,-0.0
24,CC-discharge,0,218.1818181818182,228560.292318257,3.855587495756523,-27.263836618115,-27.263836618115,25990.4068604558,22191.5855222769,1.9810687499200182e-19,3.855587495756523,0.0
24,CC-discharge,1,290.90909090909093,228633.01959098427,3.831464137360844,-27.263836618115,-27.263836618115,26555.52649932148,21657.08572483445,1.9810690029772576e-19,3.831464137360844,0.5507845781437375
24,CC-discharge,2,363.6363636363637,228705.74686371154,3.8151674201631223,-27.263836618115,-27.263836618115,26975.114238076734,21203.605683530262,1.9810692012273862e-19,3.8151674201631223,1.101569156287475
24,CC-discharge,3,436.3636363636364,228778.47413643883,3.799975164681318,-27.263836618115,-27.263836618115,27392.840983931506,20750.15034022528,1.9810691977939358e-19,3.799975164681318,1.652353734431212
24,CC-discharge,4,509.0909090909091,228851.2014091661,3.785620624991257,-27.263836618115,-27.263836618115,27810.53852605104,20296.69494938695,1.981069192546634e-19,3.785620624991257,2.2031383125749495
24,CC-discharge,5,581.8181818181819,228923.92868189336,3.7719410225810863,-27.263836618115,-27.263836618115,28228.233805419968,19843.23955784831,1.9810691951456868e-19,3.7719410225810863,2.753922890718687
24,CC-discharge,6,654.5454545454546,228996.65595462063,3.7588293636735237,-27.263836618115,-27.263836618115,28645.928908682443,19389.784166299316,1.9810691941676083e-19,3.7588293636735237,3.3047074688624245
24,CC-discharge,7,727.2727272727274,229069.38322734792,3.746190865026859,-27.263836618115,-27.263836618115,29063.623998171348,18936.32877474977,1.9810691870114578e-19,3.746190865026859,3.855492047006162
24,CC-discharge,8,800.0000000000001,229142.11050007518,3.733968602392648,-27.263836618115,-27.263836618115,29481.319086577205,18482.873383200418,1.9810691847989514e-19,3.733968602392648,4.4062766251499
24,CC-discharge,9,872.7272727272727,229214.83777280245,3.7221148895668286,-27.263836618115,-27.263836618115,29899.014174898104,18029.41799165105,1.9810691942277898e-19,3.7221148895668286,4.9570612032936365
24,CC-discharge,10,945.4545454545455,229287.56504552974,3.7105931797921086,-27.263836618115,-27.263836618115,30316.709263211702,17575.96260010209,1.9810692046002692e-19,3.7105931797921086,5.507845781437374
24,CC-discharge,11,1018.1818181818182,229360.292318257,3.6993752043160164,-27.263836618115,-27.263836618115,30734.40435152485,17122.50720855265,1.9810692162054596e-19,3.6993752043160164,6.0586303595811115
24,CC-discharge,12,1090.909090909091,229433.01959098427,3.688438869189728,-27.263836618115,-27.263836618115,31152.099439838323,16669.051817003645,1.9810692062780763e-19,3.688438869189728,6.609414937724849
24,CC-discharge,13,1163.6363636363637,229505.74686371154,3.6777666753259433,-27.263836618115,-27.263836618115,31569.79452815109,16215.596425454449,1.9810692112451377e-19,3.6777666753259433,7.1601995158685865
24,CC-discharge,14,1236.3636363636365,229578.47413643883,3.6673445032682834,-27.263836618115,-27.263836618115,31987.48961646412,15762.141033905156,1.9810692171475283e-19,3.6673445032682834,7.710984094012324
24,CC-discharge,15,1309.0909090909092,229651.2014091661,3.657160651685935,-27.263836618115,-27.263836618115,32405.18470477707,15308.685642355591,1.9810692256301935e-19,3.657160651685935,8.261768672156062
24,CC-discharge,16,1381.818181818182,229723.92868189336,3.647205050961908,-27.263836618115,-27.263836618115,32822.87979308939,14855.230250806553,1.9810692310917201e-19,3.647205050961908,8.8125532502998
24,CC-discharge,17,1454.5454545454547,229796.65595462063,3.6374685931369597,-27.263836618115,-27.263836618115,33240.574881402456,14401.774859257137,1.9810692380475318e-19,3.6374685931369597,9.363337828443537
24,CC-discharge,18,1527.2727272727275,229869.38322734792,3.6279425328275967,-27.263836618115,-27.263836618115,33658.269969715235,13948.319467708096,1.9810692148572824e-19,3.6279425328275967,9.914122406587275
24,CC-discharge,19,1600.0000000000002,229942.11050007518,3.6186179219456127,-27.263836618115,-27.263836618115,34075.96505802808,13494.864076159025,1.9810692151296876e-19,3.6186179219456127,10.464906984731012
24,CC-discharge,20,1672.727272727273,230014.83777280245,3.6094850457297674,-27.263836618115,-27.263836618115,34493.66014634108,13041.408684609723,1.9810692189365956e-19,3.6094850457297674,11.01569156287475
24,CC-discharge,21,1745.4545454545455,230087.56504552974,3.600532830660197,-27.263836618115,-27.263836618115,34911.35523465364,12587.953293060984,1.9810692161808084e-19,3.600532830660197,11.566476141018486
24,CC-discharge,22,1818.1818181818182,230160.292318257,3.5917481875315924,-27.263836618115,-27.263836618115,35329.05032296664,12134.497901511617,1.9810692128648513e-19,3.5917481875315924,12.117260719162223
24,CC-discharge,23,1890.909090909091,230233.01959098427,3.583114754531728,-27.263836618115,-27.263836618115,35746.74541127963,11681.04250996223,1.9810692068639777e-19,3.583114754531728,12.66804529730596
24,CC-discharge,24,1963.6363636363637,230305.74686371154,3.574614352515074,-27.263836618115,-27.263836618115,36164.44049959248,11227.587118413318,1.981069215542161e-19,3.574614352515074,13.218829875449698
24,CC-discharge,25,2036.3636363636365,230378.47413643883,3.566221945526608,-27.263836618115,-27.263836618115,36582.13558790558,10774.131726864027,1.981069216505653e-19,3.566221945526608,13.769614453593435
24,CC-discharge,26,2109.0909090909095,230451.2014091661,3.5579074263155643,-27.263836618115,-27.263836618115,36999.830676218255,10320.676335315013,1.9810692164292861e-19,3.5579074263155643,14.320399031737175
24,CC-discharge,27,2181.818181818182,230523.92868189336,3.54963322756222,-27.263836618115,-27.263836618115,37417.52576453132,9867.220943766033,1.981068767898466e-19,3.54963322756222,14.87118360988091
24,CC-discharge,28,2254.545454545455,230596.65595462063,3.5413524058012738,-27.263836618115,-27.263836618115,37835.2208528439,9413.765552216939,1.9810682339303764e-19,3.5413524058012738,15.42196818802465
24,CC-discharge,29,2327.2727272727275,230669.38322734792,3.5330062292662827,-27.263836618115,-27.263836618115,38252.915941156614,8960.31016066776,1.9810685199103132e-19,3.5330062292662827,15.972752766168385
24,CC-discharge,30,2400.0,230742.11050007518,3.524521329554873,-27.263836618115,-27.263836618115,38670.611029469655,8506.854769118614,1.9810695410194997e-19,3.524521329554873,16.52353734431212
24,CC-discharge,31,2472.727272727273,230814.83777280245,3.5158067651960963,-27.263836618115,-27.263836618115,39088.30611778223,8053.39937756951,1.981068776349615e-19,3.5158067651960963,17.07432192245586
24,CC-discharge,32,2545.4545454545455,230887.56504552974,3.5067467891319795,-27.263836618115,-27.263836618115,39506.001206095054,7599.943986020489,1.9810687640250243e-19,3.5067467891319795,17.625106500599596
24,CC-discharge,33,2618.1818181818185,230960.292318257,3.497200594861582,-27.263836618115,-27.263836618115,39923.69629440812,7146.488594471446,1.9810666723620927e-19,3.497200594861582,18.175891078743334
24,CC-discharge,34,2690.909090909091,231033.01959098427,3.4869916714856855,-27.263836618115,-27.263836618115,40341.39138272062,6693.033202922372,1.9810685267069532e-19,3.4869916714856855,18.72667565688707
24,CC-discharge,35,2763.636363636364,231105.74686371154,3.475900900652035,-27.263836618115,-27.263836618115,40759.08647103278,6239.577811373283,1.9810660785989952e-19,3.475900900652035,19.27746023503081
24,CC-discharge,36,2836.3636363636365,231178.47413643883,3.4636574118199452,-27.263836618115,-27.263836618115,41176.78155934536,5786.122419823953,1.9810639346907125e-19,3.4636574118199452,19.828244813174546
24,CC-discharge,37,2909.0909090909095,231251.2014091661,3.4499270575490426,-27.263836618115,-27.263836618115,41594.4766476582,5332.667028274772,1.9810622446953012e-19,3.4499270575490426,20.379029391318284
24,CC-discharge,38,2981.818181818182,231323.92868189336,3.434299237784147,-27.263836618115,-27.263836618115,42012.17173597064,4879.211636725713,1.9810616343070202e-19,3.434299237784147,20.92981396946202
24,CC-discharge,39,3054.545454545455,231396.65595462063,3.416272009797462,-27.263836618115,-27.263836618115,42429.86682428313,4425.756245176575,1.9810616809202042e-19,3.416272009797462,21.48059854760576
24,CC-discharge,40,3127.2727272727275,231469.38322734792,3.39523605478133,-27.263836618115,-27.263836618115,42847.56191259567,3972.3008536275356,1.9810623866999816e-19,3.39523605478133,22.031383125749496
24,CC-discharge,41,3200.0000000000005,231542.11050007518,3.3704582984855724,-27.263836618115,-27.263836618115,43265.25700090837,3518.845462078428,1.9810623351827132e-19,3.3704582984855724,22.582167703893234
24,CC-discharge,42,3272.727272727273,231614.83777280245,3.341068489659813,-27.263836618115,-27.263836618115,43682.952089220904,3065.390070529352,1.9810679967683675e-19,3.341068489659813,23.13295228203697
24,CC-discharge,43,3345.454545454546,231687.56504552974,3.306038427629534,-27.263836618115,-27.263836618115,44100.64717753329,2611.9346789803312,1.9810735194744663e-19,3.306038427629534,23.68373686018071
24,CC-discharge,44,3418.1818181818185,231760.292318257,3.2641523027819583,-27.263836618115,-27.263836618115,44518.3422658459,2158.4792874312293,1.9810684479419187e-19,3.2641523027819583,24.234521438324446
24,CC-discharge,45,3490.909090909091,231833.01959098427,3.2137643230213393,-27.263836618115,-27.263836618115,44936.03735415799,1705.023895882193,1.981067690201176e-19,3.2137643230213393,24.785306016468184
24,CC-discharge,46,3563.636363636364,231905.74686371154,3.1512255421548327,-27.263836618115,-27.263836618115,45353.732442471446,1251.5685043331666,1.981067083698031e-19,3.1512255421548327,25.336090594611925
24,CC-discharge,47,3636.3636363636365,231978.47413643883,3.0571303698886125,-27.263836618115,-27.263836618115,45771.427530784,798.1131127841344,1.9810675985498146e-19,3.0571303698886125,25.886875172755662
24,CC-discharge,48,3660.7181147659107,232002.8286148411,3.000010000000001,-27.263836618115,-27.263836618115,45911.3027883808,646.2626566108465,1.981060282670755e-19,3.000010000000001,26.071318650555387
24,CC-charge,0,3878.8999329477288,232221.01043302292,3.7152825825114433,27.263836618115,27.263836618115,45911.3027883808,646.2626566108465,1.981060282670755e-19,3.7152825825114433,0.0
24,CC-charge,1,3951.6272056750017,232293.7377057502,3.821515608067886,27.263836618115,27.263836618115,45346.18783543112,1180.7602345016182,1.9810603887505668e-19,3.821515608067886,-0.0
24,CC-charge,2,4024.3544784022743,232366.46497847745,3.867863328966722,27.263836618115,27.263836618115,44926.59902120549,1634.2424961270601,1.9810594604555393e-19,3.867863328966722,-0.0
24,CC-charge,3,4097.081751129547,232439.19225120475,3.9052921189254297,27.263836618115,27.263836618115,44508.86650752495,2087.697837580389,1.9810607943464705e-19,3.9052921189254297,-0.0
24,CC-charge,4,4169.80902385682,232511.919523932,3.9365775360697466,27.263836618115,27.263836618115,44091.170920544195,2541.153229493248,1.9810593403295384e-19,3.9365775360697466,-0.0
24,CC-charge,5,4242.536296584092,232584.64679665928,3.962650107584762,27.263836618115,27.263836618115,43673.47582712086,2994.608621037966,1.9810596049659948e-19,3.962650107584762,-0.0
24,CC-charge,6,4315.263569311365,232657.37406938654,3.9842795493155596,27.263836618115,27.263836618115,43255.780738873655,3448.0640125870777,1.981059725434624e-19,3.9842795493155596,-0.0
24,CC-charge,7,4387.990842038638,232730.10134211383,4.002205619918167,27.263836618115,27.263836618115,42838.08565055959,3901.519404135958,1.9810599120530103e-19,4.002205619918167,-0.0
24,CC-charge,8,4460.718114765911,232802.8286148411,4.017111082383185,27.263836618115,27.263836618115,42420.39056224648,4354.974795684937,1.9810592268804686e-19,4.017111082383185,-0.0
24,CC-charge,9,4533.445387493183,232875.55588756836,4.029599688954657,27.263836618115,27.263836618115,42002.695473933025,4808.430187233874,1.9810573314589048e-19,4.029599688954657,-0.0
24,CC-charge,10,4606.172660220456,232948.28316029566,4.040186999993153,27.263836618115,27.263836618115,41585.000385619656,5261.885578782742,1.9810560807771016e-19,4.040186999993153,-0.0
24,CC-charge,11,4678.899932947729,233021.01043302292,4.049306283555642,27.263836618115,27.263836618115,41167.305297306215,5715.340970331587,1.981056674156127e-19,4.049306283555642,-0.0
24,CC-charge,12,4751.627205675002,233093.7377057502,4.0573150133802605,27.263836618115,27.263836618115,40749.61020899275,6168.796361880585,1.9810569143030455e-19,4.0573150133802605,-0.0
24,CC-charge,13,4824.354478402274,233166.46497847745,4.064505788389046,27.263836618115,27.263836618115,40331.915120679485,6622.251753429524,1.9810568428052638e-19,4.064505788389046,-0.0
24,CC-charge,14,4897.081751129547,233239.19225120475,4.071115988641174,27.263836618115,27.263836618115,39914.22003236594,7075.707144978422,1.9810559769997436e-19,4.071115988641174,-0.0
24,CC-charge,15,4969.80902385682,233311.919523932,4.077337055494684,27.263836618115,27.263836618115,39496.52494405246,7529.162536527219,1.981056211114141e-19,4.077337055494684,-0.0
24,CC-charge,16,5042.536296584092,233384.64679665928,4.083322474359564,27.263836618115,27.263836618115,39078.82985573928,7982.617928076257,1.9810561318312742e-19,4.083322474359564,-0.0
24,CC-charge,17,5115.263569311365,233457.37406938654,4.089195259225911,27.263836618115,27.263836618115,38661.13476742651,8436.073319625164,1.9810560034427586e-19,4.089195259225911,-0.0
24,CC-charge,18,5187.990842038638,233530.10134211383,4.095052695587128,27.263836618115,27.263836618115,38243.43967911303,8889.528711174115,1.981056038693011e-19,4.095052695587128,-0.0
24,CC-charge,19,5260.718114765911,233602.8286148411,4.100972270617403,27.263836618115,27.263836618115,37825.744590799586,9342.98410272298,1.9810559630656188e-19,4.100972270617403,-0.0
24,CC-charge,20,5333.445387493184,233675.55588756836,4.107014957584172,27.263836618115,27.263836618115,37408.0495024862,9796.439494271704,1.9810560133312902e-19,4.107014957584172,-0.0
24,CC-charge,21,5406.172660220456,233748.28316029566,4.113228429076824,27.263836618115,27.263836618115,36990.35441417313,10249.894885820651,1.9810560109150567e-19,4.113228429076824,-0.0
24,CC-charge,22,5478.899932947729,233821.01043302292,4.119651383279716,27.263836618115,27.263836618115,36572.65932585905,10703.350277369611,1.9810560058823468e-19,4.119651383279716,-0.0
24,CC-charge,23,5551.627205675002,233893.7377057502,4.126312444704312,27.263836618115,27.263836618115,36154.96423754541,11156.805668918325,1.9810558655843398e-19,4.126312444704312,-0.0
24,CC-charge,24,5624.354478402274,233966.46497847745,4.133234549516082,27.263836618115,27.263836618115,35737.26914923279,11610.261060467183,1.981055873774167e-19,4.133234549516082,-0.0
24,CC-charge,25,5697.081751129547,234039.19225120475,4.1404356597262355,27.263836618115,27.263836618115,35319.57406091966,12063.71645201603,1.981055861817358e-19,4.1404356597262355,-0.0
24,CC-charge,26,5769.80902385682,234111.919523932,4.147929907225664,27.263836618115,27.263836618115,34901.8789726064,12517.171843565293,1.9810558747272697e-19,4.147929907225664,-0.0
24,CC-charge,27,5842.536296584092,234184.64679665928,4.155728559258857,27.263836618115,27.263836618115,34484.1838842934,12970.627235114063,1.981055870772986e-19,4.155728559258857,-0.0
24,CC-charge,28,5915.263569311366,234257.37406938654,4.163842706268372,27.263836618115,27.263836618115,34066.48879597988,13424.082626662876,1.9810558727737588e-19,4.163842706268372,-0.0
24,CC-charge,29,5987.990842038638,234330.10134211383,4.1722770131258615,27.263836618115,27.263836618115,33648.7937076666,13877.53801821149,1.981055830084408e-19,4.1722770131258615,-0.0
24,CC-charge,30,6060.71811476591,234402.8286148411,4.181039844168896,27.263836618115,27.263836618115,33231.098619353026,14330.99340975997,1.9810556240445694e-19,4.181039844168896,-0.0
24,CC-charge,31,6133.445387493184,234475.55588756836,4.190138017337983,27.263836618115,27.263836618115,32813.403531039956,14784.448801308994,1.9810559875050487e-19,4.190138017337983,-0.0
24,CC-charge,32,6206.172660220456,234548.28316029566,4.199578758685186,27.263836618115,27.263836618115,32395.70844272657,15237.90419285789,1.981056522845531e-19,4.199578758685186,-0.0
24,CC-charge,33,6209.280827413257,234551.39132748844,4.19999,27.263836618115,27.263836618115,32377.857282887875,15257.283651464788,1.9810565239553352e-19,4.19999,-0.0
24,CV-charge,0,6427.462645595075,234769.57314567026,4.2,27.288357172073393,27.288357172073393,32377.857282887875,15257.283651464788,1.9810565239553352e-19,4.2,0.0
24,CV-charge,1,6500.189918322348,234842.30041839753,4.199999999999999,24.209486678002214,24.209486678002214,31855.906605596338,15752.36326488257,1.8917189676395261e-19,4.199999999999999,-0.0
24,CV-charge,2,6572.917191049621,234915.0276911248,4.200000000000001,22.265200529402865,22.265200529402865,31509.418763917536,16132.557903135472,1.7860134317379737e-19,4.200000000000001,-0.0
24,CV-charge,3,6645.644463776893,234987.7549638521,4.2,20.566893544823262,20.566893544823262,31191.36661939133,16483.01029628005,2.0243236178374238e-19,4.2,-0.0
24,CV-charge,4,6718.371736504166,235060.48223657935,4.2,19.06629887911929,19.06629887911929,30896.441390872875,16807.784427603674,1.9451939991259809e-19,4.2,-0.0
24,CV-charge,5,6791.099009231439,235133.20950930662,4.2,17.734316155409424,17.734316155409424,30622.23862257762,17109.54025982563,1.8962513012921138e-19,4.2,-0.0
24,CV-charge,6,6863.826281958712,235205.93678203388,4.200000000000001,16.546019885268336,16.546019885268336,30366.517685414106,17390.787462201744,1.8920515787018376e-19,4.200000000000001,-0.0
24,CV-charge,7,6936.553554685984,235278.66405476118,4.200000000000001,15.480804860460587,15.480804860460587,30127.352053805815,17653.681846153144,1.828144711246819e-19,4.200000000000001,-0.0
24,CV-charge,8,7009.280827413257,235351.39132748844,4.199999999999999,14.521611572990162,14.521611572990162,29903.08511897823,17900.074997601678,1.8507386993451074e-19,4.199999999999999,-0.0
24,CV-charge,9,7082.00810014053,235424.1186002157,4.199999999999999,13.654213817203908,13.654213817203908,29692.283659508714,18131.567081227407,1.8611860307105355e-19,4.199999999999999,-0.0
24,CV-charge,10,7154.735372867803,235496.845872943,4.2,12.866696578464978,12.866696578464978,29493.702275221953,18349.547120558473,1.8791130769617325e-19,4.2,-0.0
24,CV-charge,11,7227.462645595075,235569.57314567026,4.2,12.149030364142657,12.149030364142657,29306.25443438798,18555.22575924405,1.9022311291569217e-19,4.2,-0.0
24,CV-charge,12,7300.189918322348,235642.30041839753,4.199999999999999,11.492675427237405,11.492675427237405,29128.974787525032,18749.677493604522,2.071989082244476e-19,4.199999999999999,-0.0
24,CV-charge,13,7372.917191049621,235715.0276911248,4.199999999999999,10.890440623993621,10.890440623993621,28961.03076674834,18933.828369950825,2.0429135455099418e-19,4.199999999999999,-0.0
24,CV-charge,14,7445.644463776893,235787.7549638521,4.2,10.335731113993603,10.335731113993603,28801.55729459935,19108.638002654123,2.0167518115121997e-19,4.2,-0.0
24,CV-charge,15,7518.371736504166,235860.48223657935,4.2,9.823670925061384,9.823670925061384,28650.01217060664,19274.709918070388,2.0195768287088182e-19,4.2,-0.0
24,CV-charge,16,7591.099009231439,235933.20950930662,4.2,9.349674994778802,9.349674994778802,28505.80428584485,19432.700048963,2.0237355649147341e-19,4.2,-0.0
24,CV-charge,17,7663.826281958712,236005.93678203388,4.200000000000001,8.909763223753629,8.909763223753629,28368.403113953726,19583.196599288152,2.0236362712484754e-19,4.200000000000001,-0.0
24,CV-charge,18,7736.553554685985,236078.66405476118,4.199999999999999,8.500481344220793,8.500481344220793,28237.332678101055,19726.726933555266,2.0239963910881084e-19,4.199999999999999,-0.0
24,CV-charge,19,7809.280827413257,236151.39132748844,4.199999999999999,8.11880858063738,8.11880858063738,28112.16397954781,19863.766061389586,2.0240315015565091e-19,4.199999999999999,-0.0
24,CV-charge,20,7882.00810014053,236224.1186002157,4.200000000000001,7.762098736268254,7.762098736268254,27992.509321774538,19994.74299851914,2.023504811488303e-19,4.200000000000001,-0.0
24,CV-charge,21,7954.735372867803,236296.845872943,4.2,7.428024648805469,7.428024648805469,27878.017311067826,20120.046363882244,2.023746132906961e-19,4.2,-0.0
24,CV-charge,22,8027.462645595075,236369.57314567026,4.200000000000001,7.1145328587848535,7.1145328587848535,27768.368569529295,20240.029174755462,2.02362056608825e-19,4.200000000000001,-0.0
24,CV-charge,23,8100.189918322348,236442.30041839753,4.2,6.819809151963009,6.819809151963009,27663.27331583094,20355.011571667827,2.0239441252946482e-19,4.2,-0.0
24,CV-charge,24,8172.917191049621,236515.0276911248,4.2,6.5422386772470675,6.5422386772470675,27562.465396647072,20465.28744510463,2.0239244369243683e-19,4.2,-0.0
24,CV-charge,25,8245.644463776893,236587.7549638521,4.2,6.280383799066652,6.280383799066652,27465.701188030234,20571.125674463998,2.0237981246055114e-19,4.2,-0.0
24,CV-charge,26,8318.371736504167,236660.48223657935,4.2,6.032960720905801,6.032960720905801,27372.75703318268,20672.77298918617,2.023591165711501e-19,4.2,-0.0
24,CV-charge,27,8391.099009231439,236733.20950930662,4.2,5.798819983954611,5.798819983954611,27283.42714769381,20770.45630321944,2.028263966390284e-19,4.2,-0.0
24,CV-charge,28,8463.82628195871,236805.93678203388,4.2,5.576929802154653,5.576929802154653,27197.52178484661,20864.38475830522,2.0283828725854172e-19,4.2,-0.0
24,CV-charge,29,8536.553554685985,236878.66405476118,4.199999999999999,5.366361772887372,5.366361772887372,27114.86562430863,20954.751517372333,2.029262526649094e-19,4.199999999999999,-0.0
24,CV-charge,30,8609.280827413257,236951.39132748844,4.2,5.166278583602604,5.166278583602604,27035.29635292016,21041.73534318524,2.0284708386063448e-19,4.2,-0.0
24,CV-charge,31,8682.00810014053,237024.1186002157,4.200000000000001,4.975923401407197,4.975923401407197,26958.663411219262,21125.50199184568,2.029472669686773e-19,4.200000000000001,-0.0
24,CV-charge,32,8754.735372867803,237096.845872943,4.2,4.794610686632406,4.794610686632406,26884.82688341151,21206.205446162898,2.0284080513923204e-19,4.2,-0.0
24,CV-charge,33,8827.462645595075,237169.57314567026,4.2,4.621718215257552,4.621718215257552,26813.65651185156,21283.98901010068,2.0310474716058063e-19,4.2,-0.0
24,CV-charge,34,8900.189918322347,237242.30041839753,4.2,4.456680130939128,4.456680130939128,26745.030819945398,21358.986282346752,2.0321517000020488e-19,4.2,-0.0
24,CV-charge,35,8972.91719104962,237315.0276911248,4.2,4.298980876656099,4.298980876656099,26678.836329693473,21431.32202440241,2.0347374198925519e-19,4.2,-0.0
24,CV-charge,36,9045.644463776893,237387.7549638521,4.2,4.148149880163823,4.148149880163823,26614.966862111043,21501.112936394777,2.0341007731910824e-19,4.2,-0.0
24,CV-charge,37,9118.371736504167,237460.48223657935,4.2,4.003756887294559,4.003756887294559,26553.32291038343,21568.468351903335,2.0340020753964987e-19,4.2,-0.0
24,CV-charge,38,9191.099009231439,237533.20950930662,4.2,3.8654078536450505,3.8654078536450505,26493.811077044826,21633.490861578844,2.0329157284658038e-19,4.2,-0.0
24,CV-charge,39,9263.82628195871,237605.93678203388,4.2,3.7327413188346834,3.7327413188346834,26436.343567634405,21696.276873950785,2.0316677913607875e-19,4.2,-0.0
24,CV-charge,40,9336.553554685985,237678.66405476118,4.2,3.6054251989558512,3.6054251989558512,26380.837734303408,21756.917120721486,2.0302358441930207e-19,4.2,-0.0
24,CV-charge,41,9409.280827413257,237751.39132748844,4.2,3.483153942345367,3.483153942345367,26327.21566370666,21815.49711286916,2.0300584426478994e-19,4.2,-0.0
24,CV-charge,42,9482.00810014053,237824.1186002157,4.200000000000001,3.3656460017967613,3.3656460017967613,26275.403804231944,21872.097553068244,2.030296336174978e-19,4.200000000000001,-0.0
24,CV-charge,43,9554.735372867803,237896.845872943,4.200000000000001,3.25264158307262,3.25264158307262,26225.332628266897,21926.794709224698,2.0299251449499365e-19,4.200000000000001,-0.0
24,CV-charge,44,9627.462645595075,237969.57314567026,4.200000000000001,3.143900635221588,3.143900635221588,26176.93632572295,21979.66075333484,2.0299351375744438e-19,4.200000000000001,-0.0
24,CV-charge,45,9700.189918322347,238042.30041839753,4.2,3.0392010530334637,3.0392010530334637,26130.152525519297,22030.764069341494,2.0301239415400575e-19,4.2,-0.0
24,CV-charge,46,9772.91719104962,238115.0276911248,4.199999999999999,2.9383370659953636,2.9383370659953636,26084.92204211029,22080.169533224387,2.0306130503022008e-19,4.199999999999999,-0.0
24,CV-charge,47,9845.644463776893,238187.7549638521,4.200000000000001,2.8411177916122123,2.8411177916122123,26041.18864450311,22127.938768178654,2.0303911144596578e-19,4.200000000000001,-0.0
24,CV-charge,48,9918.371736504167,238260.48223657935,4.2,2.7473659338667153,2.7473659338667153,25998.898845498188,22174.13037738455,2.0303415398751465e-19,4.2,-0.0
24,CV-charge,49,9935.038091809209,238277.14859188438,4.2,2.7263936618115,2.7263936618115,25989.42389543441,22184.479413996585,2.0303117288675949e-19,4.2,-0.0
25,CC-discharge,0,218.1818181818182,238495.3304100662,3.8556090375118726,-27.263836618115,-27.263836618115,25989.42389543441,22184.479413996585,2.0303117288675949e-19,3.8556090375118726,0.0
25,CC-discharge,1,290.90909090909093,238568.05768279347,3.8314797657914657,-27.263836618115,-27.263836618115,26554.54352866199,21649.97962264575,2.0303120687588767e-19,3.8314797657914657,0.5507845781437375
25,CC-discharge,2,363.6363636363637,238640.78495552074,3.815179830108822,-27.263836618115,-27.263836618115,26974.131259648417,21196.499575339552,2.0303122211980092e-19,3.815179830108822,1.101569156287475
25,CC-discharge,3,436.3636363636364,238713.51222824803,3.799985048766381,-27.263836618115,-27.263836618115,27391.85801756321,20743.044231946544,2.0303122533503764e-19,3.799985048766381,1.652353734431212
25,CC-discharge,4,509.0909090909091,238786.2395009753,3.7856285280378508,-27.263836618115,-27.263836618115,27809.55556089981,20289.58884110767,2.030312236855663e-19,3.7856285280378508,2.2031383125749495
25,CC-discharge,5,581.8181818181819,238858.96677370256,3.771947334483988,-27.263836618115,-27.263836618115,28227.250840386456,19836.133449568642,2.0303122415517215e-19,3.771947334483988,2.753922890718687
25,CC-discharge,6,654.5454545454546,238931.69404642982,3.758834400497511,-27.263836618115,-27.263836618115,28644.945943660277,19382.678058019344,2.030312235181607e-19,3.758834400497511,3.3047074688624245
25,CC-discharge,7,727.2727272727274,239004.42131915712,3.7461948428069687,-27.263836618115,-27.263836618115,29062.64103315072,18929.222666469996,2.0303122243435352e-19,3.7461948428069687,3.855492047006162
25,CC-discharge,8,800.0000000000001,239077.14859188438,3.7339717060381803,-27.263836618115,-27.263836618115,29480.336121556786,18475.767274920723,2.0303122359035987e-19,3.7339717060381803,4.4062766251499
25,CC-discharge,9,872.7272727272727,239149.87586461165,3.722117266413507,-27.263836618115,-27.263836618115,29898.031209876903,18022.311883370938,2.0303122474290058e-19,3.722117266413507,4.9570612032936365
25,CC-discharge,10,945.4545454545455,239222.60313733894,3.7105949477759683,-27.263836618115,-27.263836618115,30315.72629819032,17568.856491821323,2.0303122544072976e-19,3.7105949477759683,5.507845781437374
25,CC-discharge,11,1018.1818181818182,239295.3304100662,3.699376457704883,-27.263836618115,-27.263836618115,30733.421386503716,17115.40110027246,2.0303122471377578e-19,3.699376457704883,6.0586303595811115
25,CC-discharge,12,1090.909090909091,239368.05768279347,3.6884396825309462,-27.263836618115,-27.263836618115,31151.116474816972,16661.94570872364,2.0303122460895206e-19,3.6884396825309462,6.609414937724849
25,CC-discharge,13,1163.6363636363637,239440.78495552074,3.6777671060297084,-27.263836618115,-27.263836618115,31568.81156312991,16208.490317174561,2.0303122535994538e-19,3.6777671060297084,7.1601995158685865
25,CC-discharge,14,1236.3636363636365,239513.51222824803,3.6673445930876603,-27.263836618115,-27.263836618115,31986.50665144242,15755.034925625092,2.0303122460284173e-19,3.6673445930876603,7.710984094012324
25,CC-discharge,15,1309.0909090909092,239586.2395009753,3.6571604272409,-27.263836618115,-27.263836618115,32404.20173975509,15301.57953407516,2.030312265905196e-19,3.6571604272409,8.261768672156062
25,CC-discharge,16,1381.818181818182,239658.96677370256,3.647204523375425,-27.263836618115,-27.263836618115,32821.89682806807,14848.124142525723,2.03031226298803e-19,3.647204523375425,8.8125532502998
25,CC-discharge,17,1454.5454545454547,239731.69404642982,3.6374677567830913,-27.263836618115,-27.263836618115,33239.59191638092,14394.668750976609,2.0303122439551073e-19,3.6374677567830913,9.363337828443537
25,CC-discharge,18,1527.2727272727275,239804.42131915712,3.6279413631336945,-27.263836618115,-27.263836618115,33657.28700469293,13941.213359427255,2.0303122462748304e-19,3.6279413631336945,9.914122406587275
25,CC-discharge,19,1600.0000000000002,239877.14859188438,3.6186163721352544,-27.263836618115,-27.263836618115,34074.98209300567,13487.757967878446,2.030312244321994e-19,3.6186163721352544,10.464906984731012
25,CC-discharge,20,1672.727272727273,239949.87586461165,3.6094830423349014,-27.263836618115,-27.263836618115,34492.67718131805,13034.302576329012,2.0303122386125988e-19,3.6094830423349014,11.01569156287475
25,CC-discharge,21,1745.4545454545455,240022.60313733894,3.600530267572225,-27.263836618115,-27.263836618115,34910.37226963069,12580.847184779532,2.0303122289012136e-19,3.600530267572225,11.566476141018486
25,CC-discharge,22,1818.1818181818182,240095.3304100662,3.591744918257858,-27.263836618115,-27.263836618115,35328.06735794337,12127.391793229957,2.0303122206607133e-19,3.591744918257858,12.117260719162223
25,CC-discharge,23,1890.909090909091,240168.05768279347,3.5831105869607502,-27.263836618115,-27.263836618115,35745.7624462561,11673.936401681154,2.030312240571087e-19,3.5831105869607502,12.66804529730596
25,CC-discharge,24,1963.6363636363637,240240.78495552074,3.5746090210967063,-27.263836618115,-27.263836618115,36163.45753456859,11220.481010131683,2.0303122369847457e-19,3.5746090210967063,13.218829875449698
25,CC-discharge,25,2036.3636363636365,240313.51222824803,3.5662151117141834,-27.263836618115,-27.263836618115,36581.15262288109,10767.02561858282,2.030312254173182e-19,3.5662151117141834,13.769614453593435
25,CC-discharge,26,2109.0909090909095,240386.2395009753,3.5578986533516934,-27.263836618115,-27.263836618115,36998.84771119429,10313.570227033793,2.0303122259235082e-19,3.5578986533516934,14.320399031737175
25,CC-discharge,27,2181.818181818182,240458.96677370256,3.549621955806805,-27.263836618115,-27.263836618115,37416.54279950718,9860.114835484399,2.0303125900785198e-19,3.549621955806805,14.87118360988091
25,CC-discharge,28,2254.545454545455,240531.69404642982,3.541337920483124,-27.263836618115,-27.263836618115,37834.237887820076,9406.659443935136,2.030313110524164e-19,3.541337920483124,15.42196818802465
25,CC-discharge,29,2327.2727272727275,240604.42131915712,3.5329876216623624,-27.263836618115,-27.263836618115,38251.93297613279,8953.204052385854,2.0303130554958526e-19,3.5329876216623624,15.972752766168385
25,CC-discharge,30,2400.0,240677.14859188438,3.5244974493665415,-27.263836618115,-27.263836618115,38669.62806444554,8499.748660836802,2.0303133729413495e-19,3.5244974493665415,16.52353734431212
25,CC-discharge,31,2472.727272727273,240749.87586461165,3.51577615532646,-27.263836618115,-27.263836618115,39087.32315275876,8046.293269287622,2.0303130269989484e-19,3.51577615532646,17.07432192245586
25,CC-discharge,32,2545.4545454545455,240822.60313733894,3.506707628817114,-27.263836618115,-27.263836618115,39505.018241071666,7592.837877738582,2.0303139599403697e-19,3.506707628817114,17.625106500599596
25,CC-discharge,33,2618.1818181818185,240895.3304100662,3.4971506014839155,-27.263836618115,-27.263836618115,39922.713329384685,7139.382486189362,2.030313009142554e-19,3.4971506014839155,18.175891078743334
25,CC-discharge,34,2690.909090909091,240968.05768279347,3.486927974888081,-27.263836618115,-27.263836618115,40340.408417696766,6685.927094640077,2.0303119324051773e-19,3.486927974888081,18.72667565688707
25,CC-discharge,35,2763.636363636364,241040.78495552074,3.4758199311872477,-27.263836618115,-27.263836618115,40758.10350600967,6232.471703091133,2.0303117515030885e-19,3.4758199311872477,19.27746023503081
25,CC-discharge,36,2836.3636363636365,241113.51222824803,3.4635547358074366,-27.263836618115,-27.263836618115,41175.798594322194,5779.016311542006,2.03031111295666e-19,3.4635547358074366,19.828244813174546
25,CC-discharge,37,2909.0909090909095,241186.2395009753,3.449797191666529,-27.263836618115,-27.263836618115,41593.49368263478,5325.560919993006,2.0303096649725267e-19,3.449797191666529,20.379029391318284
25,CC-discharge,38,2981.818181818182,241258.96677370256,3.4341354364155574,-27.263836618115,-27.263836618115,42011.18877094767,4872.105528443836,2.03030915568043e-19,3.4341354364155574,20.92981396946202
25,CC-discharge,39,3054.545454545455,241331.69404642982,3.416066030614842,-27.263836618115,-27.263836618115,42428.88385926048,4418.650136894718,2.030308568247327e-19,3.416066030614842,21.48059854760576
25,CC-discharge,40,3127.2727272727275,241404.42131915712,3.394977911912666,-27.263836618115,-27.263836618115,42846.57894757336,3965.194745345657,2.030308587198165e-19,3.394977911912666,22.031383125749496
25,CC-discharge,41,3200.0000000000005,241477.14859188438,3.3701360491820735,-27.263836618115,-27.263836618115,43264.274035885726,3511.7393537966404,2.0303072916986432e-19,3.3701360491820735,22.582167703893234
25,CC-discharge,42,3272.727272727273,241549.87586461165,3.340668050123355,-27.263836618115,-27.263836618115,43681.96912419897,3058.283962247488,2.0303033363910397e-19,3.340668050123355,23.13295228203697
25,CC-discharge,43,3345.454545454546,241622.60313733894,3.3055431680071443,-27.263836618115,-27.263836618115,44099.664212512376,2604.828570698531,2.0303032809714867e-19,3.3055431680071443,23.68373686018071
25,CC-discharge,44,3418.1818181818185,241695.3304100662,3.263542017177287,-27.263836618115,-27.263836618115,44517.35930082468,2151.37317914945,2.0303037977828092e-19,3.263542017177287,24.234521438324446
25,CC-discharge,45,3490.909090909091,241768.05768279347,3.2130069326428594,-27.263836618115,-27.263836618115,44935.05438913714,1697.917787600473,2.0302980918728928e-19,3.2130069326428594,24.785306016468184
25,CC-discharge,46,3563.636363636364,241840.78495552074,3.1502186508916368,-27.263836618115,-27.263836618115,45352.74947744938,1244.4623960514257,2.030298419991967e-19,3.1502186508916368,25.336090594611925
25,CC-discharge,47,3636.3636363636365,241913.51222824803,3.0551163698109685,-27.263836618115,-27.263836618115,45770.44456576242,791.0070045023816,2.030293926663729e-19,3.0551163698109685,25.886875172755662
25,CC-discharge,48,3659.6224976302274,241936.7710895146,3.0000100000000014,-27.263836618115,-27.263836618115,45904.02735728601,645.9877339162717,2.0302938624402849e-19,3.0000100000000014,26.06302122650448
25,CC-charge,0,3877.8043158120454,242154.95290769642,3.7152466834761904,27.263836618115,27.263836618115,45904.02735728601,645.9877339162717,2.0302938624402849e-19,3.7152466834761904,0.0
25,CC-charge,1,3950.5315885393184,242227.6801804237,3.821549243020054,27.263836618115,27.263836618115,45338.91099015156,1180.4860233692623,2.0302911853016805e-19,3.821549243020054,-0.0
25,CC-charge,2,4023.258861266591,242300.40745315095,3.867902118126356,27.263836618115,27.263836618115,44919.323577224655,1633.9675719308536,2.030291174136728e-19,3.867902118126356,-0.0
25,CC-charge,3,4095.986133993864,242373.13472587825,3.905333689439667,27.263836618115,27.263836618115,44501.591076289405,2087.4229148968075,2.0302933818436488e-19,3.905333689439667,-0.0
25,CC-charge,4,4168.713406721136,242445.8619986055,3.936622017337156,27.263836618115,27.263836618115,44083.895489449824,2540.8783067985664,2.030292742311208e-19,3.936622017337156,-0.0
25,CC-charge,5,4241.440679448409,242518.58927133278,3.9626977298149226,27.263836618115,27.263836618115,43666.20039602641,2994.3336983433483,2.030292768000383e-19,3.9626977298149226,-0.0
25,CC-charge,6,4314.167952175682,242591.31654406004,3.9843304294242308,27.263836618115,27.263836618115,43248.50530777993,3447.789089892439,2.0302927232031813e-19,3.9843304294242308,-0.0
25,CC-charge,7,4386.895224902954,242664.04381678734,4.002259797065644,27.263836618115,27.263836618115,42830.810219466155,3901.244481441476,2.0302924857886317e-19,4.002259797065644,-0.0
25,CC-charge,8,4459.622497630227,242736.7710895146,4.017168558968755,27.263836618115,27.263836618115,42413.11513115303,4354.699872990498,2.0302920443295386e-19,4.017168558968755,-0.0
25,CC-charge,9,4532.3497703575,242809.49836224187,4.029660454954524,27.263836618115,27.263836618115,41995.42004283927,4808.155264539488,2.030291669299531e-19,4.029660454954524,-0.0
25,CC-charge,10,4605.077043084773,242882.22563496916,4.040251047826735,27.263836618115,27.263836618115,41577.72495452549,5261.610656088533,2.0302905207975817e-19,4.040251047826735,-0.0
25,CC-charge,11,4677.804315812045,242954.95290769642,4.049373611980614,27.263836618115,27.263836618115,41160.02986621204,5715.06604763745,2.0302901776445637e-19,4.049373611980614,-0.0
25,CC-charge,12,4750.531588539318,243027.6801804237,4.057385630267989,27.263836618115,27.263836618115,40742.334777898686,6168.521439186448,2.0302889604090745e-19,4.057385630267989,-0.0
25,CC-charge,13,4823.258861266591,243100.40745315095,4.064579709755758,27.263836618115,27.263836618115,40324.63968958527,6621.976830735399,2.030288277405444e-19,4.064579709755758,-0.0
25,CC-charge,14,4895.986133993863,243173.13472587825,4.071193237498019,27.263836618115,27.263836618115,39906.94460127218,7075.432222284288,2.0302889413727718e-19,4.071193237498019,-0.0
25,CC-charge,15,4968.713406721136,243245.8619986055,4.077417660262872,27.263836618115,27.263836618115,39489.24951295832,7528.887613833215,2.0302889635685862e-19,4.077417660262872,-0.0
25,CC-charge,16,5041.440679448409,243318.58927133278,4.083406467229532,27.263836618115,27.263836618115,39071.554424645234,7982.343005382136,2.0302889895383795e-19,4.083406467229532,-0.0
25,CC-charge,17,5114.167952175682,243391.31654406004,4.089282675103458,27.263836618115,27.263836618115,38653.85933633161,8435.798396931059,2.0302892915934106e-19,4.089282675103458,-0.0
25,CC-charge,18,5186.895224902955,243464.04381678734,4.095143570622541,27.263836618115,27.263836618115,38236.16424801859,8889.25378847995,2.0302892847864372e-19,4.095143570622541,-0.0
25,CC-charge,19,5259.622497630227,243536.7710895146,4.101066641461974,27.263836618115,27.263836618115,37818.46915970542,9342.709180028778,2.0302889580046415e-19,4.101066641461974,-0.0
25,CC-charge,20,5332.3497703575,243609.49836224187,4.107112861024628,27.263836618115,27.263836618115,37400.774071392225,9796.164571577736,2.0302890383995169e-19,4.107112861024628,-0.0
25,CC-charge,21,5405.077043084773,243682.22563496916,4.113329901281051,27.263836618115,27.263836618115,36983.078983078914,10249.6199631266,2.0302890334650963e-19,4.113329901281051,-0.0
25,CC-charge,22,5477.804315812045,243754.95290769642,4.119756461252478,27.263836618115,27.263836618115,36565.38389476575,10703.07535467563,2.0302890315859316e-19,4.119756461252478,-0.0
25,CC-charge,23,5550.531588539318,243827.6801804237,4.126421165045855,27.263836618115,27.263836618115,36147.68880645264,11156.53074622441,2.030288928269265e-19,4.126421165045855,-0.0
25,CC-charge,24,5623.258861266591,243900.40745315095,4.133346949508798,27.263836618115,27.263836618115,35729.993718139005,11609.986137773662,2.0302889357011823e-19,4.133346949508798,-0.0
25,CC-charge,25,5695.986133993863,243973.13472587825,4.140551778371253,27.263836618115,27.263836618115,35312.298629825746,12063.441529322552,2.030288926738408e-19,4.140551778371253,-0.0
25,CC-charge,26,5768.713406721137,244045.8619986055,4.148049786395152,27.263836618115,27.263836618115,34894.603541512595,12516.896920871766,2.030288933105677e-19,4.148049786395152,-0.0
25,CC-charge,27,5841.440679448409,244118.58927133278,4.155852245332476,27.263836618115,27.263836618115,34476.90845319922,12970.352312420435,2.0302889606391495e-19,4.155852245332476,-0.0
25,CC-charge,28,5914.167952175682,244191.31654406004,4.163970251785483,27.263836618115,27.263836618115,34059.213364885865,13423.807703969622,2.030288951917019e-19,4.163970251785483,-0.0
25,CC-charge,29,5986.895224902955,244264.04381678734,4.172408480735877,27.263836618115,27.263836618115,33641.51827657232,13877.26309551817,2.0302888194209192e-19,4.172408480735877,-0.0
25,CC-charge,30,6059.622497630227,244336.7710895146,4.181175308564282,27.263836618115,27.263836618115,33223.82318825905,14330.718487067224,2.0302887411650591e-19,4.181175308564282,-0.0
25,CC-charge,31,6132.3497703575,244409.49836224187,4.190277569654403,27.263836618115,27.263836618115,32806.12809994559,14784.17387861604,2.0302888012240958e-19,4.190277569654403,-0.0
25,CC-charge,32,6205.077043084773,244482.22563496916,4.199722511698989,27.263836618115,27.263836618115,32388.43301163245,15237.62927016484,2.0302888261476351e-19,4.199722511698989,-0.0
25,CC-charge,33,6207.098331275183,244484.24692315955,4.199990000000001,27.263836618115,27.263836618115,32376.824132080957,15250.232025547328,2.0302888264101461e-19,4.199990000000001,-0.0
25,CV-charge,0,6425.280149457001,244702.42874134137,4.2,27.288356713742097,27.288356713742097,32376.824132080957,15250.232025547328,2.0302888264101461e-19,4.2,0.0
25,CV-charge,1,6498.007422184274,244775.15601406863,4.200000000000001,24.20969733331742,24.20969733331742,31854.870568960127,15745.31426641772,2.200348054296831e-19,4.200000000000001,-0.0
25,CV-charge,2,6570.734694911547,244847.8832867959,4.2,22.265541167147113,22.265541167147113,31508.377673788527,16125.51400741384,2.453127250391478e-19,4.2,-0.0
25,CV-charge,3,6643.461967638819,244920.6105595232,4.199999999999998,20.56731832665276,20.56731832665276,31190.31880251052,16475.973385361034,2.2702031412860284e-19,4.199999999999998,-0.0
25,CV-charge,4,6716.189240366092,244993.33783225046,4.2,19.066776855043535,19.066776855043535,30895.38626743685,16800.755268187004,2.237760526111259e-19,4.2,-0.0
25,CV-charge,5,6788.916513093365,245066.06510497772,4.200000000000001,17.73482351038856,17.73482351038856,30621.175659431185,17102.51950862681,2.234443851386317e-19,4.200000000000001,-0.0
25,CV-charge,6,6861.643785820638,245138.792377705,4.2,16.546539651321474,16.546539651321474,30365.44668250705,17383.775390727547,2.2815002177904363e-19,4.2,-0.0
25,CV-charge,7,6934.37105854791,245211.51965043228,4.2,15.481324636413621,15.481324636413621,30126.272994333493,17646.678512542854,2.265476535719137e-19,4.2,-0.0
25,CV-charge,8,7007.098331275183,245284.24692315955,4.200000000000001,14.522122525401223,14.522122525401223,29901.99813136913,17893.080291098675,2.180765829501115e-19,4.200000000000001,-0.0
25,CV-charge,9,7079.825604002456,245356.9741958868,4.2,13.65470957944666,13.65470957944666,29691.188970772826,18124.580776002847,2.1760326091583023e-19,4.2,-0.0
25,CV-charge,10,7152.552876729729,245429.7014686141,4.2,12.867172576496023,12.867172576496023,29492.600167489516,18342.5689253837,2.2028084959368524e-19,4.2,-0.0
25,CV-charge,11,7225.280149457001,245502.42874134137,4.2,12.149483458960972,12.149483458960972,29305.145256286687,18548.25530572183,2.18855653000379e-19,4.2,-0.0
25,CV-charge,12,7298.007422184274,245575.15601406863,4.200000000000001,11.493103508279836,11.493103508279836,29127.85892045211,18742.714374737912,2.2187488021262265e-19,4.200000000000001,-0.0
25,CV-charge,13,7370.734694911547,245647.8832867959,4.2,10.89084230749488,10.89084230749488,28959.90861512835,18926.87215124918,2.170194107104244e-19,4.2,-0.0
25,CV-charge,14,7443.461967638819,245720.6105595232,4.2,10.336512901070515,10.336512901070515,28800.54801038612,19101.558014943992,2.3190630180137316e-19,4.2,-0.0
25,CV-charge,15,7516.189240366092,245793.33783225046,4.199999999999999,9.824801540077326,9.824801540077326,28649.11403586708,19267.508204724,2.429521316016822e-19,4.199999999999999,-0.0
25,CV-charge,16,7588.916513093365,245866.06510497772,4.200000000000001,9.350721260614455,9.350721260614455,28504.890041550494,19425.51616785661,2.4305309601190906e-19,4.200000000000001,-0.0
25,CV-charge,17,7661.643785820638,245938.792377705,4.2,8.910730639465976,8.910730639465976,28367.47388620048,19576.029220654436,2.4331341958983954e-19,4.2,-0.0
25,CV-charge,18,7734.371058547911,246011.51965043228,4.200000000000001,8.501375315663324,8.501375315663324,28236.38960777192,19719.574804841617,2.433263587423638e-19,4.200000000000001,-0.0
25,CV-charge,19,7807.098331275183,246084.24692315955,4.199999999999999,8.119633990632487,8.119633990632487,28111.208128198654,19856.628015207054,2.4338331415268603e-19,4.199999999999999,-0.0
25,CV-charge,20,7879.825604002456,246156.9741958868,4.2,7.762860004477657,7.762860004477657,27991.541682106676,19987.617943714977,2.434006513702522e-19,4.2,-0.0
25,CV-charge,21,7952.552876729729,246229.7014686141,4.2,7.428725784439154,7.428725784439154,27877.038813265845,20112.933278426608,2.434319965571121e-19,4.2,-0.0
25,CV-charge,22,8025.280149457001,246302.42874134137,4.200000000000001,7.115177507071928,7.115177507071928,27767.380086956993,20232.927099413035,2.4339972075169187e-19,4.200000000000001,-0.0
25,CV-charge,23,8098.007422184274,246375.15601406863,4.2,6.8204006107703075,6.8204006107703075,27662.275661283657,20347.919614109796,2.43429025206094e-19,4.2,-0.0
25,CV-charge,24,8170.734694911547,246447.8832867959,4.2,6.542779982654423,6.542779982654423,27561.459344547377,20458.20475530889,2.4341251446535764e-19,4.2,-0.0
25,CV-charge,25,8243.46196763882,246520.6105595232,4.2,6.28087773185233,6.28087773185233,27464.687469811463,20564.051449933304,2.434059107706153e-19,4.2,-0.0
25,CV-charge,26,8316.189240366093,246593.33783225046,4.2,6.033409833842298,6.033409833842298,27371.736340707856,20665.70647107437,2.4339152221201978e-19,4.2,-0.0
25,CV-charge,27,8388.916513093365,246666.06510497772,4.2,5.799226626176517,5.799226626176517,27282.40013643093,20763.396772812965,2.4350789100366e-19,4.2,-0.0
25,CV-charge,28,8461.643785820637,246738.792377705,4.199999999999999,5.57729614065777,5.57729614065777,27196.48907670189,20857.33153388388,2.4349300294409683e-19,4.199999999999999,-0.0
25,CV-charge,29,8534.371058547911,246811.51965043228,4.200000000000001,5.366689811541115,5.366689811541115,27113.827810162595,20947.703951395306,2.437553920761531e-19,4.200000000000001,-0.0
25,CV-charge,30,8607.098331275183,246884.24692315955,4.199999999999999,5.166570179993847,5.166570179993847,27034.2539949021,21034.692819769996,2.436891825755789e-19,4.199999999999999,-0.0
25,CV-charge,31,8679.825604002457,246956.9741958868,4.200000000000001,4.976180281791219,4.976180281791219,26957.617044749164,21118.463924508953,2.4373898794277835e-19,4.200000000000001,-0.0
25,CV-charge,32,8752.55287672973,247029.7014686141,4.200000000000001,4.794834459228831,4.794834459228831,26883.777019034365,21199.171275784935,2.438882747661995e-19,4.200000000000001,-0.0
25,CV-charge,33,8825.280149457001,247102.42874134137,4.200000000000001,4.6219103820965755,4.6219103820965755,26812.603636889417,21276.95820309862,2.437818874458829e-19,4.200000000000001,-0.0
25,CV-charge,34,8898.007422184273,247175.15601406863,4.2,4.456842098426206,4.456842098426206,26743.975399980172,21351.95832902768,2.4384940744464636e-19,4.2,-0.0
25,CV-charge,35,8970.734694911547,247247.8832867959,4.199999999999999,4.299113965025207,4.299113965025207,26677.778809908057,21424.296437484743,2.4392878759009774e-19,4.199999999999999,-0.0
25,CV-charge,36,9043.46196763882,247320.6105595232,4.2,4.1482553319396445,4.1482553319396445,26613.90766849596,21494.08924966665,2.438466503734065e-19,4.2,-0.0
25,CV-charge,37,9116.189240366093,247393.33783225046,4.200000000000001,4.003835874883504,4.003835874883504,26552.262450827675,21561.44611902089,2.438375880453331e-19,4.200000000000001,-0.0
25,CV-charge,38,9188.916513093365,247466.06510497772,4.2,3.8654614861458243,3.8654614861458243,26492.749742317537,21626.469654975106,2.438272162426813e-19,4.2,-0.0
25,CV-charge,39,9261.643785820637,247538.792377705,4.2,3.7327706481679592,3.7327706481679592,26435.281732274216,21689.256283853298,2.438407365945229e-19,4.2,-0.0
25,CV-charge,40,9334.371058547911,247611.51965043228,4.199999999999999,3.605431225377284,3.605431225377284,26379.77575742112,21749.89675426499,2.439090298889452e-19,4.199999999999999,-0.0
25,CV-charge,41,9407.098331275183,247684.24692315955,4.2,3.4831376194095487,3.4831376194095487,26326.15388970987,21808.47659329074,2.4399786721296545e-19,4.2,-0.0
25,CV-charge,42,9479.825604002457,247756.9741958868,4.2,3.3656082408308596,3.3656082408308596,26274.34256348183,21865.07651898336,2.4406535480038748e-19,4.2,-0.0
25,CV-charge,43,9552.55287672973,247829.7014686141,4.200000000000001,3.2525832572053908,3.2525832572053908,26224.27223767124,21919.77281397288,2.441806066683027e-19,4.200000000000001,-0.0
25,CV-charge,44,9625.280149457001,247902.42874134137,4.199999999999998,3.143822583014182,3.143822583014182,26175.877089272682,21972.63766438105,2.441861560965564e-19,4.199999999999998,-0.0
25,CV-charge,45,9698.007422184273,247975.15601406863,4.2,3.039104081743981,3.039104081743981,26129.094734773993,22023.73946774361,2.441723897458745e-19,4.2,-0.0
25,CV-charge,46,9770.734694911547,248047.8832867959,4.2,2.9382219545212274,2.9382219545212274,26083.86597663988,22073.14311314198,2.4419254200228267e-19,4.2,-0.0
25,CV-charge,47,9843.46196763882,248120.6105595232,4.199999999999998,2.840985293126095,2.840985293126095,26040.134572286504,22120.91023643103,2.4422580689414316e-19,4.199999999999998,-0.0
25,CV-charge,48,9916.189240366093,248193.33783225046,4.2,2.7472167781809183,2.7472167781809183,25997.847023286,22167.099453053834,2.442471077119332e-19,4.2,-0.0
25,CV-charge,49,9932.733460827789,248209.88205271214,4.2,2.7263936618114997,2.7263936618114997,25988.441688543026,22177.372467014447,2.4424712404161477e-19,4.2,-0.0
26,CC-discharge,0,218.1818181818182,248428.06387089397,3.8556305467913803,-27.263836618115,-27.263836618115,25988.441688543026,22177.372467014447,2.4424712404161477e-19,3.8556305467913803,0.0
26,CC-discharge,1,290.90909090909093,248500.79114362123,3.8314953643904825,-27.263836618115,-27.263836618115,26553.561316137206,21642.87268175372,2.44247126373503e-19,3.8314953643904825,0.5507845781437375
26,CC-discharge,2,363.6363636363637,248573.5184163485,3.8151922122565494,-27.263836618115,-27.263836618115,26973.1490393436,21189.392628445923,2.44247120680965e-19,3.8151922122565494,1.101569156287475
26,CC-discharge,3,436.3636363636364,248646.2456890758,3.7999949068539465,-27.263836618115,-27.263836618115,27390.87580932354,20735.93728496415,2.442471217516347e-19,3.7999949068539465,1.652353734431212
26,CC-discharge,4,509.0909090909091,248718.97296180305,3.7856364067835413,-27.263836618115,-27.263836618115,27808.573353878448,20282.48189412437,2.4424712187444477e-19,3.7856364067835413,2.2031383125749495
26,CC-discharge,5,581.8181818181819,248791.70023453032,3.7719536236250137,-27.263836618115,-27.263836618115,28226.268633483647,19829.026502584908,2.4424712102196996e-19,3.7719536236250137,2.753922890718687
26,CC-discharge,6,654.5454545454546,248864.42750725758,3.7588394159937524,-27.263836618115,-27.263836618115,28643.963736768605,19375.571111036417,2.4424712066466354e-19,3.7588394159937524,3.3047074688624245
26,CC-discharge,7,727.2727272727274,248937.15477998488,3.746198800526095,-27.263836618115,-27.263836618115,29061.658826259918,18922.11571948691,2.442471202848168e-19,3.746198800526095,3.855492047006162
26,CC-discharge,8,800.0000000000001,249009.88205271214,3.733974790774522,-27.263836618115,-27.263836618115,29479.353914665717,18468.660327937883,2.442471208177073e-19,3.733974790774522,4.4062766251499
26,CC-discharge,9,872.7272727272727,249082.6093254394,3.7221196253953717,-27.263836618115,-27.263836618115,29897.04900298589,18015.204936388687,2.4424712200336767e-19,3.7221196253953717,4.9570612032936365
26,CC-discharge,10,945.4545454545455,249155.3365981667,3.710596698835607,-27.263836618115,-27.263836618115,30314.744091299388,17561.74954483908,2.4424712176138474e-19,3.710596698835607,5.507845781437374
26,CC-discharge,11,1018.1818181818182,249228.06387089397,3.6993776950056607,-27.263836618115,-27.263836618115,30732.43917961244,17108.294153290233,2.442471204555012e-19,3.6993776950056607,6.0586303595811115
26,CC-discharge,12,1090.909090909091,249300.79114362123,3.6884404805102435,-27.263836618115,-27.263836618115,31150.134267925474,16654.838761741197,2.442471209466303e-19,3.6884404805102435,6.609414937724849
26,CC-discharge,13,1163.6363636363637,249373.5184163485,3.677767521977004,-27.263836618115,-27.263836618115,31567.82935623802,16201.383370192001,2.4424712052932556e-19,3.677767521977004,7.1601995158685865
26,CC-discharge,14,1236.3636363636365,249446.2456890758,3.6673446686182865,-27.263836618115,-27.263836618115,31985.524444550305,15747.927978642774,2.4424711993942034e-19,3.6673446686182865,7.710984094012324
26,CC-discharge,15,1309.0909090909092,249518.97296180305,3.657160188812835,-27.263836618115,-27.263836618115,32403.21953286287,15294.472587094013,2.442471200311181e-19,3.657160188812835,8.261768672156062
26,CC-discharge,16,1381.818181818182,249591.70023453032,3.647203981916595,-27.263836618115,-27.263836618115,32820.91462117531,14841.017195544888,2.442471208590504e-19,3.647203981916595,8.8125532502998
26,CC-discharge,17,1454.5454545454547,249664.42750725758,3.6374669064287337,-27.263836618115,-27.263836618115,33238.609709488,14387.561803995703,2.442471184654057e-19,3.6374669064287337,9.363337828443537
26,CC-discharge,18,1527.2727272727275,249737.15477998488,3.627940179015569,-27.263836618115,-27.263836618115,33656.30479780101,13934.106412446472,2.44247120407998e-19,3.627940179015569,9.914122406587275
26,CC-discharge,19,1600.0000000000002,249809.88205271214,3.6186148071084707,-27.263836618115,-27.263836618115,34073.99988611374,13480.651020897016,2.442471206610598e-19,3.6186148071084707,10.464906984731012
26,CC-discharge,20,1672.727272727273,249882.6093254394,3.609481022469998,-27.263836618115,-27.263836618115,34491.69497442654,13027.195629347654,2.4424711909140137e-19,3.609481022469998,11.01569156287475
26,CC-discharge,21,1745.4545454545455,249955.3365981667,3.600527686181557,-27.263836618115,-27.263836618115,34909.39006273912,12573.740237798214,2.4424711880233676e-19,3.600527686181557,11.566476141018486
26,CC-discharge,22,1818.1818181818182,250028.06387089397,3.5917416281211603,-27.263836618115,-27.263836618115,35327.085151051746,12120.284846249408,2.442471204795631e-19,3.5917416281211603,12.117260719162223
26,CC-discharge,23,1890.909090909091,250100.79114362123,3.5831063950371234,-27.263836618115,-27.263836618115,35744.780239365165,11666.82945469966,2.4424712253302634e-19,3.5831063950371234,12.66804529730596
26,CC-discharge,24,1963.6363636363637,250173.5184163485,3.574603660695982,-27.263836618115,-27.263836618115,36162.47532767813,11213.374063150646,2.442471244072727e-19,3.574603660695982,13.218829875449698
26,CC-discharge,25,2036.3636363636365,250246.2456890758,3.5662082428525155,-27.263836618115,-27.263836618115,36580.170415990644,10759.918671601681,2.4424712568528326e-19,3.5662082428525155,13.769614453593435
26,CC-discharge,26,2109.0909090909095,250318.97296180305,3.557889837471459,-27.263836618115,-27.263836618115,36997.8655043031,10306.463280052234,2.442471237015668e-19,3.557889837471459,14.320399031737175
26,CC-discharge,27,2181.818181818182,250391.70023453032,3.549610631011566,-27.263836618115,-27.263836618115,37415.56059261568,9853.007888503162,2.442471217648801e-19,3.549610631011566,14.87118360988091
26,CC-discharge,28,2254.545454545455,250464.42750725758,3.541323369151467,-27.263836618115,-27.263836618115,37833.25568092832,9399.5524969538,2.4424707870498584e-19,3.541323369151467,15.42196818802465
26,CC-discharge,29,2327.2727272727275,250537.15477998488,3.5329689315311184,-27.263836618115,-27.263836618115,38250.95076924106,8946.097105404626,2.4424705746528734e-19,3.5329689315311184,15.972752766168385
26,CC-discharge,30,2400.0,250609.88205271214,3.524473465722907,-27.263836618115,-27.263836618115,38668.64585755375,8492.641713855419,2.4424703550596325e-19,3.524473465722907,16.52353734431212
26,CC-discharge,31,2472.727272727273,250682.6093254394,3.515745415526807,-27.263836618115,-27.263836618115,39086.3409458666,8039.186322306507,2.442469912842315e-19,3.515745415526807,17.07432192245586
26,CC-discharge,32,2545.4545454545455,250755.3365981667,3.5066683054411807,-27.263836618115,-27.263836618115,39504.03603417921,7585.730930757553,2.4424699834842474e-19,3.5066683054411807,17.625106500599596
26,CC-discharge,33,2618.1818181818185,250828.06387089397,3.497100403309897,-27.263836618115,-27.263836618115,39921.73112249224,7132.275539208468,2.4424690615796293e-19,3.497100403309897,18.175891078743334
26,CC-discharge,34,2690.909090909091,250900.79114362123,3.4868640214035715,-27.263836618115,-27.263836618115,40339.426210805,6678.82014765936,2.4424699410266653e-19,3.4868640214035715,18.72667565688707
26,CC-discharge,35,2763.636363636364,250973.5184163485,3.4757386399651073,-27.263836618115,-27.263836618115,40757.12129911798,6225.364756110237,2.442469097487934e-19,3.4757386399651073,19.27746023503081
26,CC-discharge,36,2836.3636363636365,251046.2456890758,3.463451657573491,-27.263836618115,-27.263836618115,41174.8163874306,5771.909364561102,2.442471304787201e-19,3.463451657573491,19.828244813174546
26,CC-discharge,37,2909.0909090909095,251118.97296180305,3.449666824228235,-27.263836618115,-27.263836618115,41592.511475743646,5318.45397301201,2.442473562878895e-19,3.449666824228235,20.379029391318284
26,CC-discharge,38,2981.818181818182,251191.70023453032,3.4339710115813946,-27.263836618115,-27.263836618115,42010.206564056054,4864.998581462935,2.442472049617271e-19,3.4339710115813946,20.92981396946202
26,CC-discharge,39,3054.545454545455,251264.42750725758,3.4158592794801623,-27.263836618115,-27.263836618115,42427.9016523692,4411.543189913841,2.4424734848401796e-19,3.4158592794801623,21.48059854760576
26,CC-discharge,40,3127.2727272727275,251337.15477998488,3.394718818173442,-27.263836618115,-27.263836618115,42845.59674068107,3958.08779836475,2.4424745101120795e-19,3.394718818173442,22.031383125749496
26,CC-discharge,41,3200.0000000000005,251409.88205271214,3.3698126355543243,-27.263836618115,-27.263836618115,43263.29182899435,3504.6324068156837,2.4424762974194423e-19,3.3698126355543243,22.582167703893234
26,CC-discharge,42,3272.727272727273,251482.6093254394,3.340266196217124,-27.263836618115,-27.263836618115,43680.98691730656,3051.1770152666536,2.442478256671082e-19,3.340266196217124,23.13295228203697
26,CC-discharge,43,3345.454545454546,251555.3365981667,3.3050461970681284,-27.263836618115,-27.263836618115,44098.682005619565,2597.7216237175976,2.442480853633683e-19,3.3050461970681284,23.68373686018071
26,CC-discharge,44,3418.1818181818185,251628.06387089397,3.2629296348566115,-27.263836618115,-27.263836618115,44516.377093931435,2144.2662321685884,2.4424797179943577e-19,3.2629296348566115,24.234521438324446
26,CC-discharge,45,3490.909090909091,251700.79114362123,3.2122466819657274,-27.263836618115,-27.263836618115,44934.072182244236,1690.810840619528,2.4424784563727885e-19,3.2122466819657274,24.785306016468184
26,CC-discharge,46,3563.636363636364,251773.5184163485,3.1492055108973824,-27.263836618115,-27.263836618115,45351.767270556586,1237.3554490704946,2.442477422931688e-19,3.1492055108973824,25.336090594611925
26,CC-discharge,47,3636.3636363636365,251846.2456890758,3.0530631779132764,-27.263836618115,-27.263836618115,45769.4623588693,783.9000575214566,2.4424842173976206e-19,3.0530631779132764,25.886875172755662
26,CC-discharge,48,3658.527352913538,251868.4094056257,3.0000099999999983,-27.263836618115,-27.263836618115,45896.755397567096,645.7090269845926,2.442488547640261e-19,3.0000099999999983,26.05472738021864
26,CC-charge,0,3876.709171095356,252086.5912238075,3.7152090748756113,27.263836618115,27.263836618115,45896.755397567096,645.7090269845926,2.442488547640261e-19,3.7152090748756113,0.0
26,CC-charge,1,3949.436443822629,252159.31849653478,3.8215822867667004,27.263836618115,27.263836618115,45331.63901939301,1180.2073232934292,2.4424861917323436e-19,3.8215822867667004,-0.0
26,CC-charge,2,4022.1637165499014,252232.04576926204,3.867940530348551,27.263836618115,27.263836618115,44912.05163037959,1633.6888648362435,2.442487324696666e-19,3.867940530348551,-0.0
26,CC-charge,3,4094.8909892771744,252304.77304198933,3.9053749576728585,27.263836618115,27.263836618115,44494.319116771694,2087.1442079663557,2.442488334187543e-19,3.9053749576728585,-0.0
26,CC-charge,4,4167.618262004447,252377.5003147166,3.9366662567200086,27.263836618115,27.263836618115,44076.62352973346,2540.5995998668154,2.44248869506386e-19,3.9366662567200086,-0.0
26,CC-charge,5,4240.345534731719,252450.22758744386,3.9627451613782423,27.263836618115,27.263836618115,43658.92843630651,2994.0549914116696,2.4424886712916684e-19,3.9627451613782423,-0.0
26,CC-charge,6,4313.072807458992,252522.95486017113,3.9843811618107954,27.263836618115,27.263836618115,43241.23334806019,3447.510382960692,2.4424880946352105e-19,3.9843811618107954,-0.0
26,CC-charge,7,4385.800080186265,252595.68213289842,4.002313861922676,27.263836618115,27.263836618115,42823.53825974631,3900.9657745097006,2.442487815180322e-19,4.002313861922676,-0.0
26,CC-charge,8,4458.527352913538,252668.4094056257,4.017225952093255,27.263836618115,27.263836618115,42405.84317143276,4354.421166058644,2.442488180583852e-19,4.017225952093255,-0.0
26,CC-charge,9,4531.25462564081,252741.13667835295,4.029721160662965,27.263836618115,27.263836618115,41988.14808311983,4807.8765576075975,2.442487072943599e-19,4.029721160662965,-0.0
26,CC-charge,10,4603.981898368083,252813.86395108025,4.040315053795521,27.263836618115,27.263836618115,41570.45299480686,5261.331949156673,2.4424859042736017e-19,4.040315053795521,-0.0
26,CC-charge,11,4676.709171095356,252886.5912238075,4.049440913025374,27.263836618115,27.263836618115,41152.757906493614,5714.787340705703,2.4424876278937647e-19,4.049440913025374,-0.0
26,CC-charge,12,4749.436443822629,252959.31849653478,4.057456231022392,27.263836618115,27.263836618115,40735.062818179955,6168.242732254737,2.4424884480613733e-19,4.057456231022392,-0.0
26,CC-charge,13,4822.163716549901,253032.04576926204,4.064653623587538,27.263836618115,27.263836618115,40317.367729866804,6621.69812380371,2.4424887376137233e-19,4.064653623587538,-0.0
26,CC-charge,14,4894.890989277174,253104.77304198933,4.071270485262204,27.263836618115,27.263836618115,39899.67264155395,7075.153515352667,2.44248828266249e-19,4.071270485262204,-0.0
26,CC-charge,15,4967.618262004447,253177.5003147166,4.077498268630908,27.263836618115,27.263836618115,39481.977553240766,7528.608906901478,2.44248843720219e-19,4.077498268630908,-0.0
26,CC-charge,16,5040.345534731719,253250.22758744386,4.08349046697427,27.263836618115,27.263836618115,39064.28246492703,7982.0642984503975,2.4424889261257492e-19,4.08349046697427,-0.0
26,CC-charge,17,5113.072807458992,253322.95486017113,4.089370099989173,27.263836618115,27.263836618115,38646.58737661377,8435.519689999486,2.442489140794789e-19,4.089370099989173,-0.0
26,CC-charge,18,5185.800080186265,253395.68213289842,4.095234455879265,27.263836618115,27.263836618115,38228.892288300485,8888.975081548337,2.4424889077161407e-19,4.095234455879265,-0.0
26,CC-charge,19,5258.527352913538,253468.4094056257,4.101161022999202,27.263836618115,27.263836618115,37811.197199987066,9342.43047309739,2.442488884895564e-19,4.101161022999202,-0.0
26,CC-charge,20,5331.254625640811,253541.13667835295,4.1072107750404045,27.263836618115,27.263836618115,37393.5021116736,9795.88586464618,2.4424889905338993e-19,4.1072107750404045,-0.0
26,CC-charge,21,5403.981898368083,253613.86395108025,4.1134313834737375,27.263836618115,27.263836618115,36975.80702336011,10249.341256195246,2.442488989140539e-19,4.1134313834737375,-0.0
26,CC-charge,22,5476.709171095356,253686.5912238075,4.119861548266439,27.263836618115,27.263836618115,36558.11193504681,10702.796647744059,2.442488987872602e-19,4.119861548266439,-0.0
26,CC-charge,23,5549.436443822629,253759.31849653478,4.1265298932052765,27.263836618115,27.263836618115,36140.416846733,11156.252039292813,2.442488819184877e-19,4.1265298932052765,-0.0
26,CC-charge,24,5622.163716549901,253832.04576926204,4.133459355893516,27.263836618115,27.263836618115,35722.72175841963,11609.707430841408,2.442488821688771e-19,4.133459355893516,-0.0
26,CC-charge,25,5694.890989277174,253904.77304198933,4.140667901847691,27.263836618115,27.263836618115,35305.02667010637,12063.162822390308,2.442488818348589e-19,4.140667901847691,-0.0
26,CC-charge,26,5767.618262004447,253977.5003147166,4.1481696687621,27.263836618115,27.263836618115,34887.33158179262,12516.618213938918,2.442488848207277e-19,4.1481696687621,-0.0
26,CC-charge,27,5840.345534731719,254050.22758744386,4.155975932955795,27.263836618115,27.263836618115,34469.63649347972,12970.07360548759,2.4424888597115376e-19,4.155975932955795,-0.0
26,CC-charge,28,5913.072807458993,254122.95486017113,4.164097797246493,27.263836618115,27.263836618115,34051.941405166246,13423.528997036357,2.4424888500665917e-19,4.164097797246493,-0.0
26,CC-charge,29,5985.800080186265,254195.68213289842,4.172539946799734,27.263836618115,27.263836618115,33634.24631685326,13876.984388584977,2.442488802524831e-19,4.172539946799734,-0.0
26,CC-charge,30,6058.5273529135375,254268.4094056257,4.181310770105794,27.263836618115,27.263836618115,33216.55122854004,14330.439780133627,2.4424888946174304e-19,4.181310770105794,-0.0
26,CC-charge,31,6131.254625640811,254341.13667835295,4.190417118072868,27.263836618115,27.263836618115,32798.85614022684,14783.895171682316,2.442488957471595e-19,4.190417118072868,-0.0
26,CC-charge,32,6203.981898368083,254413.86395108025,4.19986626013151,27.263836618115,27.263836618115,32381.16105191349,15237.350563231463,2.442489118912344e-19,4.19986626013151,-0.0
26,CC-charge,33,6204.916816508618,254414.79886922077,4.1999900000000014,27.263836618115,27.263836618115,32375.79152957845,15243.179788714328,2.4424891191775787e-19,4.1999900000000014,-0.0
26,CV-charge,0,6423.098634690436,254632.9806874026,4.199999999999999,27.288352616927515,27.288352616927515,32375.79152957845,15243.179788714328,2.4424891191775787e-19,4.199999999999999,0.0
26,CV-charge,1,6495.825907417709,254705.70796012986,4.2,24.209905207665322,24.209905207665322,31853.83514373286,15738.264596962374,2.6902827917733455e-19,4.2,-0.0
26,CV-charge,2,6568.5531801449815,254778.43523285713,4.2,22.26587952179656,22.26587952179656,31507.337231195954,16118.469400228545,2.837595973242139e-19,4.2,-0.0
26,CV-charge,3,6641.280452872254,254851.16250558442,4.200000000000001,20.56774122883316,20.56774122883316,31189.271662612064,16468.93572969578,2.364312945830138e-19,4.200000000000001,-0.0
26,CV-charge,4,6714.007725599527,254923.88977831168,4.2,19.067253279738207,19.067253279738207,30894.331845279223,16793.725336623655,2.302582406933565e-19,4.2,-0.0
26,CV-charge,5,6786.7349983267995,254996.61705103895,4.2,17.735329581726585,17.735329581726585,30620.113417662396,17095.497962621463,2.3571442917792585e-19,4.2,-0.0
26,CV-charge,6,6859.4622710540725,255069.3443237662,4.2,16.547058352439983,16.547058352439983,30364.376417684092,17376.76250562527,2.311713301139951e-19,4.2,-0.0
26,CV-charge,7,6932.189543781345,255142.0715964935,4.2,15.4818435260271,15.4818435260271,30125.194686824354,17639.674349678924,2.3943372585897933e-19,4.2,-0.0
26,CV-charge,8,7004.916816508618,255214.79886922077,4.199999999999999,14.522632737907955,14.522632737907955,29900.911907294798,17886.08474232213,2.308634574468559e-19,4.199999999999999,-0.0
26,CV-charge,9,7077.6440892358905,255287.52614194804,4.199999999999999,13.655204722351286,13.655204722351286,29690.09505525645,18117.593617615054,2.3712436500504486e-19,4.199999999999999,-0.0
26,CV-charge,10,7150.3713619631635,255360.25341467533,4.2,12.867648054743299,12.867648054743299,29491.498841109023,18335.589867906434,2.3365705634131334e-19,4.2,-0.0
26,CV-charge,11,7223.098634690436,255432.9806874026,4.2,12.149936116216045,12.149936116216045,29304.036866368642,18541.283982224082,2.3195168557291796e-19,4.2,-0.0
26,CV-charge,12,7295.825907417709,255505.70796012986,4.200000000000001,11.493531219981158,11.493531219981158,29126.743847331287,18735.750379420664,2.4095162594227483e-19,4.200000000000001,-0.0
26,CV-charge,13,7368.5531801449815,255578.43523285713,4.2,10.891243678379672,10.891243678379672,28958.787262341884,18919.91505062224,2.31836236869641e-19,4.2,-0.0
26,CV-charge,14,7441.280452872254,255651.16250558442,4.2,10.336480303409418,10.336480303409418,28799.302215859007,19094.737407242596,2.384866524981517e-19,4.2,-0.0
26,CV-charge,15,7514.007725599527,255723.88977831168,4.2,9.82477220470936,9.82477220470936,28647.868537057977,19260.68718225826,2.3530499755417776e-19,4.2,-0.0
26,CV-charge,16,7586.7349983267995,255796.61705103895,4.2,9.35069188816211,9.35069188816211,28503.644983698763,19418.694662178586,2.3533041136111892e-19,4.2,-0.0
26,CV-charge,17,7659.4622710540725,255869.3443237662,4.200000000000002,8.910698519988593,8.910698519988593,28366.22931123988,19569.20719711573,2.3504543319070162e-19,4.200000000000002,-0.0
26,CV-charge,18,7732.1895437813455,255942.0715964935,4.199999999999999,8.501338239790181,8.501338239790181,28235.14558906552,19712.75219064111,2.350429698452443e-19,4.199999999999999,-0.0
26,CV-charge,19,7804.916816508618,256014.79886922077,4.2,8.119590184951527,8.119590184951527,28109.964766874422,19849.80470613021,2.350686045881526e-19,4.2,-0.0
26,CV-charge,20,7877.6440892358905,256087.52614194804,4.199999999999999,7.762808044710676,7.762808044710676,27990.299101526445,19980.793810312993,2.351216982709493e-19,4.199999999999999,-0.0
26,CV-charge,21,7950.3713619631635,256160.25341467533,4.2,7.428664531627928,7.428664531627928,27875.79715456348,20106.108171065043,2.351972104822341e-19,4.2,-0.0
26,CV-charge,22,8023.098634690436,256232.9806874026,4.2,7.115106056371403,7.115106056371403,27766.13950537251,20226.10085240955,2.35155207139394e-19,4.2,-0.0
26,CV-charge,23,8095.825907417709,256305.70796012986,4.199999999999999,6.820318232984649,6.820318232984649,27661.036316895785,20341.092056039917,2.351446574912279e-19,4.199999999999999,-0.0
26,CV-charge,24,8168.5531801449815,256378.43523285713,4.200000000000001,6.542686125870581,6.542686125870581,27560.221412191724,20451.37569807559,2.3515623228148177e-19,4.200000000000001,-0.0
26,CV-charge,25,8241.280452872254,256451.16250558442,4.200000000000001,6.280771977087806,6.280771977087806,27463.45113106949,20557.220697747704,2.3517186285878757e-19,4.200000000000001,-0.0
26,CV-charge,26,8314.007725599527,256523.88977831168,4.200000000000001,6.03329187268669,6.03329187268669,27370.501782089195,20658.873822453348,2.3517051187682696e-19,4.200000000000001,-0.0
26,CV-charge,27,8386.7349983268,256596.61705103895,4.2,5.799096242701296,5.799096242701296,27281.167547926263,20756.56202220525,2.35095281986507e-19,4.2,-0.0
26,CV-charge,28,8459.462271054072,256669.3443237662,4.199999999999999,5.577153196578029,5.577153196578029,27195.2586505672,20850.49447303883,2.3507721744778108e-19,4.199999999999999,-0.0
26,CV-charge,29,8532.189543781345,256742.0715964935,4.200000000000001,5.366534234014662,5.366534234014662,27112.599739893114,20940.864370514075,2.3539760329844456e-19,4.200000000000001,-0.0
26,CV-charge,30,8604.916816508618,256814.79886922077,4.2,5.166401951571742,5.166401951571742,27033.0284743657,21027.850508477768,2.353697453243303e-19,4.2,-0.0
26,CV-charge,31,8677.644089235891,256887.52614194804,4.2,4.975999432118728,4.975999432118728,26956.394267449916,21111.618672679775,2.3551274038285366e-19,4.2,-0.0
26,CV-charge,32,8750.371361963164,256960.25341467533,4.2,4.794641058173582,4.794641058173582,26882.55717748111,21192.322874248395,2.3548340814781896e-19,4.2,-0.0
26,CV-charge,33,8823.098634690436,257032.9806874026,4.199999999999999,4.621704534063265,4.621704534063265,26811.386922059035,21270.10644424091,2.357293215386396e-19,4.199999999999999,-0.0
26,CV-charge,34,8895.825907417708,257105.70796012986,4.199999999999999,4.456623937631347,4.456623937631347,26742.76200085023,21345.10300731399,2.356786934872917e-19,4.199999999999999,-0.0
26,CV-charge,35,8968.553180144982,257178.43523285713,4.2,4.298883651572365,4.298883651572365,26676.568913053918,21417.437349906915,2.35636947074605e-19,4.2,-0.0
26,CV-charge,36,9041.280452872254,257251.16250558442,4.199999999999999,4.148013048552185,4.148013048552185,26612.701457738647,21487.22619613949,2.356007115753506e-19,4.199999999999999,-0.0
26,CV-charge,37,9114.007725599527,257323.88977831168,4.200000000000001,4.003581824175701,4.003581824175701,26551.060106922057,21554.578902725032,2.355060145212504e-19,4.200000000000001,-0.0
26,CV-charge,38,9186.7349983268,257396.61705103895,4.200000000000001,3.8651958883498514,3.8651958883498514,26491.55144268042,21619.59808266334,2.3545892420476776e-19,4.200000000000001,-0.0
26,CV-charge,39,9259.462271054072,257469.3443237662,4.2,3.7324937392234405,3.7324937392234405,26434.087650737238,21682.38016612052,2.3556435446080025e-19,4.2,-0.0
26,CV-charge,40,9332.189543781345,257542.0715964935,4.2,3.6051432553341045,3.6051432553341045,26378.586064014875,21743.01590579052,2.355411776657642e-19,4.2,-0.0
26,CV-charge,41,9404.916816508618,257614.79886922077,4.2,3.482838851072834,3.482838851072834,26324.968750463293,21801.59083305846,2.355244925674016e-19,4.2,-0.0
26,CV-charge,42,9477.644089235891,257687.52614194804,4.199999999999999,3.365298948613054,3.365298948613054,26273.16214024342,21858.1856704808,2.354623205825935e-19,4.199999999999999,-0.0
26,CV-charge,43,9550.371361963164,257760.25341467533,4.2,3.252263726147757,3.252263726147757,26223.09668794435,21912.87670537145,2.3545719888505516e-19,4.2,-0.0
26,CV-charge,44,9623.098634690436,257832.9806874026,4.2,3.143493107936249,3.143493107936249,26174.70656606357,21965.73612870592,2.35527332693883e-19,4.2,-0.0
26,CV-charge,45,9695.825907417708,257905.70796012986,4.2,3.038764966503838,3.038764966503838,26127.929386453165,22016.832343024136,2.3556009887290206e-19,4.2,-0.0
26,CV-charge,46,9768.553180144982,257978.43523285713,4.2,2.9378735113546366,2.9378735113546366,26082.705946810576,22066.230242558002,2.3558508850548315e-19,4.2,-0.0
26,CV-charge,47,9841.280452872254,258051.16250558442,4.2,2.8406278420503215,2.8406278420503215,26038.97999966472,22113.991468444903,2.355979356569512e-19,4.2,-0.0
26,CV-charge,48,9914.007725599527,258123.88977831168,4.200000000000001,2.746850646452338,2.746850646452338,25996.698041590524,22160.174641531063,2.356166992056025e-19,4.200000000000001,-0.0
26,CV-charge,49,9930.257897554577,258140.13995026672,4.2,2.7263936618115,2.7263936618115,25987.46024595785,22170.26467467957,2.356120367747922e-19,4.2,-0.0
27,CC-discharge,0,218.1818181818182,258358.32176844854,3.855652023324092,-27.263836618115,-27.263836618115,25987.46024595785,22170.26467467957,2.356120367747922e-19,3.855652023324092,0.0
27,CC-discharge,1,290.90909090909093,258431.0490411758,3.8315109329204664,-27.263836618115,-27.263836618115,26552.579867922173,21635.764895510023,2.35612057728948e-19,3.8315109329204664,0.5507845781437375
27,CC-discharge,2,363.6363636363637,258503.77631390307,3.815204566385818,-27.263836618115,-27.263836618115,26972.167583339287,21182.284836201303,2.356120697470528e-19,3.815204566385818,1.101569156287475
27,CC-discharge,3,436.3636363636364,258576.50358663037,3.8000047387365123,-27.263836618115,-27.263836618115,27389.894365389515,20728.82949263097,2.3561206917284253e-19,3.8000047387365123,1.652353734431212
27,CC-discharge,4,509.0909090909091,258649.23085935763,3.785644261031247,-27.263836618115,-27.263836618115,27807.59191116192,20275.37410178944,2.3561207150266564e-19,3.785644261031247,2.2031383125749495
27,CC-discharge,5,581.8181818181819,258721.9581320849,3.7719598898155096,-27.263836618115,-27.263836618115,28225.287190885243,19821.918710250673,2.3561207264641357e-19,3.7719598898155096,2.753922890718687
27,CC-discharge,6,654.5454545454546,258794.68540481216,3.758844409980543,-27.263836618115,-27.263836618115,28642.982294181544,19368.463318701593,2.3561207186349757e-19,3.758844409980543,3.3047074688624245
27,CC-discharge,7,727.2727272727274,258867.41267753945,3.746202738008338,-27.263836618115,-27.263836618115,29060.677383673545,18915.007927152634,2.356120713782263e-19,3.746202738008338,3.855492047006162
27,CC-discharge,8,800.0000000000001,258940.13995026672,3.7339778564307307,-27.263836618115,-27.263836618115,29478.372472079842,18461.55253560344,2.356120709542536e-19,3.7339778564307307,4.4062766251499
27,CC-discharge,9,872.7272727272727,259012.86722299398,3.722121966345774,-27.263836618115,-27.263836618115,29896.067560400188,18008.097144054143,2.356120714770734e-19,3.722121966345774,4.9570612032936365
27,CC-discharge,10,945.4545454545455,259085.59449572128,3.71059843280808,-27.263836618115,-27.263836618115,30313.76264871398,17554.641752504976,2.356120719510284e-19,3.71059843280808,5.507845781437374
27,CC-discharge,11,1018.1818181818182,259158.32176844854,3.6993789160585426,-27.263836618115,-27.263836618115,30731.457737026733,17101.18636095578,2.3561207176053283e-19,3.6993789160585426,6.0586303595811115
27,CC-discharge,12,1090.909090909091,259231.0490411758,3.6884412629704713,-27.263836618115,-27.263836618115,31149.152825339446,16647.73096940612,2.3561207079615996e-19,3.6884412629704713,6.609414937724849
27,CC-discharge,13,1163.6363636363637,259303.77631390307,3.677767923012778,-27.263836618115,-27.263836618115,31566.84791365233,16194.275577857132,2.356120719478761e-19,3.677767923012778,7.1601995158685865
27,CC-discharge,14,1236.3636363636365,259376.50358663037,3.667344729706648,-27.263836618115,-27.263836618115,31984.54300196489,15740.820186307774,2.356120712135446e-19,3.667344729706648,7.710984094012324
27,CC-discharge,15,1309.0909090909092,259449.23085935763,3.6571599362490628,-27.263836618115,-27.263836618115,32402.23809027798,15287.364794758505,2.356120719662347e-19,3.6571599362490628,8.261768672156062
27,CC-discharge,16,1381.818181818182,259521.9581320849,3.6472034264327458,-27.263836618115,-27.263836618115,32819.933178590465,14833.909403209116,2.3561207110738696e-19,3.6472034264327458,8.8125532502998
27,CC-discharge,17,1454.5454545454547,259594.68540481216,3.637466041920306,-27.263836618115,-27.263836618115,33237.62826690291,14380.454011660171,2.3561207266068437e-19,3.637466041920306,9.363337828443537
27,CC-discharge,18,1527.2727272727275,259667.41267753945,3.6279389803175555,-27.263836618115,-27.263836618115,33655.323355215376,13926.998620111468,2.3561207417392046e-19,3.6279389803175555,9.914122406587275
27,CC-discharge,19,1600.0000000000002,259740.13995026672,3.6186132267059374,-27.263836618115,-27.263836618115,34073.01844352824,13473.543228562241,2.356120744652847e-19,3.6186132267059374,10.464906984731012
27,CC-discharge,20,1672.727272727273,259812.86722299398,3.609478985970206,-27.263836618115,-27.263836618115,34490.713531841044,13020.087837013185,2.3561207388181784e-19,3.609478985970206,11.01569156287475
27,CC-discharge,21,1745.4545454545455,259885.59449572128,3.600525086315396,-27.263836618115,-27.263836618115,34908.40862015386,12566.632445464224,2.356120741436205e-19,3.600525086315396,11.566476141018486
27,CC-discharge,22,1818.1818181818182,259958.32176844854,3.5917383169377888,-27.263836618115,-27.263836618115,35326.10370846687,12113.177053914984,2.3561207455829506e-19,3.5917383169377888,12.117260719162223
27,CC-discharge,23,1890.909090909091,260031.0490411758,3.583102178555649,-27.263836618115,-27.263836618115,35743.79879677923,11659.721662366219,2.356120731812343e-19,3.583102178555649,12.66804529730596
27,CC-discharge,24,1963.6363636363637,260103.77631390307,3.5745982710952253,-27.263836618115,-27.263836618115,36161.493885091695,11206.266270816908,2.3561207413019333e-19,3.5745982710952253,13.218829875449698
27,CC-discharge,25,2036.3636363636365,260176.50358663037,3.5662013386988756,-27.263836618115,-27.263836618115,36579.188973404474,10752.810879267821,2.356120731456965e-19,3.5662013386988756,13.769614453593435
27,CC-discharge,26,2109.0909090909095,260249.23085935763,3.5578809783998007,-27.263836618115,-27.263836618115,36996.88406171681,10299.355487718738,2.356120747015619e-19,3.5578809783998007,14.320399031737175
27,CC-discharge,27,2181.818181818182,260321.9581320849,3.5495992528596934,-27.263836618115,-27.263836618115,37414.57915002967,9845.900096169747,2.356120831024368e-19,3.5495992528596934,14.87118360988091
27,CC-discharge,28,2254.545454545455,260394.68540481216,3.541308751436589,-27.263836618115,-27.263836618115,37832.274238342776,9392.444704620559,2.3561206948268724e-19,3.541308751436589,15.42196818802465
27,CC-discharge,29,2327.2727272727275,260467.41267753945,3.532950158435897,-27.263836618115,-27.263836618115,38249.96932665571,8938.989313071468,2.3561205832042754e-19,3.532950158435897,15.972752766168385
27,CC-discharge,30,2400.0,260540.13995026672,3.5244493781029775,-27.263836618115,-27.263836618115,38667.66441496868,8485.533921522292,2.3561210173491315e-19,3.5244493781029775,16.52353734431212
27,CC-discharge,31,2472.727272727273,260612.86722299398,3.5157145451712903,-27.263836618115,-27.263836618115,39085.35950328155,8032.0785299730105,2.35612139305654e-19,3.5157145451712903,17.07432192245586
27,CC-discharge,32,2545.4545454545455,260685.59449572128,3.5066288182476866,-27.263836618115,-27.263836618115,39503.05459159397,7578.623138423801,2.3561205574764234e-19,3.5066288182476866,17.625106500599596
27,CC-discharge,33,2618.1818181818185,260758.32176844854,3.4970499994160895,-27.263836618115,-27.263836618115,39920.7496799069,7125.167746874513,2.3561208586857793e-19,3.4970499994160895,18.175891078743334
27,CC-discharge,34,2690.909090909091,260831.0490411758,3.486799809905196,-27.263836618115,-27.263836618115,40338.44476821986,6671.712355325365,2.356119984572376e-19,3.486799809905196,18.72667565688707
27,CC-discharge,35,2763.636363636364,260903.77631390307,3.475657025608101,-27.263836618115,-27.263836618115,40756.13985653287,6218.256963776186,2.356121550626319e-19,3.475657025608101,19.27746023503081
27,CC-discharge,36,2836.3636363636365,260976.50358663037,3.4633481754343753,-27.263836618115,-27.263836618115,41173.83494484536,5764.801572226953,2.356119813277102e-19,3.4633481754343753,19.828244813174546
27,CC-discharge,37,2909.0909090909095,261049.23085935763,3.4495359531796534,-27.263836618115,-27.263836618115,41591.530033158386,5311.34618067797,2.3561167410477397e-19,3.4495359531796534,20.379029391318284
27,CC-discharge,38,2981.818181818182,261121.9581320849,3.433805960783676,-27.263836618115,-27.263836618115,42009.22512147092,4857.890789128836,2.356116401587386e-19,3.433805960783676,20.92981396946202
27,CC-discharge,39,3054.545454545455,261194.68540481216,3.415652192638905,-27.263836618115,-27.263836618115,42426.92020978393,4404.435397579691,2.3561156487361343e-19,3.415652192638905,21.48059854760576
27,CC-discharge,40,3127.2727272727275,261267.41267753945,3.394458769949636,-27.263836618115,-27.263836618115,42844.615298097204,3950.9800060306475,2.3561153801721557e-19,3.394458769949636,22.031383125749496
27,CC-discharge,41,3200.0000000000005,261340.13995026672,3.3694880533143357,-27.263836618115,-27.263836618115,43262.31038640994,3497.5246144815314,2.356114521022596e-19,3.3694880533143357,22.582167703893234
27,CC-discharge,42,3272.727272727273,261412.86722299398,3.339862922908731,-27.263836618115,-27.263836618115,43680.00547472224,3044.069222932421,2.3561156665356087e-19,3.339862922908731,23.13295228203697
27,CC-discharge,43,3345.454545454546,261485.59449572128,3.3045475087479756,-27.263836618115,-27.263836618115,44097.70056303441,2590.6138313833585,2.3561191957323865e-19,3.3045475087479756,23.68373686018071
27,CC-discharge,44,3418.1818181818185,261558.32176844854,3.2623151471480205,-27.263836618115,-27.263836618115,44515.395651346305,2137.158439834291,2.35611752192749e-19,3.2623151471480205,24.234521438324446
27,CC-discharge,45,3490.909090909091,261631.0490411758,3.2114835492908744,-27.263836618115,-27.263836618115,44933.09073965917,1683.7030482852063,2.356118537771688e-19,3.2114835492908744,24.785306016468184
27,CC-discharge,46,3563.636363636364,261703.77631390307,3.1481859990474135,-27.263836618115,-27.263836618115,45350.78582797191,1230.2476567361682,2.3561086703053344e-19,3.1481859990474135,25.336090594611925
27,CC-discharge,47,3636.3636363636365,261776.50358663037,3.050969211992401,-27.263836618115,-27.263836618115,45768.48091628457,776.7922651871147,2.356108383636786e-19,3.050969211992401,25.886875172755662
27,CC-discharge,48,3657.4299692995123,261797.56991956625,3.0000100000000014,-27.263836618115,-27.263836618115,45889.47134348044,645.443434250441,2.3561244090170695e-19,3.0000100000000014,26.04641657811859
27,CC-charge,0,3875.6117874813303,262015.75173774807,3.7151764026673915,27.263836618115,27.263836618115,45889.47134348044,645.443434250441,2.3561244090170695e-19,3.7151764026673915,0.0
27,CC-charge,1,3948.3390602086033,262088.47901047533,3.8216168264749517,27.263836618115,27.263836618115,45324.35495465956,1179.9417371619297,2.356122776735292e-19,3.8216168264749517,-0.0
27,CC-charge,2,4021.066332935876,262161.2062832026,3.867980094962683,27.263836618115,27.263836618115,44904.7675885774,1633.4232719463948,2.3561235390923974e-19,3.867980094962683,-0.0
27,CC-charge,3,4093.793605663149,262233.93355592986,3.905417197203903,27.263836618115,27.263836618115,44487.035062876654,2086.8786152334574,2.356121983719331e-19,3.905417197203903,-0.0
27,CC-charge,4,4166.520878390422,262306.66082865716,3.9367113185614944,27.263836618115,27.263836618115,44069.33947564969,2540.334007132678,2.356122606660078e-19,3.9367113185614944,-0.0
27,CC-charge,5,4239.248151117694,262379.38810138445,3.9627932868353355,27.263836618115,27.263836618115,43651.644382220686,2993.78939867753,2.356122339597326e-19,3.9627932868353355,-0.0
27,CC-charge,6,4311.975423844967,262452.1153741117,3.984432479476349,27.263836618115,27.263836618115,43233.94929397352,3447.2447902266113,2.356122819566185e-19,3.984432479476349,-0.0
27,CC-charge,7,4384.70269657224,262524.842646839,4.0023684226318785,27.263836618115,27.263836618115,42816.25420566045,3900.7001817755845,2.35612272473963e-19,4.0023684226318785,-0.0
27,CC-charge,8,4457.429969299513,262597.5699195663,4.017283769078565,27.263836618115,27.263836618115,42398.5591173475,4354.155573324573,2.3561241547587373e-19,4.017283769078565,-0.0
27,CC-charge,9,4530.157242026785,262670.2971922935,4.029782233477109,27.263836618115,27.263836618115,41980.864029033444,4807.610964873593,2.3561229729938826e-19,4.029782233477109,-0.0
27,CC-charge,10,4602.884514754058,262743.0244650208,4.0403793829944865,27.263836618115,27.263836618115,41563.16894071967,5261.066356422624,2.356123294074828e-19,4.0403793829944865,-0.0
27,CC-charge,11,4675.611787481331,262815.75173774804,4.049508504172015,27.263836618115,27.263836618115,41145.473852406445,5714.52174797146,2.3561240450435307e-19,4.049508504172015,-0.0
27,CC-charge,12,4748.339060208604,262888.47901047533,4.057527097558784,27.263836618115,27.263836618115,40727.77876409312,6167.9771395204425,2.3561237893656965e-19,4.057527097558784,-0.0
27,CC-charge,13,4821.066332935876,262961.2062832026,4.064727786048455,27.263836618115,27.263836618115,40310.08367577969,6621.432531069468,2.3561241413677473e-19,4.064727786048455,-0.0
27,CC-charge,14,4893.793605663149,263033.93355592986,4.07134797028442,27.263836618115,27.263836618115,39892.38858746605,7074.8879226182435,2.3561242215234465e-19,4.07134797028442,-0.0
27,CC-charge,15,4966.520878390422,263106.66082865716,4.077579107519928,27.263836618115,27.263836618115,39474.69349915247,7528.343314167186,2.356124605440809e-19,4.077579107519928,-0.0
27,CC-charge,16,5039.248151117694,263179.38810138445,4.083574694200408,27.263836618115,27.263836618115,39056.99841083961,7981.798705716118,2.3561240840357557e-19,4.083574694200408,-0.0
27,CC-charge,17,5111.975423844967,263252.1153741117,4.089457752238625,27.263836618115,27.263836618115,38639.30332252606,8435.254097265002,2.3561239714911837e-19,4.089457752238625,-0.0
27,CC-charge,18,5184.70269657224,263324.842646839,4.095325570692201,27.263836618115,27.263836618115,38221.608234213076,8888.70948881396,2.3561239931054487e-19,4.095325570692201,-0.0
27,CC-charge,19,5257.429969299513,263397.5699195663,4.101255638110708,27.263836618115,27.263836618115,37803.913145899416,9342.164880362716,2.3561243373828453e-19,4.101255638110708,-0.0
27,CC-charge,20,5330.157242026786,263470.2971922935,4.107308928070182,27.263836618115,27.263836618115,37386.21805758661,9795.62027191169,2.356124458116443e-19,4.107308928070182,-0.0
27,CC-charge,21,5402.884514754058,263543.0244650208,4.113533111244581,27.263836618115,27.263836618115,36968.52296927329,10249.075663460515,2.3561244574999104e-19,4.113533111244581,-0.0
27,CC-charge,22,5475.611787481331,263615.75173774804,4.119966888284521,27.263836618115,27.263836618115,36550.8278809602,10702.531055009082,2.356124459846596e-19,4.119966888284521,-0.0
27,CC-charge,23,5548.339060208604,263688.47901047533,4.126638882482644,27.263836618115,27.263836618115,36133.13279264699,11155.986446558149,2.356124483575495e-19,4.126638882482644,-0.0
27,CC-charge,24,5621.066332935876,263761.2062832026,4.13357203206396,27.263836618115,27.263836618115,35715.43770433381,11609.441838107026,2.3561244730788757e-19,4.13357203206396,-0.0
27,CC-charge,25,5693.793605663149,263833.93355592986,4.140784304234251,27.263836618115,27.263836618115,35297.742616020965,12062.897229655593,2.3561245060476475e-19,4.140784304234251,-0.0
27,CC-charge,26,5766.520878390422,263906.66082865716,4.148289839558963,27.263836618115,27.263836618115,34880.047527707706,12516.352621204065,2.356124492819315e-19,4.148289839558963,-0.0
27,CC-charge,27,5839.248151117694,263979.38810138445,4.156099918893189,27.263836618115,27.263836618115,34462.35243939424,12969.808012752987,2.356124511462864e-19,4.156099918893189,-0.0
27,CC-charge,28,5911.975423844968,264052.1153741117,4.164225651285437,27.263836618115,27.263836618115,34044.6573510807,13423.263404301493,2.3561245117992697e-19,4.164225651285437,-0.0
27,CC-charge,29,5984.70269657224,264124.842646839,4.172671732074501,27.263836618115,27.263836618115,33626.962262767156,13876.718795850218,2.356124441846826e-19,4.172671732074501,-0.0
27,CC-charge,30,6057.429969299512,264197.5699195663,4.1814465619315495,27.263836618115,27.263836618115,33209.26717445385,14330.174187399041,2.356124143583712e-19,4.1814465619315495,-0.0
27,CC-charge,31,6130.157242026786,264270.2971922935,4.190557008374492,27.263836618115,27.263836618115,32791.57208614065,14783.629578947759,2.356124136081828e-19,4.190557008374492,-0.0
27,CC-charge,32,6202.730376466223,264342.870326733,4.199990000000001,27.263836618115,27.263836618115,32374.762261406064,15236.123916479071,2.356123795905648e-19,4.199990000000001,-0.0
27,CV-charge,0,6420.912194648041,264561.0521449148,4.2,27.288362110924385,27.288362110924385,32374.762261406064,15236.123916479071,2.356123795905648e-19,4.2,0.0
27,CV-charge,1,6493.639467375314,264633.7794176421,4.200000000000001,24.210124533068804,24.210124533068804,31852.802801722693,15731.211530577546,2.414345388117168e-19,4.200000000000001,-0.0
27,CV-charge,2,6566.366740102587,264706.50669036934,4.2,22.266228046901045,22.266228046901045,31506.299712939835,16111.42157175693,2.5591499493821687e-19,4.2,-0.0
27,CV-charge,3,6639.094012829859,264779.23396309663,4.2,20.568173216823773,20.568173216823773,31188.22730551444,16461.89500960418,2.7974493570497162e-19,4.2,-0.0
27,CV-charge,4,6711.821285557132,264851.96123582387,4.199999999999999,19.067737862113553,19.067737862113553,30893.280079159515,16786.69248111976,2.791811576003832e-19,4.199999999999999,-0.0
27,CV-charge,5,6784.548558284405,264924.68850855116,4.2,17.73584301026476,17.73584301026476,30619.05371759307,17088.47361927214,2.8098000277131576e-19,4.2,-0.0
27,CV-charge,6,6857.275831011678,264997.41578127845,4.2,16.547583717008045,16.547583717008045,30363.30859112282,17369.74693760996,2.7735949362035527e-19,4.2,-0.0
27,CV-charge,7,6930.00310373895,265070.1430540057,4.2,15.482368473632578,15.482368473632578,30124.118723560383,17632.66760782848,2.814004469403174e-19,4.2,-0.0
27,CV-charge,8,7002.730376466223,265142.870326733,4.199999999999999,14.523148477719502,14.523148477719502,29899.827941719268,17879.086709276664,2.875360871835358e-19,4.199999999999999,-0.0
27,CV-charge,9,7075.457649193496,265215.5975994603,4.199999999999999,13.65570492530196,13.65570492530196,29689.00331977925,18110.604061567898,2.683816035898795e-19,4.199999999999999,-0.0
27,CV-charge,10,7148.184921920769,265288.3248721875,4.2,12.868128179719998,12.868128179719998,29490.399622732544,18328.608492239026,2.6040680664207215e-19,4.2,-0.0
27,CV-charge,11,7220.912194648041,265361.0521449148,4.199999999999999,12.150393052943297,12.150393052943297,29302.93051812622,18534.31041366822,2.59822604317227e-19,4.199999999999999,-0.0
27,CV-charge,12,7293.639467375314,265433.7794176421,4.199999999999999,11.493962883703334,11.493962883703334,29125.630754653317,18728.784206521235,2.615006110794867e-19,4.199999999999999,-0.0
27,CV-charge,13,7366.366740102587,265506.50669036934,4.2,10.89164870823407,10.89164870823407,28957.66783332411,18912.95583483441,2.6188912015429304e-19,4.2,-0.0
27,CV-charge,14,7439.094012829859,265579.23396309663,4.2,10.336858161305672,10.336858161305672,28798.176949196528,19087.784608941794,2.7043350709832473e-19,4.2,-0.0
27,CV-charge,15,7511.821285557132,265651.96123582387,4.2,9.82471546539218,9.82471546539218,28646.615631781136,19253.874349086447,2.7085757906124873e-19,4.2,-0.0
27,CV-charge,16,7584.548558284405,265724.68850855116,4.2,9.350636670854676,9.350636670854676,28502.3928287603,19411.880921620785,2.711759720672202e-19,4.2,-0.0
27,CV-charge,17,7657.275831011678,265797.41578127845,4.2,8.910642401434295,8.910642401434295,28364.978013263142,19562.39252927438,2.7114665228482763e-19,4.2,-0.0
27,CV-charge,18,7730.003103738951,265870.1430540057,4.2,8.50127881748204,8.50127881748204,28233.89519286038,19705.93655193818,2.7115962519880346e-19,4.2,-0.0
27,CV-charge,19,7802.730376466223,265942.870326733,4.2,8.119525523916868,8.119525523916868,28108.715350492635,19842.988017957978,2.7125049152054303e-19,4.2,-0.0
27,CV-charge,20,7875.457649193496,266015.5975994603,4.2,7.762736578730911,7.762736578730911,27989.05076737855,19973.975966403952,2.7121689679376797e-19,4.2,-0.0
27,CV-charge,21,7948.184921920769,266088.3248721875,4.2,7.428584996822758,7.428584996822758,27874.550024782624,20099.289042794946,2.7126228679046743e-19,4.2,-0.0
27,CV-charge,22,8020.912194648041,266161.0521449148,4.2,7.115017437585235,7.115017437585235,27764.893717917184,20219.28029319584,2.7129638840254513e-19,4.2,-0.0
27,CV-charge,23,8093.639467375314,266233.7794176421,4.2,6.820219703481579,6.820219703481579,27659.792016148378,20334.26991179696,2.71313232546528e-19,4.2,-0.0
27,CV-charge,24,8166.366740102587,266306.50669036934,4.2,6.542577046914366,6.542577046914366,27558.978758575635,20444.551796617394,2.713278595269237e-19,4.2,-0.0
27,CV-charge,25,8239.094012829859,266379.23396309663,4.2,6.28065185234227,6.28065185234227,27462.210292956916,20550.3948578629,2.7132464163949066e-19,4.2,-0.0
27,CV-charge,26,8311.821285557133,266451.96123582387,4.199999999999999,6.033160324641328,6.033160324641328,27369.262933854257,20652.045856044013,2.7132520041909703e-19,4.199999999999999,-0.0
27,CV-charge,27,8384.548558284405,266524.68850855116,4.200000000000001,5.798952993543926,5.798952993543926,27279.930868387368,20749.731736039037,2.713580684177784e-19,4.200000000000001,-0.0
27,CV-charge,28,8457.275831011677,266597.41578127845,4.2,5.576998052466787,5.576998052466787,27194.024321670717,20843.661670225978,2.7139506524240426e-19,4.2,-0.0
27,CV-charge,29,8530.00310373895,266670.1430540057,4.200000000000001,5.366367072114832,5.366367072114832,27111.367945602502,20934.02885175626,2.713557459022829e-19,4.200000000000001,-0.0
27,CV-charge,30,8602.730376466223,266742.870326733,4.199999999999999,5.166222709347342,5.166222709347342,27031.799399716692,21021.012073126,2.711950616133719e-19,4.199999999999999,-0.0
27,CV-charge,31,8675.457649193497,266815.5975994603,4.2,4.975808098464216,4.975808098464216,26955.168097746206,21104.777119632963,2.7120741514958298e-19,4.2,-0.0
27,CV-charge,32,8748.184921920769,266888.3248721875,4.200000000000001,4.794437666057945,4.794437666057945,26881.334097607265,21185.478002726682,2.711963451506651e-19,4.200000000000001,-0.0
27,CV-charge,33,8820.91219464804,266961.0521449148,4.199999999999999,4.621489154407678,4.621489154407678,26810.16711588522,21263.258054447644,2.7128657053861503e-19,4.199999999999999,-0.0
27,CV-charge,34,8893.639467375313,267033.7794176421,4.199999999999999,4.456396674215559,4.456396674215559,26741.545650720538,21338.250901008505,2.714119628890505e-19,4.199999999999999,-0.0
27,CV-charge,35,8966.366740102587,267106.50669036934,4.200000000000001,4.298644636782072,4.298644636782072,26675.35619934025,21410.581330901972,2.7146991213990757e-19,4.200000000000001,-0.0
27,CV-charge,36,9039.094012829859,267179.23396309663,4.200000000000001,4.147762439822917,4.147762439822917,26611.492558449285,21480.366070736178,2.7151591788857453e-19,4.200000000000001,-0.0
27,CV-charge,37,9111.821285557133,267251.96123582387,4.200000000000001,4.003319801019446,4.003319801019446,26549.855197358836,21547.714480095503,2.7148441130684325e-19,4.200000000000001,-0.0
27,CV-charge,38,9184.548558284405,267324.68850855116,4.199999999999999,3.8649226498568074,3.8649226498568074,26490.35069513387,21612.72917518764,2.714951255571674e-19,4.199999999999999,-0.0
27,CV-charge,39,9257.275831011677,267397.41578127845,4.2,3.732209501958064,3.732209501958064,26432.891234215094,21675.506589690096,2.714614498174012e-19,4.2,-0.0
27,CV-charge,40,9330.00310373895,267470.1430540057,4.2,3.60484825155992,3.60484825155992,26377.39414399686,21736.137480078,2.7147760773012716e-19,4.2,-0.0
27,CV-charge,41,9402.730376466223,267542.870326733,4.199999999999998,3.4825333272483214,3.4825333272483214,26323.781488683013,21794.70738176224,2.7142281161616344e-19,4.199999999999998,-0.0
27,CV-charge,42,9475.457649193497,267615.5975994603,4.2,3.3649831641090184,3.3649831641090184,26271.979694486818,21851.297021543844,2.7145847258273884e-19,4.2,-0.0
27,CV-charge,43,9548.184921920769,267688.3248721875,4.2,3.2519379521382556,3.2519379521382556,26221.919211866065,21905.982691186662,2.7144000192636427e-19,4.2,-0.0
27,CV-charge,44,9620.91219464804,267761.0521449148,4.2,3.143157626446199,3.143157626446199,26173.534209019734,21958.83658629759,2.7137682694838303e-19,4.2,-0.0
27,CV-charge,45,9693.639467375313,267833.7794176421,4.200000000000001,3.038420069569608,3.038420069569608,26126.762293347158,22009.92711422306,2.7140002203116013e-19,4.200000000000001,-0.0
27,CV-charge,46,9766.366740102587,267906.50669036934,4.2,2.937519500275449,2.937519500275449,26081.544257948168,22059.319174156815,2.7140543357367827e-19,4.2,-0.0
27,CV-charge,47,9839.094012829859,267979.23396309663,4.199999999999999,2.8402650267152407,2.8402650267152407,26037.823850621888,22107.074412345544,2.713590952546265e-19,4.199999999999999,-0.0
27,CV-charge,48,9911.821285557133,268051.96123582387,4.199999999999999,2.746479344720518,2.746479344720518,25995.547563089294,22153.251454880014,2.7140353554754003e-19,4.199999999999999,-0.0
27,CV-charge,49,9927.773365834097,268067.91331610084,4.199999999999999,2.7263936618115,2.7263936618115,25986.479563120334,22163.15604196391,2.714005169748691e-19,4.199999999999999,-0.0
28,CC-discharge,0,218.1818181818182,268286.09513428266,3.8556734673291464,-27.263836618115,-27.263836618115,25986.479563120334,22163.15604196391,2.714005169748691e-19,3.8556734673291464,0.0
28,CC-discharge,1,290.90909090909093,268358.82240700995,3.8315264715768644,-27.263836618115,-27.263836618115,26551.599179457997,21628.656268884763,2.7140051852572987e-19,3.8315264715768644,0.5507845781437375
28,CC-discharge,2,363.6363636363637,268431.5496797372,3.815216892678735,-27.263836618115,-27.263836618115,26971.186887075735,21175.176203574738,2.7140050655019935e-19,3.815216892678735,1.101569156287475
28,CC-discharge,3,436.3636363636364,268504.2769524645,3.8000145445853666,-27.263836618115,-27.263836618115,27388.913681201622,20721.72085991463,2.7140050789644995e-19,3.8000145445853666,1.652353734431212
28,CC-discharge,4,509.0909090909091,268577.0042251917,3.785652090943377,-27.263836618115,-27.263836618115,27806.61122819432,20268.26546907187,2.7140050901480593e-19,3.785652090943377,2.2031383125749495
28,CC-discharge,5,581.8181818181819,268649.731497919,3.771966133210487,-27.263836618115,-27.263836618115,28224.306508035486,19814.8100775332,2.714005079529505e-19,3.771966133210487,2.753922890718687
28,CC-discharge,6,654.5454545454546,268722.4587706463,3.7588493826066385,-27.263836618115,-27.263836618115,28642.001611342854,19361.354685984177,2.7140050819442275e-19,3.7588493826066385,3.3047074688624245
28,CC-discharge,7,727.2727272727274,268795.18604337354,3.7462066553968274,-27.263836618115,-27.263836618115,29059.696700835942,18907.899294434654,2.7140050897188653e-19,3.7462066553968274,3.855492047006162
28,CC-discharge,8,800.0000000000001,268867.91331610084,3.733980903144904,-27.263836618115,-27.263836618115,29477.39178924225,18454.443902885356,2.714005095816263e-19,3.733980903144904,4.4062766251499
28,CC-discharge,9,872.7272727272727,268940.64058882813,3.722124289398164,-27.263836618115,-27.263836618115,29895.086877561836,18000.98851133625,2.7140050907148133e-19,3.722124289398164,4.9570612032936365
28,CC-discharge,10,945.4545454545455,269013.36786155537,3.7106001498224197,-27.263836618115,-27.263836618115,30312.781965874372,17547.53311978699,2.714005092344374e-19,3.7106001498224197,5.507845781437374
28,CC-discharge,11,1018.1818181818182,269086.09513428266,3.699380120988212,-27.263836618115,-27.263836618115,30730.477054187726,17094.077728237608,2.714005107938096e-19,3.699380120988212,6.0586303595811115
28,CC-discharge,12,1090.909090909091,269158.82240700995,3.68844203003195,-27.263836618115,-27.263836618115,31148.172142500283,16640.622336688077,2.714005113266873e-19,3.68844203003195,6.609414937724849
28,CC-discharge,13,1163.6363636363637,269231.5496797372,3.6777683092528917,-27.263836618115,-27.263836618115,31565.86723081368,16187.166945138943,2.7140051095989247e-19,3.6777683092528917,7.1601995158685865
28,CC-discharge,14,1236.3636363636365,269304.2769524645,3.667344776463872,-27.263836618115,-27.263836618115,31983.562319126122,15733.711553589823,2.714005102804838e-19,3.667344776463872,7.710984094012324
28,CC-discharge,15,1309.0909090909092,269377.0042251917,3.6571596696556186,-27.263836618115,-27.263836618115,32401.257407438698,15280.256162040641,2.714005108445435e-19,3.6571596696556186,8.261768672156062
28,CC-discharge,16,1381.818181818182,269449.731497919,3.647202857024222,-27.263836618115,-27.263836618115,32818.95249575157,14826.80077049154,2.7140051033681803e-19,3.647202857024222,8.8125532502998
28,CC-discharge,17,1454.5454545454547,269522.4587706463,3.6374651633516595,-27.263836618115,-27.263836618115,33236.64758406439,14373.345378942216,2.7140051081030126e-19,3.6374651633516595,9.363337828443537
28,CC-discharge,18,1527.2727272727275,269595.18604337354,3.6279377671259994,-27.263836618115,-27.263836618115,33654.342672376995,13919.889987392988,2.714005115685861e-19,3.6279377671259994,9.914122406587275
28,CC-discharge,19,1600.0000000000002,269667.91331610084,3.618611631005257,-27.263836618115,-27.263836618115,34072.03776069026,13466.434595844014,2.7140051216750144e-19,3.618611631005257,10.464906984731012
28,CC-discharge,20,1672.727272727273,269740.64058882813,3.609476933742524,-27.263836618115,-27.263836618115,34489.73284900269,13012.979204294688,2.7140051259277e-19,3.609476933742524,11.01569156287475
28,CC-discharge,21,1745.4545454545455,269813.36786155537,3.6005224680285286,-27.263836618115,-27.263836618115,34907.427937315304,12559.523812745227,2.71400512260059e-19,3.6005224680285286,11.566476141018486
28,CC-discharge,22,1818.1818181818182,269886.09513428266,3.591734984747459,-27.263836618115,-27.263836618115,35325.12302562841,12106.068421195754,2.7140051177539756e-19,3.591734984747459,12.117260719162223
28,CC-discharge,23,1890.909090909091,269958.82240700995,3.5830979375510714,-27.263836618115,-27.263836618115,35742.81811394077,11652.613029646283,2.7140051188377075e-19,3.5830979375510714,12.66804529730596
28,CC-discharge,24,1963.6363636363637,270031.5496797372,3.5745928522931196,-27.263836618115,-27.263836618115,36160.51320225357,11199.157638096807,2.7140051008533996e-19,3.5745928522931196,13.218829875449698
28,CC-discharge,25,2036.3636363636365,270104.2769524645,3.566194399224363,-27.263836618115,-27.263836618115,36578.20829056671,10745.702246547491,2.7140050992219733e-19,3.566194399224363,13.769614453593435
28,CC-discharge,26,2109.0909090909095,270177.0042251917,3.557872076073858,-27.263836618115,-27.263836618115,36995.90337887967,10292.246854998362,2.7140050888932404e-19,3.557872076073858,14.320399031737175
28,CC-discharge,27,2181.818181818182,270249.731497919,3.549587821245968,-27.263836618115,-27.263836618115,37413.59846719204,9838.791463449425,2.7140054280342126e-19,3.549587821245968,14.87118360988091
28,CC-discharge,28,2254.545454545455,270322.4587706463,3.541294067181108,-27.263836618115,-27.263836618115,37831.293555504875,9385.336071900276,2.7140049489110543e-19,3.541294067181108,15.42196818802465
28,CC-discharge,29,2327.2727272727275,270395.18604337354,3.532931302154716,-27.263836618115,-27.263836618115,38248.98864381777,8931.880680351245,2.7140042883050564e-19,3.532931302154716,15.972752766168385
28,CC-discharge,30,2400.0,270467.91331610084,3.5244251862048235,-27.263836618115,-27.263836618115,38666.68373213073,8478.42528880197,2.7140042410048728e-19,3.5244251862048235,16.52353734431212
28,CC-discharge,31,2472.727272727273,270540.64058882813,3.5156835438601313,-27.263836618115,-27.263836618115,39084.37882044353,8024.969897252928,2.714003721401167e-19,3.5156835438601313,17.07432192245586
28,CC-discharge,32,2545.4545454545455,270613.36786155537,3.5065891667163287,-27.263836618115,-27.263836618115,39502.07390875673,7571.514505703768,2.714002812655565e-19,3.5065891667163287,17.625106500599596
28,CC-discharge,33,2618.1818181818185,270686.09513428266,3.4969993891293285,-27.263836618115,-27.263836618115,39919.768997069405,7118.059114154783,2.714002266016601e-19,3.4969993891293285,18.175891078743334
28,CC-discharge,34,2690.909090909091,270758.82240700995,3.486735339535282,-27.263836618115,-27.263836618115,40337.46408538239,6664.603722605716,2.7140030508118313e-19,3.486735339535282,18.72667565688707
28,CC-discharge,35,2763.636363636364,270831.5496797372,3.4755750870331736,-27.263836618115,-27.263836618115,40755.1591736956,6211.148331056662,2.7139978454091716e-19,3.4755750870331736,19.27746023503081
28,CC-discharge,36,2836.3636363636365,270904.2769524645,3.463244288033603,-27.263836618115,-27.263836618115,41172.85426200823,5757.6929395075995,2.7139994280627494e-19,3.463244288033603,19.828244813174546
28,CC-discharge,37,2909.0909090909095,270977.0042251917,3.4494045768356565,-27.263836618115,-27.263836618115,41590.54935032052,5304.237547958726,2.713999128298957e-19,3.4494045768356565,20.379029391318284
28,CC-discharge,38,2981.818181818182,271049.731497919,3.4336402819476115,-27.263836618115,-27.263836618115,42008.24443863297,4850.782156409583,2.714000316218128e-19,3.4336402819476115,20.92981396946202
28,CC-discharge,39,3054.545454545455,271122.4587706463,3.415443881684932,-27.263836618115,-27.263836618115,42425.93952694557,4397.326764860495,2.713998991846082e-19,3.415443881684932,21.48059854760576
28,CC-discharge,40,3127.2727272727275,271195.18604337354,3.3941977642037484,-27.263836618115,-27.263836618115,42843.634615258175,3943.8713733114346,2.713998769141331e-19,3.3941977642037484,22.031383125749496
28,CC-discharge,41,3200.0000000000005,271267.91331610084,3.3691622988564913,-27.263836618115,-27.263836618115,43261.32970357074,3490.415981762452,2.7140016046721696e-19,3.3691622988564913,22.582167703893234
28,CC-discharge,42,3272.727272727273,271340.64058882813,3.3394570448228795,-27.263836618115,-27.263836618115,43679.02479188342,3036.9605902134763,2.7140009753710565e-19,3.3394570448228795,23.13295228203697
28,CC-discharge,43,3345.454545454546,271413.36786155537,3.304047097945142,-27.263836618115,-27.263836618115,44096.71988019609,2583.505198664374,2.714000706004284e-19,3.304047097945142,23.68373686018071
28,CC-discharge,44,3418.1818181818185,271486.09513428266,3.261698546481711,-27.263836618115,-27.263836618115,44514.414968507335,2130.0498071153343,2.7140052211205573e-19,3.261698546481711,24.234521438324446
28,CC-discharge,45,3490.909090909091,271558.82240700995,3.2107175138894712,-27.263836618115,-27.263836618115,44932.11005682013,1676.59441556631,2.714007632051135e-19,3.2107175138894712,24.785306016468184
28,CC-discharge,46,3563.636363636364,271631.5496797372,3.1471599899883613,-27.263836618115,-27.263836618115,45349.805145132224,1223.1390240172443,2.7140116306875402e-19,3.1471599899883613,25.336090594611925
28,CC-discharge,47,3636.3636363636365,271704.2769524645,3.048832814088441,-27.263836618115,-27.263836618115,45767.50023344514,769.683632468202,2.7140193074230378e-19,3.048832814088441,25.886875172755662
28,CC-discharge,48,3656.332090857896,271724.24540695874,3.000010000000001,-27.263836618115,-27.263836618115,45882.185207192684,645.1800863875019,2.714024533486513e-19,3.000010000000001,26.038102028546707
28,CC-charge,0,3874.5139090397142,271942.42722514056,3.715144402220859,27.263836618115,27.263836618115,45882.185207192684,645.1800863875019,2.714024533486513e-19,3.715144402220859,0.0
28,CC-charge,1,3947.241181766987,272015.15449786786,3.821651572941034,27.263836618115,27.263836618115,45317.06880769021,1179.6783959135914,2.714026255295992e-19,3.821651572941034,-0.0
28,CC-charge,2,4019.9684544942597,272087.8817705951,3.868019828970636,27.263836618115,27.263836618115,44897.481464487086,1633.1599239285654,2.7140255427013316e-19,3.868019828970636,-0.0
28,CC-charge,3,4092.6957272215327,272160.6090433224,3.90545958939824,27.263836618115,27.263836618115,44479.7489267798,2086.615267371727,2.7140265252077236e-19,3.90545958939824,-0.0
28,CC-charge,4,4165.422999948805,272233.3363160496,3.936756518738157,27.263836618115,27.263836618115,44062.05333936597,2540.0706592697616,2.714025778870794e-19,3.936756518738157,-0.0
28,CC-charge,5,4238.150272676078,272306.0635887769,3.9628415376467814,27.263836618115,27.263836618115,43644.358245932686,2993.526050814513,2.714025581235992e-19,3.9628415376467814,-0.0
28,CC-charge,6,4310.877545403351,272378.7908615042,3.9844839113215356,27.263836618115,27.263836618115,43226.66315768631,3446.981442363548,2.7140254829730325e-19,3.9844839113215356,-0.0
28,CC-charge,7,4383.604818130623,272451.51813423145,4.002423088367642,27.263836618115,27.263836618115,42808.96806937292,3900.4368339125235,2.7140256273057975e-19,4.002423088367642,-0.0
28,CC-charge,8,4456.332090857896,272524.24540695874,4.017341683918253,27.263836618115,27.263836618115,42391.27298105891,4353.892225461449,2.7140249379524073e-19,4.017341683918253,-0.0
28,CC-charge,9,4529.059363585169,272596.97267968603,4.029843398774817,27.263836618115,27.263836618115,41973.57789274574,4807.347617010359,2.7140241098646564e-19,4.029843398774817,-0.0
28,CC-charge,10,4601.786636312441,272669.69995241327,4.040443800855447,27.263836618115,27.263836618115,41555.88280443227,5260.803008559344,2.714024566527329e-19,4.040443800855447,-0.0
28,CC-charge,11,4674.513909039714,272742.42722514056,4.049576181461814,27.263836618115,27.263836618115,41138.18771611898,5714.258400108334,2.71402624611436e-19,4.049576181461814,-0.0
28,CC-charge,12,4747.241181766987,272815.15449786786,4.057598048782789,27.263836618115,27.263836618115,40720.492627805324,6167.713791657168,2.7140265928357993e-19,4.057598048782789,-0.0
28,CC-charge,13,4819.96845449426,272887.8817705951,4.064802032597498,27.263836618115,27.263836618115,40302.79753949193,6621.169183206205,2.7140266681421513e-19,4.064802032597498,-0.0
28,CC-charge,14,4892.695727221533,272960.6090433224,4.071425539473269,27.263836618115,27.263836618115,39885.10245117848,7074.62457475518,2.7140268218623857e-19,4.071425539473269,-0.0
28,CC-charge,15,4965.422999948805,273033.3363160496,4.077660031183603,27.263836618115,27.263836618115,39467.407362865255,7528.079966304057,2.71402696331396e-19,4.077660031183603,-0.0
28,CC-charge,16,5038.150272676078,273106.0635887769,4.083659007217957,27.263836618115,27.263836618115,39049.71227455198,7981.535357852881,2.7140269753981757e-19,4.083659007217957,-0.0
28,CC-charge,17,5110.877545403351,273178.7908615042,4.089545491605571,27.263836618115,27.263836618115,38632.01718623843,8434.990749401943,2.714027212515408e-19,4.089545491605571,-0.0
28,CC-charge,18,5183.604818130623,273251.51813423145,4.095416774181912,27.263836618115,27.263836618115,38214.3220979253,8888.446140950657,2.714027537400991e-19,4.095416774181912,-0.0
28,CC-charge,19,5256.332090857896,273324.24540695874,4.101350343633268,27.263836618115,27.263836618115,37796.62700961198,9341.90153249952,2.7140276898200873e-19,4.101350343633268,-0.0
28,CC-charge,20,5329.059363585169,273396.97267968603,4.107407173374617,27.263836618115,27.263836618115,37378.93192129869,9795.356924048418,2.7140276791404196e-19,4.107407173374617,-0.0
28,CC-charge,21,5401.786636312441,273469.69995241327,4.11363493325355,27.263836618115,27.263836618115,36961.23683298575,10248.812315597237,2.7140276835209107e-19,4.11363493325355,-0.0
28,CC-charge,22,5474.513909039714,273542.42722514056,4.1200723245805815,27.263836618115,27.263836618115,36543.54174467212,10702.267707146078,2.7140276793575865e-19,4.1200723245805815,-0.0
28,CC-charge,23,5547.241181766987,273615.15449786786,4.126747970146453,27.263836618115,27.263836618115,36125.84665635889,11155.723098694507,2.7140276106638794e-19,4.126747970146453,-0.0
28,CC-charge,24,5619.96845449426,273687.8817705951,4.133684808797561,27.263836618115,27.263836618115,35708.15156804578,11609.1784902435,2.714027610874002e-19,4.133684808797561,-0.0
28,CC-charge,25,5692.695727221533,273760.6090433224,4.14090080943796,27.263836618115,27.263836618115,35290.4564797328,12062.633881792202,2.7140275985402375e-19,4.14090080943796,-0.0
28,CC-charge,26,5765.422999948805,273833.3363160496,4.148410115522028,27.263836618115,27.263836618115,34872.76139141977,12516.089273340838,2.714027623977717e-19,4.148410115522028,-0.0
28,CC-charge,27,5838.150272676078,273906.0635887769,4.15622401246843,27.263836618115,27.263836618115,34455.06630310621,12969.544664889234,2.714027645492027e-19,4.15622401246843,-0.0
28,CC-charge,28,5910.877545403351,273978.7908615042,4.164353615598171,27.263836618115,27.263836618115,34037.37121479272,13423.000056437686,2.7140276435121356e-19,4.164353615598171,-0.0
28,CC-charge,29,5983.604818130623,274051.51813423145,4.172803630467354,27.263836618115,27.263836618115,33619.67612647967,13876.455447986491,2.7140274108875033e-19,4.172803630467354,-0.0
28,CC-charge,30,6056.332090857896,274124.24540695874,4.181582469996907,27.263836618115,27.263836618115,33201.98103816661,14329.91083953504,2.714027458969098e-19,4.181582469996907,-0.0
28,CC-charge,31,6129.059363585169,274196.97267968603,4.19069701839786,27.263836618115,27.263836618115,32784.285949853635,14783.366231084015,2.7140277248045027e-19,4.19069701839786,-0.0
28,CC-charge,32,6200.539139267344,274268.4524553682,4.199990000000001,27.263836618115,27.263836618115,32373.755620631742,15229.04346404368,2.714027806147628e-19,4.199990000000001,-0.0
28,CV-charge,0,6418.720957449162,274486.63427355,4.199999999999999,27.28850449334899,27.28850449334899,32373.755620631742,15229.04346404368,2.714027806147628e-19,4.199999999999999,0.0
28,CV-charge,1,6491.448230176435,274559.3615462773,4.2,24.210453858951855,24.210453858951855,31851.790660246614,15724.1361897085,2.7054480587635484e-19,4.2,-0.0
28,CV-charge,2,6564.175502903708,274632.08881900454,4.200000000000001,22.26667297985352,22.26667297985352,31505.28088596856,16104.353140977446,2.6624950944625654e-19,4.200000000000001,-0.0
28,CV-charge,3,6636.90277563098,274704.81609173183,4.200000000000001,20.568690225278317,20.568690225278317,31187.200314135454,16454.835160775674,2.4713360617048427e-19,4.200000000000001,-0.0
28,CV-charge,4,6709.630048358253,274777.54336445907,4.2,19.06829783653141,19.06829783653141,30892.24450590804,16779.6417999716,2.4367391602481706e-19,4.2,-0.0
28,CV-charge,5,6782.357321085526,274850.27063718636,4.200000000000001,17.73642363468251,17.73642363468251,30618.00916505873,17081.432610470983,2.3001179718217617e-19,4.200000000000001,-0.0
28,CV-charge,6,6855.084593812799,274922.99790991365,4.2,16.548169265210777,16.548169265210777,30362.254976636712,17362.715741355074,2.329562780058758e-19,4.2,-0.0
28,CV-charge,7,6927.811866540071,274995.7251826409,4.200000000000001,15.482947569902603,15.482947569902603,30123.056131162382,17625.646169584234,2.4075685636467953e-19,4.200000000000001,-0.0
28,CV-charge,8,7000.539139267344,275068.4524553682,4.2,14.523713146345662,14.523713146345662,29898.756587325457,17872.074820643164,2.364182863214353e-19,4.2,-0.0
28,CV-charge,9,7073.266411994617,275141.1797280955,4.2,13.656249518933084,13.656249518933084,29687.923506617204,18103.601411741158,2.3975350328214616e-19,4.2,-0.0
28,CV-charge,10,7145.993684721889,275213.9070008227,4.2,12.868648730132456,12.868648730132456,29489.311699456965,18321.614715893258,2.2483191577847116e-19,4.2,-0.0
28,CV-charge,11,7218.720957449162,275286.63427355,4.200000000000001,12.150886934902243,12.150886934902243,29301.834892011437,18527.32507714426,2.14203189975843e-19,4.200000000000001,-0.0
28,CV-charge,12,7291.448230176435,275359.3615462773,4.2,11.494428424868357,11.494428424868357,29124.527858882164,18721.80684524951,2.0467787298233026e-19,4.2,-0.0
28,CV-charge,13,7364.175502903708,275432.08881900454,4.2,10.892084900038844,10.892084900038844,28956.558118282996,18905.98596326848,2.025943390772586e-19,4.2,-0.0
28,CV-charge,14,7436.902775630981,275504.81609173183,4.199999999999999,10.337671053641047,10.337671053641047,28797.17937274504,19080.691770570767,1.9845413252460646e-19,4.199999999999999,-0.0
28,CV-charge,15,7509.630048358253,275577.54336445907,4.200000000000001,9.825467750024773,9.825467750024773,28645.60649287325,19246.79433139441,1.9859974203313184e-19,4.200000000000001,-0.0
28,CV-charge,16,7582.357321085526,275650.27063718636,4.200000000000001,9.351331830333416,9.351331830333416,28501.372916605862,19404.812769108634,1.9907224753721155e-19,4.200000000000001,-0.0
28,CV-charge,17,7655.084593812799,275722.99790991365,4.2,8.911283599023566,8.911283599023566,28363.948167478015,19555.33532359564,1.986961267444829e-19,4.2,-0.0
28,CV-charge,18,7727.811866540071,275795.7251826409,4.2,8.501868958388282,8.501868958388282,28232.856203273826,19698.88942675344,1.98742412195711e-19,4.2,-0.0
28,CV-charge,19,7800.539139267344,275868.4524553682,4.200000000000001,8.120067311071303,8.120067311071303,28107.66796483861,19835.950153335412,1.9870472995252703e-19,4.200000000000001,-0.0
28,CV-charge,20,7873.266411994617,275941.1797280955,4.2,7.7632325182300566,7.7632325182300566,27987.995694293862,19966.946585446036,1.9881171913041875e-19,4.2,-0.0
28,CV-charge,21,7945.993684721889,276013.9070008227,4.2,7.429037412561159,7.429037412561159,27873.48793667478,20092.267408489013,1.988079485894266e-19,4.2,-0.0
28,CV-charge,22,8018.720957449162,276086.63427355,4.199999999999999,7.115428485635052,7.115428485635052,27763.825253586867,20212.26570551742,1.987901866188827e-19,4.199999999999999,-0.0
28,CV-charge,23,8091.448230176435,276159.3615462773,4.199999999999999,6.820591364042918,6.820591364042918,27658.717775231566,20327.26171385142,1.987895361423267e-19,4.199999999999999,-0.0
28,CV-charge,24,8164.175502903708,276232.08881900454,4.2,6.542911182339392,6.542911182339392,27557.899319709457,20437.549354530365,1.987805597229455e-19,4.2,-0.0
28,CV-charge,25,8236.90277563098,276304.81609173183,4.2,6.280950196939875,6.280950196939875,27461.126208056405,20543.397567224765,1.9876451814965418e-19,4.2,-0.0
28,CV-charge,26,8309.630048358253,276377.54336445907,4.200000000000001,6.033424495670654,6.033424495670654,27368.1747298126,20645.053139960117,1.9875150809948203e-19,4.200000000000001,-0.0
28,CV-charge,27,8382.357321085525,276450.27063718636,4.2,5.799184501656785,5.799184501656785,27278.83904873932,20742.743043299288,1.9875317132306287e-19,4.2,-0.0
28,CV-charge,28,8455.084593812799,276522.99790991365,4.200000000000001,5.577198311280069,5.577198311280069,27192.929368096888,20836.676473639454,1.9875582777455304e-19,4.200000000000001,-0.0
28,CV-charge,29,8527.81186654007,276595.7251826409,4.199999999999999,5.366537406991823,5.366537406991823,27110.27031930083,20927.04664663689,1.9930421497239105e-19,4.199999999999999,-0.0
28,CV-charge,30,8600.539139267345,276668.4524553682,4.2,5.166364365415377,5.166364365415377,27030.699542646293,21014.032375917715,1.994638682320277e-19,4.2,-0.0
28,CV-charge,31,8673.266411994617,276741.1797280955,4.2,4.975922247946025,4.975922247946025,26954.066433760683,21097.799466659075,1.9927996970336558e-19,4.2,-0.0
28,CV-charge,32,8745.993684721889,276813.9070008227,4.2,4.794525414954483,4.794525414954483,26880.23103348168,21178.50194905084,1.9926017506466608e-19,4.2,-0.0
28,CV-charge,33,8818.720957449163,276886.63427355,4.199999999999999,4.621551548597988,4.621551548597988,26809.06304225057,21256.283172843596,1.9934986087998152e-19,4.199999999999999,-0.0
28,CV-charge,34,8891.448230176435,276959.3615462773,4.2,4.456434705010358,4.456434705010358,26740.44094290956,21331.27678102268,1.9957112059620277e-19,4.2,-0.0
28,CV-charge,35,8964.175502903709,277032.08881900454,4.2,4.298659245995223,4.298659245995223,26674.251218158097,21403.607578005835,1.9950491210552765e-19,4.2,-0.0
28,CV-charge,36,9036.90277563098,277104.81609173183,4.2,4.147754524388192,4.147754524388192,26610.387650868717,21473.392305551748,1.994144024843421e-19,4.2,-0.0
28,CV-charge,37,9109.630048358253,277177.54336445907,4.2,4.003290217200153,4.003290217200153,26548.75069715262,21540.74033770078,1.993319825903981e-19,4.2,-0.0
28,CV-charge,38,9182.357321085525,277250.27063718636,4.2,3.8648722170797623,3.8648722170797623,26489.24692344541,21605.754304481157,1.9943726060992075e-19,4.2,-0.0
28,CV-charge,39,9255.084593812799,277322.99790991365,4.2,3.7321390063168134,3.7321390063168134,26431.788500079063,21668.530652820013,1.9948223693860492e-19,4.2,-0.0
28,CV-charge,40,9327.81186654007,277395.7251826409,4.2,3.6047584489892,3.6047584489892,26376.29274480495,21729.16015192316,1.9951990598916231e-19,4.2,-0.0
28,CV-charge,41,9400.539139267345,277468.4524553682,4.200000000000002,3.4824249464262476,3.4824249464262476,26322.681710608696,21787.72834946259,1.9953360863991488e-19,4.200000000000002,-0.0
28,CV-charge,42,9473.266411994617,277541.1797280955,4.200000000000001,3.364856909085843,3.364856909085843,26270.881812867654,21844.315984078414,1.9947776489319903e-19,4.200000000000001,-0.0
28,CV-charge,43,9545.993684721889,277613.9070008227,4.2,3.2517945047283887,3.2517945047283887,26220.823491549443,21898.999358988814,1.9953119825052488e-19,4.2,-0.0
28,CV-charge,44,9618.720957449163,277686.63427355,4.200000000000001,3.1429976483907787,3.1429976483907787,26172.440904675434,21951.850680915526,1.9947207343285602e-19,4.200000000000001,-0.0
28,CV-charge,45,9691.448230176435,277759.3615462773,4.200000000000001,3.038244204487314,3.038244204487314,26125.67164974565,22002.938368001236,1.994832179127528e-19,4.200000000000001,-0.0
28,CV-charge,46,9764.175502903709,277832.08881900454,4.2,2.937328375429318,2.937328375429318,26080.45651021902,22052.32732995995,1.9948002886241374e-19,4.2,-0.0
28,CV-charge,47,9836.90277563098,277904.81609173183,4.199999999999999,2.8400592545887307,2.8400592545887307,26036.739224481316,22100.079223303335,1.9947712443277795e-19,4.199999999999999,-0.0
28,CV-charge,48,9909.630048358253,277977.54336445907,4.199999999999999,2.746259524427237,2.746259524427237,25994.466275046998,22146.252684152543,1.9943304393183483e-19,4.199999999999999,-0.0
28,CV-charge,49,9925.404159468897,277993.3174755697,4.2,2.7263936618115,2.7263936618115,25985.499634289412,22156.04657504412,1.9943509873476377e-19,4.2,-0.0
29,CC-discharge,0,218.1818181818182,278211.49929375155,3.855694879079707,-27.263836618115,-27.263836618115,25985.499634289412,22156.04657504412,1.9943509873476377e-19,3.855694879079707,0.0
29,CC-discharge,1,290.90909090909093,278284.22656647884,3.831541980602753,-27.263836618115,-27.263836618115,26550.61924500448,21621.546808057257,1.9943505851509087e-19,3.831541980602753,0.5507845781437375
29,CC-discharge,2,363.6363636363637,278356.9538392061,3.8152291913616065,-27.263836618115,-27.263836618115,26970.206944812642,21168.06673674697,1.9943503673899432e-19,3.8152291913616065,1.101569156287475
29,CC-discharge,3,436.3636363636364,278429.6811119334,3.8000243246133567,-27.263836618115,-27.263836618115,27387.933751019566,20714.611392998973,1.9943503630972865e-19,3.8000243246133567,1.652353734431212
29,CC-discharge,4,509.0909090909091,278502.4083846606,3.7856598967219464,-27.263836618115,-27.263836618115,27805.631299233257,20261.15600215445,1.9943503616038572e-19,3.7856598967219464,2.2031383125749495
29,CC-discharge,5,581.8181818181819,278575.1356573879,3.771972354002826,-27.263836618115,-27.263836618115,28223.326579192628,19807.700610615408,1.9943503542811022e-19,3.771972354002826,2.753922890718687
29,CC-discharge,6,654.5454545454546,278647.8629301152,3.758854334057134,-27.263836618115,-27.263836618115,28641.02168251079,19354.24521906645,1.9943503459148011e-19,3.758854334057134,3.3047074688624245
29,CC-discharge,7,727.2727272727274,278720.59020284243,3.7462105528698224,-27.263836618115,-27.263836618115,29058.716772004438,18900.789827516754,1.9943503506985725e-19,3.7462105528698224,3.855492047006162
29,CC-discharge,8,800.0000000000001,278793.3174755697,3.7339839310891114,-27.263836618115,-27.263836618115,29476.41186041101,18447.3344359676,1.9943503595336661e-19,3.7339839310891114,4.4062766251499
29,CC-discharge,9,872.7272727272727,278866.044748297,3.722126594718857,-27.263836618115,-27.263836618115,29894.106948731333,17993.879044418467,1.9943503536572345e-19,3.722126594718857,4.9570612032936365
29,CC-discharge,10,945.4545454545455,278938.77202102426,3.7106018500395113,-27.263836618115,-27.263836618115,30311.802037044843,17540.423652869064,1.9943503471363985e-19,3.7106018500395113,5.507845781437374
29,CC-discharge,11,1018.1818181818182,279011.49929375155,3.6993813099504345,-27.263836618115,-27.263836618115,30729.497125357462,17086.9682613194,1.9943503498761362e-19,3.6993813099504345,6.0586303595811115
29,CC-discharge,12,1090.909090909091,279084.22656647884,3.688442781845326,-27.263836618115,-27.263836618115,31147.19221367017,16633.512869770322,1.9943503559469729e-19,3.688442781845326,6.609414937724849
29,CC-discharge,13,1163.6363636363637,279156.9538392061,3.677768680842787,-27.263836618115,-27.263836618115,31564.88730198327,16180.05747822059,1.99435036388918e-19,3.677768680842787,7.1601995158685865
29,CC-discharge,14,1236.3636363636365,279229.6811119334,3.6673448090299567,-27.263836618115,-27.263836618115,31982.582390296127,15726.602086671679,1.9943503807980243e-19,3.6673448090299567,7.710984094012324
29,CC-discharge,15,1309.0909090909092,279302.4083846606,3.657159389166656,-27.263836618115,-27.263836618115,32400.27747860859,15273.146695122728,1.9943503744385776e-19,3.657159389166656,8.261768672156062
29,CC-discharge,16,1381.818181818182,279375.1356573879,3.647202273818838,-27.263836618115,-27.263836618115,32817.97256692156,14819.69130357355,1.9943503897982517e-19,3.647202273818838,8.8125532502998
29,CC-discharge,17,1454.5454545454547,279447.8629301152,3.637464270843564,-27.263836618115,-27.263836618115,33235.667655234116,14366.235912024227,1.9943503947451296e-19,3.637464270843564,9.363337828443537
29,CC-discharge,18,1527.2727272727275,279520.59020284243,3.627936539553628,-27.263836618115,-27.263836618115,33653.362743546786,13912.780520474851,1.9943504086031198e-19,3.627936539553628,9.914122406587275
29,CC-discharge,19,1600.0000000000002,279593.3174755697,3.6186100201098603,-27.263836618115,-27.263836618115,34071.05783185938,13459.325128925659,1.9943503996449537e-19,3.6186100201098603,10.464906984731012
29,CC-discharge,20,1672.727272727273,279666.044748297,3.6094748642043126,-27.263836618115,-27.263836618115,34488.752920172185,13005.869737376479,1.9943503992435033e-19,3.6094748642043126,11.01569156287475
29,CC-discharge,21,1745.4545454545455,279738.77202102426,3.600519831400433,-27.263836618115,-27.263836618115,34906.44800848469,12552.414345827394,1.994350404783118e-19,3.600519831400433,11.566476141018486
29,CC-discharge,22,1818.1818181818182,279811.49929375155,3.5917316316140977,-27.263836618115,-27.263836618115,35324.14309679721,12098.958954278238,1.9943504102865046e-19,3.5917316316140977,12.117260719162223
29,CC-discharge,23,1890.909090909091,279884.22656647884,3.5830936720615307,-27.263836618115,-27.263836618115,35741.83818511044,11645.503562729436,1.9943504116567385e-19,3.5830936720615307,12.66804529730596
29,CC-discharge,24,1963.6363636363637,279956.9538392061,3.5745874043117913,-27.263836618115,-27.263836618115,36159.53327342291,11192.048171180257,1.9943504194981377e-19,3.5745874043117913,13.218829875449698
29,CC-discharge,25,2036.3636363636365,280029.6811119334,3.5661874244232057,-27.263836618115,-27.263836618115,36577.228361735404,10738.592779631339,1.9943504296601273e-19,3.5661874244232057,13.769614453593435
29,CC-discharge,26,2109.0909090909095,280102.4083846606,3.5578631304536144,-27.263836618115,-27.263836618115,36994.92345004812,10285.137388082278,1.994350424946312e-19,3.5578631304536144,14.320399031737175
29,CC-discharge,27,2181.818181818182,280175.1356573879,3.5495763360877945,-27.263836618115,-27.263836618115,37412.61853836081,9831.68199653312,1.9943506059638877e-19,3.5495763360877945,14.87118360988091
29,CC-discharge,28,2254.545454545455,280247.8629301152,3.5412793162501384,-27.263836618115,-27.263836618115,37830.31362667342,9378.226604984013,1.99434986843887e-19,3.5412793162501384,15.42196818802465
29,CC-discharge,29,2327.2727272727275,280320.59020284243,3.5329123624881356,-27.263836618115,-27.263836618115,38248.00871498615,8924.771213434968,1.994350809043098e-19,3.5329123624881356,15.972752766168385
29,CC-discharge,30,2400.0,280393.3174755697,3.5244008897492938,-27.263836618115,-27.263836618115,38665.70380329873,8471.315821885706,1.994350272501563e-19,3.5244008897492938,16.52353734431212
29,CC-discharge,31,2472.727272727273,280466.044748297,3.5156524112167684,-27.263836618115,-27.263836618115,39083.398891612014,8017.860430336568,1.9943502899632444e-19,3.5156524112167684,17.07432192245586
29,CC-discharge,32,2545.4545454545455,280538.77202102426,3.5065493503508303,-27.263836618115,-27.263836618115,39501.09397992471,7564.405038787413,1.9943503856228907e-19,3.5065493503508303,17.625106500599596
29,CC-discharge,33,2618.1818181818185,280611.49929375155,3.4969485718015174,-27.263836618115,-27.263836618115,39918.78906823699,7110.949647238301,1.9943498709805108e-19,3.4969485718015174,18.175891078743334
29,CC-discharge,34,2690.909090909091,280684.22656647884,3.486670609462756,-27.263836618115,-27.263836618115,40336.48415655007,6657.494255689231,1.994350981863045e-19,3.486670609462756,18.72667565688707
29,CC-discharge,35,2763.636363636364,280756.9538392061,3.4754928231860087,-27.263836618115,-27.263836618115,40754.179244862666,6204.038864140122,1.994353876530137e-19,3.4754928231860087,19.27746023503081
29,CC-discharge,36,2836.3636363636365,280829.6811119334,3.463140147232015,-27.263836618115,-27.263836618115,41171.87433317557,5750.58347259098,1.9943540778851842e-19,3.463140147232015,19.828244813174546
29,CC-discharge,37,2909.0909090909095,280902.4083846606,3.4492726935464026,-27.263836618115,-27.263836618115,41589.569421487926,5297.128081041916,1.9943520185504324e-19,3.4492726935464026,20.379029391318284
29,CC-discharge,38,2981.818181818182,280975.1356573879,3.4334739730386206,-27.263836618115,-27.263836618115,42007.26450980073,4843.672689492815,1.9943530154284316e-19,3.4334739730386206,20.92981396946202
29,CC-discharge,39,3054.545454545455,281047.8629301152,3.415234790724965,-27.263836618115,-27.263836618115,42424.95959811327,4390.217297943804,1.9943532870051882e-19,3.415234790724965,21.48059854760576
29,CC-discharge,40,3127.2727272727275,281120.59020284243,3.393935797953354,-27.263836618115,-27.263836618115,42842.65468642594,3936.7619063946668,1.994351795768992e-19,3.393935797953354,22.031383125749496
29,CC-discharge,41,3200.0000000000005,281193.3174755697,3.368835368641047,-27.263836618115,-27.263836618115,43260.349774738424,3483.3065148456026,1.9943505312652884e-19,3.368835368641047,22.582167703893234
29,CC-discharge,42,3272.727272727273,281266.044748297,3.3390508797532847,-27.263836618115,-27.263836618115,43678.04486305103,3029.8511232964447,1.9943507910978565e-19,3.3390508797532847,23.13295228203697
29,CC-discharge,43,3345.454545454546,281338.77202102426,3.3035449596453,-27.263836618115,-27.263836618115,44095.73995136289,2576.395731747431,1.9943478042202003e-19,3.3035449596453,23.68373686018071
29,CC-discharge,44,3418.1818181818185,281411.49929375155,3.261079825339153,-27.263836618115,-27.263836618115,44513.435039675125,2122.9403401983636,1.9943451441932245e-19,3.261079825339153,24.234521438324446
29,CC-discharge,45,3490.909090909091,281484.22656647884,3.209948554718366,-27.263836618115,-27.263836618115,44931.130127988516,1669.484948649313,1.9943442693463668e-19,3.209948554718366,24.785306016468184
29,CC-discharge,46,3563.636363636364,281556.9538392061,3.1461273543423998,-27.263836618115,-27.263836618115,45348.82521630111,1216.0295571002969,1.9943408825919625e-19,3.1461273543423998,25.336090594611925
29,CC-discharge,47,3636.3636363636365,281629.6811119334,3.0466522427865805,-27.263836618115,-27.263836618115,45766.52030461437,762.5741655512807,1.9943494043579058e-19,3.0466522427865805,25.886875172755662
29,CC-discharge,48,3655.2339550434435,281648.55143061315,3.0000100000000014,-27.263836618115,-27.263836618115,45874.89834674187,644.9175090491833,1.9943490783754815e-19,3.0000100000000014,26.029785529816223
29,CC-charge,0,3873.4157732252615,281866.733248795,3.7151124953427357,27.263836618115,27.263836618115,45874.89834674187,644.9175090491833,1.9943490783754815e-19,3.7151124953427357,0.0
29,CC-charge,1,3946.1430459525345,281939.46052152227,3.82168635164395,27.263836618115,27.263836618115,45309.78193646606,1179.4158252385828,1.9943479023139359e-19,3.82168635164395,-0.0
29,CC-charge,2,4018.870318679807,282012.1877942495,3.8680595993138893,27.263836618115,27.263836618115,44890.19461621342,1632.8973464353367,1.994351245659454e-19,3.8680595993138893,-0.0
29,CC-charge,3,4091.59759140708,282084.9150669768,3.9055020234344138,27.263836618115,27.263836618115,44472.462066517386,2086.35269003461,1.9943499178074942e-19,3.9055020234344138,-0.0
29,CC-charge,4,4164.3248641343525,282157.64233970403,3.9368017646304634,27.263836618115,27.263836618115,44054.766478917554,2539.8080819313755,1.9943473225717113e-19,3.9368017646304634,-0.0
29,CC-charge,5,4237.0521368616255,282230.3696124313,3.962889836838093,27.263836618115,27.263836618115,43637.07138548132,2993.2634734762973,1.9943483983067554e-19,3.962889836838093,-0.0
29,CC-charge,6,4309.7794095888985,282303.0968851586,3.9845353935634558,27.263836618115,27.263836618115,43219.3762972359,3446.718865025346,1.9943480186341982e-19,3.9845353935634558,-0.0
29,CC-charge,7,4382.506682316171,282375.82415788586,4.002477806215691,27.263836618115,27.263836618115,42801.68120892218,3900.1742565743475,1.99434801724836e-19,4.002477806215691,-0.0
29,CC-charge,8,4455.2339550434435,282448.55143061315,4.0173996524744995,27.263836618115,27.263836618115,42383.98612060903,4353.629648123317,1.9943485238743908e-19,4.0173996524744995,-0.0
29,CC-charge,9,4527.9612277707165,282521.27870334045,4.02990461937556,27.263836618115,27.263836618115,41966.291032295296,4807.08503967227,1.9943488422840855e-19,4.02990461937556,-0.0
29,CC-charge,10,4600.688500497989,282594.0059760677,4.040508275620638,27.263836618115,27.263836618115,41548.59594398217,5260.540431221245,1.9943491650707656e-19,4.040508275620638,-0.0
29,CC-charge,11,4673.415773225262,282666.733248795,4.049643917280498,27.263836618115,27.263836618115,41130.90085566883,5713.995822770052,1.9943486342694242e-19,4.049643917280498,-0.0
29,CC-charge,12,4746.1430459525345,282739.46052152227,4.057669060174512,27.263836618115,27.263836618115,40713.20576735533,6167.451214318929,1.9943477629657549e-19,4.057669060174512,-0.0
29,CC-charge,13,4818.8703186798075,282812.1877942495,4.0648763409542505,27.263836618115,27.263836618115,40295.510679041974,6620.906605867899,1.9943472435809292e-19,4.0648763409542505,-0.0
29,CC-charge,14,4891.5975914070805,282884.9150669768,4.071503172096454,27.263836618115,27.263836618115,39877.81559072847,7074.36199741694,1.994347255873702e-19,4.071503172096454,-0.0
29,CC-charge,15,4964.3248641343525,282957.64233970403,4.077741019881758,27.263836618115,27.263836618115,39460.120502415215,7527.817388965726,1.994347517145441e-19,4.077741019881758,-0.0
29,CC-charge,16,5037.0521368616255,283030.3696124313,4.083743386833346,27.263836618115,27.263836618115,39042.42541410212,7981.272780514533,1.9943477701356302e-19,4.083743386833346,-0.0
29,CC-charge,17,5109.7794095888985,283103.0968851586,4.089633299089197,27.263836618115,27.263836618115,38624.73032578885,8434.7281720634,1.9943480236318576e-19,4.089633299089197,-0.0
29,CC-charge,18,5182.506682316171,283175.82415788586,4.095508047259096,27.263836618115,27.263836618115,38207.03523747553,8888.183563612312,1.9943479367717524e-19,4.095508047259096,-0.0
29,CC-charge,19,5255.2339550434435,283248.55143061315,4.101445120165636,27.263836618115,27.263836618115,37789.34014916202,9341.638955161341,1.9943479052092526e-19,4.101445120165636,-0.0
29,CC-charge,20,5327.9612277707165,283321.27870334045,4.10750549106557,27.263836618115,27.263836618115,37371.6450608485,9795.094346710084,1.994347892555161e-19,4.10750549106557,-0.0
29,CC-charge,21,5400.688500497989,283394.0059760677,4.113736828987059,27.263836618115,27.263836618115,36953.949972535,10248.549738258982,1.9943478902924051e-19,4.113736828987059,-0.0
29,CC-charge,22,5473.415773225262,283466.733248795,4.120177835909378,27.263836618115,27.263836618115,36536.25488422161,10702.005129807761,1.9943478981691302e-19,4.120177835909378,-0.0
29,CC-charge,23,5546.1430459525345,283539.46052152227,4.126857134136218,27.263836618115,27.263836618115,36118.55979590812,11155.460521357032,1.9943478961734874e-19,4.126857134136218,-0.0
29,CC-charge,24,5618.8703186798075,283612.1877942495,4.133797663153161,27.263836618115,27.263836618115,35700.864707594745,11608.91591290599,1.9943478964517903e-19,4.133797663153161,-0.0
29,CC-charge,25,5691.5975914070805,283684.9150669768,4.141017393585981,27.263836618115,27.263836618115,35283.16961928165,12062.371304455173,1.994347886649844e-19,4.141017393585981,-0.0
29,CC-charge,26,5764.3248641343525,283757.64233970403,4.148530471806633,27.263836618115,27.263836618115,34865.474530968415,12515.82669600363,1.9943478501297227e-19,4.148530471806633,-0.0
29,CC-charge,27,5837.0521368616255,283830.3696124313,4.156348187832871,27.263836618115,27.263836618115,34447.77944265512,12969.28208755274,1.9943478630052928e-19,4.156348187832871,-0.0
29,CC-charge,28,5909.7794095888985,283903.0968851586,4.164481663303592,27.263836618115,27.263836618115,34030.084354342,13422.737479101563,1.9943478604141895e-19,4.164481663303592,-0.0
29,CC-charge,29,5982.506682316171,283975.82415788586,4.172935614043902,27.263836618115,27.263836618115,33612.3892660288,13876.192870650408,1.9943478296383071e-19,4.172935614043902,-0.0
29,CC-charge,30,6055.2339550434435,284048.55143061315,4.181718465293178,27.263836618115,27.263836618115,33194.69417771561,14329.64826219946,1.994347810288409e-19,4.181718465293178,-0.0
29,CC-charge,31,6127.9612277707165,284121.27870334045,4.190837118039001,27.263836618115,27.263836618115,32776.99908940189,14783.103653748274,1.9943478428868965e-19,4.190837118039001,-0.0
29,CC-charge,32,6198.3454490925515,284191.66292466223,4.199990000000001,27.263836618115,27.263836618115,32372.760865714525,15221.95009252605,1.994347772824917e-19,4.199990000000001,-0.0
29,CV-charge,0,6416.5272672743695,284409.84474284406,4.199999999999999,27.288713306915767,27.288713306915767,32372.760865714525,15221.95009252605,1.994347772824917e-19,4.199999999999999,0.0
29,CV-charge,1,6489.254540001642,284482.57201557135,4.199999999999999,24.21083829300385,24.21083829300385,31850.78918971533,15717.04908395797,1.9361033804569311e-19,4.199999999999999,-0.0
29,CV-charge,2,6561.981812728915,284555.2992882986,4.199999999999999,22.267166290844212,22.267166290844212,31504.271972790695,16097.27378397363,2.0182834184254489e-19,4.199999999999999,-0.0
29,CV-charge,3,6634.7090854561875,284628.0265610259,4.199999999999999,20.569249966159596,20.569249966159596,31186.182570373585,16447.76512599808,2.097873000852153e-19,4.199999999999999,-0.0
29,CV-charge,4,6707.4363581834605,284700.7538337531,4.2,19.06889576309336,19.06889576309336,30891.21758994713,16772.58158854811,2.1046732450218272e-19,4.2,-0.0
29,CV-charge,5,6780.163630910733,284773.4811064804,4.199999999999999,17.737038135780303,17.737038135780303,30616.972742877184,17074.382656052214,2.0386102659002947e-19,4.199999999999999,-0.0
29,CV-charge,6,6852.890903638006,284846.2083792077,4.200000000000001,16.548785198036082,16.548785198036082,30361.209020302267,17355.67612289596,1.9845128782682145e-19,4.200000000000001,-0.0
29,CV-charge,7,6925.6181763652785,284918.93565193494,4.200000000000002,15.483554040447734,15.483554040447734,30122.000771706862,17618.61678003113,1.8787096514709185e-19,4.200000000000002,-0.0
29,CV-charge,8,6998.3454490925515,284991.66292466223,4.200000000000001,14.524302581385314,14.524302581385314,29897.692081385434,17865.05540613905,1.930119831089055e-19,4.200000000000001,-0.0
29,CV-charge,9,7071.072721819824,285064.3901973895,4.2,13.65681660826725,13.65681660826725,29686.85019285098,18096.591621969954,1.9403287209257422e-19,4.2,-0.0
29,CV-charge,10,7143.7999945470965,285137.11747011676,4.199999999999999,12.869189789252289,12.869189789252289,29488.22995741227,18314.614151112473,1.8518719695791983e-19,4.199999999999999,-0.0
29,CV-charge,11,7216.5272672743695,285209.84474284406,4.200000000000001,12.151399579017664,12.151399579017664,29300.74515617415,18520.33327340847,1.8138265312728084e-19,4.200000000000001,-0.0
29,CV-charge,12,7289.254540001642,285282.57201557135,4.199999999999999,11.494520109465098,11.494520109465098,29123.323216682405,18714.941107256374,1.8654748408964486e-19,4.199999999999999,-0.0
29,CV-charge,13,7361.981812728915,285355.2992882986,4.2,10.892177434523775,10.892177434523775,28955.35194892213,18899.12183204897,1.8460546687666288e-19,4.2,-0.0
29,CV-charge,14,7434.709085456188,285428.0265610259,4.2,10.33735459942661,10.33735459942661,28795.853403069334,19073.959015593126,1.834162359729649e-19,4.2,-0.0
29,CV-charge,15,7507.4363581834605,285500.7538337531,4.2,9.825176256756073,9.825176256756073,28644.28493736882,19240.056620091076,1.8348824615962189e-19,4.2,-0.0
29,CV-charge,16,7580.163630910733,285573.4811064804,4.2,9.351463234715737,9.351463234715737,28500.180388448705,19397.933621589866,1.804070157612072e-19,4.2,-0.0
29,CV-charge,17,7652.890903638006,285646.2083792077,4.200000000000001,8.911402208493826,8.911402208493826,28362.75387490772,19548.458211988618,1.8068544468300984e-19,4.200000000000001,-0.0
29,CV-charge,18,7725.6181763652785,285718.93565193494,4.2,8.50197231167172,8.50197231167172,28231.660292551565,19692.014114180518,1.807309477894515e-19,4.2,-0.0
29,CV-charge,19,7798.3454490925515,285791.66292466223,4.200000000000001,8.120154638269415,8.120154638269415,28106.470684257893,19829.076375087894,1.807308857943048e-19,4.200000000000001,-0.0
29,CV-charge,20,7871.072721819824,285864.3901973895,4.2,7.763303269655069,7.763303269655069,27986.7972978866,19960.074067466565,1.8080281285645497e-19,4.2,-0.0
29,CV-charge,21,7943.7999945470965,285937.11747011676,4.2,7.429091220379167,7.429091220379167,27872.288684316318,20085.395869873664,1.808126375273679e-19,4.2,-0.0
29,CV-charge,22,8016.5272672743695,286009.84474284406,4.2,7.115465126909109,7.115465126909109,27762.625408625718,20205.394861130426,1.8081689657714802e-19,4.2,-0.0
29,CV-charge,23,8089.254540001642,286082.57201557135,4.199999999999999,6.820610713442383,6.820610713442383,27657.517596050628,20320.391283701894,1.8080271745709894e-19,4.199999999999999,-0.0
29,CV-charge,24,8161.981812728915,286155.2992882986,4.2,6.542913226271724,6.542913226271724,27556.69907147199,20430.679050808787,1.8081749217277047e-19,4.2,-0.0
29,CV-charge,25,8234.709085456188,286228.0265610259,4.2,6.280934996765922,6.280934996765922,27459.926155204786,20536.527102719738,1.808291725777982e-19,4.2,-0.0
29,CV-charge,26,8307.43635818346,286300.7538337531,4.2,6.033392172742861,6.033392172742861,27366.975135033204,20638.182229175934,1.808381464647156e-19,4.2,-0.0
29,CV-charge,27,8380.163630910734,286373.4811064804,4.200000000000001,5.79913522556121,5.79913522556121,27277.640172208532,20735.871403313733,1.8111437700581435e-19,4.200000000000001,-0.0
29,CV-charge,28,8452.890903638006,286446.2083792077,4.2,5.577132290407991,5.577132290407991,27191.731466868023,20829.80382479899,1.8121653079935167e-19,4.2,-0.0
29,CV-charge,29,8525.618176365278,286518.93565193494,4.200000000000001,5.366454880994092,5.366454880994092,27109.073646811452,20920.172713115022,1.8149958574244071e-19,4.200000000000001,-0.0
29,CV-charge,30,8598.34544909255,286591.66292466223,4.2,5.16626559916816,5.16626559916816,27029.504348322782,21007.156886163528,1.8161298174582572e-19,4.2,-0.0
29,CV-charge,31,8671.072721819824,286664.3901973895,4.199999999999999,4.975807526714501,4.975807526714501,26952.87296269491,21090.92215376224,1.8165384401124526e-19,4.199999999999999,-0.0
29,CV-charge,32,8743.799994547097,286737.11747011676,4.2,4.794395040539713,4.794395040539713,26879.039526172644,21171.622551036533,1.8163891861098348e-19,4.2,-0.0
29,CV-charge,33,8816.52726727437,286809.84474284406,4.2,4.621405836261825,4.621405836261825,26807.873734391753,21249.40143291227,1.8166477839333164e-19,4.2,-0.0
29,CV-charge,34,8889.254540001642,286882.57201557135,4.2,4.4562739810400505,4.4562739810400505,26739.254065216384,21324.392447743543,1.8180745121746092e-19,4.2,-0.0
29,CV-charge,35,8961.981812728915,286955.2992882986,4.2,4.298483845770546,4.298483845770546,26673.066996223486,21396.720405480406,1.819143128154592e-19,4.2,-0.0
29,CV-charge,36,9034.709085456188,287028.0265610259,4.2,4.147564790868796,4.147564790868796,26609.206305045733,21466.502053549633,1.8193025437318058e-19,4.2,-0.0
29,CV-charge,37,9107.43635818346,287100.7538337531,4.2,4.003086499745465,4.003086499745465,26547.572442454817,21533.846771763714,1.819403697565376e-19,4.2,-0.0
29,CV-charge,38,9180.163630910734,287173.4811064804,4.2,3.8646548705281116,3.8646548705281116,26488.071969460263,21598.857196027853,1.819825736122e-19,4.2,-0.0
29,CV-charge,39,9252.890903638006,287246.2083792077,4.2,3.7319083902790537,3.7319083902790537,26430.617050893343,21661.62977922504,1.8185907097969676e-19,4.2,-0.0
29,CV-charge,40,9325.618176365278,287318.93565193494,4.200000000000001,3.6045149273165875,3.6045149273165875,26375.12499894055,21722.25529658872,1.8199363192964761e-19,4.200000000000001,-0.0
29,CV-charge,41,9398.345449092552,287391.66292466223,4.2,3.482168886798374,3.482168886798374,26321.51786096204,21780.819301887932,1.8190856335464584e-19,4.2,-0.0
29,CV-charge,42,9471.072721819824,287464.3901973895,4.2,3.3645886827056204,3.3645886827056204,26269.72204665487,21837.402539918177,1.819822595882088e-19,4.2,-0.0
29,CV-charge,43,9543.799994547098,287537.11747011676,4.2,3.2515144860895178,3.2515144860895178,26219.667990255777,21892.081320108897,1.820514696065695e-19,4.2,-0.0
29,CV-charge,44,9616.52726727437,287609.84474284406,4.2,3.142706215100775,3.142706215100775,26171.289844007908,21944.927855445843,1.820789499539701e-19,4.2,-0.0
29,CV-charge,45,9689.254540001642,287682.57201557135,4.200000000000001,3.03794173712828,3.03794173712828,26124.525199587653,21996.010570384562,1.8199609015177582e-19,4.200000000000001,-0.0
29,CV-charge,46,9761.981812728915,287755.2992882986,4.2,2.9370152574323285,2.9370152574323285,26079.31483458534,22045.39438100212,1.8205215672970657e-19,4.2,-0.0
29,CV-charge,47,9834.709085456188,287828.0265610259,4.199999999999999,2.83973587212181,2.83973587212181,26035.602481474238,22093.140950216955,1.8210021865866676e-19,4.199999999999999,-0.0
29,CV-charge,48,9907.43635818346,287900.7538337531,4.2,2.745926266290462,2.745926266290462,25993.33461682118,22139.308920606265,1.8208935414857478e-19,4.2,-0.0
29,CV-charge,49,9922.942646611942,287916.2601221816,4.199999999999999,2.7263936618115,2.7263936618115,25984.52046683035,22148.936265965047,1.8209030544384312e-19,4.199999999999999,-0.0
30,CC-discharge,0,218.1818181818182,288134.44194036344,3.8557162582501086,-27.263836618115,-27.263836618115,25984.52046683035,22148.936265965047,1.8209030544384312e-19,3.8557162582501086,0.0
30,CC-discharge,1,290.90909090909093,288207.16921309073,3.8315574597123647,-27.263836618115,-27.263836618115,26549.64007192655,21614.436505068574,1.8209028673154452e-19,3.8315574597123647,0.5507845781437375
30,CC-discharge,2,363.6363636363637,288279.89648581797,3.815241462169116,-27.263836618115,-27.263836618115,26969.22776391492,21160.956427758363,1.8209029657698367e-19,3.815241462169116,1.101569156287475
30,CC-discharge,3,436.3636363636364,288352.62375854526,3.800034078570848,-27.263836618115,-27.263836618115,27386.954582208007,20707.501083920524,1.8209029913046332e-19,3.800034078570848,1.652353734431212
30,CC-discharge,4,509.0909090909091,288425.3510312725,3.7856676781298106,-27.263836618115,-27.263836618115,27804.652131643263,20254.045693075386,1.8209029827697042e-19,3.7856676781298106,2.2031383125749495
30,CC-discharge,5,581.8181818181819,288498.0783039998,3.7719785519655247,-27.263836618115,-27.263836618115,28222.34741172111,19800.59030153625,1.8209029547081066e-19,3.7719785519655247,2.753922890718687
30,CC-discharge,6,654.5454545454546,288570.8055767271,3.7588592641134797,-27.263836618115,-27.263836618115,28640.042515050478,19347.134909987282,1.8209029516229274e-19,3.7588592641134797,3.3047074688624245
30,CC-discharge,7,727.2727272727274,288643.5328494543,3.746214430215814,-27.263836618115,-27.263836618115,29057.737604546408,18893.679518437828,1.820902957409993e-19,3.746214430215814,3.855492047006162
30,CC-discharge,8,800.0000000000001,288716.2601221816,3.733986940057951,-27.263836618115,-27.263836618115,29475.432692952687,18440.22412688846,1.820902954432195e-19,3.733986940057951,4.4062766251499
30,CC-discharge,9,872.7272727272727,288788.9873949089,3.722128882107809,-27.263836618115,-27.263836618115,29893.127781272815,17986.76873533925,1.8209029585528203e-19,3.722128882107809,4.9570612032936365
30,CC-discharge,10,945.4545454545455,288861.71466763614,3.710603533263986,-27.263836618115,-27.263836618115,30310.82286958614,17533.313343790163,1.8209029690169659e-19,3.710603533263986,5.507845781437374
30,CC-discharge,11,1018.1818181818182,288934.44194036344,3.699382482753779,-27.263836618115,-27.263836618115,30728.517957898897,17079.857952240887,1.8209029714556877e-19,3.699382482753779,6.0586303595811115
30,CC-discharge,12,1090.909090909091,289007.16921309073,3.6884435182225834,-27.263836618115,-27.263836618115,31146.213046212033,16626.402560691655,1.820902975374126e-19,3.6884435182225834,6.609414937724849
30,CC-discharge,13,1163.6363636363637,289079.89648581797,3.6777690375972876,-27.263836618115,-27.263836618115,31563.90813452431,16172.947169142428,1.8209029594122625e-19,3.6777690375972876,7.1601995158685865
30,CC-discharge,14,1236.3636363636365,289152.62375854526,3.6673448272219473,-27.263836618115,-27.263836618115,31981.60322283722,15719.49177759321,1.8209029453502624e-19,3.6673448272219473,7.710984094012324
30,CC-discharge,15,1309.0909090909092,289225.3510312725,3.6571590946006918,-27.263836618115,-27.263836618115,32399.29831115067,15266.036386043746,1.820902935445352e-19,3.6571590946006918,8.261768672156062
30,CC-discharge,16,1381.818181818182,289298.0783039998,3.647201676635767,-27.263836618115,-27.263836618115,32816.99339946344,14812.580994494732,1.8209029411905212e-19,3.647201676635767,8.8125532502998
30,CC-discharge,17,1454.5454545454547,289370.8055767271,3.63746336421479,-27.263836618115,-27.263836618115,33234.68848777647,14359.12560294517,1.8209029532045853e-19,3.63746336421479,9.363337828443537
30,CC-discharge,18,1527.2727272727275,289443.5328494543,3.627935297417596,-27.263836618115,-27.263836618115,33652.38357608874,13905.670211395662,1.8209029367095067e-19,3.627935297417596,9.914122406587275
30,CC-discharge,19,1600.0000000000002,289516.2601221816,3.6186083938336777,-27.263836618115,-27.263836618115,34070.07866440195,13452.214819846551,1.8209029390784872e-19,3.6186083938336777,10.464906984731012
30,CC-discharge,20,1672.727272727273,289588.9873949089,3.609472777999743,-27.263836618115,-27.263836618115,34487.773752714915,12998.75942829767,1.8209029357121574e-19,3.609472777999743,11.01569156287475
30,CC-discharge,21,1745.4545454545455,289661.71466763614,3.6005171762323562,-27.263836618115,-27.263836618115,34905.46884102754,12545.304036748408,1.8209029358761833e-19,3.6005171762323562,11.566476141018486
30,CC-discharge,22,1818.1818181818182,289734.44194036344,3.591728257328298,-27.263836618115,-27.263836618115,35323.163929340364,12091.848645198881,1.8209029258665986e-19,3.591728257328298,12.117260719162223
30,CC-discharge,23,1890.909090909091,289807.16921309073,3.583089381863088,-27.263836618115,-27.263836618115,35740.8590176528,11638.393253650198,1.8209029060531723e-19,3.583089381863088,12.66804529730596
30,CC-discharge,24,1963.6363636363637,289879.89648581797,3.574581926908095,-27.263836618115,-27.263836618115,36158.554105965726,11184.937862100978,1.8209029201717478e-19,3.574581926908095,13.218829875449698
30,CC-discharge,25,2036.3636363636365,289952.62375854526,3.5661804140270896,-27.263836618115,-27.263836618115,36576.24919427858,10731.482470551668,1.8209029309246051e-19,3.5661804140270896,13.769614453593435
30,CC-discharge,26,2109.0909090909095,290025.3510312725,3.5578541412382125,-27.263836618115,-27.263836618115,36993.94428259141,10278.027079002472,1.8209029619102788e-19,3.5578541412382125,14.320399031737175
30,CC-discharge,27,2181.818181818182,290098.0783039998,3.5495647970421063,-27.263836618115,-27.263836618115,37411.63937090418,9824.571687453466,1.8209025535467424e-19,3.5495647970421063,14.87118360988091
30,CC-discharge,28,2254.545454545455,290170.8055767271,3.541264498246988,-27.263836618115,-27.263836618115,37829.33445921701,9371.116295904425,1.8209018211234334e-19,3.541264498246988,15.42196818802465
30,CC-discharge,29,2327.2727272727275,290243.5328494543,3.5328933389714434,-27.263836618115,-27.263836618115,38247.029547530474,8917.66090435539,1.8209019192229658e-19,3.5328933389714434,15.972752766168385
30,CC-discharge,30,2400.0,290316.2601221816,3.524376488185822,-27.263836618115,-27.263836618115,38664.724635843246,8464.20551280624,1.8209027262283652e-19,3.524376488185822,16.52353734431212
30,CC-discharge,31,2472.727272727273,290388.9873949089,3.5156211465838627,-27.263836618115,-27.263836618115,39082.419724156054,8010.75012125711,1.8209030150130188e-19,3.5156211465838627,17.07432192245586
30,CC-discharge,32,2545.4545454545455,290461.71466763614,3.5065093683605366,-27.263836618115,-27.263836618115,39500.11481246897,7557.294729707827,1.8209033406441313e-19,3.5065093683605366,17.625106500599596
30,CC-discharge,33,2618.1818181818185,290534.44194036344,3.496897546471528,-27.263836618115,-27.263836618115,39917.80990078173,7103.839338158566,1.8209038609854475e-19,3.496897546471528,18.175891078743334
30,CC-discharge,34,2690.909090909091,290607.16921309073,3.486605618518567,-27.263836618115,-27.263836618115,40335.504989094516,6650.383946609279,1.8209047566058739e-19,3.486605618518567,18.72667565688707
30,CC-discharge,35,2763.636363636364,290679.89648581797,3.4754102326414644,-27.263836618115,-27.263836618115,40753.200077407215,6196.928555060126,1.820904974616423e-19,3.4754102326414644,19.27746023503081
30,CC-discharge,36,2836.3636363636365,290752.62375854526,3.4630354430305115,-27.263836618115,-27.263836618115,41170.89516571958,5743.473163510991,1.8209024528101198e-19,3.4630354430305115,19.828244813174546
30,CC-discharge,37,2909.0909090909095,290825.3510312725,3.449140301194555,-27.263836618115,-27.263836618115,41588.5902540325,5290.017771961998,1.820902383331973e-19,3.449140301194555,20.379029391318284
30,CC-discharge,38,2981.818181818182,290898.0783039998,3.433307031485894,-27.263836618115,-27.263836618115,42006.28534234553,4836.562380412887,1.820902323318686e-19,3.433307031485894,20.92981396946202
30,CC-discharge,39,3054.545454545455,290970.8055767271,3.415024916657461,-27.263836618115,-27.263836618115,42423.9804306589,4383.106988863833,1.8209024664525534e-19,3.415024916657461,21.48059854760576
30,CC-discharge,40,3127.2727272727275,291043.5328494543,3.3936728674863197,-27.263836618115,-27.263836618115,42841.67551897129,3929.6515973148094,1.8209016995890704e-19,3.3936728674863197,22.031383125749496
30,CC-discharge,41,3200.0000000000005,291116.2601221816,3.3685072582661073,-27.263836618115,-27.263836618115,43259.37060728402,3476.196205765728,1.8209023113009224e-19,3.3685072582661073,22.582167703893234
30,CC-discharge,42,3272.727272727273,291188.9873949089,3.3386432808905933,-27.263836618115,-27.263836618115,43677.06569559709,3022.740814216637,1.8208995791237925e-19,3.3386432808905933,23.13295228203697
30,CC-discharge,43,3345.454545454546,291261.71466763614,3.303041087603231,-27.263836618115,-27.263836618115,44094.760783909886,2569.285422667625,1.820902810358139e-19,3.303041087603231,23.68373686018071
30,CC-discharge,44,3418.1818181818185,291334.44194036344,3.2604589746724595,-27.263836618115,-27.263836618115,44512.455872222694,2115.830031118546,1.8208998963776834e-19,3.2604589746724595,24.234521438324446
30,CC-discharge,45,3490.909090909091,291407.16921309073,3.20917664848926,-27.263836618115,-27.263836618115,44930.150960535655,1662.3746395695048,1.8208995109338773e-19,3.20917664848926,24.785306016468184
30,CC-discharge,46,3563.636363636364,291479.89648581797,3.1450879560354816,-27.263836618115,-27.263836618115,45347.84604884766,1208.9192480204235,1.8208918870684366e-19,3.1450879560354816,25.336090594611925
30,CC-discharge,47,3636.3636363636365,291552.62375854526,3.044425663106219,-27.263836618115,-27.263836618115,45765.54113716057,755.4638564713869,1.8208817302519854e-19,3.044425663106219,25.886875172755662
30,CC-discharge,48,3654.136630348764,291570.39675253036,3.0000100000000014,-27.263836618115,-27.263836618115,45867.61690617819,644.649032206676,1.8208782161330444e-19,3.0000100000000014,26.021475173929343
30,CC-charge,0,3872.318448530582,291788.5785707122,3.7150780494751325,27.263836618115,27.263836618115,45867.61690617819,644.649032206676,1.8208782161330444e-19,3.7150780494751325,0.0
30,CC-charge,1,3945.045721257855,291861.3058434395,3.821720370837476,27.263836618115,27.263836618115,45302.50048475723,1179.1473552803232,1.820877103835138e-19,3.821720370837476,-0.0
30,CC-charge,2,4017.7729939851274,291934.0331161667,3.8680988026646577,27.263836618115,27.263836618115,44882.913188118175,1632.6288694340046,1.8208776266873591e-19,3.8680988026646577,-0.0
30,CC-charge,3,4090.5002667124004,292006.760388894,3.9055439968400414,27.263836618115,27.263836618115,44465.18062614704,2086.084213193335,1.8208777555758327e-19,3.9055439968400414,-0.0
30,CC-charge,4,4163.227539439673,292079.48766162124,3.9368466362689816,27.263836618115,27.263836618115,44047.48503835716,2539.539605088832,1.820879623601101e-19,3.9368466362689816,-0.0
30,CC-charge,5,4235.954812166946,292152.21493434854,3.962937835339938,27.263836618115,27.263836618115,43629.78994491839,2992.994996633658,1.8208786300567703e-19,3.962937835339938,-0.0
30,CC-charge,6,4308.682084894219,292224.94220707583,3.9845866369102563,27.263836618115,27.263836618115,43212.09485667283,3446.450388182794,1.8208780463695173e-19,3.9845866369102563,-0.0
30,CC-charge,7,4381.409357621491,292297.66947980307,4.0025323361339575,27.263836618115,27.263836618115,42794.39976835849,3899.9057797317387,1.8208765219107817e-19,4.0025323361339575,-0.0
30,CC-charge,8,4454.136630348764,292370.39675253036,4.017457474474799,27.263836618115,27.263836618115,42376.70468004492,4353.361171280745,1.8208765863178257e-19,4.017457474474799,-0.0
30,CC-charge,9,4526.863903076037,292443.12402525765,4.029965726533715,27.263836618115,27.263836618115,41959.00959173137,4806.816562829667,1.8208761020977347e-19,4.029965726533715,-0.0
30,CC-charge,10,4599.591175803309,292515.8512979849,4.040572663119126,27.263836618115,27.263836618115,41541.314503417896,5260.271954378608,1.8208776450268263e-19,4.040572663119126,-0.0
30,CC-charge,11,4672.318448530582,292588.5785707122,4.049711586236435,27.263836618115,27.263836618115,41123.61941510394,5713.7273459274975,1.8208777015169583e-19,4.049711586236435,-0.0
30,CC-charge,12,4745.045721257855,292661.3058434395,4.057740020368774,27.263836618115,27.263836618115,40705.92432679045,6167.1827374764125,1.820876436166082e-19,4.057740020368774,-0.0
30,CC-charge,13,4817.772993985128,292734.0331161667,4.064950609907207,27.263836618115,27.263836618115,40288.229238477266,6620.638129025264,1.820876657690221e-19,4.064950609907207,-0.0
30,CC-charge,14,4890.500266712401,292806.760388894,4.071580773964159,27.263836618115,27.263836618115,39870.534150163716,7074.0935205741225,1.8208760304175489e-19,4.071580773964159,-0.0
30,CC-charge,15,4963.227539439673,292879.48766162124,4.077821983927512,27.263836618115,27.263836618115,39452.83906185068,7527.548912123237,1.8208763031094013e-19,4.077821983927512,-0.0
30,CC-charge,16,5035.954812166946,292952.21493434854,4.083827745844521,27.263836618115,27.263836618115,39035.1439735375,7981.004303671965,1.820876522613642e-19,4.083827745844521,-0.0
30,CC-charge,17,5108.682084894219,293024.94220707583,4.089721088369193,27.263836618115,27.263836618115,38617.44888522423,8434.459695220921,1.8208764925179854e-19,4.089721088369193,-0.0
30,CC-charge,18,5181.409357621491,293097.66947980307,4.095599303210806,27.263836618115,27.263836618115,38199.753796910525,8887.91508676968,1.8208763756438572e-19,4.095599303210806,-0.0
30,CC-charge,19,5254.136630348764,293170.39675253036,4.1015398795895,27.263836618115,27.263836618115,37782.058708597375,9341.3704783184,1.8208761566843081e-19,4.1015398795895,-0.0
30,CC-charge,20,5326.863903076037,293243.12402525765,4.107603790826494,27.263836618115,27.263836618115,37364.36362028464,9794.8258698674,1.82087628574737e-19,4.107603790826494,-0.0
30,CC-charge,21,5399.591175803309,293315.8512979849,4.113838705301781,27.263836618115,27.263836618115,36946.66853197105,10248.281261416045,1.820876284877025e-19,4.113838705301781,-0.0
30,CC-charge,22,5472.318448530582,293388.5785707122,4.120283325819041,27.263836618115,27.263836618115,36528.97344365773,10701.73665296492,1.8208762846823147e-19,4.120283325819041,-0.0
30,CC-charge,23,5545.045721257855,293461.3058434395,4.1269662743116635,27.263836618115,27.263836618115,36111.27835534453,11155.192044513717,1.820876338257736e-19,4.1269662743116635,-0.0
30,CC-charge,24,5617.772993985128,293534.0331161667,4.1339104910041025,27.263836618115,27.263836618115,35693.58326703102,11608.647436062829,1.8208763424252878e-19,4.1339104910041025,-0.0
30,CC-charge,25,5690.500266712401,293606.760388894,4.141133948332568,27.263836618115,27.263836618115,35275.88817871765,12062.102827611598,1.820876340835311e-19,4.141133948332568,-0.0
30,CC-charge,26,5763.227539439673,293679.48766162124,4.148650795663571,27.263836618115,27.263836618115,34858.19309040439,12515.558219160099,1.8208763374630426e-19,4.148650795663571,-0.0
30,CC-charge,27,5835.954812166946,293752.21493434854,4.1564723276853766,27.263836618115,27.263836618115,34440.49800209154,12969.01361070863,1.820876330772235e-19,4.1564723276853766,-0.0
30,CC-charge,28,5908.682084894219,293824.94220707583,4.164609672416202,27.263836618115,27.263836618115,34022.80291377775,13422.469002257256,1.820876330600462e-19,4.164609672416202,-0.0
30,CC-charge,29,5981.409357621491,293897.66947980307,4.1730675560352,27.263836618115,27.263836618115,33605.10782546467,13875.924393806377,1.8208764026369388e-19,4.1730675560352,-0.0
30,CC-charge,30,6054.136630348764,293970.39675253036,4.18185441616721,27.263836618115,27.263836618115,33187.41273715158,14329.379785355062,1.8208764426668515e-19,4.18185441616721,-0.0
30,CC-charge,31,6126.863903076037,294043.12402525765,4.1909771706584715,27.263836618115,27.263836618115,32769.717648838254,14782.835176904004,1.820876830440888e-19,4.1909771706584715,-0.0
30,CC-charge,32,6196.153918104017,294112.4140402856,4.19999,27.263836618115,27.263836618115,32371.76378832616,15214.859226709581,1.8208769451615664e-19,4.19999,-0.0
30,CV-charge,0,6414.335736285835,294330.59585846745,4.2,27.28890068699759,27.28890068699759,32371.76378832616,15214.859226709581,1.8208769451615664e-19,4.2,0.0
30,CV-charge,1,6487.063009013108,294403.32313119475,4.200000000000001,24.211205252866836,24.211205252866836,31849.785784266056,15709.964115562792,1.7441063402354236e-19,4.200000000000001,-0.0
30,CV-charge,2,6559.790281740381,294476.050403922,4.2,22.267644466182283,22.267644466182283,31503.26136209194,16090.196300784244,1.4910439815345278e-19,4.2,-0.0
30,CV-charge,3,6632.517554467653,294548.7776766493,4.2,20.569796514415543,20.569796514415543,31185.16333493991,16440.69673556356,7.383256965467333e-20,4.2,-0.0
30,CV-charge,4,6705.244827194926,294621.5049493765,4.2,19.06948212504584,19.06948212504584,30890.189362411493,16765.522820900544,7.160645316853085e-20,4.2,-0.0
30,CV-charge,5,6777.972099922199,294694.2322221038,4.199999999999999,17.737642444135865,17.737642444135865,30615.93516783497,17067.333968849245,7.485625138715459e-20,4.199999999999999,-0.0
30,CV-charge,6,6850.699372649472,294766.9594948311,4.199999999999999,16.549392099934646,16.549392099934646,30360.16205165671,17348.637615471263,6.993351422697121e-20,4.199999999999999,-0.0
30,CV-charge,7,6923.426645376744,294839.68676755833,4.200000000000001,15.484152468791459,15.484152468791459,30120.944525004583,17611.58836268253,6.938366147033258e-20,4.200000000000001,-0.0
30,CV-charge,8,6996.153918104017,294912.4140402856,4.200000000000001,14.524884820094812,14.524884820094812,29896.62680002656,17858.0368398232,6.475115411217542e-20,4.200000000000001,-0.0
30,CV-charge,9,7068.88119083129,294985.1413130129,4.200000000000001,13.65737722888602,13.65737722888602,29685.77620413462,18089.582569071972,7.37565825838439e-20,4.200000000000001,-0.0
30,CV-charge,10,7141.608463558563,295057.86858574016,4.199999999999999,12.869725008741028,12.869725008741028,29487.147631101387,18307.614222818982,7.61198968397237e-20,4.199999999999999,-0.0
30,CV-charge,11,7214.335736285835,295130.59585846745,4.2,12.151906929689508,12.151906929689508,29299.65491821869,18513.342015298094,7.369710633460075e-20,4.2,-0.0
30,CV-charge,12,7287.063009013108,295203.32313119475,4.200000000000001,11.495389131174669,11.495389131174669,29122.332886593358,18707.840240391637,7.752899364225375e-20,4.200000000000001,-0.0
30,CV-charge,13,7359.790281740381,295276.050403922,4.200000000000001,10.89298459219035,10.89298459219035,28954.34908432006,18892.034804269755,6.973515569937705e-20,4.200000000000001,-0.0
30,CV-charge,14,7432.517554467653,295348.7776766493,4.2,10.338508995353648,10.338508995353648,28794.957225012313,19066.755031229815,7.211588257274267e-20,4.2,-0.0
30,CV-charge,15,7505.244827194926,295421.5049493765,4.200000000000001,9.826244277716867,9.826244277716867,28643.372308029673,19232.870842176002,7.214840411468366e-20,4.200000000000001,-0.0
30,CV-charge,16,7577.972099922199,295494.2322221038,4.200000000000001,9.352047377484723,9.352047377484723,28499.127634496468,19390.90150887878,7.245611550832857e-20,4.200000000000001,-0.0
30,CV-charge,17,7650.699372649472,295566.9594948311,4.2,8.911938985913071,8.911938985913071,28361.69271812856,19541.435280571408,7.26465023110375e-20,4.2,-0.0
30,CV-charge,18,7723.426645376745,295639.68676755833,4.2,8.5024652179027,8.5024652179027,28230.591498435042,19684.999608188344,7.262738655411861e-20,4.2,-0.0
30,CV-charge,19,7796.153918104017,295712.4140402856,4.200000000000001,8.120605668115044,8.120605668115044,28105.39489714856,19822.069586645255,7.261648395247409e-20,4.200000000000001,-0.0
30,CV-charge,20,7868.88119083129,295785.1413130129,4.199999999999999,7.763714314775307,7.763714314775307,27985.715135478116,19953.07432036125,7.259533563871274e-20,4.199999999999999,-0.0
30,CV-charge,21,7941.608463558563,295857.86858574016,4.200000000000001,7.429464063425618,7.429464063425618,27871.20073641543,20078.402518422616,7.26144269177396e-20,4.200000000000001,-0.0
30,CV-charge,22,8014.335736285835,295930.59585846745,4.2,7.115801445847998,7.115801445847998,27761.5322388904,20198.40728835099,7.260761054424171e-20,4.2,-0.0
30,CV-charge,23,8087.063009013108,296003.32313119475,4.200000000000001,6.8209120655420135,6.8209120655420135,27656.41973584543,20313.408908108562,7.261099298642178e-20,4.200000000000001,-0.0
30,CV-charge,24,8159.790281740381,296076.050403922,4.2,6.543181097256894,6.543181097256894,27555.597036737625,20423.70130774796,7.26249065036347e-20,4.2,-0.0
30,CV-charge,25,8232.517554467653,296148.7776766493,4.2,6.281170785235137,6.281170785235137,27458.820440373966,20529.55345120992,7.26268738425213e-20,4.2,-0.0
30,CV-charge,26,8305.244827194927,296221.5049493765,4.2,6.033597195930519,6.033597195930519,27365.86621418607,20631.21215057502,7.264688253274133e-20,4.2,-0.0
30,CV-charge,27,8377.972099922199,296294.2322221038,4.200000000000001,5.799310725284793,5.799310725284793,27276.528500244898,20728.9044000305,7.261390582589411e-20,4.200000000000001,-0.0
30,CV-charge,28,8450.699372649473,296366.9594948311,4.2,5.577279438809006,5.577279438809006,27190.617480587312,20822.839419103224,7.270207217619623e-20,4.2,-0.0
30,CV-charge,29,8523.426645376745,296439.68676755833,4.199999999999999,5.366574786018665,5.366574786018665,27107.95776590789,20913.21044604137,7.276676668451586e-20,4.199999999999999,-0.0
30,CV-charge,30,8596.153918104017,296512.4140402856,4.2,5.166359309752067,5.166359309752067,27028.386976300448,21000.196316501973,7.24997426842032e-20,4.2,-0.0
30,CV-charge,31,8668.88119083129,296585.1413130129,4.199999999999999,4.975876037660351,4.975876037660351,26951.754487707327,21083.96285713152,7.23075734769353e-20,4.199999999999999,-0.0
30,CV-charge,32,8741.608463558563,296657.86858574016,4.200000000000001,4.794439297070763,4.794439297070763,26877.92032179093,21164.664119038862,7.254782351208294e-20,4.200000000000001,-0.0
30,CV-charge,33,8814.335736285835,296730.59585846745,4.2,4.621426738275196,4.621426738275196,26806.754160308363,21242.44347235228,7.261339428215332e-20,4.2,-0.0
30,CV-charge,34,8887.063009013109,296803.32313119475,4.200000000000001,4.456272387045977,4.456272387045977,26738.13446788619,21317.434579923894,7.27667331096725e-20,4.200000000000001,-0.0
30,CV-charge,35,8959.790281740381,296876.050403922,4.2,4.298460576558671,4.298460576558671,26671.947709451135,21389.76226555144,7.274664413641125e-20,4.2,-0.0
30,CV-charge,36,9032.517554467653,296948.7776766493,4.2,4.147520632887133,4.147520632887133,26608.087650517475,21459.543289919362,7.276559358505272e-20,4.2,-0.0
30,CV-charge,37,9105.244827194927,297021.5049493765,4.199999999999999,4.0030222082223705,4.0030222082223705,26546.454730223242,21526.887045569565,7.274309300996404e-20,4.199999999999999,-0.0
30,CV-charge,38,9177.972099922199,297094.2322221038,4.2,3.8645711723557405,3.8645711723557405,26486.955498384872,21591.896180642485,7.270133995690323e-20,4.2,-0.0
30,CV-charge,39,9250.699372649473,297166.9594948311,4.2,3.7318059866602256,3.7318059866602256,26429.50210903883,21654.667159817996,7.278390871466011e-20,4.2,-0.0
30,CV-charge,40,9323.426645376745,297239.68676755833,4.200000000000001,3.604394496201345,3.604394496201345,26374.011863938496,21715.29076972788,7.28116835656234e-20,4.200000000000001,-0.0
30,CV-charge,41,9396.153918104017,297312.4140402856,4.200000000000001,3.4820310851141945,3.4820310851141945,26320.406800337496,21773.85257517531,7.286469350946602e-20,4.200000000000001,-0.0
30,CV-charge,42,9468.88119083129,297385.1413130129,4.2,3.3644341483979447,3.3644341483979447,26268.613318120617,21830.433331666853,7.288670435320293e-20,4.2,-0.0
30,CV-charge,43,9541.608463558563,297457.86858574016,4.200000000000001,3.2513438399848273,3.2513438399848273,26218.561841979197,21885.109359046404,7.287962113250761e-20,4.200000000000001,-0.0
30,CV-charge,44,9614.335736285835,297530.59585846745,4.2,3.1425200625994587,3.1425200625994587,26170.186514850888,21937.95288044982,7.282511401694537e-20,4.2,-0.0
30,CV-charge,45,9687.063009013109,297603.32313119475,4.2,3.0377406697352045,3.0377406697352045,26123.424919321755,21989.032330244303,7.281590622496719e-20,4.2,-0.0
30,CV-charge,46,9759.790281740381,297676.050403922,4.200000000000001,2.9367998541392186,2.9367998541392186,26078.217824085485,22038.41263420062,7.286748917221174e-20,4.200000000000001,-0.0
30,CV-charge,47,9832.517554467653,297748.7776766493,4.200000000000001,2.839506700651397,2.839506700651397,26034.508952897526,22086.15546473971,7.290165418557162e-20,4.200000000000001,-0.0
30,CV-charge,48,9905.244827194927,297821.5049493765,4.2,2.7456838841913154,2.7456838841913154,25992.2447737593,22132.319473764444,7.292051823310634e-20,4.2,-0.0
30,CV-charge,49,9920.555377428786,297836.8154996104,4.2,2.7263936618114997,2.7263936618114997,25983.542053289475,22141.82512279595,7.291693078771705e-20,4.2,-0.0
