"Cell 1,1","Cell 1,2","Cell 1,3","Cell 1,4","Cell 1,5","Cell 2,1","Cell 2,2","Cell 2,3","Cell 2,4","Cell 2,5","Cell 3,1","Cell 3,2","Cell 3,3","Cell 3,4","Cell 3,5","Cell 4,1","Cell 4,2","Cell 4,3","Cell 4,4","Cell 4,5","Cell 5,1","Cell 5,2","Cell 5,3","Cell 5,4","Cell 5,5"
1,26.393109176676823,26.57475482722277,26.901421451319024,26.603657726568045,26.69739063292424,26.393109176676823,26.57475482722277,26.901421451319024,26.603657726568045,26.69739063292424,26.393109176676823,26.57475482722277,26.901421451319024,26.603657726568045,26.69739063292424,26.393109176676823,26.57475482722277,26.901421451319024,26.603657726568045,26.69739063292424,26.393109176676823,26.57475482722277,26.901421451319024,26.603657726568045,26.69739063292424
2,22.674835522103226,22.843408719883623,23.174061609845765,22.891857556904075,22.989305131311124,22.674835522103226,22.843408719883623,23.174061609845765,22.891857556904075,22.989305131311124,22.674835522103226,22.843408719883623,23.174061609845765,22.891857556904075,22.989305131311124,22.674835522103226,22.843408719883623,23.174061609845765,22.891857556904075,22.989305131311124,22.674835522103226,22.843408719883623,23.174061609845765,22.891857556904075,22.989305131311124
