,"Cell 1,1","Cell 1,2","Cell 1,3","Cell 1,4","Cell 1,5","Cell 2,1","Cell 2,2","Cell 2,3","Cell 2,4","Cell 2,5","Cell 3,1","Cell 3,2","Cell 3,3","Cell 3,4","Cell 3,5","Cell 4,1","Cell 4,2","Cell 4,3","Cell 4,4","Cell 4,5","Cell 5,1","Cell 5,2","Cell 5,3","Cell 5,4","Cell 5,5"
0,26.50239089830955,26.877482919511944,26.727306829344514,26.52728582287169,27.018981651276277,26.50239089830955,26.877482919511944,26.727306829344514,26.52728582287169,27.018981651276277,26.50239089830955,26.877482919511944,26.727306829344514,26.52728582287169,27.018981651276277,26.50239089830955,26.877482919511944,26.727306829344514,26.52728582287169,27.018981651276277,26.50239089830955,26.877482919511944,26.727306829344514,26.52728582287169,27.018981651276277
1,22.7809260009639,23.17251280847708,23.000909707894394,22.792128193489393,23.331656418450642,22.7809260009639,23.17251280847708,23.000909707894394,22.792128193489393,23.331656418450642,22.7809260009639,23.17251280847708,23.000909707894394,22.792128193489393,23.331656418450642,22.7809260009639,23.17251280847708,23.000909707894394,22.792128193489393,23.331656418450642,22.7809260009639,23.17251280847708,23.000909707894394,22.792128193489393,23.331656418450642
