"Cell 1,1","Cell 1,2","Cell 1,3","Cell 1,4","Cell 1,5","Cell 2,1","Cell 2,2","Cell 2,3","Cell 2,4","Cell 2,5","Cell 3,1","Cell 3,2","Cell 3,3","Cell 3,4","Cell 3,5","Cell 4,1","Cell 4,2","Cell 4,3","Cell 4,4","Cell 4,5","Cell 5,1","Cell 5,2","Cell 5,3","Cell 5,4","Cell 5,5"
1,26.624733164355614,26.736696900373225,26.478561584738898,26.630495394662894,27.162410387084975,26.624733164355614,26.736696900373225,26.478561584738898,26.630495394662894,27.162410387084975,26.624733164355614,26.736696900373225,26.478561584738898,26.630495394662894,27.162410387084975,26.624733164355614,26.736696900373225,26.478561584738898,26.630495394662894,27.162410387084975,26.624733164355614,26.736696900373225,26.478561584738898,26.630495394662894,27.162410387084975
2,22.904975115960443,23.00801112125494,22.732513703076172,22.916472730755896,23.469398200500443,22.904975115960443,23.00801112125494,22.732513703076172,22.916472730755896,23.469398200500443,22.904975115960443,23.00801112125494,22.732513703076172,22.916472730755896,23.469398200500443,22.904975115960443,23.00801112125494,22.732513703076172,22.916472730755896,23.469398200500443,22.904975115960443,23.00801112125494,22.732513703076172,22.916472730755896,23.469398200500443
