,"Cell 1,1","Cell 1,2","Cell 1,3","Cell 1,4","Cell 1,5","Cell 2,1","Cell 2,2","Cell 2,3","Cell 2,4","Cell 2,5","Cell 3,1","Cell 3,2","Cell 3,3","Cell 3,4","Cell 3,5","Cell 4,1","Cell 4,2","Cell 4,3","Cell 4,4","Cell 4,5","Cell 5,1","Cell 5,2","Cell 5,3","Cell 5,4","Cell 5,5"
0,26.482865167312724,26.565442739381744,26.54402857883692,26.49132997555609,26.76397656118981,26.482865167312724,26.565442739381744,26.54402857883692,26.49132997555609,26.76397656118981,26.482865167312724,26.565442739381744,26.54402857883692,26.49132997555609,26.76397656118981,26.482865167312724,26.565442739381744,26.54402857883692,26.49132997555609,26.76397656118981,26.482865167312724,26.565442739381744,26.54402857883692,26.49132997555609,26.76397656118981
1,22.79803678914854,22.848320232073238,22.80789806607925,22.72208299428068,23.060165034027328,22.79803678914854,22.848320232073238,22.80789806607925,22.72208299428068,23.060165034027328,22.79803678914854,22.848320232073238,22.80789806607925,22.72208299428068,23.060165034027328,22.79803678914854,22.848320232073238,22.80789806607925,22.72208299428068,23.060165034027328,22.79803678914854,22.848320232073238,22.80789806607925,22.72208299428068,23.060165034027328
